{"algorithm":"OpenAPSSMBPlugin","input":{"glucoseStatus":{"glucose":85,"noise":0,"delta":10,"short_avgdelta":7.72,"long_avgdelta":2.83,"date":1703033201865},"currenttemp":{"temp":"absolute","duration":25,"rate":0.2,"minutesrunning":5},"iob_data":[{"iob":0.033,"basaliob":-1.151,"bolussnooze":0,"activity":-0.0021,"lastBolusTime":1703032926445,"time":"2023-12-20T00:46:58.928Z","iobWithZeroTemp":{"iob":0.033,"basaliob":-1.151,"bolussnooze":0,"activity":-0.0021,"lastBolusTime":1703032926445,"time":"2023-12-20T00:46:58.928Z"}},{"iob":0.041,"basaliob":-1.088,"bolussnooze":0,"activity":-0.0016,"lastBolusTime":1703032926445,"time":"2023-12-20T00:51:58.928Z","iobWithZeroTemp":{"iob":-0.059,"basaliob":-1.188,"bolussnooze":0,"activity":-0.0017,"lastBolusTime":1703032926445,"time":"2023-12-20T00:51:58.928Z"}},{"iob":0.049,"basaliob":-1.024,"bolussnooze":0,"activity":-0.0011,"lastBolusTime":1703032926445,"time":"2023-12-20T00:56:58.928Z","iobWithZeroTemp":{"iob":-0.175,"basaliob":-1.248,"bolussnooze":0,"activity":-0.0015,"lastBolusTime":1703032926445,"time":"2023-12-20T00:56:58.928Z"}},{"iob":0.054,"basaliob":-0.962,"bolussnooze":0,"activity":-8.0E-4,"lastBolusTime":1703032926445,"time":"2023-12-20T01:01:58.928Z","iobWithZeroTemp":{"iob":-0.291,"basaliob":-1.307,"bolussnooze":0,"activity":-0.0018,"lastBolusTime":1703032926445,"time":"2023-12-20T01:01:58.928Z"}},{"iob":0.056,"basaliob":-0.902,"bolussnooze":0,"activity":-6.0E-4,"lastBolusTime":1703032926445,"time":"2023-12-20T01:06:58.928Z","iobWithZeroTemp":{"iob":-0.408,"basaliob":-1.366,"bolussnooze":0,"activity":-0.0023,"lastBolusTime":1703032926445,"time":"2023-12-20T01:06:58.928Z"}},{"iob":0.059,"basaliob":-0.843,"bolussnooze":0,"activity":-3.0E-4,"lastBolusTime":1703032926445,"time":"2023-12-20T01:11:58.928Z","iobWithZeroTemp":{"iob":-0.519,"basaliob":-1.421,"bolussnooze":0,"activity":-0.0029,"lastBolusTime":1703032926445,"time":"2023-12-20T01:11:58.928Z"}},{"iob":0.06,"basaliob":-0.786,"bolussnooze":0,"activity":-1.0E-4,"lastBolusTime":1703032926445,"time":"2023-12-20T01:16:58.928Z","iobWithZeroTemp":{"iob":-0.628,"basaliob":-1.474,"bolussnooze":0,"activity":-0.0036,"lastBolusTime":1703032926445,"time":"2023-12-20T01:16:58.928Z"}},{"iob":0.06,"basaliob":-0.732,"bolussnooze":0,"activity":1.0E-4,"lastBolusTime":1703032926445,"time":"2023-12-20T01:21:58.928Z","iobWithZeroTemp":{"iob":-0.733,"basaliob":-1.525,"bolussnooze":0,"activity":-0.0044,"lastBolusTime":1703032926445,"time":"2023-12-20T01:21:58.928Z"}},{"iob":0.06,"basaliob":-0.68,"bolussnooze":0,"activity":2.0E-4,"lastBolusTime":1703032926445,"time":"2023-12-20T01:26:58.928Z","iobWithZeroTemp":{"iob":-0.833,"basaliob":-1.573,"bolussnooze":0,"activity":-0.0053,"lastBolusTime":1703032926445,"time":"2023-12-20T01:26:58.928Z"}},{"iob":0.058,"basaliob":-0.631,"bolussnooze":0,"activity":2.0E-4,"lastBolusTime":1703032926445,"time":"2023-12-20T01:31:58.928Z","iobWithZeroTemp":{"iob":-0.931,"basaliob":-1.62,"bolussnooze":0,"activity":-0.0063,"lastBolusTime":1703032926445,"time":"2023-12-20T01:31:58.928Z"}},{"iob":0.057,"basaliob":-0.584,"bolussnooze":0,"activity":3.0E-4,"lastBolusTime":1703032926445,"time":"2023-12-20T01:36:58.928Z","iobWithZeroTemp":{"iob":-1.021,"basaliob":-1.662,"bolussnooze":0,"activity":-0.0072,"lastBolusTime":1703032926445,"time":"2023-12-20T01:36:58.928Z"}},{"iob":0.055,"basaliob":-0.54,"bolussnooze":0,"activity":4.0E-4,"lastBolusTime":1703032926445,"time":"2023-12-20T01:41:58.928Z","iobWithZeroTemp":{"iob":-1.108,"basaliob":-1.703,"bolussnooze":0,"activity":-0.0082,"lastBolusTime":1703032926445,"time":"2023-12-20T01:41:58.928Z"}},{"iob":0.053,"basaliob":-0.499,"bolussnooze":0,"activity":5.0E-4,"lastBolusTime":1703032926445,"time":"2023-12-20T01:46:58.928Z","iobWithZeroTemp":{"iob":-1.19,"basaliob":-1.742,"bolussnooze":0,"activity":-0.0091,"lastBolusTime":1703032926445,"time":"2023-12-20T01:46:58.928Z"}},{"iob":0.051,"basaliob":-0.46,"bolussnooze":0,"activity":5.0E-4,"lastBolusTime":1703032926445,"time":"2023-12-20T01:51:58.928Z","iobWithZeroTemp":{"iob":-1.267,"basaliob":-1.778,"bolussnooze":0,"activity":-0.0101,"lastBolusTime":1703032926445,"time":"2023-12-20T01:51:58.928Z"}},{"iob":0.048,"basaliob":-0.424,"bolussnooze":0,"activity":5.0E-4,"lastBolusTime":1703032926445,"time":"2023-12-20T01:56:58.928Z","iobWithZeroTemp":{"iob":-1.339,"basaliob":-1.811,"bolussnooze":0,"activity":-0.011,"lastBolusTime":1703032926445,"time":"2023-12-20T01:56:58.928Z"}},{"iob":0.046,"basaliob":-0.39,"bolussnooze":0,"activity":4.0E-4,"lastBolusTime":1703032926445,"time":"2023-12-20T02:01:58.928Z","iobWithZeroTemp":{"iob":-1.407,"basaliob":-1.843,"bolussnooze":0,"activity":-0.012,"lastBolusTime":1703032926445,"time":"2023-12-20T02:01:58.928Z"}},{"iob":0.044,"basaliob":-0.358,"bolussnooze":0,"activity":5.0E-4,"lastBolusTime":1703032926445,"time":"2023-12-20T02:06:58.928Z","iobWithZeroTemp":{"iob":-1.453,"basaliob":-1.855,"bolussnooze":0,"activity":-0.0128,"lastBolusTime":1703032926445,"time":"2023-12-20T02:06:58.928Z"}},{"iob":0.041,"basaliob":-0.329,"bolussnooze":0,"activity":5.0E-4,"lastBolusTime":1703032926445,"time":"2023-12-20T02:11:58.928Z","iobWithZeroTemp":{"iob":-1.496,"basaliob":-1.866,"bolussnooze":0,"activity":-0.0136,"lastBolusTime":1703032926445,"time":"2023-12-20T02:11:58.928Z"}},{"iob":0.039,"basaliob":-0.301,"bolussnooze":0,"activity":4.0E-4,"lastBolusTime":1703032926445,"time":"2023-12-20T02:16:58.928Z","iobWithZeroTemp":{"iob":-1.534,"basaliob":-1.874,"bolussnooze":0,"activity":-0.0144,"lastBolusTime":1703032926445,"time":"2023-12-20T02:16:58.928Z"}},{"iob":0.036,"basaliob":-0.276,"bolussnooze":0,"activity":4.0E-4,"lastBolusTime":1703032926445,"time":"2023-12-20T02:21:58.928Z","iobWithZeroTemp":{"iob":-1.57,"basaliob":-1.882,"bolussnooze":0,"activity":-0.015,"lastBolusTime":1703032926445,"time":"2023-12-20T02:21:58.928Z"}},{"iob":0.034,"basaliob":-0.253,"bolussnooze":0,"activity":5.0E-4,"lastBolusTime":1703032926445,"time":"2023-12-20T02:26:58.928Z","iobWithZeroTemp":{"iob":-1.602,"basaliob":-1.889,"bolussnooze":0,"activity":-0.0155,"lastBolusTime":1703032926445,"time":"2023-12-20T02:26:58.928Z"}},{"iob":0.032,"basaliob":-0.231,"bolussnooze":0,"activity":4.0E-4,"lastBolusTime":1703032926445,"time":"2023-12-20T02:31:58.928Z","iobWithZeroTemp":{"iob":-1.631,"basaliob":-1.894,"bolussnooze":0,"activity":-0.0162,"lastBolusTime":1703032926445,"time":"2023-12-20T02:31:58.928Z"}},{"iob":0.03,"basaliob":-0.211,"bolussnooze":0,"activity":5.0E-4,"lastBolusTime":1703032926445,"time":"2023-12-20T02:36:58.928Z","iobWithZeroTemp":{"iob":-1.658,"basaliob":-1.899,"bolussnooze":0,"activity":-0.0166,"lastBolusTime":1703032926445,"time":"2023-12-20T02:36:58.928Z"}},{"iob":0.027,"basaliob":-0.193,"bolussnooze":0,"activity":4.0E-4,"lastBolusTime":1703032926445,"time":"2023-12-20T02:41:58.928Z","iobWithZeroTemp":{"iob":-1.683,"basaliob":-1.903,"bolussnooze":0,"activity":-0.0171,"lastBolusTime":1703032926445,"time":"2023-12-20T02:41:58.928Z"}},{"iob":0.025,"basaliob":-0.176,"bolussnooze":0,"activity":3.0E-4,"lastBolusTime":1703032926445,"time":"2023-12-20T02:46:58.928Z","iobWithZeroTemp":{"iob":-1.705,"basaliob":-1.906,"bolussnooze":0,"activity":-0.0176,"lastBolusTime":1703032926445,"time":"2023-12-20T02:46:58.928Z"}},{"iob":0.024,"basaliob":-0.16,"bolussnooze":0,"activity":4.0E-4,"lastBolusTime":1703032926445,"time":"2023-12-20T02:51:58.928Z","iobWithZeroTemp":{"iob":-1.724,"basaliob":-1.908,"bolussnooze":0,"activity":-0.0179,"lastBolusTime":1703032926445,"time":"2023-12-20T02:51:58.928Z"}},{"iob":0.022,"basaliob":-0.146,"bolussnooze":0,"activity":4.0E-4,"lastBolusTime":1703032926445,"time":"2023-12-20T02:56:58.928Z","iobWithZeroTemp":{"iob":-1.742,"basaliob":-1.91,"bolussnooze":0,"activity":-0.0182,"lastBolusTime":1703032926445,"time":"2023-12-20T02:56:58.928Z"}},{"iob":0.021,"basaliob":-0.132,"bolussnooze":0,"activity":3.0E-4,"lastBolusTime":1703032926445,"time":"2023-12-20T03:01:58.928Z","iobWithZeroTemp":{"iob":-1.757,"basaliob":-1.91,"bolussnooze":0,"activity":-0.0186,"lastBolusTime":1703032926445,"time":"2023-12-20T03:01:58.928Z"}},{"iob":0.019,"basaliob":-0.12,"bolussnooze":0,"activity":3.0E-4,"lastBolusTime":1703032926445,"time":"2023-12-20T03:06:58.928Z","iobWithZeroTemp":{"iob":-1.773,"basaliob":-1.912,"bolussnooze":0,"activity":-0.0189,"lastBolusTime":1703032926445,"time":"2023-12-20T03:06:58.928Z"}},{"iob":0.018,"basaliob":-0.109,"bolussnooze":0,"activity":3.0E-4,"lastBolusTime":1703032926445,"time":"2023-12-20T03:11:58.928Z","iobWithZeroTemp":{"iob":-1.786,"basaliob":-1.913,"bolussnooze":0,"activity":-0.0191,"lastBolusTime":1703032926445,"time":"2023-12-20T03:11:58.928Z"}},{"iob":0.016,"basaliob":-0.099,"bolussnooze":0,"activity":3.0E-4,"lastBolusTime":1703032926445,"time":"2023-12-20T03:16:58.928Z","iobWithZeroTemp":{"iob":-1.79,"basaliob":-1.905,"bolussnooze":0,"activity":-0.0192,"lastBolusTime":1703032926445,"time":"2023-12-20T03:16:58.928Z"}},{"iob":0.015,"basaliob":-0.09,"bolussnooze":0,"activity":2.0E-4,"lastBolusTime":1703032926445,"time":"2023-12-20T03:21:58.928Z","iobWithZeroTemp":{"iob":-1.801,"basaliob":-1.906,"bolussnooze":0,"activity":-0.0195,"lastBolusTime":1703032926445,"time":"2023-12-20T03:21:58.928Z"}},{"iob":0.014,"basaliob":-0.081,"bolussnooze":0,"activity":2.0E-4,"lastBolusTime":1703032926445,"time":"2023-12-20T03:26:58.928Z","iobWithZeroTemp":{"iob":-1.812,"basaliob":-1.907,"bolussnooze":0,"activity":-0.0197,"lastBolusTime":1703032926445,"time":"2023-12-20T03:26:58.928Z"}},{"iob":0.012,"basaliob":-0.074,"bolussnooze":0,"activity":2.0E-4,"lastBolusTime":1703032926445,"time":"2023-12-20T03:31:58.928Z","iobWithZeroTemp":{"iob":-1.822,"basaliob":-1.908,"bolussnooze":0,"activity":-0.0199,"lastBolusTime":1703032926445,"time":"2023-12-20T03:31:58.928Z"}},{"iob":0.011,"basaliob":-0.067,"bolussnooze":0,"activity":2.0E-4,"lastBolusTime":1703032926445,"time":"2023-12-20T03:36:58.928Z","iobWithZeroTemp":{"iob":-1.83,"basaliob":-1.908,"bolussnooze":0,"activity":-0.0201,"lastBolusTime":1703032926445,"time":"2023-12-20T03:36:58.928Z"}},{"iob":0.011,"basaliob":-0.06,"bolussnooze":0,"activity":2.0E-4,"lastBolusTime":1703032926445,"time":"2023-12-20T03:41:58.928Z","iobWithZeroTemp":{"iob":-1.837,"basaliob":-1.908,"bolussnooze":0,"activity":-0.0202,"lastBolusTime":1703032926445,"time":"2023-12-20T03:41:58.928Z"}},{"iob":0.009,"basaliob":-0.055,"bolussnooze":0,"activity":2.0E-4,"lastBolusTime":1703032926445,"time":"2023-12-20T03:46:58.928Z","iobWithZeroTemp":{"iob":-1.845,"basaliob":-1.909,"bolussnooze":0,"activity":-0.0203,"lastBolusTime":1703032926445,"time":"2023-12-20T03:46:58.928Z"}},{"iob":0.009,"basaliob":-0.049,"bolussnooze":0,"activity":2.0E-4,"lastBolusTime":1703032926445,"time":"2023-12-20T03:51:58.928Z","iobWithZeroTemp":{"iob":-1.851,"basaliob":-1.909,"bolussnooze":0,"activity":-0.0205,"lastBolusTime":1703032926445,"time":"2023-12-20T03:51:58.928Z"}},{"iob":0.009,"basaliob":-0.044,"bolussnooze":0,"activity":2.0E-4,"lastBolusTime":1703032926445,"time":"2023-12-20T03:56:58.928Z","iobWithZeroTemp":{"iob":-1.855,"basaliob":-1.908,"bolussnooze":0,"activity":-0.0206,"lastBolusTime":1703032926445,"time":"2023-12-20T03:56:58.928Z"}},{"iob":0.008,"basaliob":-0.04,"bolussnooze":0,"activity":2.0E-4,"lastBolusTime":1703032926445,"time":"2023-12-20T04:01:58.928Z","iobWithZeroTemp":{"iob":-1.861,"basaliob":-1.909,"bolussnooze":0,"activity":-0.0206,"lastBolusTime":1703032926445,"time":"2023-12-20T04:01:58.928Z"}},{"iob":0.007,"basaliob":-0.036,"bolussnooze":0,"activity":1.0E-4,"lastBolusTime":1703032926445,"time":"2023-12-20T04:06:58.928Z","iobWithZeroTemp":{"iob":-1.866,"basaliob":-1.909,"bolussnooze":0,"activity":-0.0208,"lastBolusTime":1703032926445,"time":"2023-12-20T04:06:58.928Z"}},{"iob":0.007,"basaliob":-0.032,"bolussnooze":0,"activity":1.0E-4,"lastBolusTime":1703032926445,"time":"2023-12-20T04:11:58.928Z","iobWithZeroTemp":{"iob":-1.869,"basaliob":-1.908,"bolussnooze":0,"activity":-0.0209,"lastBolusTime":1703032926445,"time":"2023-12-20T04:11:58.928Z"}},{"iob":0.006,"basaliob":-0.029,"bolussnooze":0,"activity":1.0E-4,"lastBolusTime":1703032926445,"time":"2023-12-20T04:16:58.928Z","iobWithZeroTemp":{"iob":-1.873,"basaliob":-1.908,"bolussnooze":0,"activity":-0.021,"lastBolusTime":1703032926445,"time":"2023-12-20T04:16:58.928Z"}},{"iob":0.005,"basaliob":-0.026,"bolussnooze":0,"activity":1.0E-4,"lastBolusTime":1703032926445,"time":"2023-12-20T04:21:58.928Z","iobWithZeroTemp":{"iob":-1.877,"basaliob":-1.908,"bolussnooze":0,"activity":-0.021,"lastBolusTime":1703032926445,"time":"2023-12-20T04:21:58.928Z"}},{"iob":0.004,"basaliob":-0.024,"bolussnooze":0,"activity":1.0E-4,"lastBolusTime":1703032926445,"time":"2023-12-20T04:26:58.928Z","iobWithZeroTemp":{"iob":-1.881,"basaliob":-1.909,"bolussnooze":0,"activity":-0.0211,"lastBolusTime":1703032926445,"time":"2023-12-20T04:26:58.928Z"}},{"iob":0.004,"basaliob":-0.021,"bolussnooze":0,"activity":0,"lastBolusTime":1703032926445,"time":"2023-12-20T04:31:58.928Z","iobWithZeroTemp":{"iob":-1.883,"basaliob":-1.908,"bolussnooze":0,"activity":-0.0213,"lastBolusTime":1703032926445,"time":"2023-12-20T04:31:58.928Z"}},{"iob":0.004,"basaliob":-0.019,"bolussnooze":0,"activity":1.0E-4,"lastBolusTime":1703032926445,"time":"2023-12-20T04:36:58.928Z","iobWithZeroTemp":{"iob":-1.885,"basaliob":-1.908,"bolussnooze":0,"activity":-0.0212,"lastBolusTime":1703032926445,"time":"2023-12-20T04:36:58.928Z"}},{"iob":0.004,"basaliob":-0.017,"bolussnooze":0,"activity":0,"lastBolusTime":1703032926445,"time":"2023-12-20T04:41:58.928Z","iobWithZeroTemp":{"iob":-1.887,"basaliob":-1.908,"bolussnooze":0,"activity":-0.0213,"lastBolusTime":1703032926445,"time":"2023-12-20T04:41:58.928Z"}}],"profile":{"max_iob":20,"type":"current","max_daily_basal":1.6,"max_basal":4.8,"min_bg":81,"max_bg":81,"target_bg":81,"carb_ratio":4.5,"sens":63,"max_daily_safety_multiplier":3,"current_basal_safety_multiplier":4,"high_temptarget_raises_sensitivity":false,"low_temptarget_lowers_sensitivity":false,"sensitivity_raises_target":false,"resistance_lowers_target":false,"adv_target_adjustments":false,"exercise_mode":false,"half_basal_exercise_target":160,"maxCOB":120,"skip_neutral_temps":false,"remainingCarbsCap":90,"enableUAM":true,"A52_risk_enable":false,"SMBInterval":3,"enableSMB_with_COB":false,"enableSMB_with_temptarget":false,"allowSMB_with_high_temptarget":true,"enableSMB_always":true,"enableSMB_after_carbs":false,"maxSMBBasalMinutes":120,"maxUAMSMBBasalMinutes":120,"bolus_increment":0.05,"carbsReqThreshold":1,"current_basal":1.5,"temptargetSet":true,"autosens_max":1.8,"out_units":"mmol\/L"},"autosens_data":{"ratio":1},"meal_data":{"carbs":10,"mealCOB":5.428571428571431,"slopeFromMaxDeviation":0,"slopeFromMinDeviation":1.1545,"lastBolusTime":1703032926445,"lastCarbTime":1703030390000},"microBolusAllowed":true,"currentTime":1703033219768,"flatBGsDetected":false},"output":{"temp":"absolute","bg":85,"tick":"+10","eventualBG":156,"targetBG":81,"insulinReq":1.11,"deliverAt":"2023-12-20T00:46:59.768Z","sensitivityRatio":1,"predBGs":{"IOB":[85,92,99,104,109,114,117,120,123,124,125,126,126,126,125,125,125,125,125,125,125,124,124,124,124,124,124,124,124,123],"ZT":[85,86,86,87,87,88,89],"COB":[85,92,99,106,112,117,123,127,132,136,140,143,146,149,151,153,155,156,157,158,158,158,158,158,157,157,157,157,157,157,157,157,157,157,157,156],"UAM":[85,92,99,106,111,117,122,126,130,134,137,140,142,144,146,147,148,148,148,148,148,148,147,147,147,147,147,147,147,147,147,146]},"COB":5.428571428571431,"IOB":0.033,"reason":"COB: 5.4, Dev: 2.3, BGI: 0.0, ISF: 3.5, CR: 4.5, Target: 4.5, minPredBG 8.4, minGuardBG 5.1, IOBpredBG 6.8, COBpredBG 8.7, UAMpredBG 8.1; Eventual BG 8.7 >= 4.5,  insulinReq 1.11. Microbolusing 0.55U. temp 0.20 < 3.72U\/hr. ","units":0.55,"duration":30,"rate":3.72,"timestamp":"2023-12-20T00:46:59.859Z"}}