{"algorithm":"OpenAPSSMBPlugin","input":{"glucoseStatus":{"glucose":64,"noise":0,"delta":1,"short_avgdelta":1,"long_avgdelta":-0.27,"date":1703113903247},"currenttemp":{"temp":"absolute","duration":15,"rate":0,"minutesrunning":15},"iob_data":[{"iob":-1.188,"basaliob":-1.312,"bolussnooze":0,"activity":-0.0089,"lastBolusTime":1703108234902,"time":"2023-12-20T23:12:03.204Z","iobWithZeroTemp":{"iob":-1.188,"basaliob":-1.312,"bolussnooze":0,"activity":-0.0089,"lastBolusTime":1703108234902,"time":"2023-12-20T23:12:03.204Z"}},{"iob":-1.14,"basaliob":-1.254,"bolussnooze":0,"activity":-0.0097,"lastBolusTime":1703108234902,"time":"2023-12-20T23:17:03.204Z","iobWithZeroTemp":{"iob":-1.247,"basaliob":-1.361,"bolussnooze":0,"activity":-0.0098,"lastBolusTime":1703108234902,"time":"2023-12-20T23:17:03.204Z"}},{"iob":-1.091,"basaliob":-1.195,"bolussnooze":0,"activity":-0.0104,"lastBolusTime":1703108234902,"time":"2023-12-20T23:22:03.204Z","iobWithZeroTemp":{"iob":-1.33,"basaliob":-1.434,"bolussnooze":0,"activity":-0.0109,"lastBolusTime":1703108234902,"time":"2023-12-20T23:22:03.204Z"}},{"iob":-1.038,"basaliob":-1.133,"bolussnooze":0,"activity":-0.0107,"lastBolusTime":1703108234902,"time":"2023-12-20T23:27:03.204Z","iobWithZeroTemp":{"iob":-1.406,"basaliob":-1.501,"bolussnooze":0,"activity":-0.0118,"lastBolusTime":1703108234902,"time":"2023-12-20T23:27:03.204Z"}},{"iob":-0.984,"basaliob":-1.071,"bolussnooze":0,"activity":-0.0108,"lastBolusTime":1703108234902,"time":"2023-12-20T23:32:03.204Z","iobWithZeroTemp":{"iob":-1.478,"basaliob":-1.565,"bolussnooze":0,"activity":-0.0126,"lastBolusTime":1703108234902,"time":"2023-12-20T23:32:03.204Z"}},{"iob":-0.93,"basaliob":-1.01,"bolussnooze":0,"activity":-0.0109,"lastBolusTime":1703108234902,"time":"2023-12-20T23:37:03.204Z","iobWithZeroTemp":{"iob":-1.546,"basaliob":-1.626,"bolussnooze":0,"activity":-0.0136,"lastBolusTime":1703108234902,"time":"2023-12-20T23:37:03.204Z"}},{"iob":-0.876,"basaliob":-0.949,"bolussnooze":0,"activity":-0.0107,"lastBolusTime":1703108234902,"time":"2023-12-20T23:42:03.204Z","iobWithZeroTemp":{"iob":-1.61,"basaliob":-1.683,"bolussnooze":0,"activity":-0.0144,"lastBolusTime":1703108234902,"time":"2023-12-20T23:42:03.204Z"}},{"iob":-0.823,"basaliob":-0.889,"bolussnooze":0,"activity":-0.0105,"lastBolusTime":1703108234902,"time":"2023-12-20T23:47:03.204Z","iobWithZeroTemp":{"iob":-1.669,"basaliob":-1.735,"bolussnooze":0,"activity":-0.0153,"lastBolusTime":1703108234902,"time":"2023-12-20T23:47:03.204Z"}},{"iob":-0.772,"basaliob":-0.832,"bolussnooze":0,"activity":-0.0102,"lastBolusTime":1703108234902,"time":"2023-12-20T23:52:03.204Z","iobWithZeroTemp":{"iob":-1.725,"basaliob":-1.785,"bolussnooze":0,"activity":-0.016,"lastBolusTime":1703108234902,"time":"2023-12-20T23:52:03.204Z"}},{"iob":-0.721,"basaliob":-0.776,"bolussnooze":0,"activity":-0.0099,"lastBolusTime":1703108234902,"time":"2023-12-20T23:57:03.204Z","iobWithZeroTemp":{"iob":-1.775,"basaliob":-1.83,"bolussnooze":0,"activity":-0.0168,"lastBolusTime":1703108234902,"time":"2023-12-20T23:57:03.204Z"}},{"iob":-0.673,"basaliob":-0.723,"bolussnooze":0,"activity":-0.0094,"lastBolusTime":1703108234902,"time":"2023-12-21T00:02:03.204Z","iobWithZeroTemp":{"iob":-1.823,"basaliob":-1.873,"bolussnooze":0,"activity":-0.0174,"lastBolusTime":1703108234902,"time":"2023-12-21T00:02:03.204Z"}},{"iob":-0.627,"basaliob":-0.672,"bolussnooze":0,"activity":-0.009,"lastBolusTime":1703108234902,"time":"2023-12-21T00:07:03.204Z","iobWithZeroTemp":{"iob":-1.86,"basaliob":-1.905,"bolussnooze":0,"activity":-0.0181,"lastBolusTime":1703108234902,"time":"2023-12-21T00:07:03.204Z"}},{"iob":-0.582,"basaliob":-0.623,"bolussnooze":0,"activity":-0.0086,"lastBolusTime":1703108234902,"time":"2023-12-21T00:12:03.204Z","iobWithZeroTemp":{"iob":-1.891,"basaliob":-1.932,"bolussnooze":0,"activity":-0.0188,"lastBolusTime":1703108234902,"time":"2023-12-21T00:12:03.204Z"}},{"iob":-0.54,"basaliob":-0.577,"bolussnooze":0,"activity":-0.0082,"lastBolusTime":1703108234902,"time":"2023-12-21T00:17:03.204Z","iobWithZeroTemp":{"iob":-1.921,"basaliob":-1.958,"bolussnooze":0,"activity":-0.0194,"lastBolusTime":1703108234902,"time":"2023-12-21T00:17:03.204Z"}},{"iob":-0.5,"basaliob":-0.534,"bolussnooze":0,"activity":-0.0077,"lastBolusTime":1703108234902,"time":"2023-12-21T00:22:03.204Z","iobWithZeroTemp":{"iob":-1.948,"basaliob":-1.982,"bolussnooze":0,"activity":-0.0199,"lastBolusTime":1703108234902,"time":"2023-12-21T00:22:03.204Z"}},{"iob":-0.462,"basaliob":-0.493,"bolussnooze":0,"activity":-0.0073,"lastBolusTime":1703108234902,"time":"2023-12-21T00:27:03.204Z","iobWithZeroTemp":{"iob":-1.972,"basaliob":-2.003,"bolussnooze":0,"activity":-0.0204,"lastBolusTime":1703108234902,"time":"2023-12-21T00:27:03.204Z"}},{"iob":-0.427,"basaliob":-0.455,"bolussnooze":0,"activity":-0.0068,"lastBolusTime":1703108234902,"time":"2023-12-21T00:32:03.204Z","iobWithZeroTemp":{"iob":-1.994,"basaliob":-2.022,"bolussnooze":0,"activity":-0.0208,"lastBolusTime":1703108234902,"time":"2023-12-21T00:32:03.204Z"}},{"iob":-0.394,"basaliob":-0.419,"bolussnooze":0,"activity":-0.0064,"lastBolusTime":1703108234902,"time":"2023-12-21T00:37:03.204Z","iobWithZeroTemp":{"iob":-2.008,"basaliob":-2.033,"bolussnooze":0,"activity":-0.0211,"lastBolusTime":1703108234902,"time":"2023-12-21T00:37:03.204Z"}},{"iob":-0.363,"basaliob":-0.386,"bolussnooze":0,"activity":-0.006,"lastBolusTime":1703108234902,"time":"2023-12-21T00:42:03.204Z","iobWithZeroTemp":{"iob":-2.027,"basaliob":-2.05,"bolussnooze":0,"activity":-0.0215,"lastBolusTime":1703108234902,"time":"2023-12-21T00:42:03.204Z"}},{"iob":-0.334,"basaliob":-0.355,"bolussnooze":0,"activity":-0.0056,"lastBolusTime":1703108234902,"time":"2023-12-21T00:47:03.204Z","iobWithZeroTemp":{"iob":-2.044,"basaliob":-2.065,"bolussnooze":0,"activity":-0.0218,"lastBolusTime":1703108234902,"time":"2023-12-21T00:47:03.204Z"}},{"iob":-0.307,"basaliob":-0.326,"bolussnooze":0,"activity":-0.0052,"lastBolusTime":1703108234902,"time":"2023-12-21T00:52:03.204Z","iobWithZeroTemp":{"iob":-2.059,"basaliob":-2.078,"bolussnooze":0,"activity":-0.0221,"lastBolusTime":1703108234902,"time":"2023-12-21T00:52:03.204Z"}},{"iob":-0.282,"basaliob":-0.299,"bolussnooze":0,"activity":-0.0049,"lastBolusTime":1703108234902,"time":"2023-12-21T00:57:03.204Z","iobWithZeroTemp":{"iob":-2.073,"basaliob":-2.09,"bolussnooze":0,"activity":-0.0224,"lastBolusTime":1703108234902,"time":"2023-12-21T00:57:03.204Z"}},{"iob":-0.259,"basaliob":-0.274,"bolussnooze":0,"activity":-0.0045,"lastBolusTime":1703108234902,"time":"2023-12-21T01:02:03.204Z","iobWithZeroTemp":{"iob":-2.086,"basaliob":-2.101,"bolussnooze":0,"activity":-0.0226,"lastBolusTime":1703108234902,"time":"2023-12-21T01:02:03.204Z"}},{"iob":-0.237,"basaliob":-0.251,"bolussnooze":0,"activity":-0.0042,"lastBolusTime":1703108234902,"time":"2023-12-21T01:07:03.204Z","iobWithZeroTemp":{"iob":-2.097,"basaliob":-2.111,"bolussnooze":0,"activity":-0.0229,"lastBolusTime":1703108234902,"time":"2023-12-21T01:07:03.204Z"}},{"iob":-0.217,"basaliob":-0.229,"bolussnooze":0,"activity":-0.0038,"lastBolusTime":1703108234902,"time":"2023-12-21T01:12:03.204Z","iobWithZeroTemp":{"iob":-2.107,"basaliob":-2.119,"bolussnooze":0,"activity":-0.023,"lastBolusTime":1703108234902,"time":"2023-12-21T01:12:03.204Z"}},{"iob":-0.198,"basaliob":-0.209,"bolussnooze":0,"activity":-0.0036,"lastBolusTime":1703108234902,"time":"2023-12-21T01:17:03.204Z","iobWithZeroTemp":{"iob":-2.116,"basaliob":-2.127,"bolussnooze":0,"activity":-0.0233,"lastBolusTime":1703108234902,"time":"2023-12-21T01:17:03.204Z"}},{"iob":-0.181,"basaliob":-0.191,"bolussnooze":0,"activity":-0.0033,"lastBolusTime":1703108234902,"time":"2023-12-21T01:22:03.204Z","iobWithZeroTemp":{"iob":-2.125,"basaliob":-2.135,"bolussnooze":0,"activity":-0.0234,"lastBolusTime":1703108234902,"time":"2023-12-21T01:22:03.204Z"}},{"iob":-0.165,"basaliob":-0.174,"bolussnooze":0,"activity":-0.003,"lastBolusTime":1703108234902,"time":"2023-12-21T01:27:03.204Z","iobWithZeroTemp":{"iob":-2.132,"basaliob":-2.141,"bolussnooze":0,"activity":-0.0235,"lastBolusTime":1703108234902,"time":"2023-12-21T01:27:03.204Z"}},{"iob":-0.151,"basaliob":-0.159,"bolussnooze":0,"activity":-0.0028,"lastBolusTime":1703108234902,"time":"2023-12-21T01:32:03.204Z","iobWithZeroTemp":{"iob":-2.139,"basaliob":-2.147,"bolussnooze":0,"activity":-0.0237,"lastBolusTime":1703108234902,"time":"2023-12-21T01:32:03.204Z"}},{"iob":-0.138,"basaliob":-0.145,"bolussnooze":0,"activity":-0.0025,"lastBolusTime":1703108234902,"time":"2023-12-21T01:37:03.204Z","iobWithZeroTemp":{"iob":-2.146,"basaliob":-2.153,"bolussnooze":0,"activity":-0.0238,"lastBolusTime":1703108234902,"time":"2023-12-21T01:37:03.204Z"}},{"iob":-0.126,"basaliob":-0.132,"bolussnooze":0,"activity":-0.0024,"lastBolusTime":1703108234902,"time":"2023-12-21T01:42:03.204Z","iobWithZeroTemp":{"iob":-2.152,"basaliob":-2.158,"bolussnooze":0,"activity":-0.024,"lastBolusTime":1703108234902,"time":"2023-12-21T01:42:03.204Z"}},{"iob":-0.114,"basaliob":-0.12,"bolussnooze":0,"activity":-0.0022,"lastBolusTime":1703108234902,"time":"2023-12-21T01:47:03.204Z","iobWithZeroTemp":{"iob":-2.156,"basaliob":-2.162,"bolussnooze":0,"activity":-0.0241,"lastBolusTime":1703108234902,"time":"2023-12-21T01:47:03.204Z"}},{"iob":-0.104,"basaliob":-0.109,"bolussnooze":0,"activity":-0.002,"lastBolusTime":1703108234902,"time":"2023-12-21T01:52:03.204Z","iobWithZeroTemp":{"iob":-2.161,"basaliob":-2.166,"bolussnooze":0,"activity":-0.0242,"lastBolusTime":1703108234902,"time":"2023-12-21T01:52:03.204Z"}},{"iob":-0.094,"basaliob":-0.099,"bolussnooze":0,"activity":-0.0018,"lastBolusTime":1703108234902,"time":"2023-12-21T01:57:03.204Z","iobWithZeroTemp":{"iob":-2.164,"basaliob":-2.169,"bolussnooze":0,"activity":-0.0242,"lastBolusTime":1703108234902,"time":"2023-12-21T01:57:03.204Z"}},{"iob":-0.086,"basaliob":-0.09,"bolussnooze":0,"activity":-0.0017,"lastBolusTime":1703108234902,"time":"2023-12-21T02:02:03.204Z","iobWithZeroTemp":{"iob":-2.169,"basaliob":-2.173,"bolussnooze":0,"activity":-0.0244,"lastBolusTime":1703108234902,"time":"2023-12-21T02:02:03.204Z"}},{"iob":-0.077,"basaliob":-0.081,"bolussnooze":0,"activity":-0.0015,"lastBolusTime":1703108234902,"time":"2023-12-21T02:07:03.204Z","iobWithZeroTemp":{"iob":-2.154,"basaliob":-2.158,"bolussnooze":0,"activity":-0.0244,"lastBolusTime":1703108234902,"time":"2023-12-21T02:07:03.204Z"}},{"iob":-0.071,"basaliob":-0.074,"bolussnooze":0,"activity":-0.0014,"lastBolusTime":1703108234902,"time":"2023-12-21T02:12:03.204Z","iobWithZeroTemp":{"iob":-2.142,"basaliob":-2.145,"bolussnooze":0,"activity":-0.0244,"lastBolusTime":1703108234902,"time":"2023-12-21T02:12:03.204Z"}},{"iob":-0.064,"basaliob":-0.067,"bolussnooze":0,"activity":-0.0012,"lastBolusTime":1703108234902,"time":"2023-12-21T02:17:03.204Z","iobWithZeroTemp":{"iob":-2.128,"basaliob":-2.131,"bolussnooze":0,"activity":-0.0243,"lastBolusTime":1703108234902,"time":"2023-12-21T02:17:03.204Z"}},{"iob":-0.057,"basaliob":-0.06,"bolussnooze":0,"activity":-0.0011,"lastBolusTime":1703108234902,"time":"2023-12-21T02:22:03.204Z","iobWithZeroTemp":{"iob":-2.114,"basaliob":-2.117,"bolussnooze":0,"activity":-0.0243,"lastBolusTime":1703108234902,"time":"2023-12-21T02:22:03.204Z"}},{"iob":-0.053,"basaliob":-0.055,"bolussnooze":0,"activity":-0.001,"lastBolusTime":1703108234902,"time":"2023-12-21T02:27:03.204Z","iobWithZeroTemp":{"iob":-2.103,"basaliob":-2.105,"bolussnooze":0,"activity":-0.0242,"lastBolusTime":1703108234902,"time":"2023-12-21T02:27:03.204Z"}},{"iob":-0.047,"basaliob":-0.049,"bolussnooze":0,"activity":-0.001,"lastBolusTime":1703108234902,"time":"2023-12-21T02:32:03.204Z","iobWithZeroTemp":{"iob":-2.089,"basaliob":-2.091,"bolussnooze":0,"activity":-0.0242,"lastBolusTime":1703108234902,"time":"2023-12-21T02:32:03.204Z"}},{"iob":-0.042,"basaliob":-0.044,"bolussnooze":0,"activity":-9.0E-4,"lastBolusTime":1703108234902,"time":"2023-12-21T02:37:03.204Z","iobWithZeroTemp":{"iob":-2.076,"basaliob":-2.078,"bolussnooze":0,"activity":-0.0241,"lastBolusTime":1703108234902,"time":"2023-12-21T02:37:03.204Z"}},{"iob":-0.038,"basaliob":-0.04,"bolussnooze":0,"activity":-8.0E-4,"lastBolusTime":1703108234902,"time":"2023-12-21T02:42:03.204Z","iobWithZeroTemp":{"iob":-2.065,"basaliob":-2.067,"bolussnooze":0,"activity":-0.024,"lastBolusTime":1703108234902,"time":"2023-12-21T02:42:03.204Z"}},{"iob":-0.035,"basaliob":-0.036,"bolussnooze":0,"activity":-8.0E-4,"lastBolusTime":1703108234902,"time":"2023-12-21T02:47:03.204Z","iobWithZeroTemp":{"iob":-2.054,"basaliob":-2.055,"bolussnooze":0,"activity":-0.024,"lastBolusTime":1703108234902,"time":"2023-12-21T02:47:03.204Z"}},{"iob":-0.032,"basaliob":-0.033,"bolussnooze":0,"activity":-7.0E-4,"lastBolusTime":1703108234902,"time":"2023-12-21T02:52:03.204Z","iobWithZeroTemp":{"iob":-2.044,"basaliob":-2.045,"bolussnooze":0,"activity":-0.0238,"lastBolusTime":1703108234902,"time":"2023-12-21T02:52:03.204Z"}},{"iob":-0.028,"basaliob":-0.029,"bolussnooze":0,"activity":-6.0E-4,"lastBolusTime":1703108234902,"time":"2023-12-21T02:57:03.204Z","iobWithZeroTemp":{"iob":-2.033,"basaliob":-2.034,"bolussnooze":0,"activity":-0.0237,"lastBolusTime":1703108234902,"time":"2023-12-21T02:57:03.204Z"}},{"iob":-0.025,"basaliob":-0.026,"bolussnooze":0,"activity":-6.0E-4,"lastBolusTime":1703108234902,"time":"2023-12-21T03:02:03.204Z","iobWithZeroTemp":{"iob":-2.024,"basaliob":-2.025,"bolussnooze":0,"activity":-0.0236,"lastBolusTime":1703108234902,"time":"2023-12-21T03:02:03.204Z"}},{"iob":-0.023,"basaliob":-0.024,"bolussnooze":0,"activity":-5.0E-4,"lastBolusTime":1703108234902,"time":"2023-12-21T03:07:03.204Z","iobWithZeroTemp":{"iob":-2.015,"basaliob":-2.016,"bolussnooze":0,"activity":-0.0234,"lastBolusTime":1703108234902,"time":"2023-12-21T03:07:03.204Z"}}],"profile":{"max_iob":20,"type":"current","max_daily_basal":1.6,"max_basal":4.8,"min_bg":111.6,"max_bg":111.6,"target_bg":111.6,"carb_ratio":4.5,"sens":63,"max_daily_safety_multiplier":3,"current_basal_safety_multiplier":4,"high_temptarget_raises_sensitivity":false,"low_temptarget_lowers_sensitivity":false,"sensitivity_raises_target":false,"resistance_lowers_target":false,"adv_target_adjustments":false,"exercise_mode":false,"half_basal_exercise_target":160,"maxCOB":120,"skip_neutral_temps":false,"remainingCarbsCap":90,"enableUAM":true,"A52_risk_enable":false,"SMBInterval":3,"enableSMB_with_COB":false,"enableSMB_with_temptarget":false,"allowSMB_with_high_temptarget":true,"enableSMB_always":true,"enableSMB_after_carbs":false,"maxSMBBasalMinutes":120,"maxUAMSMBBasalMinutes":120,"bolus_increment":0.05,"carbsReqThreshold":1,"current_basal":1.6,"temptargetSet":true,"autosens_max":1.8,"out_units":"mmol\/L"},"autosens_data":{"ratio":1},"meal_data":{"carbs":0,"mealCOB":0,"slopeFromMaxDeviation":0,"slopeFromMinDeviation":0.6175,"lastBolusTime":1703108234902,"lastCarbTime":0},"microBolusAllowed":true,"currentTime":1703113925800,"flatBGsDetected":false},"output":{"temp":"absolute","bg":64,"tick":"+1","eventualBG":121,"targetBG":111.6,"insulinReq":0,"deliverAt":"2023-12-20T23:12:05.800Z","sensitivityRatio":1,"predBGs":{"IOB":[64,65,67,69,71,73,76,78,81,84,87,89,92,95,98,100,102,104,106,108,110,112,113,115,116,117,118,119,120,121,122,123,123,124,125,125,126,126,126,127,127,127,128,128,128,128,129],"ZT":[64,67,70,73,77,81,85,90,95,100,105,110]},"COB":0,"IOB":-1.188,"reason":"COB: 0, Dev: -1.0, BGI: 0.2, ISF: 3.5, CR: 4.5, Target: 6.2, minPredBG 5.9, minGuardBG 3.6, IOBpredBG 7.2; minGuardBG 3.6<4.2","duration":30,"rate":0,"timestamp":"2023-12-20T23:12:05.928Z"}}