{"algorithm":"OpenAPSSMBPlugin","input":{"glucoseStatus":{"glucose":48,"noise":0,"delta":1,"short_avgdelta":1.75,"long_avgdelta":0,"date":1703081501629},"currenttemp":{"temp":"absolute","duration":60,"rate":0,"minutesrunning":60},"iob_data":[{"iob":-0.046,"basaliob":-1.051,"bolussnooze":0.1603,"activity":0.0043,"lastBolusTime":1703076907848,"time":"2023-12-20T14:12:04.324Z","iobWithZeroTemp":{"iob":-0.046,"basaliob":-1.051,"bolussnooze":0.1603,"activity":0.0043,"lastBolusTime":1703076907848,"time":"2023-12-20T14:12:04.324Z"}},{"iob":-0.065,"basaliob":-0.991,"bolussnooze":0.1321,"activity":0.0033,"lastBolusTime":1703076907848,"time":"2023-12-20T14:17:04.324Z","iobWithZeroTemp":{"iob":-0.112,"basaliob":-1.038,"bolussnooze":0.1321,"activity":0.0033,"lastBolusTime":1703076907848,"time":"2023-12-20T14:17:04.324Z"}},{"iob":-0.079,"basaliob":-0.931,"bolussnooze":0.1086,"activity":0.0025,"lastBolusTime":1703076907848,"time":"2023-12-20T14:22:04.324Z","iobWithZeroTemp":{"iob":-0.183,"basaliob":-1.035,"bolussnooze":0.1086,"activity":0.0023,"lastBolusTime":1703076907848,"time":"2023-12-20T14:22:04.324Z"}},{"iob":-0.091,"basaliob":-0.873,"bolussnooze":0.089,"activity":0.0018,"lastBolusTime":1703076907848,"time":"2023-12-20T14:27:04.324Z","iobWithZeroTemp":{"iob":-0.252,"basaliob":-1.034,"bolussnooze":0.089,"activity":0.0013,"lastBolusTime":1703076907848,"time":"2023-12-20T14:27:04.324Z"}},{"iob":-0.098,"basaliob":-0.816,"bolussnooze":0.0728,"activity":0.0013,"lastBolusTime":1703076907848,"time":"2023-12-20T14:32:04.324Z","iobWithZeroTemp":{"iob":-0.314,"basaliob":-1.032,"bolussnooze":0.0728,"activity":5.0E-4,"lastBolusTime":1703076907848,"time":"2023-12-20T14:32:04.324Z"}},{"iob":-0.103,"basaliob":-0.762,"bolussnooze":0.0593,"activity":8.0E-4,"lastBolusTime":1703076907848,"time":"2023-12-20T14:37:04.324Z","iobWithZeroTemp":{"iob":-0.373,"basaliob":-1.032,"bolussnooze":0.0593,"activity":-4.0E-4,"lastBolusTime":1703076907848,"time":"2023-12-20T14:37:04.324Z"}},{"iob":-0.106,"basaliob":-0.709,"bolussnooze":0.0482,"activity":4.0E-4,"lastBolusTime":1703076907848,"time":"2023-12-20T14:42:04.324Z","iobWithZeroTemp":{"iob":-0.427,"basaliob":-1.03,"bolussnooze":0.0482,"activity":-0.0012,"lastBolusTime":1703076907848,"time":"2023-12-20T14:42:04.324Z"}},{"iob":-0.107,"basaliob":-0.659,"bolussnooze":0.0391,"activity":0,"lastBolusTime":1703076907848,"time":"2023-12-20T14:47:04.324Z","iobWithZeroTemp":{"iob":-0.477,"basaliob":-1.029,"bolussnooze":0.0391,"activity":-0.0021,"lastBolusTime":1703076907848,"time":"2023-12-20T14:47:04.324Z"}},{"iob":-0.107,"basaliob":-0.612,"bolussnooze":0.0316,"activity":-2.0E-4,"lastBolusTime":1703076907848,"time":"2023-12-20T14:52:04.324Z","iobWithZeroTemp":{"iob":-0.524,"basaliob":-1.029,"bolussnooze":0.0316,"activity":-0.0028,"lastBolusTime":1703076907848,"time":"2023-12-20T14:52:04.324Z"}},{"iob":-0.106,"basaliob":-0.567,"bolussnooze":0.0255,"activity":-4.0E-4,"lastBolusTime":1703076907848,"time":"2023-12-20T14:57:04.324Z","iobWithZeroTemp":{"iob":-0.567,"basaliob":-1.028,"bolussnooze":0.0255,"activity":-0.0034,"lastBolusTime":1703076907848,"time":"2023-12-20T14:57:04.324Z"}},{"iob":-0.103,"basaliob":-0.524,"bolussnooze":0.0204,"activity":-6.0E-4,"lastBolusTime":1703076907848,"time":"2023-12-20T15:02:04.324Z","iobWithZeroTemp":{"iob":-0.606,"basaliob":-1.027,"bolussnooze":0.0204,"activity":-0.0041,"lastBolusTime":1703076907848,"time":"2023-12-20T15:02:04.324Z"}},{"iob":-0.1,"basaliob":-0.484,"bolussnooze":0.0164,"activity":-7.0E-4,"lastBolusTime":1703076907848,"time":"2023-12-20T15:07:04.324Z","iobWithZeroTemp":{"iob":-0.635,"basaliob":-1.019,"bolussnooze":0.0164,"activity":-0.0047,"lastBolusTime":1703076907848,"time":"2023-12-20T15:07:04.324Z"}},{"iob":-0.098,"basaliob":-0.447,"bolussnooze":0.0131,"activity":-8.0E-4,"lastBolusTime":1703076907848,"time":"2023-12-20T15:12:04.324Z","iobWithZeroTemp":{"iob":-0.662,"basaliob":-1.011,"bolussnooze":0.0131,"activity":-0.0052,"lastBolusTime":1703076907848,"time":"2023-12-20T15:12:04.324Z"}},{"iob":-0.094,"basaliob":-0.412,"bolussnooze":0.0104,"activity":-8.0E-4,"lastBolusTime":1703076907848,"time":"2023-12-20T15:17:04.324Z","iobWithZeroTemp":{"iob":-0.685,"basaliob":-1.003,"bolussnooze":0.0104,"activity":-0.0057,"lastBolusTime":1703076907848,"time":"2023-12-20T15:17:04.324Z"}},{"iob":-0.09,"basaliob":-0.379,"bolussnooze":0.0082,"activity":-8.0E-4,"lastBolusTime":1703076907848,"time":"2023-12-20T15:22:04.324Z","iobWithZeroTemp":{"iob":-0.705,"basaliob":-0.994,"bolussnooze":0.0082,"activity":-0.0061,"lastBolusTime":1703076907848,"time":"2023-12-20T15:22:04.324Z"}},{"iob":-0.085,"basaliob":-0.348,"bolussnooze":0.0065,"activity":-9.0E-4,"lastBolusTime":1703076907848,"time":"2023-12-20T15:27:04.324Z","iobWithZeroTemp":{"iob":-0.723,"basaliob":-0.986,"bolussnooze":0.0065,"activity":-0.0065,"lastBolusTime":1703076907848,"time":"2023-12-20T15:27:04.324Z"}},{"iob":-0.081,"basaliob":-0.32,"bolussnooze":0.0051,"activity":-9.0E-4,"lastBolusTime":1703076907848,"time":"2023-12-20T15:32:04.324Z","iobWithZeroTemp":{"iob":-0.74,"basaliob":-0.979,"bolussnooze":0.0051,"activity":-0.0069,"lastBolusTime":1703076907848,"time":"2023-12-20T15:32:04.324Z"}},{"iob":-0.076,"basaliob":-0.293,"bolussnooze":0.004,"activity":-9.0E-4,"lastBolusTime":1703076907848,"time":"2023-12-20T15:37:04.324Z","iobWithZeroTemp":{"iob":-0.748,"basaliob":-0.965,"bolussnooze":0.004,"activity":-0.0071,"lastBolusTime":1703076907848,"time":"2023-12-20T15:37:04.324Z"}},{"iob":-0.072,"basaliob":-0.269,"bolussnooze":0.0031,"activity":-8.0E-4,"lastBolusTime":1703076907848,"time":"2023-12-20T15:42:04.324Z","iobWithZeroTemp":{"iob":-0.762,"basaliob":-0.959,"bolussnooze":0.0031,"activity":-0.0073,"lastBolusTime":1703076907848,"time":"2023-12-20T15:42:04.324Z"}},{"iob":-0.068,"basaliob":-0.246,"bolussnooze":0.0024,"activity":-9.0E-4,"lastBolusTime":1703076907848,"time":"2023-12-20T15:47:04.324Z","iobWithZeroTemp":{"iob":-0.775,"basaliob":-0.953,"bolussnooze":0.0024,"activity":-0.0077,"lastBolusTime":1703076907848,"time":"2023-12-20T15:47:04.324Z"}},{"iob":-0.064,"basaliob":-0.225,"bolussnooze":0.0018,"activity":-8.0E-4,"lastBolusTime":1703076907848,"time":"2023-12-20T15:52:04.324Z","iobWithZeroTemp":{"iob":-0.787,"basaliob":-0.948,"bolussnooze":0.0018,"activity":-0.0079,"lastBolusTime":1703076907848,"time":"2023-12-20T15:52:04.324Z"}},{"iob":-0.059,"basaliob":-0.205,"bolussnooze":0.0014,"activity":-8.0E-4,"lastBolusTime":1703076907848,"time":"2023-12-20T15:57:04.324Z","iobWithZeroTemp":{"iob":-0.796,"basaliob":-0.942,"bolussnooze":0.0014,"activity":-0.0081,"lastBolusTime":1703076907848,"time":"2023-12-20T15:57:04.324Z"}},{"iob":-0.055,"basaliob":-0.187,"bolussnooze":0.0011,"activity":-7.0E-4,"lastBolusTime":1703076907848,"time":"2023-12-20T16:02:04.324Z","iobWithZeroTemp":{"iob":-0.805,"basaliob":-0.937,"bolussnooze":0.0011,"activity":-0.0082,"lastBolusTime":1703076907848,"time":"2023-12-20T16:02:04.324Z"}},{"iob":-0.052,"basaliob":-0.171,"bolussnooze":8.0E-4,"activity":-8.0E-4,"lastBolusTime":1703076907848,"time":"2023-12-20T16:07:04.324Z","iobWithZeroTemp":{"iob":-0.813,"basaliob":-0.932,"bolussnooze":8.0E-4,"activity":-0.0085,"lastBolusTime":1703076907848,"time":"2023-12-20T16:07:04.324Z"}},{"iob":-0.048,"basaliob":-0.156,"bolussnooze":6.0E-4,"activity":-7.0E-4,"lastBolusTime":1703076907848,"time":"2023-12-20T16:12:04.324Z","iobWithZeroTemp":{"iob":-0.82,"basaliob":-0.928,"bolussnooze":6.0E-4,"activity":-0.0086,"lastBolusTime":1703076907848,"time":"2023-12-20T16:12:04.324Z"}},{"iob":-0.045,"basaliob":-0.142,"bolussnooze":4.0E-4,"activity":-7.0E-4,"lastBolusTime":1703076907848,"time":"2023-12-20T16:17:04.324Z","iobWithZeroTemp":{"iob":-0.827,"basaliob":-0.924,"bolussnooze":4.0E-4,"activity":-0.0088,"lastBolusTime":1703076907848,"time":"2023-12-20T16:17:04.324Z"}},{"iob":-0.041,"basaliob":-0.129,"bolussnooze":3.0E-4,"activity":-7.0E-4,"lastBolusTime":1703076907848,"time":"2023-12-20T16:22:04.324Z","iobWithZeroTemp":{"iob":-0.832,"basaliob":-0.92,"bolussnooze":3.0E-4,"activity":-0.009,"lastBolusTime":1703076907848,"time":"2023-12-20T16:22:04.324Z"}},{"iob":-0.038,"basaliob":-0.117,"bolussnooze":2.0E-4,"activity":-5.0E-4,"lastBolusTime":1703076907848,"time":"2023-12-20T16:27:04.324Z","iobWithZeroTemp":{"iob":-0.838,"basaliob":-0.917,"bolussnooze":2.0E-4,"activity":-0.0089,"lastBolusTime":1703076907848,"time":"2023-12-20T16:27:04.324Z"}},{"iob":-0.036,"basaliob":-0.107,"bolussnooze":1.0E-4,"activity":-6.0E-4,"lastBolusTime":1703076907848,"time":"2023-12-20T16:32:04.324Z","iobWithZeroTemp":{"iob":-0.843,"basaliob":-0.914,"bolussnooze":1.0E-4,"activity":-0.0092,"lastBolusTime":1703076907848,"time":"2023-12-20T16:32:04.324Z"}},{"iob":-0.033,"basaliob":-0.097,"bolussnooze":1.0E-4,"activity":-5.0E-4,"lastBolusTime":1703076907848,"time":"2023-12-20T16:37:04.324Z","iobWithZeroTemp":{"iob":-0.847,"basaliob":-0.911,"bolussnooze":1.0E-4,"activity":-0.0092,"lastBolusTime":1703076907848,"time":"2023-12-20T16:37:04.324Z"}},{"iob":-0.03,"basaliob":-0.088,"bolussnooze":1.0E-4,"activity":-5.0E-4,"lastBolusTime":1703076907848,"time":"2023-12-20T16:42:04.324Z","iobWithZeroTemp":{"iob":-0.85,"basaliob":-0.908,"bolussnooze":1.0E-4,"activity":-0.0093,"lastBolusTime":1703076907848,"time":"2023-12-20T16:42:04.324Z"}},{"iob":-0.028,"basaliob":-0.08,"bolussnooze":0,"activity":-5.0E-4,"lastBolusTime":1703076907848,"time":"2023-12-20T16:47:04.324Z","iobWithZeroTemp":{"iob":-0.854,"basaliob":-0.906,"bolussnooze":0,"activity":-0.0094,"lastBolusTime":1703076907848,"time":"2023-12-20T16:47:04.324Z"}},{"iob":-0.026,"basaliob":-0.072,"bolussnooze":0,"activity":-4.0E-4,"lastBolusTime":1703076907848,"time":"2023-12-20T16:52:04.324Z","iobWithZeroTemp":{"iob":-0.857,"basaliob":-0.903,"bolussnooze":0,"activity":-0.0094,"lastBolusTime":1703076907848,"time":"2023-12-20T16:52:04.324Z"}},{"iob":-0.023,"basaliob":-0.065,"bolussnooze":0,"activity":-4.0E-4,"lastBolusTime":1703076907848,"time":"2023-12-20T16:57:04.324Z","iobWithZeroTemp":{"iob":-0.859,"basaliob":-0.901,"bolussnooze":0,"activity":-0.0095,"lastBolusTime":1703076907848,"time":"2023-12-20T16:57:04.324Z"}},{"iob":-0.022,"basaliob":-0.059,"bolussnooze":0,"activity":-4.0E-4,"lastBolusTime":1703076907848,"time":"2023-12-20T17:02:04.324Z","iobWithZeroTemp":{"iob":-0.862,"basaliob":-0.899,"bolussnooze":0,"activity":-0.0096,"lastBolusTime":1703076907848,"time":"2023-12-20T17:02:04.324Z"}},{"iob":-0.02,"basaliob":-0.053,"bolussnooze":0,"activity":-4.0E-4,"lastBolusTime":1703076907848,"time":"2023-12-20T17:07:04.324Z","iobWithZeroTemp":{"iob":-0.864,"basaliob":-0.897,"bolussnooze":0,"activity":-0.0097,"lastBolusTime":1703076907848,"time":"2023-12-20T17:07:04.324Z"}},{"iob":-0.018,"basaliob":-0.048,"bolussnooze":0,"activity":-3.0E-4,"lastBolusTime":1703076907848,"time":"2023-12-20T17:12:04.324Z","iobWithZeroTemp":{"iob":-0.865,"basaliob":-0.895,"bolussnooze":0,"activity":-0.0096,"lastBolusTime":1703076907848,"time":"2023-12-20T17:12:04.324Z"}},{"iob":-0.016,"basaliob":-0.043,"bolussnooze":0,"activity":-3.0E-4,"lastBolusTime":1703076907848,"time":"2023-12-20T17:17:04.324Z","iobWithZeroTemp":{"iob":-0.867,"basaliob":-0.894,"bolussnooze":0,"activity":-0.0097,"lastBolusTime":1703076907848,"time":"2023-12-20T17:17:04.324Z"}},{"iob":-0.015,"basaliob":-0.039,"bolussnooze":0,"activity":-3.0E-4,"lastBolusTime":1703076907848,"time":"2023-12-20T17:22:04.324Z","iobWithZeroTemp":{"iob":-0.869,"basaliob":-0.893,"bolussnooze":0,"activity":-0.0098,"lastBolusTime":1703076907848,"time":"2023-12-20T17:22:04.324Z"}},{"iob":-0.014,"basaliob":-0.035,"bolussnooze":0,"activity":-2.0E-4,"lastBolusTime":1703076907848,"time":"2023-12-20T17:27:04.324Z","iobWithZeroTemp":{"iob":-0.87,"basaliob":-0.891,"bolussnooze":0,"activity":-0.0097,"lastBolusTime":1703076907848,"time":"2023-12-20T17:27:04.324Z"}},{"iob":-0.013,"basaliob":-0.032,"bolussnooze":0,"activity":-3.0E-4,"lastBolusTime":1703076907848,"time":"2023-12-20T17:32:04.324Z","iobWithZeroTemp":{"iob":-0.872,"basaliob":-0.891,"bolussnooze":0,"activity":-0.0099,"lastBolusTime":1703076907848,"time":"2023-12-20T17:32:04.324Z"}},{"iob":-0.012,"basaliob":-0.029,"bolussnooze":0,"activity":-2.0E-4,"lastBolusTime":1703076907848,"time":"2023-12-20T17:37:04.324Z","iobWithZeroTemp":{"iob":-0.873,"basaliob":-0.89,"bolussnooze":0,"activity":-0.0098,"lastBolusTime":1703076907848,"time":"2023-12-20T17:37:04.324Z"}},{"iob":-0.011,"basaliob":-0.026,"bolussnooze":0,"activity":-1.0E-4,"lastBolusTime":1703076907848,"time":"2023-12-20T17:42:04.324Z","iobWithZeroTemp":{"iob":-0.874,"basaliob":-0.889,"bolussnooze":0,"activity":-0.0097,"lastBolusTime":1703076907848,"time":"2023-12-20T17:42:04.324Z"}},{"iob":-0.01,"basaliob":-0.023,"bolussnooze":0,"activity":-2.0E-4,"lastBolusTime":1703076907848,"time":"2023-12-20T17:47:04.324Z","iobWithZeroTemp":{"iob":-0.874,"basaliob":-0.887,"bolussnooze":0,"activity":-0.0099,"lastBolusTime":1703076907848,"time":"2023-12-20T17:47:04.324Z"}},{"iob":-0.009,"basaliob":-0.021,"bolussnooze":0,"activity":-1.0E-4,"lastBolusTime":1703076907848,"time":"2023-12-20T17:52:04.324Z","iobWithZeroTemp":{"iob":-0.875,"basaliob":-0.887,"bolussnooze":0,"activity":-0.0098,"lastBolusTime":1703076907848,"time":"2023-12-20T17:52:04.324Z"}},{"iob":-0.008,"basaliob":-0.019,"bolussnooze":0,"activity":-1.0E-4,"lastBolusTime":1703076907848,"time":"2023-12-20T17:57:04.324Z","iobWithZeroTemp":{"iob":-0.875,"basaliob":-0.886,"bolussnooze":0,"activity":-0.0098,"lastBolusTime":1703076907848,"time":"2023-12-20T17:57:04.324Z"}},{"iob":-0.008,"basaliob":-0.017,"bolussnooze":0,"activity":-2.0E-4,"lastBolusTime":1703076907848,"time":"2023-12-20T18:02:04.324Z","iobWithZeroTemp":{"iob":-0.877,"basaliob":-0.886,"bolussnooze":0,"activity":-0.01,"lastBolusTime":1703076907848,"time":"2023-12-20T18:02:04.324Z"}},{"iob":-0.007,"basaliob":-0.015,"bolussnooze":0,"activity":-1.0E-4,"lastBolusTime":1703076907848,"time":"2023-12-20T18:07:04.324Z","iobWithZeroTemp":{"iob":-0.877,"basaliob":-0.885,"bolussnooze":0,"activity":-0.0099,"lastBolusTime":1703076907848,"time":"2023-12-20T18:07:04.324Z"}}],"profile":{"max_iob":20,"type":"current","max_daily_basal":1.6,"max_basal":2.8,"min_bg":111.6,"max_bg":111.6,"target_bg":111.6,"carb_ratio":8,"sens":108,"max_daily_safety_multiplier":3,"current_basal_safety_multiplier":4,"high_temptarget_raises_sensitivity":false,"low_temptarget_lowers_sensitivity":false,"sensitivity_raises_target":false,"resistance_lowers_target":false,"adv_target_adjustments":false,"exercise_mode":false,"half_basal_exercise_target":160,"maxCOB":120,"skip_neutral_temps":false,"remainingCarbsCap":90,"enableUAM":true,"A52_risk_enable":false,"SMBInterval":3,"enableSMB_with_COB":false,"enableSMB_with_temptarget":false,"allowSMB_with_high_temptarget":true,"enableSMB_always":true,"enableSMB_after_carbs":false,"maxSMBBasalMinutes":120,"maxUAMSMBBasalMinutes":120,"bolus_increment":0.05,"carbsReqThreshold":1,"current_basal":0.7,"temptargetSet":true,"autosens_max":1.8,"out_units":"mmol\/L"},"autosens_data":{"ratio":1},"meal_data":{"carbs":45,"mealCOB":0,"slopeFromMaxDeviation":-0.20699999999999985,"slopeFromMinDeviation":1.06,"lastBolusTime":1703076907848,"lastCarbTime":1703074649000},"microBolusAllowed":true,"currentTime":1703081527067,"flatBGsDetected":false},"output":{"temp":"absolute","bg":48,"tick":"+1","eventualBG":73,"targetBG":111.6,"insulinReq":0,"deliverAt":"2023-12-20T14:12:07.067Z","sensitivityRatio":1,"predBGs":{"IOB":[48,49,50,51,52,53,54,56,57,58,58,59,59,60,60,61,61,62,62,63,63,64,64,64,65,65,66,66,66,66,67,67,67,68,68,68,68,68,68,69],"ZT":[48,46,44,43,42,42,42,43,44,45,47,49,52,55,58,61,64,68,72,76,80,84,89,93,98,102,107],"UAM":[48,49,49,50,51,52,53,53,54,54,54,55,55,55,56,56,57,57,58,58,59,59,60,60,60,61,61,62,62,62,62,63,63,63,63,64,64,64,64,64,64,65]},"COB":0,"IOB":-0.046,"reason":"COB: 0, Dev: 1.1, BGI: -0.1, ISF: 6.0, CR: 8, Target: 6.2, minPredBG 2.7, minGuardBG 2.7, IOBpredBG 3.8, UAMpredBG 3.6; 2 add'l carbs req w\/in 0m; minGuardBG 2.7<4.2 60m left and 0 ~ req 0U\/hr: no temp required","carbsReq":2,"carbsReqWithin":0,"timestamp":"2023-12-20T14:12:07.169Z"}}