{"algorithm":"OpenAPSSMBPlugin","input":{"glucoseStatus":{"glucose":103,"noise":0,"delta":-11,"short_avgdelta":-6.78,"long_avgdelta":2.05,"date":1703068000938},"currenttemp":{"temp":"absolute","duration":100,"rate":0,"minutesrunning":20},"iob_data":[{"iob":4.952,"basaliob":-1.176,"bolussnooze":3.3306,"activity":0.039,"lastBolusTime":1703067675204,"time":"2023-12-20T10:27:04.732Z","iobWithZeroTemp":{"iob":4.952,"basaliob":-1.176,"bolussnooze":3.3306,"activity":0.039,"lastBolusTime":1703067675204,"time":"2023-12-20T10:27:04.732Z"}},{"iob":4.749,"basaliob":-1.11,"bolussnooze":2.9891,"activity":0.0421,"lastBolusTime":1703067675204,"time":"2023-12-20T10:32:04.732Z","iobWithZeroTemp":{"iob":4.689,"basaliob":-1.17,"bolussnooze":2.9891,"activity":0.042,"lastBolusTime":1703067675204,"time":"2023-12-20T10:32:04.732Z"}},{"iob":4.532,"basaliob":-1.045,"bolussnooze":2.6489,"activity":0.0442,"lastBolusTime":1703067675204,"time":"2023-12-20T10:37:04.732Z","iobWithZeroTemp":{"iob":4.398,"basaliob":-1.179,"bolussnooze":2.6489,"activity":0.0439,"lastBolusTime":1703067675204,"time":"2023-12-20T10:37:04.732Z"}},{"iob":4.308,"basaliob":-0.981,"bolussnooze":2.3231,"activity":0.0454,"lastBolusTime":1703067675204,"time":"2023-12-20T10:42:04.732Z","iobWithZeroTemp":{"iob":4.101,"basaliob":-1.188,"bolussnooze":2.3231,"activity":0.0448,"lastBolusTime":1703067675204,"time":"2023-12-20T10:42:04.732Z"}},{"iob":4.08,"basaliob":-0.918,"bolussnooze":2.0197,"activity":0.0458,"lastBolusTime":1703067675204,"time":"2023-12-20T10:47:04.732Z","iobWithZeroTemp":{"iob":3.802,"basaliob":-1.196,"bolussnooze":2.0197,"activity":0.0448,"lastBolusTime":1703067675204,"time":"2023-12-20T10:47:04.732Z"}},{"iob":3.851,"basaliob":-0.858,"bolussnooze":1.743,"activity":0.0456,"lastBolusTime":1703067675204,"time":"2023-12-20T10:52:04.732Z","iobWithZeroTemp":{"iob":3.504,"basaliob":-1.205,"bolussnooze":1.743,"activity":0.0441,"lastBolusTime":1703067675204,"time":"2023-12-20T10:52:04.732Z"}},{"iob":3.625,"basaliob":-0.799,"bolussnooze":1.4944,"activity":0.045,"lastBolusTime":1703067675204,"time":"2023-12-20T10:57:04.732Z","iobWithZeroTemp":{"iob":3.212,"basaliob":-1.212,"bolussnooze":1.4944,"activity":0.0429,"lastBolusTime":1703067675204,"time":"2023-12-20T10:57:04.732Z"}},{"iob":3.402,"basaliob":-0.744,"bolussnooze":1.274,"activity":0.044,"lastBolusTime":1703067675204,"time":"2023-12-20T11:02:04.732Z","iobWithZeroTemp":{"iob":2.926,"basaliob":-1.22,"bolussnooze":1.274,"activity":0.0413,"lastBolusTime":1703067675204,"time":"2023-12-20T11:02:04.732Z"}},{"iob":3.185,"basaliob":-0.691,"bolussnooze":1.0806,"activity":0.0427,"lastBolusTime":1703067675204,"time":"2023-12-20T11:07:04.732Z","iobWithZeroTemp":{"iob":2.657,"basaliob":-1.219,"bolussnooze":1.0806,"activity":0.0394,"lastBolusTime":1703067675204,"time":"2023-12-20T11:07:04.732Z"}},{"iob":2.976,"basaliob":-0.64,"bolussnooze":0.9124,"activity":0.0411,"lastBolusTime":1703067675204,"time":"2023-12-20T11:12:04.732Z","iobWithZeroTemp":{"iob":2.399,"basaliob":-1.217,"bolussnooze":0.9124,"activity":0.0372,"lastBolusTime":1703067675204,"time":"2023-12-20T11:12:04.732Z"}},{"iob":2.774,"basaliob":-0.593,"bolussnooze":0.7671,"activity":0.0395,"lastBolusTime":1703067675204,"time":"2023-12-20T11:17:04.732Z","iobWithZeroTemp":{"iob":2.151,"basaliob":-1.216,"bolussnooze":0.7671,"activity":0.035,"lastBolusTime":1703067675204,"time":"2023-12-20T11:17:04.732Z"}},{"iob":2.581,"basaliob":-0.548,"bolussnooze":0.6425,"activity":0.0377,"lastBolusTime":1703067675204,"time":"2023-12-20T11:22:04.732Z","iobWithZeroTemp":{"iob":1.915,"basaliob":-1.214,"bolussnooze":0.6425,"activity":0.0327,"lastBolusTime":1703067675204,"time":"2023-12-20T11:22:04.732Z"}},{"iob":2.397,"basaliob":-0.506,"bolussnooze":0.5361,"activity":0.0358,"lastBolusTime":1703067675204,"time":"2023-12-20T11:27:04.732Z","iobWithZeroTemp":{"iob":1.698,"basaliob":-1.205,"bolussnooze":0.5361,"activity":0.0303,"lastBolusTime":1703067675204,"time":"2023-12-20T11:27:04.732Z"}},{"iob":2.223,"basaliob":-0.466,"bolussnooze":0.4459,"activity":0.034,"lastBolusTime":1703067675204,"time":"2023-12-20T11:32:04.732Z","iobWithZeroTemp":{"iob":1.486,"basaliob":-1.203,"bolussnooze":0.4459,"activity":0.028,"lastBolusTime":1703067675204,"time":"2023-12-20T11:32:04.732Z"}},{"iob":2.058,"basaliob":-0.429,"bolussnooze":0.3696,"activity":0.0321,"lastBolusTime":1703067675204,"time":"2023-12-20T11:37:04.732Z","iobWithZeroTemp":{"iob":1.286,"basaliob":-1.201,"bolussnooze":0.3696,"activity":0.0256,"lastBolusTime":1703067675204,"time":"2023-12-20T11:37:04.732Z"}},{"iob":1.902,"basaliob":-0.395,"bolussnooze":0.3055,"activity":0.0301,"lastBolusTime":1703067675204,"time":"2023-12-20T11:42:04.732Z","iobWithZeroTemp":{"iob":1.097,"basaliob":-1.2,"bolussnooze":0.3055,"activity":0.0231,"lastBolusTime":1703067675204,"time":"2023-12-20T11:42:04.732Z"}},{"iob":1.756,"basaliob":-0.363,"bolussnooze":0.2517,"activity":0.0283,"lastBolusTime":1703067675204,"time":"2023-12-20T11:47:04.732Z","iobWithZeroTemp":{"iob":0.92,"basaliob":-1.199,"bolussnooze":0.2517,"activity":0.0208,"lastBolusTime":1703067675204,"time":"2023-12-20T11:47:04.732Z"}},{"iob":1.619,"basaliob":-0.333,"bolussnooze":0.2068,"activity":0.0265,"lastBolusTime":1703067675204,"time":"2023-12-20T11:52:04.732Z","iobWithZeroTemp":{"iob":0.755,"basaliob":-1.197,"bolussnooze":0.2068,"activity":0.0186,"lastBolusTime":1703067675204,"time":"2023-12-20T11:52:04.732Z"}},{"iob":1.492,"basaliob":-0.305,"bolussnooze":0.1694,"activity":0.0248,"lastBolusTime":1703067675204,"time":"2023-12-20T11:57:04.732Z","iobWithZeroTemp":{"iob":0.602,"basaliob":-1.195,"bolussnooze":0.1694,"activity":0.0165,"lastBolusTime":1703067675204,"time":"2023-12-20T11:57:04.732Z"}},{"iob":1.372,"basaliob":-0.279,"bolussnooze":0.1384,"activity":0.0231,"lastBolusTime":1703067675204,"time":"2023-12-20T12:02:04.732Z","iobWithZeroTemp":{"iob":0.458,"basaliob":-1.193,"bolussnooze":0.1384,"activity":0.0144,"lastBolusTime":1703067675204,"time":"2023-12-20T12:02:04.732Z"}},{"iob":1.26,"basaliob":-0.256,"bolussnooze":0.1128,"activity":0.0215,"lastBolusTime":1703067675204,"time":"2023-12-20T12:07:04.732Z","iobWithZeroTemp":{"iob":0.323,"basaliob":-1.193,"bolussnooze":0.1128,"activity":0.0124,"lastBolusTime":1703067675204,"time":"2023-12-20T12:07:04.732Z"}},{"iob":1.156,"basaliob":-0.234,"bolussnooze":0.0916,"activity":0.02,"lastBolusTime":1703067675204,"time":"2023-12-20T12:12:04.732Z","iobWithZeroTemp":{"iob":0.199,"basaliob":-1.191,"bolussnooze":0.0916,"activity":0.0106,"lastBolusTime":1703067675204,"time":"2023-12-20T12:12:04.732Z"}},{"iob":1.061,"basaliob":-0.213,"bolussnooze":0.0742,"activity":0.0185,"lastBolusTime":1703067675204,"time":"2023-12-20T12:17:04.732Z","iobWithZeroTemp":{"iob":0.085,"basaliob":-1.189,"bolussnooze":0.0742,"activity":0.0088,"lastBolusTime":1703067675204,"time":"2023-12-20T12:17:04.732Z"}},{"iob":0.971,"basaliob":-0.195,"bolussnooze":0.0599,"activity":0.0171,"lastBolusTime":1703067675204,"time":"2023-12-20T12:22:04.732Z","iobWithZeroTemp":{"iob":-0.023,"basaliob":-1.189,"bolussnooze":0.0599,"activity":0.0071,"lastBolusTime":1703067675204,"time":"2023-12-20T12:22:04.732Z"}},{"iob":0.889,"basaliob":-0.177,"bolussnooze":0.0483,"activity":0.0159,"lastBolusTime":1703067675204,"time":"2023-12-20T12:27:04.732Z","iobWithZeroTemp":{"iob":-0.121,"basaliob":-1.187,"bolussnooze":0.0483,"activity":0.0056,"lastBolusTime":1703067675204,"time":"2023-12-20T12:27:04.732Z"}},{"iob":0.812,"basaliob":-0.162,"bolussnooze":0.0387,"activity":0.0147,"lastBolusTime":1703067675204,"time":"2023-12-20T12:32:04.732Z","iobWithZeroTemp":{"iob":-0.212,"basaliob":-1.186,"bolussnooze":0.0387,"activity":0.0042,"lastBolusTime":1703067675204,"time":"2023-12-20T12:32:04.732Z"}},{"iob":0.743,"basaliob":-0.147,"bolussnooze":0.031,"activity":0.0135,"lastBolusTime":1703067675204,"time":"2023-12-20T12:37:04.732Z","iobWithZeroTemp":{"iob":-0.295,"basaliob":-1.185,"bolussnooze":0.031,"activity":0.0027,"lastBolusTime":1703067675204,"time":"2023-12-20T12:37:04.732Z"}},{"iob":0.677,"basaliob":-0.134,"bolussnooze":0.0247,"activity":0.0125,"lastBolusTime":1703067675204,"time":"2023-12-20T12:42:04.732Z","iobWithZeroTemp":{"iob":-0.373,"basaliob":-1.184,"bolussnooze":0.0247,"activity":0.0015,"lastBolusTime":1703067675204,"time":"2023-12-20T12:42:04.732Z"}},{"iob":0.618,"basaliob":-0.122,"bolussnooze":0.0196,"activity":0.0115,"lastBolusTime":1703067675204,"time":"2023-12-20T12:47:04.732Z","iobWithZeroTemp":{"iob":-0.443,"basaliob":-1.183,"bolussnooze":0.0196,"activity":3.0E-4,"lastBolusTime":1703067675204,"time":"2023-12-20T12:47:04.732Z"}},{"iob":0.563,"basaliob":-0.11,"bolussnooze":0.0155,"activity":0.0106,"lastBolusTime":1703067675204,"time":"2023-12-20T12:52:04.732Z","iobWithZeroTemp":{"iob":-0.509,"basaliob":-1.182,"bolussnooze":0.0155,"activity":-8.0E-4,"lastBolusTime":1703067675204,"time":"2023-12-20T12:52:04.732Z"}},{"iob":0.513,"basaliob":-0.1,"bolussnooze":0.0122,"activity":0.0096,"lastBolusTime":1703067675204,"time":"2023-12-20T12:57:04.732Z","iobWithZeroTemp":{"iob":-0.568,"basaliob":-1.181,"bolussnooze":0.0122,"activity":-0.0019,"lastBolusTime":1703067675204,"time":"2023-12-20T12:57:04.732Z"}},{"iob":0.466,"basaliob":-0.091,"bolussnooze":0.0096,"activity":0.0088,"lastBolusTime":1703067675204,"time":"2023-12-20T13:02:04.732Z","iobWithZeroTemp":{"iob":-0.624,"basaliob":-1.181,"bolussnooze":0.0096,"activity":-0.0029,"lastBolusTime":1703067675204,"time":"2023-12-20T13:02:04.732Z"}},{"iob":0.424,"basaliob":-0.082,"bolussnooze":0.0075,"activity":0.0081,"lastBolusTime":1703067675204,"time":"2023-12-20T13:07:04.732Z","iobWithZeroTemp":{"iob":-0.665,"basaliob":-1.171,"bolussnooze":0.0075,"activity":-0.0037,"lastBolusTime":1703067675204,"time":"2023-12-20T13:07:04.732Z"}},{"iob":0.386,"basaliob":-0.074,"bolussnooze":0.0058,"activity":0.0074,"lastBolusTime":1703067675204,"time":"2023-12-20T13:12:04.732Z","iobWithZeroTemp":{"iob":-0.702,"basaliob":-1.162,"bolussnooze":0.0058,"activity":-0.0045,"lastBolusTime":1703067675204,"time":"2023-12-20T13:12:04.732Z"}},{"iob":0.35,"basaliob":-0.067,"bolussnooze":0.0045,"activity":0.0068,"lastBolusTime":1703067675204,"time":"2023-12-20T13:17:04.732Z","iobWithZeroTemp":{"iob":-0.737,"basaliob":-1.154,"bolussnooze":0.0045,"activity":-0.0052,"lastBolusTime":1703067675204,"time":"2023-12-20T13:17:04.732Z"}},{"iob":0.317,"basaliob":-0.061,"bolussnooze":0.0034,"activity":0.0062,"lastBolusTime":1703067675204,"time":"2023-12-20T13:22:04.732Z","iobWithZeroTemp":{"iob":-0.768,"basaliob":-1.146,"bolussnooze":0.0034,"activity":-0.0059,"lastBolusTime":1703067675204,"time":"2023-12-20T13:22:04.732Z"}},{"iob":0.287,"basaliob":-0.055,"bolussnooze":0.0026,"activity":0.0057,"lastBolusTime":1703067675204,"time":"2023-12-20T13:27:04.732Z","iobWithZeroTemp":{"iob":-0.796,"basaliob":-1.138,"bolussnooze":0.0026,"activity":-0.0064,"lastBolusTime":1703067675204,"time":"2023-12-20T13:27:04.732Z"}},{"iob":0.26,"basaliob":-0.05,"bolussnooze":0.002,"activity":0.0052,"lastBolusTime":1703067675204,"time":"2023-12-20T13:32:04.732Z","iobWithZeroTemp":{"iob":-0.82,"basaliob":-1.13,"bolussnooze":0.002,"activity":-0.007,"lastBolusTime":1703067675204,"time":"2023-12-20T13:32:04.732Z"}},{"iob":0.235,"basaliob":-0.045,"bolussnooze":0.0015,"activity":0.0047,"lastBolusTime":1703067675204,"time":"2023-12-20T13:37:04.732Z","iobWithZeroTemp":{"iob":-0.843,"basaliob":-1.123,"bolussnooze":0.0015,"activity":-0.0075,"lastBolusTime":1703067675204,"time":"2023-12-20T13:37:04.732Z"}},{"iob":0.214,"basaliob":-0.04,"bolussnooze":0.0011,"activity":0.0043,"lastBolusTime":1703067675204,"time":"2023-12-20T13:42:04.732Z","iobWithZeroTemp":{"iob":-0.861,"basaliob":-1.115,"bolussnooze":0.0011,"activity":-0.0079,"lastBolusTime":1703067675204,"time":"2023-12-20T13:42:04.732Z"}},{"iob":0.193,"basaliob":-0.036,"bolussnooze":8.0E-4,"activity":0.0039,"lastBolusTime":1703067675204,"time":"2023-12-20T13:47:04.732Z","iobWithZeroTemp":{"iob":-0.88,"basaliob":-1.109,"bolussnooze":8.0E-4,"activity":-0.0083,"lastBolusTime":1703067675204,"time":"2023-12-20T13:47:04.732Z"}},{"iob":0.174,"basaliob":-0.033,"bolussnooze":6.0E-4,"activity":0.0035,"lastBolusTime":1703067675204,"time":"2023-12-20T13:52:04.732Z","iobWithZeroTemp":{"iob":-0.896,"basaliob":-1.103,"bolussnooze":6.0E-4,"activity":-0.0087,"lastBolusTime":1703067675204,"time":"2023-12-20T13:52:04.732Z"}},{"iob":0.157,"basaliob":-0.029,"bolussnooze":4.0E-4,"activity":0.0033,"lastBolusTime":1703067675204,"time":"2023-12-20T13:57:04.732Z","iobWithZeroTemp":{"iob":-0.911,"basaliob":-1.097,"bolussnooze":4.0E-4,"activity":-0.0089,"lastBolusTime":1703067675204,"time":"2023-12-20T13:57:04.732Z"}},{"iob":0.141,"basaliob":-0.027,"bolussnooze":3.0E-4,"activity":0.0029,"lastBolusTime":1703067675204,"time":"2023-12-20T14:02:04.732Z","iobWithZeroTemp":{"iob":-0.924,"basaliob":-1.092,"bolussnooze":3.0E-4,"activity":-0.0093,"lastBolusTime":1703067675204,"time":"2023-12-20T14:02:04.732Z"}},{"iob":0.127,"basaliob":-0.024,"bolussnooze":2.0E-4,"activity":0.0027,"lastBolusTime":1703067675204,"time":"2023-12-20T14:07:04.732Z","iobWithZeroTemp":{"iob":-0.936,"basaliob":-1.087,"bolussnooze":2.0E-4,"activity":-0.0095,"lastBolusTime":1703067675204,"time":"2023-12-20T14:07:04.732Z"}},{"iob":0.115,"basaliob":-0.021,"bolussnooze":1.0E-4,"activity":0.0024,"lastBolusTime":1703067675204,"time":"2023-12-20T14:12:04.732Z","iobWithZeroTemp":{"iob":-0.945,"basaliob":-1.081,"bolussnooze":1.0E-4,"activity":-0.0097,"lastBolusTime":1703067675204,"time":"2023-12-20T14:12:04.732Z"}},{"iob":0.104,"basaliob":-0.019,"bolussnooze":1.0E-4,"activity":0.0022,"lastBolusTime":1703067675204,"time":"2023-12-20T14:17:04.732Z","iobWithZeroTemp":{"iob":-0.954,"basaliob":-1.077,"bolussnooze":1.0E-4,"activity":-0.0099,"lastBolusTime":1703067675204,"time":"2023-12-20T14:17:04.732Z"}},{"iob":0.093,"basaliob":-0.017,"bolussnooze":0,"activity":0.002,"lastBolusTime":1703067675204,"time":"2023-12-20T14:22:04.732Z","iobWithZeroTemp":{"iob":-0.963,"basaliob":-1.073,"bolussnooze":0,"activity":-0.0101,"lastBolusTime":1703067675204,"time":"2023-12-20T14:22:04.732Z"}}],"profile":{"max_iob":20,"type":"current","max_daily_basal":1.6,"max_basal":3.6,"min_bg":81,"max_bg":81,"target_bg":81,"carb_ratio":6,"sens":81,"max_daily_safety_multiplier":3,"current_basal_safety_multiplier":4,"high_temptarget_raises_sensitivity":false,"low_temptarget_lowers_sensitivity":false,"sensitivity_raises_target":false,"resistance_lowers_target":false,"adv_target_adjustments":false,"exercise_mode":false,"half_basal_exercise_target":160,"maxCOB":120,"skip_neutral_temps":false,"remainingCarbsCap":90,"enableUAM":true,"A52_risk_enable":false,"SMBInterval":3,"enableSMB_with_COB":false,"enableSMB_with_temptarget":false,"allowSMB_with_high_temptarget":true,"enableSMB_always":true,"enableSMB_after_carbs":false,"maxSMBBasalMinutes":120,"maxUAMSMBBasalMinutes":120,"bolus_increment":0.05,"carbsReqThreshold":1,"current_basal":0.9,"temptargetSet":true,"autosens_max":1.8,"out_units":"mmol\/L"},"autosens_data":{"ratio":1},"meal_data":{"carbs":50,"mealCOB":18.08807407407409,"slopeFromMaxDeviation":-0.06833333333333394,"slopeFromMinDeviation":2.7329999999999997,"lastBolusTime":1703067675204,"lastCarbTime":1703065246000},"microBolusAllowed":true,"currentTime":1703068028518,"flatBGsDetected":false},"output":{"temp":"absolute","bg":103,"tick":-11,"eventualBG":39,"targetBG":81,"insulinReq":0,"deliverAt":"2023-12-20T10:27:08.518Z","sensitivityRatio":1,"predBGs":{"IOB":[103,92,79,64,49,39,39,39,39,39,39,39,39],"ZT":[103,87,70,52,39,39,39,39,39,39,39,39,39,39,39,39,39,39,39,39,39,39,39,39,39,39,39,39,39,39,39,39,39,39,39,39,39,39,39,39,39,39,39,39,39,39,39,39],"COB":[103,92,80,67,54,41,39,39,39,39,39,39,39],"UAM":[103,91,77,61,44,39,39,39,39,39,39,39,39]},"COB":18.08807407407409,"IOB":4.952,"reason":"COB: 18.1, Dev: 1.6, BGI: -0.9, ISF: 4.5, CR: 6, Target: 4.5, minPredBG -10.4, minGuardBG -12.0, IOBpredBG 2.2, COBpredBG 2.2, UAMpredBG 2.2; 19 add'l carbs req w\/in 20m; minGuardBG -12.0<3.4","carbsReq":19,"carbsReqWithin":20,"duration":120,"rate":0,"timestamp":"2023-12-20T10:27:08.640Z"}}