{"algorithm":"OpenAPSSMBPlugin","input":{"glucoseStatus":{"glucose":78,"noise":0,"delta":6,"short_avgdelta":4.78,"long_avgdelta":0.36,"date":1703063200754},"currenttemp":{"temp":"absolute","duration":27,"rate":0.05,"minutesrunning":3},"iob_data":[{"iob":0.042,"basaliob":-1.246,"bolussnooze":0,"activity":-6.0E-4,"lastBolusTime":1703063020858,"time":"2023-12-20T09:07:02.183Z","iobWithZeroTemp":{"iob":0.042,"basaliob":-1.246,"bolussnooze":0,"activity":-6.0E-4,"lastBolusTime":1703063020858,"time":"2023-12-20T09:07:02.183Z"}},{"iob":0.044,"basaliob":-1.177,"bolussnooze":0,"activity":-4.0E-4,"lastBolusTime":1703063020858,"time":"2023-12-20T09:12:02.183Z","iobWithZeroTemp":{"iob":-0.023,"basaliob":-1.244,"bolussnooze":0,"activity":-5.0E-4,"lastBolusTime":1703063020858,"time":"2023-12-20T09:12:02.183Z"}},{"iob":0.045,"basaliob":-1.109,"bolussnooze":0,"activity":-1.0E-4,"lastBolusTime":1703063020858,"time":"2023-12-20T09:17:02.183Z","iobWithZeroTemp":{"iob":-0.104,"basaliob":-1.258,"bolussnooze":0,"activity":-4.0E-4,"lastBolusTime":1703063020858,"time":"2023-12-20T09:17:02.183Z"}},{"iob":0.046,"basaliob":-1.041,"bolussnooze":0,"activity":0,"lastBolusTime":1703063020858,"time":"2023-12-20T09:22:02.183Z","iobWithZeroTemp":{"iob":-0.184,"basaliob":-1.271,"bolussnooze":0,"activity":-7.0E-4,"lastBolusTime":1703063020858,"time":"2023-12-20T09:22:02.183Z"}},{"iob":0.046,"basaliob":-0.975,"bolussnooze":0,"activity":0,"lastBolusTime":1703063020858,"time":"2023-12-20T09:27:02.183Z","iobWithZeroTemp":{"iob":-0.263,"basaliob":-1.284,"bolussnooze":0,"activity":-0.0011,"lastBolusTime":1703063020858,"time":"2023-12-20T09:27:02.183Z"}},{"iob":0.044,"basaliob":-0.912,"bolussnooze":0,"activity":2.0E-4,"lastBolusTime":1703063020858,"time":"2023-12-20T09:32:02.183Z","iobWithZeroTemp":{"iob":-0.341,"basaliob":-1.297,"bolussnooze":0,"activity":-0.0015,"lastBolusTime":1703063020858,"time":"2023-12-20T09:32:02.183Z"}},{"iob":0.044,"basaliob":-0.85,"bolussnooze":0,"activity":3.0E-4,"lastBolusTime":1703063020858,"time":"2023-12-20T09:37:02.183Z","iobWithZeroTemp":{"iob":-0.415,"basaliob":-1.309,"bolussnooze":0,"activity":-0.002,"lastBolusTime":1703063020858,"time":"2023-12-20T09:37:02.183Z"}},{"iob":0.043,"basaliob":-0.791,"bolussnooze":0,"activity":3.0E-4,"lastBolusTime":1703063020858,"time":"2023-12-20T09:42:02.183Z","iobWithZeroTemp":{"iob":-0.486,"basaliob":-1.32,"bolussnooze":0,"activity":-0.0027,"lastBolusTime":1703063020858,"time":"2023-12-20T09:42:02.183Z"}},{"iob":0.041,"basaliob":-0.735,"bolussnooze":0,"activity":4.0E-4,"lastBolusTime":1703063020858,"time":"2023-12-20T09:47:02.183Z","iobWithZeroTemp":{"iob":-0.555,"basaliob":-1.331,"bolussnooze":0,"activity":-0.0032,"lastBolusTime":1703063020858,"time":"2023-12-20T09:47:02.183Z"}},{"iob":0.039,"basaliob":-0.682,"bolussnooze":0,"activity":3.0E-4,"lastBolusTime":1703063020858,"time":"2023-12-20T09:52:02.183Z","iobWithZeroTemp":{"iob":-0.62,"basaliob":-1.341,"bolussnooze":0,"activity":-0.004,"lastBolusTime":1703063020858,"time":"2023-12-20T09:52:02.183Z"}},{"iob":0.038,"basaliob":-0.631,"bolussnooze":0,"activity":4.0E-4,"lastBolusTime":1703063020858,"time":"2023-12-20T09:57:02.183Z","iobWithZeroTemp":{"iob":-0.681,"basaliob":-1.35,"bolussnooze":0,"activity":-0.0046,"lastBolusTime":1703063020858,"time":"2023-12-20T09:57:02.183Z"}},{"iob":0.036,"basaliob":-0.584,"bolussnooze":0,"activity":4.0E-4,"lastBolusTime":1703063020858,"time":"2023-12-20T10:02:02.183Z","iobWithZeroTemp":{"iob":-0.74,"basaliob":-1.36,"bolussnooze":0,"activity":-0.0053,"lastBolusTime":1703063020858,"time":"2023-12-20T10:02:02.183Z"}},{"iob":0.034,"basaliob":-0.539,"bolussnooze":0,"activity":4.0E-4,"lastBolusTime":1703063020858,"time":"2023-12-20T10:07:02.183Z","iobWithZeroTemp":{"iob":-0.786,"basaliob":-1.359,"bolussnooze":0,"activity":-0.006,"lastBolusTime":1703063020858,"time":"2023-12-20T10:07:02.183Z"}},{"iob":0.032,"basaliob":-0.497,"bolussnooze":0,"activity":4.0E-4,"lastBolusTime":1703063020858,"time":"2023-12-20T10:12:02.183Z","iobWithZeroTemp":{"iob":-0.83,"basaliob":-1.359,"bolussnooze":0,"activity":-0.0066,"lastBolusTime":1703063020858,"time":"2023-12-20T10:12:02.183Z"}},{"iob":0.03,"basaliob":-0.458,"bolussnooze":0,"activity":4.0E-4,"lastBolusTime":1703063020858,"time":"2023-12-20T10:17:02.183Z","iobWithZeroTemp":{"iob":-0.871,"basaliob":-1.359,"bolussnooze":0,"activity":-0.0072,"lastBolusTime":1703063020858,"time":"2023-12-20T10:17:02.183Z"}},{"iob":0.028,"basaliob":-0.421,"bolussnooze":0,"activity":4.0E-4,"lastBolusTime":1703063020858,"time":"2023-12-20T10:22:02.183Z","iobWithZeroTemp":{"iob":-0.908,"basaliob":-1.357,"bolussnooze":0,"activity":-0.0078,"lastBolusTime":1703063020858,"time":"2023-12-20T10:22:02.183Z"}},{"iob":0.026,"basaliob":-0.387,"bolussnooze":0,"activity":4.0E-4,"lastBolusTime":1703063020858,"time":"2023-12-20T10:27:02.183Z","iobWithZeroTemp":{"iob":-0.943,"basaliob":-1.356,"bolussnooze":0,"activity":-0.0083,"lastBolusTime":1703063020858,"time":"2023-12-20T10:27:02.183Z"}},{"iob":0.025,"basaliob":-0.355,"bolussnooze":0,"activity":4.0E-4,"lastBolusTime":1703063020858,"time":"2023-12-20T10:32:02.183Z","iobWithZeroTemp":{"iob":-0.975,"basaliob":-1.355,"bolussnooze":0,"activity":-0.0088,"lastBolusTime":1703063020858,"time":"2023-12-20T10:32:02.183Z"}},{"iob":0.023,"basaliob":-0.326,"bolussnooze":0,"activity":3.0E-4,"lastBolusTime":1703063020858,"time":"2023-12-20T10:37:02.183Z","iobWithZeroTemp":{"iob":-1.005,"basaliob":-1.354,"bolussnooze":0,"activity":-0.0093,"lastBolusTime":1703063020858,"time":"2023-12-20T10:37:02.183Z"}},{"iob":0.022,"basaliob":-0.298,"bolussnooze":0,"activity":3.0E-4,"lastBolusTime":1703063020858,"time":"2023-12-20T10:42:02.183Z","iobWithZeroTemp":{"iob":-1.032,"basaliob":-1.352,"bolussnooze":0,"activity":-0.0098,"lastBolusTime":1703063020858,"time":"2023-12-20T10:42:02.183Z"}},{"iob":0.02,"basaliob":-0.273,"bolussnooze":0,"activity":3.0E-4,"lastBolusTime":1703063020858,"time":"2023-12-20T10:47:02.183Z","iobWithZeroTemp":{"iob":-1.051,"basaliob":-1.344,"bolussnooze":0,"activity":-0.0101,"lastBolusTime":1703063020858,"time":"2023-12-20T10:47:02.183Z"}},{"iob":0.018,"basaliob":-0.25,"bolussnooze":0,"activity":3.0E-4,"lastBolusTime":1703063020858,"time":"2023-12-20T10:52:02.183Z","iobWithZeroTemp":{"iob":-1.075,"basaliob":-1.343,"bolussnooze":0,"activity":-0.0105,"lastBolusTime":1703063020858,"time":"2023-12-20T10:52:02.183Z"}},{"iob":0.017,"basaliob":-0.228,"bolussnooze":0,"activity":3.0E-4,"lastBolusTime":1703063020858,"time":"2023-12-20T10:57:02.183Z","iobWithZeroTemp":{"iob":-1.097,"basaliob":-1.342,"bolussnooze":0,"activity":-0.0108,"lastBolusTime":1703063020858,"time":"2023-12-20T10:57:02.183Z"}},{"iob":0.016,"basaliob":-0.208,"bolussnooze":0,"activity":3.0E-4,"lastBolusTime":1703063020858,"time":"2023-12-20T11:02:02.183Z","iobWithZeroTemp":{"iob":-1.116,"basaliob":-1.34,"bolussnooze":0,"activity":-0.0112,"lastBolusTime":1703063020858,"time":"2023-12-20T11:02:02.183Z"}},{"iob":0.014,"basaliob":-0.19,"bolussnooze":0,"activity":3.0E-4,"lastBolusTime":1703063020858,"time":"2023-12-20T11:07:02.183Z","iobWithZeroTemp":{"iob":-1.127,"basaliob":-1.331,"bolussnooze":0,"activity":-0.0114,"lastBolusTime":1703063020858,"time":"2023-12-20T11:07:02.183Z"}},{"iob":0.013,"basaliob":-0.173,"bolussnooze":0,"activity":3.0E-4,"lastBolusTime":1703063020858,"time":"2023-12-20T11:12:02.183Z","iobWithZeroTemp":{"iob":-1.135,"basaliob":-1.321,"bolussnooze":0,"activity":-0.0117,"lastBolusTime":1703063020858,"time":"2023-12-20T11:12:02.183Z"}},{"iob":0.012,"basaliob":-0.157,"bolussnooze":0,"activity":2.0E-4,"lastBolusTime":1703063020858,"time":"2023-12-20T11:17:02.183Z","iobWithZeroTemp":{"iob":-1.143,"basaliob":-1.312,"bolussnooze":0,"activity":-0.012,"lastBolusTime":1703063020858,"time":"2023-12-20T11:17:02.183Z"}},{"iob":0.011,"basaliob":-0.143,"bolussnooze":0,"activity":2.0E-4,"lastBolusTime":1703063020858,"time":"2023-12-20T11:22:02.183Z","iobWithZeroTemp":{"iob":-1.149,"basaliob":-1.303,"bolussnooze":0,"activity":-0.0122,"lastBolusTime":1703063020858,"time":"2023-12-20T11:22:02.183Z"}},{"iob":0.01,"basaliob":-0.13,"bolussnooze":0,"activity":2.0E-4,"lastBolusTime":1703063020858,"time":"2023-12-20T11:27:02.183Z","iobWithZeroTemp":{"iob":-1.154,"basaliob":-1.294,"bolussnooze":0,"activity":-0.0124,"lastBolusTime":1703063020858,"time":"2023-12-20T11:27:02.183Z"}},{"iob":0.01,"basaliob":-0.118,"bolussnooze":0,"activity":1.0E-4,"lastBolusTime":1703063020858,"time":"2023-12-20T11:32:02.183Z","iobWithZeroTemp":{"iob":-1.158,"basaliob":-1.286,"bolussnooze":0,"activity":-0.0126,"lastBolusTime":1703063020858,"time":"2023-12-20T11:32:02.183Z"}},{"iob":0.009,"basaliob":-0.107,"bolussnooze":0,"activity":1.0E-4,"lastBolusTime":1703063020858,"time":"2023-12-20T11:37:02.183Z","iobWithZeroTemp":{"iob":-1.162,"basaliob":-1.278,"bolussnooze":0,"activity":-0.0127,"lastBolusTime":1703063020858,"time":"2023-12-20T11:37:02.183Z"}},{"iob":0.008,"basaliob":-0.097,"bolussnooze":0,"activity":1.0E-4,"lastBolusTime":1703063020858,"time":"2023-12-20T11:42:02.183Z","iobWithZeroTemp":{"iob":-1.165,"basaliob":-1.27,"bolussnooze":0,"activity":-0.0128,"lastBolusTime":1703063020858,"time":"2023-12-20T11:42:02.183Z"}},{"iob":0.007,"basaliob":-0.088,"bolussnooze":0,"activity":2.0E-4,"lastBolusTime":1703063020858,"time":"2023-12-20T11:47:02.183Z","iobWithZeroTemp":{"iob":-1.168,"basaliob":-1.263,"bolussnooze":0,"activity":-0.0128,"lastBolusTime":1703063020858,"time":"2023-12-20T11:47:02.183Z"}},{"iob":0.006,"basaliob":-0.08,"bolussnooze":0,"activity":1.0E-4,"lastBolusTime":1703063020858,"time":"2023-12-20T11:52:02.183Z","iobWithZeroTemp":{"iob":-1.171,"basaliob":-1.257,"bolussnooze":0,"activity":-0.013,"lastBolusTime":1703063020858,"time":"2023-12-20T11:52:02.183Z"}},{"iob":0.006,"basaliob":-0.072,"bolussnooze":0,"activity":2.0E-4,"lastBolusTime":1703063020858,"time":"2023-12-20T11:57:02.183Z","iobWithZeroTemp":{"iob":-1.172,"basaliob":-1.25,"bolussnooze":0,"activity":-0.0129,"lastBolusTime":1703063020858,"time":"2023-12-20T11:57:02.183Z"}},{"iob":0.006,"basaliob":-0.065,"bolussnooze":0,"activity":1.0E-4,"lastBolusTime":1703063020858,"time":"2023-12-20T12:02:02.183Z","iobWithZeroTemp":{"iob":-1.173,"basaliob":-1.244,"bolussnooze":0,"activity":-0.0131,"lastBolusTime":1703063020858,"time":"2023-12-20T12:02:02.183Z"}},{"iob":0.005,"basaliob":-0.059,"bolussnooze":0,"activity":1.0E-4,"lastBolusTime":1703063020858,"time":"2023-12-20T12:07:02.183Z","iobWithZeroTemp":{"iob":-1.175,"basaliob":-1.239,"bolussnooze":0,"activity":-0.0131,"lastBolusTime":1703063020858,"time":"2023-12-20T12:07:02.183Z"}},{"iob":0.005,"basaliob":-0.053,"bolussnooze":0,"activity":1.0E-4,"lastBolusTime":1703063020858,"time":"2023-12-20T12:12:02.183Z","iobWithZeroTemp":{"iob":-1.175,"basaliob":-1.233,"bolussnooze":0,"activity":-0.0132,"lastBolusTime":1703063020858,"time":"2023-12-20T12:12:02.183Z"}},{"iob":0.004,"basaliob":-0.048,"bolussnooze":0,"activity":1.0E-4,"lastBolusTime":1703063020858,"time":"2023-12-20T12:17:02.183Z","iobWithZeroTemp":{"iob":-1.176,"basaliob":-1.228,"bolussnooze":0,"activity":-0.0132,"lastBolusTime":1703063020858,"time":"2023-12-20T12:17:02.183Z"}},{"iob":0.004,"basaliob":-0.043,"bolussnooze":0,"activity":1.0E-4,"lastBolusTime":1703063020858,"time":"2023-12-20T12:22:02.183Z","iobWithZeroTemp":{"iob":-1.176,"basaliob":-1.223,"bolussnooze":0,"activity":-0.0132,"lastBolusTime":1703063020858,"time":"2023-12-20T12:22:02.183Z"}},{"iob":0.003,"basaliob":-0.039,"bolussnooze":0,"activity":1.0E-4,"lastBolusTime":1703063020858,"time":"2023-12-20T12:27:02.183Z","iobWithZeroTemp":{"iob":-1.178,"basaliob":-1.22,"bolussnooze":0,"activity":-0.0132,"lastBolusTime":1703063020858,"time":"2023-12-20T12:27:02.183Z"}},{"iob":0.003,"basaliob":-0.035,"bolussnooze":0,"activity":1.0E-4,"lastBolusTime":1703063020858,"time":"2023-12-20T12:32:02.183Z","iobWithZeroTemp":{"iob":-1.174,"basaliob":-1.212,"bolussnooze":0,"activity":-0.0132,"lastBolusTime":1703063020858,"time":"2023-12-20T12:32:02.183Z"}},{"iob":0.002,"basaliob":-0.032,"bolussnooze":0,"activity":0,"lastBolusTime":1703063020858,"time":"2023-12-20T12:37:02.183Z","iobWithZeroTemp":{"iob":-1.175,"basaliob":-1.209,"bolussnooze":0,"activity":-0.0133,"lastBolusTime":1703063020858,"time":"2023-12-20T12:37:02.183Z"}},{"iob":0.003,"basaliob":-0.028,"bolussnooze":0,"activity":1.0E-4,"lastBolusTime":1703063020858,"time":"2023-12-20T12:42:02.183Z","iobWithZeroTemp":{"iob":-1.174,"basaliob":-1.205,"bolussnooze":0,"activity":-0.0132,"lastBolusTime":1703063020858,"time":"2023-12-20T12:42:02.183Z"}},{"iob":0.002,"basaliob":-0.026,"bolussnooze":0,"activity":1.0E-4,"lastBolusTime":1703063020858,"time":"2023-12-20T12:47:02.183Z","iobWithZeroTemp":{"iob":-1.175,"basaliob":-1.203,"bolussnooze":0,"activity":-0.0133,"lastBolusTime":1703063020858,"time":"2023-12-20T12:47:02.183Z"}},{"iob":0.002,"basaliob":-0.023,"bolussnooze":0,"activity":0,"lastBolusTime":1703063020858,"time":"2023-12-20T12:52:02.183Z","iobWithZeroTemp":{"iob":-1.175,"basaliob":-1.2,"bolussnooze":0,"activity":-0.0134,"lastBolusTime":1703063020858,"time":"2023-12-20T12:52:02.183Z"}},{"iob":0.001,"basaliob":-0.021,"bolussnooze":0,"activity":1.0E-4,"lastBolusTime":1703063020858,"time":"2023-12-20T12:57:02.183Z","iobWithZeroTemp":{"iob":-1.176,"basaliob":-1.198,"bolussnooze":0,"activity":-0.0133,"lastBolusTime":1703063020858,"time":"2023-12-20T12:57:02.183Z"}},{"iob":0.002,"basaliob":-0.018,"bolussnooze":0,"activity":0,"lastBolusTime":1703063020858,"time":"2023-12-20T13:02:02.183Z","iobWithZeroTemp":{"iob":-1.175,"basaliob":-1.195,"bolussnooze":0,"activity":-0.0134,"lastBolusTime":1703063020858,"time":"2023-12-20T13:02:02.183Z"}}],"profile":{"max_iob":20,"type":"current","max_daily_basal":1.6,"max_basal":4,"min_bg":90,"max_bg":90,"target_bg":90,"carb_ratio":6,"sens":81,"max_daily_safety_multiplier":3,"current_basal_safety_multiplier":4,"high_temptarget_raises_sensitivity":false,"low_temptarget_lowers_sensitivity":false,"sensitivity_raises_target":false,"resistance_lowers_target":false,"adv_target_adjustments":false,"exercise_mode":false,"half_basal_exercise_target":160,"maxCOB":120,"skip_neutral_temps":false,"remainingCarbsCap":90,"enableUAM":true,"A52_risk_enable":false,"SMBInterval":3,"enableSMB_with_COB":false,"enableSMB_with_temptarget":false,"allowSMB_with_high_temptarget":true,"enableSMB_always":true,"enableSMB_after_carbs":false,"maxSMBBasalMinutes":120,"maxUAMSMBBasalMinutes":120,"bolus_increment":0.05,"carbsReqThreshold":1,"current_basal":1,"temptargetSet":false,"autosens_max":1.8,"out_units":"mmol\/L"},"autosens_data":{"ratio":1},"meal_data":{"carbs":30,"mealCOB":10.462962962962976,"slopeFromMaxDeviation":-0.31381818181818183,"slopeFromMinDeviation":1.435,"lastBolusTime":1703063020858,"lastCarbTime":1703061548000},"microBolusAllowed":true,"currentTime":1703063224000,"flatBGsDetected":false},"output":{"temp":"absolute","bg":78,"tick":"+6","eventualBG":214,"targetBG":90,"insulinReq":0.56,"deliverAt":"2023-12-20T09:07:04.000Z","sensitivityRatio":1,"predBGs":{"IOB":[78,82,86,90,93,95,97,99,101,102,102,102,102,102,102,102,102,101,101,101,101,101,101,101,101,100,100,100,100,100,100,100,100,100,100,100,100,100,100,100,100,100,100,100,99],"ZT":[78,78,78,79,79,79,80,81,82,83,85,87,89],"COB":[78,83,87,92,96,101,105,109,113,118,122,126,130,134,138,142,147,151,155,159,163,167,171,175,178,182,185,188,191,194,196,199,201,203,205,207,208,210,211,212,212,213,213,214],"UAM":[78,82,86,89,92,94,95,96,97,97,97,97,96,96,96,96,96,96,95,95,95,95,95,95,95,95,94]},"COB":10.462962962962976,"IOB":0.042,"reason":"COB: 10.5, Dev: 1.5, BGI: 0.0, ISF: 4.5, CR: 6, Target: 5.0, minPredBG 7.5, minGuardBG 4.6, IOBpredBG 5.5, COBpredBG 11.9, UAMpredBG 5.2; Eventual BG 11.9 >= 5.0,  insulinReq 0.56; setting 30m low temp of 0.07U\/h. Microbolusing 0.25U. ","units":0.25,"rate":0.07,"duration":30,"timestamp":"2023-12-20T09:07:04.067Z"}}