{"algorithm":"OpenAPSSMBPlugin","input":{"glucoseStatus":{"glucose":63,"noise":0,"delta":1,"short_avgdelta":0.5,"long_avgdelta":1.99,"date":1703146904655},"currenttemp":{"temp":"absolute","duration":15,"rate":0,"minutesrunning":15},"iob_data":[{"iob":-1.225,"basaliob":-1.518,"bolussnooze":0.002,"activity":-0.0124,"lastBolusTime":1703136515248,"time":"2023-12-21T08:22:35.585Z","iobWithZeroTemp":{"iob":-1.225,"basaliob":-1.518,"bolussnooze":0.002,"activity":-0.0124,"lastBolusTime":1703136515248,"time":"2023-12-21T08:22:35.585Z"}},{"iob":-1.163,"basaliob":-1.427,"bolussnooze":0.0015,"activity":-0.0126,"lastBolusTime":1703136515248,"time":"2023-12-21T08:27:35.585Z","iobWithZeroTemp":{"iob":-1.236,"basaliob":-1.5,"bolussnooze":0.0015,"activity":-0.0127,"lastBolusTime":1703136515248,"time":"2023-12-21T08:27:35.585Z"}},{"iob":-1.1,"basaliob":-1.338,"bolussnooze":0.0012,"activity":-0.0127,"lastBolusTime":1703136515248,"time":"2023-12-21T08:32:35.585Z","iobWithZeroTemp":{"iob":-1.264,"basaliob":-1.502,"bolussnooze":0.0012,"activity":-0.013,"lastBolusTime":1703136515248,"time":"2023-12-21T08:32:35.585Z"}},{"iob":-1.036,"basaliob":-1.251,"bolussnooze":9.0E-4,"activity":-0.0125,"lastBolusTime":1703136515248,"time":"2023-12-21T08:37:35.585Z","iobWithZeroTemp":{"iob":-1.289,"basaliob":-1.504,"bolussnooze":9.0E-4,"activity":-0.0132,"lastBolusTime":1703136515248,"time":"2023-12-21T08:37:35.585Z"}},{"iob":-0.975,"basaliob":-1.168,"bolussnooze":6.0E-4,"activity":-0.0123,"lastBolusTime":1703136515248,"time":"2023-12-21T08:42:35.585Z","iobWithZeroTemp":{"iob":-1.315,"basaliob":-1.508,"bolussnooze":6.0E-4,"activity":-0.0136,"lastBolusTime":1703136515248,"time":"2023-12-21T08:42:35.585Z"}},{"iob":-0.914,"basaliob":-1.088,"bolussnooze":5.0E-4,"activity":-0.012,"lastBolusTime":1703136515248,"time":"2023-12-21T08:47:35.585Z","iobWithZeroTemp":{"iob":-1.338,"basaliob":-1.512,"bolussnooze":5.0E-4,"activity":-0.0139,"lastBolusTime":1703136515248,"time":"2023-12-21T08:47:35.585Z"}},{"iob":-0.855,"basaliob":-1.011,"bolussnooze":3.0E-4,"activity":-0.0116,"lastBolusTime":1703136515248,"time":"2023-12-21T08:52:35.585Z","iobWithZeroTemp":{"iob":-1.359,"basaliob":-1.515,"bolussnooze":3.0E-4,"activity":-0.0141,"lastBolusTime":1703136515248,"time":"2023-12-21T08:52:35.585Z"}},{"iob":-0.797,"basaliob":-0.938,"bolussnooze":2.0E-4,"activity":-0.0112,"lastBolusTime":1703136515248,"time":"2023-12-21T08:57:35.585Z","iobWithZeroTemp":{"iob":-1.379,"basaliob":-1.52,"bolussnooze":2.0E-4,"activity":-0.0145,"lastBolusTime":1703136515248,"time":"2023-12-21T08:57:35.585Z"}},{"iob":-0.743,"basaliob":-0.869,"bolussnooze":2.0E-4,"activity":-0.0107,"lastBolusTime":1703136515248,"time":"2023-12-21T09:02:35.585Z","iobWithZeroTemp":{"iob":-1.39,"basaliob":-1.516,"bolussnooze":2.0E-4,"activity":-0.0147,"lastBolusTime":1703136515248,"time":"2023-12-21T09:02:35.585Z"}},{"iob":-0.691,"basaliob":-0.804,"bolussnooze":1.0E-4,"activity":-0.0101,"lastBolusTime":1703136515248,"time":"2023-12-21T09:07:35.585Z","iobWithZeroTemp":{"iob":-1.4,"basaliob":-1.513,"bolussnooze":1.0E-4,"activity":-0.0148,"lastBolusTime":1703136515248,"time":"2023-12-21T09:07:35.585Z"}},{"iob":-0.641,"basaliob":-0.743,"bolussnooze":1.0E-4,"activity":-0.0097,"lastBolusTime":1703136515248,"time":"2023-12-21T09:12:35.585Z","iobWithZeroTemp":{"iob":-1.408,"basaliob":-1.51,"bolussnooze":1.0E-4,"activity":-0.0152,"lastBolusTime":1703136515248,"time":"2023-12-21T09:12:35.585Z"}},{"iob":-0.594,"basaliob":-0.685,"bolussnooze":0,"activity":-0.0091,"lastBolusTime":1703136515248,"time":"2023-12-21T09:17:35.585Z","iobWithZeroTemp":{"iob":-1.415,"basaliob":-1.506,"bolussnooze":0,"activity":-0.0153,"lastBolusTime":1703136515248,"time":"2023-12-21T09:17:35.585Z"}},{"iob":-0.551,"basaliob":-0.632,"bolussnooze":0,"activity":-0.0086,"lastBolusTime":1703136515248,"time":"2023-12-21T09:22:35.585Z","iobWithZeroTemp":{"iob":-1.423,"basaliob":-1.504,"bolussnooze":0,"activity":-0.0155,"lastBolusTime":1703136515248,"time":"2023-12-21T09:22:35.585Z"}},{"iob":-0.508,"basaliob":-0.581,"bolussnooze":0,"activity":-0.0081,"lastBolusTime":1703136515248,"time":"2023-12-21T09:27:35.585Z","iobWithZeroTemp":{"iob":-1.428,"basaliob":-1.501,"bolussnooze":0,"activity":-0.0156,"lastBolusTime":1703136515248,"time":"2023-12-21T09:27:35.585Z"}},{"iob":-0.469,"basaliob":-0.534,"bolussnooze":0,"activity":-0.0076,"lastBolusTime":1703136515248,"time":"2023-12-21T09:32:35.585Z","iobWithZeroTemp":{"iob":-1.433,"basaliob":-1.498,"bolussnooze":0,"activity":-0.0157,"lastBolusTime":1703136515248,"time":"2023-12-21T09:32:35.585Z"}},{"iob":-0.432,"basaliob":-0.49,"bolussnooze":0,"activity":-0.0071,"lastBolusTime":1703136515248,"time":"2023-12-21T09:37:35.585Z","iobWithZeroTemp":{"iob":-1.437,"basaliob":-1.495,"bolussnooze":0,"activity":-0.0158,"lastBolusTime":1703136515248,"time":"2023-12-21T09:37:35.585Z"}},{"iob":-0.398,"basaliob":-0.45,"bolussnooze":0,"activity":-0.0066,"lastBolusTime":1703136515248,"time":"2023-12-21T09:42:35.585Z","iobWithZeroTemp":{"iob":-1.441,"basaliob":-1.493,"bolussnooze":0,"activity":-0.0159,"lastBolusTime":1703136515248,"time":"2023-12-21T09:42:35.585Z"}},{"iob":-0.366,"basaliob":-0.412,"bolussnooze":0,"activity":-0.0062,"lastBolusTime":1703136515248,"time":"2023-12-21T09:47:35.585Z","iobWithZeroTemp":{"iob":-1.445,"basaliob":-1.491,"bolussnooze":0,"activity":-0.0161,"lastBolusTime":1703136515248,"time":"2023-12-21T09:47:35.585Z"}},{"iob":-0.336,"basaliob":-0.377,"bolussnooze":0,"activity":-0.0057,"lastBolusTime":1703136515248,"time":"2023-12-21T09:52:35.585Z","iobWithZeroTemp":{"iob":-1.448,"basaliob":-1.489,"bolussnooze":0,"activity":-0.0161,"lastBolusTime":1703136515248,"time":"2023-12-21T09:52:35.585Z"}},{"iob":-0.308,"basaliob":-0.345,"bolussnooze":0,"activity":-0.0053,"lastBolusTime":1703136515248,"time":"2023-12-21T09:57:35.585Z","iobWithZeroTemp":{"iob":-1.45,"basaliob":-1.487,"bolussnooze":0,"activity":-0.0162,"lastBolusTime":1703136515248,"time":"2023-12-21T09:57:35.585Z"}},{"iob":-0.283,"basaliob":-0.315,"bolussnooze":0,"activity":-0.0049,"lastBolusTime":1703136515248,"time":"2023-12-21T10:02:35.585Z","iobWithZeroTemp":{"iob":-1.445,"basaliob":-1.477,"bolussnooze":0,"activity":-0.0162,"lastBolusTime":1703136515248,"time":"2023-12-21T10:02:35.585Z"}},{"iob":-0.259,"basaliob":-0.288,"bolussnooze":0,"activity":-0.0046,"lastBolusTime":1703136515248,"time":"2023-12-21T10:07:35.585Z","iobWithZeroTemp":{"iob":-1.438,"basaliob":-1.467,"bolussnooze":0,"activity":-0.0163,"lastBolusTime":1703136515248,"time":"2023-12-21T10:07:35.585Z"}},{"iob":-0.236,"basaliob":-0.262,"bolussnooze":0,"activity":-0.0043,"lastBolusTime":1703136515248,"time":"2023-12-21T10:12:35.585Z","iobWithZeroTemp":{"iob":-1.431,"basaliob":-1.457,"bolussnooze":0,"activity":-0.0163,"lastBolusTime":1703136515248,"time":"2023-12-21T10:12:35.585Z"}},{"iob":-0.216,"basaliob":-0.239,"bolussnooze":0,"activity":-0.0039,"lastBolusTime":1703136515248,"time":"2023-12-21T10:17:35.585Z","iobWithZeroTemp":{"iob":-1.425,"basaliob":-1.448,"bolussnooze":0,"activity":-0.0163,"lastBolusTime":1703136515248,"time":"2023-12-21T10:17:35.585Z"}},{"iob":-0.198,"basaliob":-0.218,"bolussnooze":0,"activity":-0.0036,"lastBolusTime":1703136515248,"time":"2023-12-21T10:22:35.585Z","iobWithZeroTemp":{"iob":-1.42,"basaliob":-1.44,"bolussnooze":0,"activity":-0.0163,"lastBolusTime":1703136515248,"time":"2023-12-21T10:22:35.585Z"}},{"iob":-0.18,"basaliob":-0.198,"bolussnooze":0,"activity":-0.0034,"lastBolusTime":1703136515248,"time":"2023-12-21T10:27:35.585Z","iobWithZeroTemp":{"iob":-1.413,"basaliob":-1.431,"bolussnooze":0,"activity":-0.0163,"lastBolusTime":1703136515248,"time":"2023-12-21T10:27:35.585Z"}},{"iob":-0.164,"basaliob":-0.18,"bolussnooze":0,"activity":-0.003,"lastBolusTime":1703136515248,"time":"2023-12-21T10:32:35.585Z","iobWithZeroTemp":{"iob":-1.407,"basaliob":-1.423,"bolussnooze":0,"activity":-0.0161,"lastBolusTime":1703136515248,"time":"2023-12-21T10:32:35.585Z"}},{"iob":-0.15,"basaliob":-0.164,"bolussnooze":0,"activity":-0.0029,"lastBolusTime":1703136515248,"time":"2023-12-21T10:37:35.585Z","iobWithZeroTemp":{"iob":-1.402,"basaliob":-1.416,"bolussnooze":0,"activity":-0.0162,"lastBolusTime":1703136515248,"time":"2023-12-21T10:37:35.585Z"}},{"iob":-0.137,"basaliob":-0.149,"bolussnooze":0,"activity":-0.0026,"lastBolusTime":1703136515248,"time":"2023-12-21T10:42:35.585Z","iobWithZeroTemp":{"iob":-1.396,"basaliob":-1.408,"bolussnooze":0,"activity":-0.0161,"lastBolusTime":1703136515248,"time":"2023-12-21T10:42:35.585Z"}},{"iob":-0.124,"basaliob":-0.135,"bolussnooze":0,"activity":-0.0023,"lastBolusTime":1703136515248,"time":"2023-12-21T10:47:35.585Z","iobWithZeroTemp":{"iob":-1.39,"basaliob":-1.401,"bolussnooze":0,"activity":-0.016,"lastBolusTime":1703136515248,"time":"2023-12-21T10:47:35.585Z"}},{"iob":-0.113,"basaliob":-0.122,"bolussnooze":0,"activity":-0.0022,"lastBolusTime":1703136515248,"time":"2023-12-21T10:52:35.585Z","iobWithZeroTemp":{"iob":-1.386,"basaliob":-1.395,"bolussnooze":0,"activity":-0.016,"lastBolusTime":1703136515248,"time":"2023-12-21T10:52:35.585Z"}},{"iob":-0.103,"basaliob":-0.111,"bolussnooze":0,"activity":-0.002,"lastBolusTime":1703136515248,"time":"2023-12-21T10:57:35.585Z","iobWithZeroTemp":{"iob":-1.381,"basaliob":-1.389,"bolussnooze":0,"activity":-0.016,"lastBolusTime":1703136515248,"time":"2023-12-21T10:57:35.585Z"}},{"iob":-0.093,"basaliob":-0.1,"bolussnooze":0,"activity":-0.0018,"lastBolusTime":1703136515248,"time":"2023-12-21T11:02:35.585Z","iobWithZeroTemp":{"iob":-1.368,"basaliob":-1.375,"bolussnooze":0,"activity":-0.0159,"lastBolusTime":1703136515248,"time":"2023-12-21T11:02:35.585Z"}},{"iob":-0.085,"basaliob":-0.091,"bolussnooze":0,"activity":-0.0016,"lastBolusTime":1703136515248,"time":"2023-12-21T11:07:35.585Z","iobWithZeroTemp":{"iob":-1.356,"basaliob":-1.362,"bolussnooze":0,"activity":-0.0158,"lastBolusTime":1703136515248,"time":"2023-12-21T11:07:35.585Z"}},{"iob":-0.077,"basaliob":-0.082,"bolussnooze":0,"activity":-0.0015,"lastBolusTime":1703136515248,"time":"2023-12-21T11:12:35.585Z","iobWithZeroTemp":{"iob":-1.344,"basaliob":-1.349,"bolussnooze":0,"activity":-0.0157,"lastBolusTime":1703136515248,"time":"2023-12-21T11:12:35.585Z"}},{"iob":-0.069,"basaliob":-0.074,"bolussnooze":0,"activity":-0.0014,"lastBolusTime":1703136515248,"time":"2023-12-21T11:17:35.585Z","iobWithZeroTemp":{"iob":-1.332,"basaliob":-1.337,"bolussnooze":0,"activity":-0.0156,"lastBolusTime":1703136515248,"time":"2023-12-21T11:17:35.585Z"}},{"iob":-0.063,"basaliob":-0.067,"bolussnooze":0,"activity":-0.0013,"lastBolusTime":1703136515248,"time":"2023-12-21T11:22:35.585Z","iobWithZeroTemp":{"iob":-1.321,"basaliob":-1.325,"bolussnooze":0,"activity":-0.0156,"lastBolusTime":1703136515248,"time":"2023-12-21T11:22:35.585Z"}},{"iob":-0.056,"basaliob":-0.06,"bolussnooze":0,"activity":-0.0011,"lastBolusTime":1703136515248,"time":"2023-12-21T11:27:35.585Z","iobWithZeroTemp":{"iob":-1.309,"basaliob":-1.313,"bolussnooze":0,"activity":-0.0154,"lastBolusTime":1703136515248,"time":"2023-12-21T11:27:35.585Z"}},{"iob":-0.051,"basaliob":-0.054,"bolussnooze":0,"activity":-0.001,"lastBolusTime":1703136515248,"time":"2023-12-21T11:32:35.585Z","iobWithZeroTemp":{"iob":-1.3,"basaliob":-1.303,"bolussnooze":0,"activity":-0.0153,"lastBolusTime":1703136515248,"time":"2023-12-21T11:32:35.585Z"}},{"iob":-0.046,"basaliob":-0.049,"bolussnooze":0,"activity":-9.0E-4,"lastBolusTime":1703136515248,"time":"2023-12-21T11:37:35.585Z","iobWithZeroTemp":{"iob":-1.29,"basaliob":-1.293,"bolussnooze":0,"activity":-0.0151,"lastBolusTime":1703136515248,"time":"2023-12-21T11:37:35.585Z"}},{"iob":-0.042,"basaliob":-0.044,"bolussnooze":0,"activity":-8.0E-4,"lastBolusTime":1703136515248,"time":"2023-12-21T11:42:35.585Z","iobWithZeroTemp":{"iob":-1.282,"basaliob":-1.284,"bolussnooze":0,"activity":-0.015,"lastBolusTime":1703136515248,"time":"2023-12-21T11:42:35.585Z"}},{"iob":-0.037,"basaliob":-0.039,"bolussnooze":0,"activity":-7.0E-4,"lastBolusTime":1703136515248,"time":"2023-12-21T11:47:35.585Z","iobWithZeroTemp":{"iob":-1.273,"basaliob":-1.275,"bolussnooze":0,"activity":-0.0149,"lastBolusTime":1703136515248,"time":"2023-12-21T11:47:35.585Z"}},{"iob":-0.033,"basaliob":-0.035,"bolussnooze":0,"activity":-7.0E-4,"lastBolusTime":1703136515248,"time":"2023-12-21T11:52:35.585Z","iobWithZeroTemp":{"iob":-1.264,"basaliob":-1.266,"bolussnooze":0,"activity":-0.0149,"lastBolusTime":1703136515248,"time":"2023-12-21T11:52:35.585Z"}},{"iob":-0.031,"basaliob":-0.032,"bolussnooze":0,"activity":-7.0E-4,"lastBolusTime":1703136515248,"time":"2023-12-21T11:57:35.585Z","iobWithZeroTemp":{"iob":-1.258,"basaliob":-1.259,"bolussnooze":0,"activity":-0.0148,"lastBolusTime":1703136515248,"time":"2023-12-21T11:57:35.585Z"}},{"iob":-0.028,"basaliob":-0.029,"bolussnooze":0,"activity":-6.0E-4,"lastBolusTime":1703136515248,"time":"2023-12-21T12:02:35.585Z","iobWithZeroTemp":{"iob":-1.252,"basaliob":-1.253,"bolussnooze":0,"activity":-0.0147,"lastBolusTime":1703136515248,"time":"2023-12-21T12:02:35.585Z"}},{"iob":-0.025,"basaliob":-0.026,"bolussnooze":0,"activity":-6.0E-4,"lastBolusTime":1703136515248,"time":"2023-12-21T12:07:35.585Z","iobWithZeroTemp":{"iob":-1.245,"basaliob":-1.246,"bolussnooze":0,"activity":-0.0147,"lastBolusTime":1703136515248,"time":"2023-12-21T12:07:35.585Z"}},{"iob":-0.022,"basaliob":-0.023,"bolussnooze":0,"activity":-5.0E-4,"lastBolusTime":1703136515248,"time":"2023-12-21T12:12:35.585Z","iobWithZeroTemp":{"iob":-1.238,"basaliob":-1.239,"bolussnooze":0,"activity":-0.0145,"lastBolusTime":1703136515248,"time":"2023-12-21T12:12:35.585Z"}},{"iob":-0.02,"basaliob":-0.021,"bolussnooze":0,"activity":-5.0E-4,"lastBolusTime":1703136515248,"time":"2023-12-21T12:17:35.585Z","iobWithZeroTemp":{"iob":-1.233,"basaliob":-1.234,"bolussnooze":0,"activity":-0.0145,"lastBolusTime":1703136515248,"time":"2023-12-21T12:17:35.585Z"}}],"profile":{"max_iob":20,"type":"current","max_daily_basal":1.6,"max_basal":4.4,"min_bg":111.6,"max_bg":111.6,"target_bg":111.6,"carb_ratio":5.5,"sens":72,"max_daily_safety_multiplier":3,"current_basal_safety_multiplier":4,"high_temptarget_raises_sensitivity":false,"low_temptarget_lowers_sensitivity":false,"sensitivity_raises_target":false,"resistance_lowers_target":false,"adv_target_adjustments":false,"exercise_mode":false,"half_basal_exercise_target":160,"maxCOB":120,"skip_neutral_temps":false,"remainingCarbsCap":90,"enableUAM":true,"A52_risk_enable":false,"SMBInterval":3,"enableSMB_with_COB":false,"enableSMB_with_temptarget":false,"allowSMB_with_high_temptarget":true,"enableSMB_always":true,"enableSMB_after_carbs":false,"maxSMBBasalMinutes":120,"maxUAMSMBBasalMinutes":120,"bolus_increment":0.05,"carbsReqThreshold":1,"current_basal":1.1,"temptargetSet":true,"autosens_max":1.8,"out_units":"mmol\/L"},"autosens_data":{"ratio":1},"meal_data":{"carbs":20,"mealCOB":0,"slopeFromMaxDeviation":-1.46825,"slopeFromMinDeviation":0.18712499999999999,"lastBolusTime":1703136515248,"lastCarbTime":1703127724000},"microBolusAllowed":true,"currentTime":1703146956731,"flatBGsDetected":false},"output":{"temp":"absolute","bg":63,"tick":"+1","eventualBG":136,"targetBG":111.6,"insulinReq":0,"deliverAt":"2023-12-21T08:22:36.731Z","sensitivityRatio":1,"predBGs":{"IOB":[63,64,65,67,68,70,73,75,78,81,84,87,90,93,96,99,102,104,106,108,110,112,114,115,117,118,119,120,121,122,123,124,124,125,126,126,127,127,128,128,128,129,129,129,129,130],"ZT":[63,67,72,77,81,86,91,96,102,107]},"COB":0,"IOB":-1.225,"reason":"COB: 0, Dev: -0.8, BGI: 0.2, ISF: 4.0, CR: 5.5, Target: 6.2, minPredBG 4.4, minGuardBG 3.6, IOBpredBG 7.2; minGuardBG 3.6<4.2","duration":30,"rate":0,"timestamp":"2023-12-21T08:22:36.886Z"}}