{"algorithm":"OpenAPSSMBPlugin","input":{"glucoseStatus":{"glucose":89,"noise":0,"delta":-2,"short_avgdelta":-2.44,"long_avgdelta":-0.75,"date":1703057202649},"currenttemp":{"temp":"absolute","duration":25,"rate":0,"minutesrunning":5},"iob_data":[{"iob":0.61,"basaliob":-1.21,"bolussnooze":0,"activity":0.0099,"lastBolusTime":1703056633512,"time":"2023-12-20T07:27:06.510Z","iobWithZeroTemp":{"iob":0.61,"basaliob":-1.21,"bolussnooze":0,"activity":0.0099,"lastBolusTime":1703056633512,"time":"2023-12-20T07:27:06.510Z"}},{"iob":0.562,"basaliob":-1.145,"bolussnooze":0,"activity":0.0092,"lastBolusTime":1703056633512,"time":"2023-12-20T07:32:06.510Z","iobWithZeroTemp":{"iob":0.482,"basaliob":-1.225,"bolussnooze":0,"activity":0.0091,"lastBolusTime":1703056633512,"time":"2023-12-20T07:32:06.510Z"}},{"iob":0.517,"basaliob":-1.08,"bolussnooze":0,"activity":0.0086,"lastBolusTime":1703056633512,"time":"2023-12-20T07:37:06.510Z","iobWithZeroTemp":{"iob":0.338,"basaliob":-1.259,"bolussnooze":0,"activity":0.0082,"lastBolusTime":1703056633512,"time":"2023-12-20T07:37:06.510Z"}},{"iob":0.476,"basaliob":-1.015,"bolussnooze":0,"activity":0.008,"lastBolusTime":1703056633512,"time":"2023-12-20T07:42:06.510Z","iobWithZeroTemp":{"iob":0.2,"basaliob":-1.291,"bolussnooze":0,"activity":0.0072,"lastBolusTime":1703056633512,"time":"2023-12-20T07:42:06.510Z"}},{"iob":0.437,"basaliob":-0.952,"bolussnooze":0,"activity":0.0074,"lastBolusTime":1703056633512,"time":"2023-12-20T07:47:06.510Z","iobWithZeroTemp":{"iob":0.066,"basaliob":-1.323,"bolussnooze":0,"activity":0.006,"lastBolusTime":1703056633512,"time":"2023-12-20T07:47:06.510Z"}},{"iob":0.401,"basaliob":-0.89,"bolussnooze":0,"activity":0.0069,"lastBolusTime":1703056633512,"time":"2023-12-20T07:52:06.510Z","iobWithZeroTemp":{"iob":-0.061,"basaliob":-1.352,"bolussnooze":0,"activity":0.0049,"lastBolusTime":1703056633512,"time":"2023-12-20T07:52:06.510Z"}},{"iob":0.367,"basaliob":-0.831,"bolussnooze":0,"activity":0.0065,"lastBolusTime":1703056633512,"time":"2023-12-20T07:57:06.510Z","iobWithZeroTemp":{"iob":-0.183,"basaliob":-1.381,"bolussnooze":0,"activity":0.0037,"lastBolusTime":1703056633512,"time":"2023-12-20T07:57:06.510Z"}},{"iob":0.337,"basaliob":-0.774,"bolussnooze":0,"activity":0.006,"lastBolusTime":1703056633512,"time":"2023-12-20T08:02:06.510Z","iobWithZeroTemp":{"iob":-0.298,"basaliob":-1.409,"bolussnooze":0,"activity":0.0024,"lastBolusTime":1703056633512,"time":"2023-12-20T08:02:06.510Z"}},{"iob":0.308,"basaliob":-0.72,"bolussnooze":0,"activity":0.0055,"lastBolusTime":1703056633512,"time":"2023-12-20T08:07:06.510Z","iobWithZeroTemp":{"iob":-0.399,"basaliob":-1.427,"bolussnooze":0,"activity":0.0011,"lastBolusTime":1703056633512,"time":"2023-12-20T08:07:06.510Z"}},{"iob":0.282,"basaliob":-0.668,"bolussnooze":0,"activity":0.005,"lastBolusTime":1703056633512,"time":"2023-12-20T08:12:06.510Z","iobWithZeroTemp":{"iob":-0.493,"basaliob":-1.443,"bolussnooze":0,"activity":-2.0E-4,"lastBolusTime":1703056633512,"time":"2023-12-20T08:12:06.510Z"}},{"iob":0.257,"basaliob":-0.619,"bolussnooze":0,"activity":0.0047,"lastBolusTime":1703056633512,"time":"2023-12-20T08:17:06.510Z","iobWithZeroTemp":{"iob":-0.582,"basaliob":-1.458,"bolussnooze":0,"activity":-0.0013,"lastBolusTime":1703056633512,"time":"2023-12-20T08:17:06.510Z"}},{"iob":0.234,"basaliob":-0.573,"bolussnooze":0,"activity":0.0043,"lastBolusTime":1703056633512,"time":"2023-12-20T08:22:06.510Z","iobWithZeroTemp":{"iob":-0.657,"basaliob":-1.464,"bolussnooze":0,"activity":-0.0024,"lastBolusTime":1703056633512,"time":"2023-12-20T08:22:06.510Z"}},{"iob":0.214,"basaliob":-0.529,"bolussnooze":0,"activity":0.0039,"lastBolusTime":1703056633512,"time":"2023-12-20T08:27:06.510Z","iobWithZeroTemp":{"iob":-0.734,"basaliob":-1.477,"bolussnooze":0,"activity":-0.0035,"lastBolusTime":1703056633512,"time":"2023-12-20T08:27:06.510Z"}},{"iob":0.195,"basaliob":-0.488,"bolussnooze":0,"activity":0.0037,"lastBolusTime":1703056633512,"time":"2023-12-20T08:32:06.510Z","iobWithZeroTemp":{"iob":-0.806,"basaliob":-1.489,"bolussnooze":0,"activity":-0.0044,"lastBolusTime":1703056633512,"time":"2023-12-20T08:32:06.510Z"}},{"iob":0.177,"basaliob":-0.45,"bolussnooze":0,"activity":0.0034,"lastBolusTime":1703056633512,"time":"2023-12-20T08:37:06.510Z","iobWithZeroTemp":{"iob":-0.873,"basaliob":-1.5,"bolussnooze":0,"activity":-0.0054,"lastBolusTime":1703056633512,"time":"2023-12-20T08:37:06.510Z"}},{"iob":0.162,"basaliob":-0.414,"bolussnooze":0,"activity":0.0031,"lastBolusTime":1703056633512,"time":"2023-12-20T08:42:06.510Z","iobWithZeroTemp":{"iob":-0.934,"basaliob":-1.51,"bolussnooze":0,"activity":-0.0064,"lastBolusTime":1703056633512,"time":"2023-12-20T08:42:06.510Z"}},{"iob":0.146,"basaliob":-0.381,"bolussnooze":0,"activity":0.0028,"lastBolusTime":1703056633512,"time":"2023-12-20T08:47:06.510Z","iobWithZeroTemp":{"iob":-0.992,"basaliob":-1.519,"bolussnooze":0,"activity":-0.0073,"lastBolusTime":1703056633512,"time":"2023-12-20T08:47:06.510Z"}},{"iob":0.133,"basaliob":-0.35,"bolussnooze":0,"activity":0.0026,"lastBolusTime":1703056633512,"time":"2023-12-20T08:52:06.510Z","iobWithZeroTemp":{"iob":-1.045,"basaliob":-1.528,"bolussnooze":0,"activity":-0.0081,"lastBolusTime":1703056633512,"time":"2023-12-20T08:52:06.510Z"}},{"iob":0.121,"basaliob":-0.321,"bolussnooze":0,"activity":0.0023,"lastBolusTime":1703056633512,"time":"2023-12-20T08:57:06.510Z","iobWithZeroTemp":{"iob":-1.094,"basaliob":-1.536,"bolussnooze":0,"activity":-0.009,"lastBolusTime":1703056633512,"time":"2023-12-20T08:57:06.510Z"}},{"iob":0.11,"basaliob":-0.294,"bolussnooze":0,"activity":0.0021,"lastBolusTime":1703056633512,"time":"2023-12-20T09:02:06.510Z","iobWithZeroTemp":{"iob":-1.138,"basaliob":-1.542,"bolussnooze":0,"activity":-0.0097,"lastBolusTime":1703056633512,"time":"2023-12-20T09:02:06.510Z"}},{"iob":0.099,"basaliob":-0.269,"bolussnooze":0,"activity":0.0019,"lastBolusTime":1703056633512,"time":"2023-12-20T09:07:06.510Z","iobWithZeroTemp":{"iob":-1.173,"basaliob":-1.541,"bolussnooze":0,"activity":-0.0104,"lastBolusTime":1703056633512,"time":"2023-12-20T09:07:06.510Z"}},{"iob":0.09,"basaliob":-0.246,"bolussnooze":0,"activity":0.0018,"lastBolusTime":1703056633512,"time":"2023-12-20T09:12:06.510Z","iobWithZeroTemp":{"iob":-1.202,"basaliob":-1.538,"bolussnooze":0,"activity":-0.011,"lastBolusTime":1703056633512,"time":"2023-12-20T09:12:06.510Z"}},{"iob":0.081,"basaliob":-0.225,"bolussnooze":0,"activity":0.0016,"lastBolusTime":1703056633512,"time":"2023-12-20T09:17:06.510Z","iobWithZeroTemp":{"iob":-1.23,"basaliob":-1.536,"bolussnooze":0,"activity":-0.0116,"lastBolusTime":1703056633512,"time":"2023-12-20T09:17:06.510Z"}},{"iob":0.074,"basaliob":-0.205,"bolussnooze":0,"activity":0.0014,"lastBolusTime":1703056633512,"time":"2023-12-20T09:22:06.510Z","iobWithZeroTemp":{"iob":-1.254,"basaliob":-1.533,"bolussnooze":0,"activity":-0.0121,"lastBolusTime":1703056633512,"time":"2023-12-20T09:22:06.510Z"}},{"iob":0.067,"basaliob":-0.187,"bolussnooze":0,"activity":0.0013,"lastBolusTime":1703056633512,"time":"2023-12-20T09:27:06.510Z","iobWithZeroTemp":{"iob":-1.276,"basaliob":-1.53,"bolussnooze":0,"activity":-0.0126,"lastBolusTime":1703056633512,"time":"2023-12-20T09:27:06.510Z"}},{"iob":0.06,"basaliob":-0.171,"bolussnooze":0,"activity":0.0012,"lastBolusTime":1703056633512,"time":"2023-12-20T09:32:06.510Z","iobWithZeroTemp":{"iob":-1.296,"basaliob":-1.527,"bolussnooze":0,"activity":-0.0129,"lastBolusTime":1703056633512,"time":"2023-12-20T09:32:06.510Z"}},{"iob":0.055,"basaliob":-0.155,"bolussnooze":0,"activity":0.0011,"lastBolusTime":1703056633512,"time":"2023-12-20T09:37:06.510Z","iobWithZeroTemp":{"iob":-1.313,"basaliob":-1.523,"bolussnooze":0,"activity":-0.0133,"lastBolusTime":1703056633512,"time":"2023-12-20T09:37:06.510Z"}},{"iob":0.05,"basaliob":-0.141,"bolussnooze":0,"activity":0.001,"lastBolusTime":1703056633512,"time":"2023-12-20T09:42:06.510Z","iobWithZeroTemp":{"iob":-1.329,"basaliob":-1.52,"bolussnooze":0,"activity":-0.0136,"lastBolusTime":1703056633512,"time":"2023-12-20T09:42:06.510Z"}},{"iob":0.045,"basaliob":-0.128,"bolussnooze":0,"activity":9.0E-4,"lastBolusTime":1703056633512,"time":"2023-12-20T09:47:06.510Z","iobWithZeroTemp":{"iob":-1.343,"basaliob":-1.516,"bolussnooze":0,"activity":-0.014,"lastBolusTime":1703056633512,"time":"2023-12-20T09:47:06.510Z"}},{"iob":0.04,"basaliob":-0.117,"bolussnooze":0,"activity":9.0E-4,"lastBolusTime":1703056633512,"time":"2023-12-20T09:52:06.510Z","iobWithZeroTemp":{"iob":-1.357,"basaliob":-1.514,"bolussnooze":0,"activity":-0.0142,"lastBolusTime":1703056633512,"time":"2023-12-20T09:52:06.510Z"}},{"iob":0.036,"basaliob":-0.106,"bolussnooze":0,"activity":7.0E-4,"lastBolusTime":1703056633512,"time":"2023-12-20T09:57:06.510Z","iobWithZeroTemp":{"iob":-1.364,"basaliob":-1.506,"bolussnooze":0,"activity":-0.0145,"lastBolusTime":1703056633512,"time":"2023-12-20T09:57:06.510Z"}},{"iob":0.033,"basaliob":-0.096,"bolussnooze":0,"activity":7.0E-4,"lastBolusTime":1703056633512,"time":"2023-12-20T10:02:06.510Z","iobWithZeroTemp":{"iob":-1.374,"basaliob":-1.503,"bolussnooze":0,"activity":-0.0146,"lastBolusTime":1703056633512,"time":"2023-12-20T10:02:06.510Z"}},{"iob":0.029,"basaliob":-0.087,"bolussnooze":0,"activity":6.0E-4,"lastBolusTime":1703056633512,"time":"2023-12-20T10:07:06.510Z","iobWithZeroTemp":{"iob":-1.376,"basaliob":-1.492,"bolussnooze":0,"activity":-0.0148,"lastBolusTime":1703056633512,"time":"2023-12-20T10:07:06.510Z"}},{"iob":0.026,"basaliob":-0.079,"bolussnooze":0,"activity":5.0E-4,"lastBolusTime":1703056633512,"time":"2023-12-20T10:12:06.510Z","iobWithZeroTemp":{"iob":-1.377,"basaliob":-1.482,"bolussnooze":0,"activity":-0.015,"lastBolusTime":1703056633512,"time":"2023-12-20T10:12:06.510Z"}},{"iob":0.024,"basaliob":-0.071,"bolussnooze":0,"activity":5.0E-4,"lastBolusTime":1703056633512,"time":"2023-12-20T10:17:06.510Z","iobWithZeroTemp":{"iob":-1.376,"basaliob":-1.471,"bolussnooze":0,"activity":-0.0151,"lastBolusTime":1703056633512,"time":"2023-12-20T10:17:06.510Z"}},{"iob":0.021,"basaliob":-0.065,"bolussnooze":0,"activity":5.0E-4,"lastBolusTime":1703056633512,"time":"2023-12-20T10:22:06.510Z","iobWithZeroTemp":{"iob":-1.376,"basaliob":-1.462,"bolussnooze":0,"activity":-0.0152,"lastBolusTime":1703056633512,"time":"2023-12-20T10:22:06.510Z"}},{"iob":0.019,"basaliob":-0.058,"bolussnooze":0,"activity":4.0E-4,"lastBolusTime":1703056633512,"time":"2023-12-20T10:27:06.510Z","iobWithZeroTemp":{"iob":-1.374,"basaliob":-1.451,"bolussnooze":0,"activity":-0.0153,"lastBolusTime":1703056633512,"time":"2023-12-20T10:27:06.510Z"}},{"iob":0.017,"basaliob":-0.053,"bolussnooze":0,"activity":4.0E-4,"lastBolusTime":1703056633512,"time":"2023-12-20T10:32:06.510Z","iobWithZeroTemp":{"iob":-1.373,"basaliob":-1.443,"bolussnooze":0,"activity":-0.0153,"lastBolusTime":1703056633512,"time":"2023-12-20T10:32:06.510Z"}},{"iob":0.015,"basaliob":-0.048,"bolussnooze":0,"activity":3.0E-4,"lastBolusTime":1703056633512,"time":"2023-12-20T10:37:06.510Z","iobWithZeroTemp":{"iob":-1.371,"basaliob":-1.434,"bolussnooze":0,"activity":-0.0154,"lastBolusTime":1703056633512,"time":"2023-12-20T10:37:06.510Z"}},{"iob":0.014,"basaliob":-0.043,"bolussnooze":0,"activity":3.0E-4,"lastBolusTime":1703056633512,"time":"2023-12-20T10:42:06.510Z","iobWithZeroTemp":{"iob":-1.368,"basaliob":-1.425,"bolussnooze":0,"activity":-0.0154,"lastBolusTime":1703056633512,"time":"2023-12-20T10:42:06.510Z"}},{"iob":0.012,"basaliob":-0.039,"bolussnooze":0,"activity":3.0E-4,"lastBolusTime":1703056633512,"time":"2023-12-20T10:47:06.510Z","iobWithZeroTemp":{"iob":-1.367,"basaliob":-1.418,"bolussnooze":0,"activity":-0.0154,"lastBolusTime":1703056633512,"time":"2023-12-20T10:47:06.510Z"}},{"iob":0.011,"basaliob":-0.035,"bolussnooze":0,"activity":3.0E-4,"lastBolusTime":1703056633512,"time":"2023-12-20T10:52:06.510Z","iobWithZeroTemp":{"iob":-1.364,"basaliob":-1.41,"bolussnooze":0,"activity":-0.0154,"lastBolusTime":1703056633512,"time":"2023-12-20T10:52:06.510Z"}},{"iob":0.01,"basaliob":-0.031,"bolussnooze":0,"activity":2.0E-4,"lastBolusTime":1703056633512,"time":"2023-12-20T10:57:06.510Z","iobWithZeroTemp":{"iob":-1.362,"basaliob":-1.403,"bolussnooze":0,"activity":-0.0155,"lastBolusTime":1703056633512,"time":"2023-12-20T10:57:06.510Z"}},{"iob":0.009,"basaliob":-0.028,"bolussnooze":0,"activity":2.0E-4,"lastBolusTime":1703056633512,"time":"2023-12-20T11:02:06.510Z","iobWithZeroTemp":{"iob":-1.359,"basaliob":-1.396,"bolussnooze":0,"activity":-0.0155,"lastBolusTime":1703056633512,"time":"2023-12-20T11:02:06.510Z"}},{"iob":0.008,"basaliob":-0.025,"bolussnooze":0,"activity":2.0E-4,"lastBolusTime":1703056633512,"time":"2023-12-20T11:07:06.510Z","iobWithZeroTemp":{"iob":-1.349,"basaliob":-1.382,"bolussnooze":0,"activity":-0.0154,"lastBolusTime":1703056633512,"time":"2023-12-20T11:07:06.510Z"}},{"iob":0.007,"basaliob":-0.023,"bolussnooze":0,"activity":2.0E-4,"lastBolusTime":1703056633512,"time":"2023-12-20T11:12:06.510Z","iobWithZeroTemp":{"iob":-1.338,"basaliob":-1.368,"bolussnooze":0,"activity":-0.0154,"lastBolusTime":1703056633512,"time":"2023-12-20T11:12:06.510Z"}},{"iob":0.007,"basaliob":-0.02,"bolussnooze":0,"activity":2.0E-4,"lastBolusTime":1703056633512,"time":"2023-12-20T11:17:06.510Z","iobWithZeroTemp":{"iob":-1.327,"basaliob":-1.354,"bolussnooze":0,"activity":-0.0153,"lastBolusTime":1703056633512,"time":"2023-12-20T11:17:06.510Z"}},{"iob":0.006,"basaliob":-0.018,"bolussnooze":0,"activity":1.0E-4,"lastBolusTime":1703056633512,"time":"2023-12-20T11:22:06.510Z","iobWithZeroTemp":{"iob":-1.318,"basaliob":-1.342,"bolussnooze":0,"activity":-0.0153,"lastBolusTime":1703056633512,"time":"2023-12-20T11:22:06.510Z"}}],"profile":{"max_iob":20,"type":"current","max_daily_basal":1.6,"max_basal":4.8,"min_bg":81,"max_bg":81,"target_bg":81,"carb_ratio":5.5,"sens":72,"max_daily_safety_multiplier":3,"current_basal_safety_multiplier":4,"high_temptarget_raises_sensitivity":false,"low_temptarget_lowers_sensitivity":false,"sensitivity_raises_target":false,"resistance_lowers_target":false,"adv_target_adjustments":false,"exercise_mode":false,"half_basal_exercise_target":160,"maxCOB":120,"skip_neutral_temps":false,"remainingCarbsCap":90,"enableUAM":true,"A52_risk_enable":false,"SMBInterval":3,"enableSMB_with_COB":false,"enableSMB_with_temptarget":false,"allowSMB_with_high_temptarget":true,"enableSMB_always":true,"enableSMB_after_carbs":false,"maxSMBBasalMinutes":120,"maxUAMSMBBasalMinutes":120,"bolus_increment":0.05,"carbsReqThreshold":1,"current_basal":1.2,"temptargetSet":true,"autosens_max":1.8,"out_units":"mmol\/L"},"autosens_data":{"ratio":1},"meal_data":{"carbs":50,"mealCOB":12.05555555555556,"slopeFromMaxDeviation":-0.7973333333333333,"slopeFromMinDeviation":0,"lastBolusTime":1703056633512,"lastCarbTime":1703053023000},"microBolusAllowed":true,"currentTime":1703057230654,"flatBGsDetected":false},"output":{"temp":"absolute","bg":89,"tick":-2,"eventualBG":192,"targetBG":81,"insulinReq":0,"deliverAt":"2023-12-20T07:27:10.654Z","sensitivityRatio":1,"predBGs":{"IOB":[89,86,84,82,80,78,76,74,72,70,69,67,66,64,63,62,60,59,59,58,57,56,56,55,55,54,54,53,53,53,52,52,52,52,51,51,51,51,51,51,50],"ZT":[89,85,82,79,77,74,73,71,71,70,70,71,72,73,74,76,79,81],"COB":[89,87,85,83,82,81,80,80,80,80,81,82,83,84,86,88,90,92,95,98,101,104,107,111,115,119,123,127,132,136,141,145,149,153,157,161,164,167,171,174,177,179,182,184,187,189,191,192],"UAM":[89,86,82,79,76,74,71,69,67,65,63,61,60,58,57,56,55,54,53,52,51,51,50,49,49,48,48,47,47,47,46,46,46,46,46,45,45,45,45,45,45,45,44]},"COB":12.05555555555556,"IOB":0.61,"reason":"COB: 12.1, Dev: 0.4, BGI: -0.2, ISF: 4.0, CR: 5.5, Target: 4.5, minPredBG 4.4, minGuardBG 2.9, IOBpredBG 2.8, COBpredBG 10.7, UAMpredBG 2.4; minGuardBG 2.9<3.4 25m left and 0 ~ req 0U\/hr: no temp required","timestamp":"2023-12-20T07:27:10.820Z"}}