{"algorithm":"OpenAPSSMBPlugin","input":{"glucoseStatus":{"glucose":94,"noise":0,"delta":-1,"short_avgdelta":-0.72,"long_avgdelta":-0.34,"date":1703038901894},"currenttemp":{"temp":"absolute","duration":25,"rate":1.1,"minutesrunning":5},"iob_data":[{"iob":0.859,"basaliob":-0.889,"bolussnooze":0,"activity":0.007,"lastBolusTime":1703038629946,"time":"2023-12-20T02:22:02.103Z","iobWithZeroTemp":{"iob":0.859,"basaliob":-0.889,"bolussnooze":0,"activity":0.007,"lastBolusTime":1703038629946,"time":"2023-12-20T02:22:02.103Z"}},{"iob":0.823,"basaliob":-0.835,"bolussnooze":0,"activity":0.0075,"lastBolusTime":1703038629946,"time":"2023-12-20T02:27:02.103Z","iobWithZeroTemp":{"iob":0.736,"basaliob":-0.922,"bolussnooze":0,"activity":0.0074,"lastBolusTime":1703038629946,"time":"2023-12-20T02:27:02.103Z"}},{"iob":0.784,"basaliob":-0.783,"bolussnooze":0,"activity":0.0079,"lastBolusTime":1703038629946,"time":"2023-12-20T02:32:02.103Z","iobWithZeroTemp":{"iob":0.59,"basaliob":-0.977,"bolussnooze":0,"activity":0.0075,"lastBolusTime":1703038629946,"time":"2023-12-20T02:32:02.103Z"}},{"iob":0.745,"basaliob":-0.732,"bolussnooze":0,"activity":0.008,"lastBolusTime":1703038629946,"time":"2023-12-20T02:37:02.103Z","iobWithZeroTemp":{"iob":0.446,"basaliob":-1.031,"bolussnooze":0,"activity":0.0071,"lastBolusTime":1703038629946,"time":"2023-12-20T02:37:02.103Z"}},{"iob":0.705,"basaliob":-0.683,"bolussnooze":0,"activity":0.008,"lastBolusTime":1703038629946,"time":"2023-12-20T02:42:02.103Z","iobWithZeroTemp":{"iob":0.303,"basaliob":-1.085,"bolussnooze":0,"activity":0.0065,"lastBolusTime":1703038629946,"time":"2023-12-20T02:42:02.103Z"}},{"iob":0.664,"basaliob":-0.636,"bolussnooze":0,"activity":0.008,"lastBolusTime":1703038629946,"time":"2023-12-20T02:47:02.103Z","iobWithZeroTemp":{"iob":0.163,"basaliob":-1.137,"bolussnooze":0,"activity":0.0058,"lastBolusTime":1703038629946,"time":"2023-12-20T02:47:02.103Z"}},{"iob":0.625,"basaliob":-0.591,"bolussnooze":0,"activity":0.0078,"lastBolusTime":1703038629946,"time":"2023-12-20T02:52:02.103Z","iobWithZeroTemp":{"iob":0.029,"basaliob":-1.187,"bolussnooze":0,"activity":0.0048,"lastBolusTime":1703038629946,"time":"2023-12-20T02:52:02.103Z"}},{"iob":0.586,"basaliob":-0.549,"bolussnooze":0,"activity":0.0077,"lastBolusTime":1703038629946,"time":"2023-12-20T02:57:02.103Z","iobWithZeroTemp":{"iob":-0.101,"basaliob":-1.236,"bolussnooze":0,"activity":0.0038,"lastBolusTime":1703038629946,"time":"2023-12-20T02:57:02.103Z"}},{"iob":0.548,"basaliob":-0.508,"bolussnooze":0,"activity":0.0074,"lastBolusTime":1703038629946,"time":"2023-12-20T03:02:02.103Z","iobWithZeroTemp":{"iob":-0.226,"basaliob":-1.282,"bolussnooze":0,"activity":0.0027,"lastBolusTime":1703038629946,"time":"2023-12-20T03:02:02.103Z"}},{"iob":0.512,"basaliob":-0.47,"bolussnooze":0,"activity":0.0071,"lastBolusTime":1703038629946,"time":"2023-12-20T03:07:02.103Z","iobWithZeroTemp":{"iob":-0.345,"basaliob":-1.327,"bolussnooze":0,"activity":0.0015,"lastBolusTime":1703038629946,"time":"2023-12-20T03:07:02.103Z"}},{"iob":0.477,"basaliob":-0.434,"bolussnooze":0,"activity":0.0068,"lastBolusTime":1703038629946,"time":"2023-12-20T03:12:02.103Z","iobWithZeroTemp":{"iob":-0.458,"basaliob":-1.369,"bolussnooze":0,"activity":3.0E-4,"lastBolusTime":1703038629946,"time":"2023-12-20T03:12:02.103Z"}},{"iob":0.443,"basaliob":-0.401,"bolussnooze":0,"activity":0.0065,"lastBolusTime":1703038629946,"time":"2023-12-20T03:17:02.103Z","iobWithZeroTemp":{"iob":-0.565,"basaliob":-1.409,"bolussnooze":0,"activity":-9.0E-4,"lastBolusTime":1703038629946,"time":"2023-12-20T03:17:02.103Z"}},{"iob":0.412,"basaliob":-0.369,"bolussnooze":0,"activity":0.0062,"lastBolusTime":1703038629946,"time":"2023-12-20T03:22:02.103Z","iobWithZeroTemp":{"iob":-0.665,"basaliob":-1.446,"bolussnooze":0,"activity":-0.0021,"lastBolusTime":1703038629946,"time":"2023-12-20T03:22:02.103Z"}},{"iob":0.381,"basaliob":-0.34,"bolussnooze":0,"activity":0.0059,"lastBolusTime":1703038629946,"time":"2023-12-20T03:27:02.103Z","iobWithZeroTemp":{"iob":-0.761,"basaliob":-1.482,"bolussnooze":0,"activity":-0.0033,"lastBolusTime":1703038629946,"time":"2023-12-20T03:27:02.103Z"}},{"iob":0.353,"basaliob":-0.312,"bolussnooze":0,"activity":0.0055,"lastBolusTime":1703038629946,"time":"2023-12-20T03:32:02.103Z","iobWithZeroTemp":{"iob":-0.849,"basaliob":-1.514,"bolussnooze":0,"activity":-0.0045,"lastBolusTime":1703038629946,"time":"2023-12-20T03:32:02.103Z"}},{"iob":0.326,"basaliob":-0.287,"bolussnooze":0,"activity":0.0052,"lastBolusTime":1703038629946,"time":"2023-12-20T03:37:02.103Z","iobWithZeroTemp":{"iob":-0.933,"basaliob":-1.546,"bolussnooze":0,"activity":-0.0056,"lastBolusTime":1703038629946,"time":"2023-12-20T03:37:02.103Z"}},{"iob":0.301,"basaliob":-0.263,"bolussnooze":0,"activity":0.0049,"lastBolusTime":1703038629946,"time":"2023-12-20T03:42:02.103Z","iobWithZeroTemp":{"iob":-1.011,"basaliob":-1.575,"bolussnooze":0,"activity":-0.0066,"lastBolusTime":1703038629946,"time":"2023-12-20T03:42:02.103Z"}},{"iob":0.277,"basaliob":-0.241,"bolussnooze":0,"activity":0.0046,"lastBolusTime":1703038629946,"time":"2023-12-20T03:47:02.103Z","iobWithZeroTemp":{"iob":-1.084,"basaliob":-1.602,"bolussnooze":0,"activity":-0.0077,"lastBolusTime":1703038629946,"time":"2023-12-20T03:47:02.103Z"}},{"iob":0.256,"basaliob":-0.22,"bolussnooze":0,"activity":0.0043,"lastBolusTime":1703038629946,"time":"2023-12-20T03:52:02.103Z","iobWithZeroTemp":{"iob":-1.15,"basaliob":-1.626,"bolussnooze":0,"activity":-0.0086,"lastBolusTime":1703038629946,"time":"2023-12-20T03:52:02.103Z"}},{"iob":0.235,"basaliob":-0.201,"bolussnooze":0,"activity":0.004,"lastBolusTime":1703038629946,"time":"2023-12-20T03:57:02.103Z","iobWithZeroTemp":{"iob":-1.213,"basaliob":-1.649,"bolussnooze":0,"activity":-0.0096,"lastBolusTime":1703038629946,"time":"2023-12-20T03:57:02.103Z"}},{"iob":0.216,"basaliob":-0.184,"bolussnooze":0,"activity":0.0037,"lastBolusTime":1703038629946,"time":"2023-12-20T04:02:02.103Z","iobWithZeroTemp":{"iob":-1.271,"basaliob":-1.671,"bolussnooze":0,"activity":-0.0105,"lastBolusTime":1703038629946,"time":"2023-12-20T04:02:02.103Z"}},{"iob":0.198,"basaliob":-0.168,"bolussnooze":0,"activity":0.0034,"lastBolusTime":1703038629946,"time":"2023-12-20T04:07:02.103Z","iobWithZeroTemp":{"iob":-1.325,"basaliob":-1.691,"bolussnooze":0,"activity":-0.0114,"lastBolusTime":1703038629946,"time":"2023-12-20T04:07:02.103Z"}},{"iob":0.182,"basaliob":-0.153,"bolussnooze":0,"activity":0.0032,"lastBolusTime":1703038629946,"time":"2023-12-20T04:12:02.103Z","iobWithZeroTemp":{"iob":-1.374,"basaliob":-1.709,"bolussnooze":0,"activity":-0.0121,"lastBolusTime":1703038629946,"time":"2023-12-20T04:12:02.103Z"}},{"iob":0.166,"basaliob":-0.14,"bolussnooze":0,"activity":0.0029,"lastBolusTime":1703038629946,"time":"2023-12-20T04:17:02.103Z","iobWithZeroTemp":{"iob":-1.421,"basaliob":-1.727,"bolussnooze":0,"activity":-0.0129,"lastBolusTime":1703038629946,"time":"2023-12-20T04:17:02.103Z"}},{"iob":0.152,"basaliob":-0.127,"bolussnooze":0,"activity":0.0027,"lastBolusTime":1703038629946,"time":"2023-12-20T04:22:02.103Z","iobWithZeroTemp":{"iob":-1.463,"basaliob":-1.742,"bolussnooze":0,"activity":-0.0136,"lastBolusTime":1703038629946,"time":"2023-12-20T04:22:02.103Z"}},{"iob":0.138,"basaliob":-0.116,"bolussnooze":0,"activity":0.0025,"lastBolusTime":1703038629946,"time":"2023-12-20T04:27:02.103Z","iobWithZeroTemp":{"iob":-1.503,"basaliob":-1.757,"bolussnooze":0,"activity":-0.0142,"lastBolusTime":1703038629946,"time":"2023-12-20T04:27:02.103Z"}},{"iob":0.127,"basaliob":-0.105,"bolussnooze":0,"activity":0.0023,"lastBolusTime":1703038629946,"time":"2023-12-20T04:32:02.103Z","iobWithZeroTemp":{"iob":-1.537,"basaliob":-1.769,"bolussnooze":0,"activity":-0.0148,"lastBolusTime":1703038629946,"time":"2023-12-20T04:32:02.103Z"}},{"iob":0.116,"basaliob":-0.095,"bolussnooze":0,"activity":0.0022,"lastBolusTime":1703038629946,"time":"2023-12-20T04:37:02.103Z","iobWithZeroTemp":{"iob":-1.57,"basaliob":-1.781,"bolussnooze":0,"activity":-0.0153,"lastBolusTime":1703038629946,"time":"2023-12-20T04:37:02.103Z"}},{"iob":0.105,"basaliob":-0.087,"bolussnooze":0,"activity":0.0019,"lastBolusTime":1703038629946,"time":"2023-12-20T04:42:02.103Z","iobWithZeroTemp":{"iob":-1.601,"basaliob":-1.793,"bolussnooze":0,"activity":-0.016,"lastBolusTime":1703038629946,"time":"2023-12-20T04:42:02.103Z"}},{"iob":0.096,"basaliob":-0.079,"bolussnooze":0,"activity":0.0018,"lastBolusTime":1703038629946,"time":"2023-12-20T04:47:02.103Z","iobWithZeroTemp":{"iob":-1.629,"basaliob":-1.804,"bolussnooze":0,"activity":-0.0164,"lastBolusTime":1703038629946,"time":"2023-12-20T04:47:02.103Z"}},{"iob":0.088,"basaliob":-0.071,"bolussnooze":0,"activity":0.0017,"lastBolusTime":1703038629946,"time":"2023-12-20T04:52:02.103Z","iobWithZeroTemp":{"iob":-1.653,"basaliob":-1.812,"bolussnooze":0,"activity":-0.0168,"lastBolusTime":1703038629946,"time":"2023-12-20T04:52:02.103Z"}},{"iob":0.079,"basaliob":-0.065,"bolussnooze":0,"activity":0.0015,"lastBolusTime":1703038629946,"time":"2023-12-20T04:57:02.103Z","iobWithZeroTemp":{"iob":-1.678,"basaliob":-1.822,"bolussnooze":0,"activity":-0.0173,"lastBolusTime":1703038629946,"time":"2023-12-20T04:57:02.103Z"}},{"iob":0.073,"basaliob":-0.058,"bolussnooze":0,"activity":0.0014,"lastBolusTime":1703038629946,"time":"2023-12-20T05:02:02.103Z","iobWithZeroTemp":{"iob":-1.698,"basaliob":-1.829,"bolussnooze":0,"activity":-0.0176,"lastBolusTime":1703038629946,"time":"2023-12-20T05:02:02.103Z"}},{"iob":0.065,"basaliob":-0.053,"bolussnooze":0,"activity":0.0012,"lastBolusTime":1703038629946,"time":"2023-12-20T05:07:02.103Z","iobWithZeroTemp":{"iob":-1.718,"basaliob":-1.836,"bolussnooze":0,"activity":-0.018,"lastBolusTime":1703038629946,"time":"2023-12-20T05:07:02.103Z"}},{"iob":0.059,"basaliob":-0.048,"bolussnooze":0,"activity":0.0011,"lastBolusTime":1703038629946,"time":"2023-12-20T05:12:02.103Z","iobWithZeroTemp":{"iob":-1.736,"basaliob":-1.843,"bolussnooze":0,"activity":-0.0184,"lastBolusTime":1703038629946,"time":"2023-12-20T05:12:02.103Z"}},{"iob":0.054,"basaliob":-0.043,"bolussnooze":0,"activity":0.001,"lastBolusTime":1703038629946,"time":"2023-12-20T05:17:02.103Z","iobWithZeroTemp":{"iob":-1.751,"basaliob":-1.848,"bolussnooze":0,"activity":-0.0187,"lastBolusTime":1703038629946,"time":"2023-12-20T05:17:02.103Z"}},{"iob":0.049,"basaliob":-0.039,"bolussnooze":0,"activity":0.001,"lastBolusTime":1703038629946,"time":"2023-12-20T05:22:02.103Z","iobWithZeroTemp":{"iob":-1.766,"basaliob":-1.854,"bolussnooze":0,"activity":-0.0188,"lastBolusTime":1703038629946,"time":"2023-12-20T05:22:02.103Z"}},{"iob":0.044,"basaliob":-0.035,"bolussnooze":0,"activity":9.0E-4,"lastBolusTime":1703038629946,"time":"2023-12-20T05:27:02.103Z","iobWithZeroTemp":{"iob":-1.78,"basaliob":-1.859,"bolussnooze":0,"activity":-0.0191,"lastBolusTime":1703038629946,"time":"2023-12-20T05:27:02.103Z"}},{"iob":0.04,"basaliob":-0.032,"bolussnooze":0,"activity":8.0E-4,"lastBolusTime":1703038629946,"time":"2023-12-20T05:32:02.103Z","iobWithZeroTemp":{"iob":-1.792,"basaliob":-1.864,"bolussnooze":0,"activity":-0.0194,"lastBolusTime":1703038629946,"time":"2023-12-20T05:32:02.103Z"}},{"iob":0.037,"basaliob":-0.028,"bolussnooze":0,"activity":7.0E-4,"lastBolusTime":1703038629946,"time":"2023-12-20T05:37:02.103Z","iobWithZeroTemp":{"iob":-1.802,"basaliob":-1.867,"bolussnooze":0,"activity":-0.0196,"lastBolusTime":1703038629946,"time":"2023-12-20T05:37:02.103Z"}},{"iob":0.032,"basaliob":-0.026,"bolussnooze":0,"activity":7.0E-4,"lastBolusTime":1703038629946,"time":"2023-12-20T05:42:02.103Z","iobWithZeroTemp":{"iob":-1.814,"basaliob":-1.872,"bolussnooze":0,"activity":-0.0197,"lastBolusTime":1703038629946,"time":"2023-12-20T05:42:02.103Z"}},{"iob":0.03,"basaliob":-0.023,"bolussnooze":0,"activity":6.0E-4,"lastBolusTime":1703038629946,"time":"2023-12-20T05:47:02.103Z","iobWithZeroTemp":{"iob":-1.822,"basaliob":-1.875,"bolussnooze":0,"activity":-0.0199,"lastBolusTime":1703038629946,"time":"2023-12-20T05:47:02.103Z"}},{"iob":0.026,"basaliob":-0.021,"bolussnooze":0,"activity":6.0E-4,"lastBolusTime":1703038629946,"time":"2023-12-20T05:52:02.103Z","iobWithZeroTemp":{"iob":-1.831,"basaliob":-1.878,"bolussnooze":0,"activity":-0.0201,"lastBolusTime":1703038629946,"time":"2023-12-20T05:52:02.103Z"}},{"iob":0.024,"basaliob":-0.019,"bolussnooze":0,"activity":5.0E-4,"lastBolusTime":1703038629946,"time":"2023-12-20T05:57:02.103Z","iobWithZeroTemp":{"iob":-1.838,"basaliob":-1.881,"bolussnooze":0,"activity":-0.0203,"lastBolusTime":1703038629946,"time":"2023-12-20T05:57:02.103Z"}},{"iob":0.021,"basaliob":-0.017,"bolussnooze":0,"activity":4.0E-4,"lastBolusTime":1703038629946,"time":"2023-12-20T06:02:02.103Z","iobWithZeroTemp":{"iob":-1.845,"basaliob":-1.883,"bolussnooze":0,"activity":-0.0204,"lastBolusTime":1703038629946,"time":"2023-12-20T06:02:02.103Z"}},{"iob":0.019,"basaliob":-0.015,"bolussnooze":0,"activity":4.0E-4,"lastBolusTime":1703038629946,"time":"2023-12-20T06:07:02.103Z","iobWithZeroTemp":{"iob":-1.847,"basaliob":-1.881,"bolussnooze":0,"activity":-0.0205,"lastBolusTime":1703038629946,"time":"2023-12-20T06:07:02.103Z"}},{"iob":0.018,"basaliob":-0.013,"bolussnooze":0,"activity":4.0E-4,"lastBolusTime":1703038629946,"time":"2023-12-20T06:12:02.103Z","iobWithZeroTemp":{"iob":-1.848,"basaliob":-1.879,"bolussnooze":0,"activity":-0.0206,"lastBolusTime":1703038629946,"time":"2023-12-20T06:12:02.103Z"}},{"iob":0.016,"basaliob":-0.012,"bolussnooze":0,"activity":3.0E-4,"lastBolusTime":1703038629946,"time":"2023-12-20T06:17:02.103Z","iobWithZeroTemp":{"iob":-1.849,"basaliob":-1.877,"bolussnooze":0,"activity":-0.0207,"lastBolusTime":1703038629946,"time":"2023-12-20T06:17:02.103Z"}}],"profile":{"max_iob":20,"type":"current","max_daily_basal":1.6,"max_basal":4.8,"min_bg":81,"max_bg":81,"target_bg":81,"carb_ratio":4.5,"sens":72,"max_daily_safety_multiplier":3,"current_basal_safety_multiplier":4,"high_temptarget_raises_sensitivity":false,"low_temptarget_lowers_sensitivity":false,"sensitivity_raises_target":false,"resistance_lowers_target":false,"adv_target_adjustments":false,"exercise_mode":false,"half_basal_exercise_target":160,"maxCOB":120,"skip_neutral_temps":false,"remainingCarbsCap":90,"enableUAM":true,"A52_risk_enable":false,"SMBInterval":3,"enableSMB_with_COB":false,"enableSMB_with_temptarget":false,"allowSMB_with_high_temptarget":true,"enableSMB_always":true,"enableSMB_after_carbs":false,"maxSMBBasalMinutes":120,"maxUAMSMBBasalMinutes":120,"bolus_increment":0.05,"carbsReqThreshold":1,"current_basal":1.3,"temptargetSet":true,"autosens_max":1.8,"out_units":"mmol\/L"},"autosens_data":{"ratio":1},"meal_data":{"carbs":20,"mealCOB":8,"slopeFromMaxDeviation":-0.09336363636363637,"slopeFromMinDeviation":0.22175,"lastBolusTime":1703038629946,"lastCarbTime":1703037167000},"microBolusAllowed":true,"currentTime":1703038925494,"flatBGsDetected":false},"output":{"temp":"absolute","bg":94,"tick":-1,"eventualBG":159,"targetBG":81,"insulinReq":0.13,"deliverAt":"2023-12-20T02:22:05.494Z","sensitivityRatio":1,"predBGs":{"IOB":[94,93,91,90,88,86,84,81,79,77,75,72,70,68,66,64,62,60,58,57,55,54,53,52,51,50,49,48,47,46,46,45,45,44,44,43,43,43,42,42,42,41,41,41,41,41,41,40],"ZT":[94,91,89,86,84,81,79,77,76,75,75,74,75,75,77,78,80],"COB":[94,93,92,91,91,90,90,89,89,90,90,91,92,93,95,97,99,101,104,107,110,114,118,121,125,128,132,135,138,140,143,145,148,150,152,153,155,156,157,158,159,160,160,160,160,160,160,159],"UAM":[94,93,92,90,88,86,84,82,80,79,77,75,73,71,69,67,65,64,62,60,59,58,56,55,54,53,52,51,51,50,49,49,48,48,47,47,46,46,46,45,45,45,45,45,44]},"COB":8,"IOB":0.859,"reason":"COB: 8, Dev: 0.5, BGI: -0.1, ISF: 4.0, CR: 4.5, Target: 4.5, minPredBG 5.0, minGuardBG 3.4, IOBpredBG 2.2, COBpredBG 8.8, UAMpredBG 2.4; Eventual BG 8.8 >= 4.5,  insulinReq 0.13; setting 30m low temp of 1.26U\/h. Microbolusing 0.05U. ","units":0.05,"rate":1.26,"duration":30,"timestamp":"2023-12-20T02:22:05.650Z"}}