{"algorithm":"OpenAPSSMBPlugin","input":{"glucoseStatus":{"glucose":81,"noise":0,"delta":-3,"short_avgdelta":-1.72,"long_avgdelta":-1.17,"date":1703110002919},"currenttemp":{"temp":"absolute","duration":26,"rate":1.55,"minutesrunning":4},"iob_data":[{"iob":-0.185,"basaliob":-0.526,"bolussnooze":0,"activity":0,"lastBolusTime":1703108234902,"time":"2023-12-20T22:07:05.012Z","iobWithZeroTemp":{"iob":-0.185,"basaliob":-0.526,"bolussnooze":0,"activity":0,"lastBolusTime":1703108234902,"time":"2023-12-20T22:07:05.012Z"}},{"iob":-0.185,"basaliob":-0.503,"bolussnooze":0,"activity":-3.0E-4,"lastBolusTime":1703108234902,"time":"2023-12-20T22:12:05.012Z","iobWithZeroTemp":{"iob":-0.285,"basaliob":-0.603,"bolussnooze":0,"activity":-4.0E-4,"lastBolusTime":1703108234902,"time":"2023-12-20T22:12:05.012Z"}},{"iob":-0.182,"basaliob":-0.479,"bolussnooze":0,"activity":-7.0E-4,"lastBolusTime":1703108234902,"time":"2023-12-20T22:17:05.012Z","iobWithZeroTemp":{"iob":-0.406,"basaliob":-0.703,"bolussnooze":0,"activity":-0.0011,"lastBolusTime":1703108234902,"time":"2023-12-20T22:17:05.012Z"}},{"iob":-0.178,"basaliob":-0.454,"bolussnooze":0,"activity":-0.001,"lastBolusTime":1703108234902,"time":"2023-12-20T22:22:05.012Z","iobWithZeroTemp":{"iob":-0.523,"basaliob":-0.799,"bolussnooze":0,"activity":-0.002,"lastBolusTime":1703108234902,"time":"2023-12-20T22:22:05.012Z"}},{"iob":-0.172,"basaliob":-0.429,"bolussnooze":0,"activity":-0.0012,"lastBolusTime":1703108234902,"time":"2023-12-20T22:27:05.012Z","iobWithZeroTemp":{"iob":-0.636,"basaliob":-0.893,"bolussnooze":0,"activity":-0.0029,"lastBolusTime":1703108234902,"time":"2023-12-20T22:27:05.012Z"}},{"iob":-0.166,"basaliob":-0.404,"bolussnooze":0,"activity":-0.0013,"lastBolusTime":1703108234902,"time":"2023-12-20T22:32:05.012Z","iobWithZeroTemp":{"iob":-0.744,"basaliob":-0.982,"bolussnooze":0,"activity":-0.0039,"lastBolusTime":1703108234902,"time":"2023-12-20T22:32:05.012Z"}},{"iob":-0.16,"basaliob":-0.38,"bolussnooze":0,"activity":-0.0014,"lastBolusTime":1703108234902,"time":"2023-12-20T22:37:05.012Z","iobWithZeroTemp":{"iob":-0.848,"basaliob":-1.068,"bolussnooze":0,"activity":-0.0049,"lastBolusTime":1703108234902,"time":"2023-12-20T22:37:05.012Z"}},{"iob":-0.152,"basaliob":-0.356,"bolussnooze":0,"activity":-0.0015,"lastBolusTime":1703108234902,"time":"2023-12-20T22:42:05.012Z","iobWithZeroTemp":{"iob":-0.945,"basaliob":-1.149,"bolussnooze":0,"activity":-0.006,"lastBolusTime":1703108234902,"time":"2023-12-20T22:42:05.012Z"}},{"iob":-0.145,"basaliob":-0.333,"bolussnooze":0,"activity":-0.0015,"lastBolusTime":1703108234902,"time":"2023-12-20T22:47:05.012Z","iobWithZeroTemp":{"iob":-1.038,"basaliob":-1.226,"bolussnooze":0,"activity":-0.007,"lastBolusTime":1703108234902,"time":"2023-12-20T22:47:05.012Z"}},{"iob":-0.137,"basaliob":-0.311,"bolussnooze":0,"activity":-0.0016,"lastBolusTime":1703108234902,"time":"2023-12-20T22:52:05.012Z","iobWithZeroTemp":{"iob":-1.126,"basaliob":-1.3,"bolussnooze":0,"activity":-0.0081,"lastBolusTime":1703108234902,"time":"2023-12-20T22:52:05.012Z"}},{"iob":-0.129,"basaliob":-0.289,"bolussnooze":0,"activity":-0.0015,"lastBolusTime":1703108234902,"time":"2023-12-20T22:57:05.012Z","iobWithZeroTemp":{"iob":-1.207,"basaliob":-1.367,"bolussnooze":0,"activity":-0.009,"lastBolusTime":1703108234902,"time":"2023-12-20T22:57:05.012Z"}},{"iob":-0.122,"basaliob":-0.269,"bolussnooze":0,"activity":-0.0015,"lastBolusTime":1703108234902,"time":"2023-12-20T23:02:05.012Z","iobWithZeroTemp":{"iob":-1.285,"basaliob":-1.432,"bolussnooze":0,"activity":-0.0101,"lastBolusTime":1703108234902,"time":"2023-12-20T23:02:05.012Z"}},{"iob":-0.114,"basaliob":-0.249,"bolussnooze":0,"activity":-0.0015,"lastBolusTime":1703108234902,"time":"2023-12-20T23:07:05.012Z","iobWithZeroTemp":{"iob":-1.365,"basaliob":-1.5,"bolussnooze":0,"activity":-0.0111,"lastBolusTime":1703108234902,"time":"2023-12-20T23:07:05.012Z"}},{"iob":-0.107,"basaliob":-0.231,"bolussnooze":0,"activity":-0.0015,"lastBolusTime":1703108234902,"time":"2023-12-20T23:12:05.012Z","iobWithZeroTemp":{"iob":-1.441,"basaliob":-1.565,"bolussnooze":0,"activity":-0.0121,"lastBolusTime":1703108234902,"time":"2023-12-20T23:12:05.012Z"}},{"iob":-0.1,"basaliob":-0.214,"bolussnooze":0,"activity":-0.0014,"lastBolusTime":1703108234902,"time":"2023-12-20T23:17:05.012Z","iobWithZeroTemp":{"iob":-1.512,"basaliob":-1.626,"bolussnooze":0,"activity":-0.013,"lastBolusTime":1703108234902,"time":"2023-12-20T23:17:05.012Z"}},{"iob":-0.093,"basaliob":-0.197,"bolussnooze":0,"activity":-0.0014,"lastBolusTime":1703108234902,"time":"2023-12-20T23:22:05.012Z","iobWithZeroTemp":{"iob":-1.578,"basaliob":-1.682,"bolussnooze":0,"activity":-0.014,"lastBolusTime":1703108234902,"time":"2023-12-20T23:22:05.012Z"}},{"iob":-0.087,"basaliob":-0.182,"bolussnooze":0,"activity":-0.0013,"lastBolusTime":1703108234902,"time":"2023-12-20T23:27:05.012Z","iobWithZeroTemp":{"iob":-1.64,"basaliob":-1.735,"bolussnooze":0,"activity":-0.0148,"lastBolusTime":1703108234902,"time":"2023-12-20T23:27:05.012Z"}},{"iob":-0.081,"basaliob":-0.168,"bolussnooze":0,"activity":-0.0012,"lastBolusTime":1703108234902,"time":"2023-12-20T23:32:05.012Z","iobWithZeroTemp":{"iob":-1.698,"basaliob":-1.785,"bolussnooze":0,"activity":-0.0156,"lastBolusTime":1703108234902,"time":"2023-12-20T23:32:05.012Z"}},{"iob":-0.074,"basaliob":-0.154,"bolussnooze":0,"activity":-0.0012,"lastBolusTime":1703108234902,"time":"2023-12-20T23:37:05.012Z","iobWithZeroTemp":{"iob":-1.756,"basaliob":-1.836,"bolussnooze":0,"activity":-0.0165,"lastBolusTime":1703108234902,"time":"2023-12-20T23:37:05.012Z"}},{"iob":-0.069,"basaliob":-0.142,"bolussnooze":0,"activity":-0.0011,"lastBolusTime":1703108234902,"time":"2023-12-20T23:42:05.012Z","iobWithZeroTemp":{"iob":-1.806,"basaliob":-1.879,"bolussnooze":0,"activity":-0.0172,"lastBolusTime":1703108234902,"time":"2023-12-20T23:42:05.012Z"}},{"iob":-0.064,"basaliob":-0.13,"bolussnooze":0,"activity":-0.001,"lastBolusTime":1703108234902,"time":"2023-12-20T23:47:05.012Z","iobWithZeroTemp":{"iob":-1.852,"basaliob":-1.918,"bolussnooze":0,"activity":-0.0179,"lastBolusTime":1703108234902,"time":"2023-12-20T23:47:05.012Z"}},{"iob":-0.06,"basaliob":-0.12,"bolussnooze":0,"activity":-0.001,"lastBolusTime":1703108234902,"time":"2023-12-20T23:52:05.012Z","iobWithZeroTemp":{"iob":-1.895,"basaliob":-1.955,"bolussnooze":0,"activity":-0.0186,"lastBolusTime":1703108234902,"time":"2023-12-20T23:52:05.012Z"}},{"iob":-0.055,"basaliob":-0.11,"bolussnooze":0,"activity":-9.0E-4,"lastBolusTime":1703108234902,"time":"2023-12-20T23:57:05.012Z","iobWithZeroTemp":{"iob":-1.934,"basaliob":-1.989,"bolussnooze":0,"activity":-0.0192,"lastBolusTime":1703108234902,"time":"2023-12-20T23:57:05.012Z"}},{"iob":-0.05,"basaliob":-0.1,"bolussnooze":0,"activity":-9.0E-4,"lastBolusTime":1703108234902,"time":"2023-12-21T00:02:05.012Z","iobWithZeroTemp":{"iob":-1.969,"basaliob":-2.019,"bolussnooze":0,"activity":-0.0199,"lastBolusTime":1703108234902,"time":"2023-12-21T00:02:05.012Z"}},{"iob":-0.047,"basaliob":-0.092,"bolussnooze":0,"activity":-7.0E-4,"lastBolusTime":1703108234902,"time":"2023-12-21T00:07:05.012Z","iobWithZeroTemp":{"iob":-1.995,"basaliob":-2.04,"bolussnooze":0,"activity":-0.0203,"lastBolusTime":1703108234902,"time":"2023-12-21T00:07:05.012Z"}},{"iob":-0.043,"basaliob":-0.084,"bolussnooze":0,"activity":-7.0E-4,"lastBolusTime":1703108234902,"time":"2023-12-21T00:12:05.012Z","iobWithZeroTemp":{"iob":-2.017,"basaliob":-2.058,"bolussnooze":0,"activity":-0.0208,"lastBolusTime":1703108234902,"time":"2023-12-21T00:12:05.012Z"}},{"iob":-0.039,"basaliob":-0.076,"bolussnooze":0,"activity":-7.0E-4,"lastBolusTime":1703108234902,"time":"2023-12-21T00:17:05.012Z","iobWithZeroTemp":{"iob":-2.036,"basaliob":-2.073,"bolussnooze":0,"activity":-0.0213,"lastBolusTime":1703108234902,"time":"2023-12-21T00:17:05.012Z"}},{"iob":-0.036,"basaliob":-0.07,"bolussnooze":0,"activity":-6.0E-4,"lastBolusTime":1703108234902,"time":"2023-12-21T00:22:05.012Z","iobWithZeroTemp":{"iob":-2.054,"basaliob":-2.088,"bolussnooze":0,"activity":-0.0216,"lastBolusTime":1703108234902,"time":"2023-12-21T00:22:05.012Z"}},{"iob":-0.033,"basaliob":-0.064,"bolussnooze":0,"activity":-6.0E-4,"lastBolusTime":1703108234902,"time":"2023-12-21T00:27:05.012Z","iobWithZeroTemp":{"iob":-2.07,"basaliob":-2.101,"bolussnooze":0,"activity":-0.022,"lastBolusTime":1703108234902,"time":"2023-12-21T00:27:05.012Z"}},{"iob":-0.03,"basaliob":-0.058,"bolussnooze":0,"activity":-5.0E-4,"lastBolusTime":1703108234902,"time":"2023-12-21T00:32:05.012Z","iobWithZeroTemp":{"iob":-2.084,"basaliob":-2.112,"bolussnooze":0,"activity":-0.0223,"lastBolusTime":1703108234902,"time":"2023-12-21T00:32:05.012Z"}},{"iob":-0.028,"basaliob":-0.053,"bolussnooze":0,"activity":-5.0E-4,"lastBolusTime":1703108234902,"time":"2023-12-21T00:37:05.012Z","iobWithZeroTemp":{"iob":-2.098,"basaliob":-2.123,"bolussnooze":0,"activity":-0.0226,"lastBolusTime":1703108234902,"time":"2023-12-21T00:37:05.012Z"}},{"iob":-0.025,"basaliob":-0.048,"bolussnooze":0,"activity":-4.0E-4,"lastBolusTime":1703108234902,"time":"2023-12-21T00:42:05.012Z","iobWithZeroTemp":{"iob":-2.109,"basaliob":-2.132,"bolussnooze":0,"activity":-0.0228,"lastBolusTime":1703108234902,"time":"2023-12-21T00:42:05.012Z"}},{"iob":-0.023,"basaliob":-0.044,"bolussnooze":0,"activity":-4.0E-4,"lastBolusTime":1703108234902,"time":"2023-12-21T00:47:05.012Z","iobWithZeroTemp":{"iob":-2.119,"basaliob":-2.14,"bolussnooze":0,"activity":-0.0231,"lastBolusTime":1703108234902,"time":"2023-12-21T00:47:05.012Z"}},{"iob":-0.021,"basaliob":-0.04,"bolussnooze":0,"activity":-4.0E-4,"lastBolusTime":1703108234902,"time":"2023-12-21T00:52:05.012Z","iobWithZeroTemp":{"iob":-2.128,"basaliob":-2.147,"bolussnooze":0,"activity":-0.0233,"lastBolusTime":1703108234902,"time":"2023-12-21T00:52:05.012Z"}},{"iob":-0.019,"basaliob":-0.036,"bolussnooze":0,"activity":-4.0E-4,"lastBolusTime":1703108234902,"time":"2023-12-21T00:57:05.012Z","iobWithZeroTemp":{"iob":-2.136,"basaliob":-2.153,"bolussnooze":0,"activity":-0.0235,"lastBolusTime":1703108234902,"time":"2023-12-21T00:57:05.012Z"}},{"iob":-0.018,"basaliob":-0.033,"bolussnooze":0,"activity":-3.0E-4,"lastBolusTime":1703108234902,"time":"2023-12-21T01:02:05.012Z","iobWithZeroTemp":{"iob":-2.144,"basaliob":-2.159,"bolussnooze":0,"activity":-0.0236,"lastBolusTime":1703108234902,"time":"2023-12-21T01:02:05.012Z"}},{"iob":-0.015,"basaliob":-0.029,"bolussnooze":0,"activity":-3.0E-4,"lastBolusTime":1703108234902,"time":"2023-12-21T01:07:05.012Z","iobWithZeroTemp":{"iob":-2.149,"basaliob":-2.163,"bolussnooze":0,"activity":-0.0238,"lastBolusTime":1703108234902,"time":"2023-12-21T01:07:05.012Z"}},{"iob":-0.015,"basaliob":-0.027,"bolussnooze":0,"activity":-2.0E-4,"lastBolusTime":1703108234902,"time":"2023-12-21T01:12:05.012Z","iobWithZeroTemp":{"iob":-2.156,"basaliob":-2.168,"bolussnooze":0,"activity":-0.0239,"lastBolusTime":1703108234902,"time":"2023-12-21T01:12:05.012Z"}},{"iob":-0.013,"basaliob":-0.024,"bolussnooze":0,"activity":-3.0E-4,"lastBolusTime":1703108234902,"time":"2023-12-21T01:17:05.012Z","iobWithZeroTemp":{"iob":-2.157,"basaliob":-2.168,"bolussnooze":0,"activity":-0.024,"lastBolusTime":1703108234902,"time":"2023-12-21T01:17:05.012Z"}},{"iob":-0.012,"basaliob":-0.022,"bolussnooze":0,"activity":-2.0E-4,"lastBolusTime":1703108234902,"time":"2023-12-21T01:22:05.012Z","iobWithZeroTemp":{"iob":-2.162,"basaliob":-2.172,"bolussnooze":0,"activity":-0.0241,"lastBolusTime":1703108234902,"time":"2023-12-21T01:22:05.012Z"}},{"iob":-0.011,"basaliob":-0.02,"bolussnooze":0,"activity":-2.0E-4,"lastBolusTime":1703108234902,"time":"2023-12-21T01:27:05.012Z","iobWithZeroTemp":{"iob":-2.166,"basaliob":-2.175,"bolussnooze":0,"activity":-0.0242,"lastBolusTime":1703108234902,"time":"2023-12-21T01:27:05.012Z"}},{"iob":-0.01,"basaliob":-0.018,"bolussnooze":0,"activity":-2.0E-4,"lastBolusTime":1703108234902,"time":"2023-12-21T01:32:05.012Z","iobWithZeroTemp":{"iob":-2.17,"basaliob":-2.178,"bolussnooze":0,"activity":-0.0243,"lastBolusTime":1703108234902,"time":"2023-12-21T01:32:05.012Z"}},{"iob":-0.009,"basaliob":-0.016,"bolussnooze":0,"activity":-1.0E-4,"lastBolusTime":1703108234902,"time":"2023-12-21T01:37:05.012Z","iobWithZeroTemp":{"iob":-2.173,"basaliob":-2.18,"bolussnooze":0,"activity":-0.0243,"lastBolusTime":1703108234902,"time":"2023-12-21T01:37:05.012Z"}},{"iob":-0.008,"basaliob":-0.014,"bolussnooze":0,"activity":-2.0E-4,"lastBolusTime":1703108234902,"time":"2023-12-21T01:42:05.012Z","iobWithZeroTemp":{"iob":-2.176,"basaliob":-2.182,"bolussnooze":0,"activity":-0.0245,"lastBolusTime":1703108234902,"time":"2023-12-21T01:42:05.012Z"}},{"iob":-0.007,"basaliob":-0.013,"bolussnooze":0,"activity":-2.0E-4,"lastBolusTime":1703108234902,"time":"2023-12-21T01:47:05.012Z","iobWithZeroTemp":{"iob":-2.178,"basaliob":-2.184,"bolussnooze":0,"activity":-0.0246,"lastBolusTime":1703108234902,"time":"2023-12-21T01:47:05.012Z"}},{"iob":-0.007,"basaliob":-0.012,"bolussnooze":0,"activity":-1.0E-4,"lastBolusTime":1703108234902,"time":"2023-12-21T01:52:05.012Z","iobWithZeroTemp":{"iob":-2.182,"basaliob":-2.187,"bolussnooze":0,"activity":-0.0245,"lastBolusTime":1703108234902,"time":"2023-12-21T01:52:05.012Z"}},{"iob":-0.006,"basaliob":-0.011,"bolussnooze":0,"activity":-1.0E-4,"lastBolusTime":1703108234902,"time":"2023-12-21T01:57:05.012Z","iobWithZeroTemp":{"iob":-2.183,"basaliob":-2.188,"bolussnooze":0,"activity":-0.0246,"lastBolusTime":1703108234902,"time":"2023-12-21T01:57:05.012Z"}},{"iob":-0.005,"basaliob":-0.009,"bolussnooze":0,"activity":-1.0E-4,"lastBolusTime":1703108234902,"time":"2023-12-21T02:02:05.012Z","iobWithZeroTemp":{"iob":-2.185,"basaliob":-2.189,"bolussnooze":0,"activity":-0.0247,"lastBolusTime":1703108234902,"time":"2023-12-21T02:02:05.012Z"}}],"profile":{"max_iob":20,"type":"current","max_daily_basal":1.6,"max_basal":4.8,"min_bg":90,"max_bg":90,"target_bg":90,"carb_ratio":4.5,"sens":63,"max_daily_safety_multiplier":3,"current_basal_safety_multiplier":4,"high_temptarget_raises_sensitivity":false,"low_temptarget_lowers_sensitivity":false,"sensitivity_raises_target":false,"resistance_lowers_target":false,"adv_target_adjustments":false,"exercise_mode":false,"half_basal_exercise_target":160,"maxCOB":120,"skip_neutral_temps":false,"remainingCarbsCap":90,"enableUAM":true,"A52_risk_enable":false,"SMBInterval":3,"enableSMB_with_COB":false,"enableSMB_with_temptarget":false,"allowSMB_with_high_temptarget":true,"enableSMB_always":true,"enableSMB_after_carbs":false,"maxSMBBasalMinutes":120,"maxUAMSMBBasalMinutes":120,"bolus_increment":0.05,"carbsReqThreshold":1,"current_basal":1.5,"temptargetSet":false,"autosens_max":1.8,"out_units":"mmol\/L"},"autosens_data":{"ratio":1},"meal_data":{"carbs":0,"mealCOB":0,"slopeFromMaxDeviation":-1.8559999999999999,"slopeFromMinDeviation":0.33890000000000003,"lastBolusTime":1703108234902,"lastCarbTime":0},"microBolusAllowed":true,"currentTime":1703110028571,"flatBGsDetected":false},"output":{"temp":"absolute","bg":81,"tick":-3,"eventualBG":86,"targetBG":90,"insulinReq":0,"deliverAt":"2023-12-20T22:07:08.571Z","sensitivityRatio":1,"predBGs":{"IOB":[81,78,76,74,72,71,70,69,68,68,68,68,69,69,70,70,71,71,71,72,72,72,73,73,73,73,74,74,74,74,74,75,75,75,75,75,75,75,75,75,76],"ZT":[81,81,81,81,82,83,84,86,88,90]},"COB":0,"IOB":-0.185,"reason":"COB: 0, Dev: -0.4, BGI: 0.0, ISF: 3.5, CR: 4.5, Target: 5.0, minPredBG 3.9, minGuardBG 3.8, IOBpredBG 4.2; Eventual BG 4.8 < 5.0, setting 1.24U\/hr. ","duration":30,"rate":1.24,"timestamp":"2023-12-20T22:07:08.674Z"}}