{"algorithm":"OpenAPSSMBPlugin","input":{"glucoseStatus":{"glucose":92,"noise":0,"delta":1,"short_avgdelta":1.72,"long_avgdelta":0.48,"date":1703160105534},"currenttemp":{"temp":"absolute","duration":25,"rate":1,"minutesrunning":5},"iob_data":[{"iob":0.001,"basaliob":-0.836,"bolussnooze":0.0084,"activity":0.0013,"lastBolusTime":1703159836189,"time":"2023-12-21T12:02:04.788Z","iobWithZeroTemp":{"iob":0.001,"basaliob":-0.836,"bolussnooze":0.0084,"activity":0.0013,"lastBolusTime":1703159836189,"time":"2023-12-21T12:02:04.788Z"}},{"iob":-0.004,"basaliob":-0.779,"bolussnooze":0.0066,"activity":0.001,"lastBolusTime":1703159836189,"time":"2023-12-21T12:07:04.788Z","iobWithZeroTemp":{"iob":-0.057,"basaliob":-0.832,"bolussnooze":0.0066,"activity":9.0E-4,"lastBolusTime":1703159836189,"time":"2023-12-21T12:07:04.788Z"}},{"iob":-0.009,"basaliob":-0.725,"bolussnooze":0.0051,"activity":8.0E-4,"lastBolusTime":1703159836189,"time":"2023-12-21T12:12:04.788Z","iobWithZeroTemp":{"iob":-0.128,"basaliob":-0.844,"bolussnooze":0.0051,"activity":6.0E-4,"lastBolusTime":1703159836189,"time":"2023-12-21T12:12:04.788Z"}},{"iob":-0.014,"basaliob":-0.674,"bolussnooze":0.0039,"activity":6.0E-4,"lastBolusTime":1703159836189,"time":"2023-12-21T12:17:04.788Z","iobWithZeroTemp":{"iob":-0.198,"basaliob":-0.858,"bolussnooze":0.0039,"activity":1.0E-4,"lastBolusTime":1703159836189,"time":"2023-12-21T12:17:04.788Z"}},{"iob":-0.016,"basaliob":-0.625,"bolussnooze":0.003,"activity":5.0E-4,"lastBolusTime":1703159836189,"time":"2023-12-21T12:22:04.788Z","iobWithZeroTemp":{"iob":-0.263,"basaliob":-0.872,"bolussnooze":0.003,"activity":-4.0E-4,"lastBolusTime":1703159836189,"time":"2023-12-21T12:22:04.788Z"}},{"iob":-0.018,"basaliob":-0.578,"bolussnooze":0.0022,"activity":4.0E-4,"lastBolusTime":1703159836189,"time":"2023-12-21T12:27:04.788Z","iobWithZeroTemp":{"iob":-0.326,"basaliob":-0.886,"bolussnooze":0.0022,"activity":-0.001,"lastBolusTime":1703159836189,"time":"2023-12-21T12:27:04.788Z"}},{"iob":-0.02,"basaliob":-0.535,"bolussnooze":0.0017,"activity":2.0E-4,"lastBolusTime":1703159836189,"time":"2023-12-21T12:32:04.788Z","iobWithZeroTemp":{"iob":-0.387,"basaliob":-0.902,"bolussnooze":0.0017,"activity":-0.0017,"lastBolusTime":1703159836189,"time":"2023-12-21T12:32:04.788Z"}},{"iob":-0.02,"basaliob":-0.493,"bolussnooze":0.0012,"activity":1.0E-4,"lastBolusTime":1703159836189,"time":"2023-12-21T12:37:04.788Z","iobWithZeroTemp":{"iob":-0.443,"basaliob":-0.916,"bolussnooze":0.0012,"activity":-0.0023,"lastBolusTime":1703159836189,"time":"2023-12-21T12:37:04.788Z"}},{"iob":-0.021,"basaliob":-0.455,"bolussnooze":9.0E-4,"activity":0,"lastBolusTime":1703159836189,"time":"2023-12-21T12:42:04.788Z","iobWithZeroTemp":{"iob":-0.498,"basaliob":-0.932,"bolussnooze":9.0E-4,"activity":-0.0029,"lastBolusTime":1703159836189,"time":"2023-12-21T12:42:04.788Z"}},{"iob":-0.022,"basaliob":-0.419,"bolussnooze":7.0E-4,"activity":0,"lastBolusTime":1703159836189,"time":"2023-12-21T12:47:04.788Z","iobWithZeroTemp":{"iob":-0.549,"basaliob":-0.946,"bolussnooze":7.0E-4,"activity":-0.0035,"lastBolusTime":1703159836189,"time":"2023-12-21T12:47:04.788Z"}},{"iob":-0.021,"basaliob":-0.385,"bolussnooze":5.0E-4,"activity":0,"lastBolusTime":1703159836189,"time":"2023-12-21T12:52:04.788Z","iobWithZeroTemp":{"iob":-0.596,"basaliob":-0.96,"bolussnooze":5.0E-4,"activity":-0.004,"lastBolusTime":1703159836189,"time":"2023-12-21T12:52:04.788Z"}},{"iob":-0.022,"basaliob":-0.354,"bolussnooze":3.0E-4,"activity":0,"lastBolusTime":1703159836189,"time":"2023-12-21T12:57:04.788Z","iobWithZeroTemp":{"iob":-0.642,"basaliob":-0.974,"bolussnooze":3.0E-4,"activity":-0.0046,"lastBolusTime":1703159836189,"time":"2023-12-21T12:57:04.788Z"}},{"iob":-0.021,"basaliob":-0.325,"bolussnooze":2.0E-4,"activity":-1.0E-4,"lastBolusTime":1703159836189,"time":"2023-12-21T13:02:04.788Z","iobWithZeroTemp":{"iob":-0.684,"basaliob":-0.988,"bolussnooze":2.0E-4,"activity":-0.0052,"lastBolusTime":1703159836189,"time":"2023-12-21T13:02:04.788Z"}},{"iob":-0.021,"basaliob":-0.298,"bolussnooze":1.0E-4,"activity":-1.0E-4,"lastBolusTime":1703159836189,"time":"2023-12-21T13:07:04.788Z","iobWithZeroTemp":{"iob":-0.716,"basaliob":-0.993,"bolussnooze":1.0E-4,"activity":-0.0057,"lastBolusTime":1703159836189,"time":"2023-12-21T13:07:04.788Z"}},{"iob":-0.02,"basaliob":-0.273,"bolussnooze":1.0E-4,"activity":-1.0E-4,"lastBolusTime":1703159836189,"time":"2023-12-21T13:12:04.788Z","iobWithZeroTemp":{"iob":-0.744,"basaliob":-0.997,"bolussnooze":1.0E-4,"activity":-0.0062,"lastBolusTime":1703159836189,"time":"2023-12-21T13:12:04.788Z"}},{"iob":-0.019,"basaliob":-0.249,"bolussnooze":1.0E-4,"activity":-2.0E-4,"lastBolusTime":1703159836189,"time":"2023-12-21T13:17:04.788Z","iobWithZeroTemp":{"iob":-0.769,"basaliob":-0.999,"bolussnooze":1.0E-4,"activity":-0.0068,"lastBolusTime":1703159836189,"time":"2023-12-21T13:17:04.788Z"}},{"iob":-0.018,"basaliob":-0.228,"bolussnooze":0,"activity":-1.0E-4,"lastBolusTime":1703159836189,"time":"2023-12-21T13:22:04.788Z","iobWithZeroTemp":{"iob":-0.793,"basaliob":-1.003,"bolussnooze":0,"activity":-0.0071,"lastBolusTime":1703159836189,"time":"2023-12-21T13:22:04.788Z"}},{"iob":-0.017,"basaliob":-0.208,"bolussnooze":0,"activity":-2.0E-4,"lastBolusTime":1703159836189,"time":"2023-12-21T13:27:04.788Z","iobWithZeroTemp":{"iob":-0.815,"basaliob":-1.006,"bolussnooze":0,"activity":-0.0076,"lastBolusTime":1703159836189,"time":"2023-12-21T13:27:04.788Z"}},{"iob":-0.017,"basaliob":-0.19,"bolussnooze":0,"activity":-2.0E-4,"lastBolusTime":1703159836189,"time":"2023-12-21T13:32:04.788Z","iobWithZeroTemp":{"iob":-0.835,"basaliob":-1.008,"bolussnooze":0,"activity":-0.0079,"lastBolusTime":1703159836189,"time":"2023-12-21T13:32:04.788Z"}},{"iob":-0.016,"basaliob":-0.173,"bolussnooze":0,"activity":-2.0E-4,"lastBolusTime":1703159836189,"time":"2023-12-21T13:37:04.788Z","iobWithZeroTemp":{"iob":-0.853,"basaliob":-1.01,"bolussnooze":0,"activity":-0.0083,"lastBolusTime":1703159836189,"time":"2023-12-21T13:37:04.788Z"}},{"iob":-0.015,"basaliob":-0.158,"bolussnooze":0,"activity":-2.0E-4,"lastBolusTime":1703159836189,"time":"2023-12-21T13:42:04.788Z","iobWithZeroTemp":{"iob":-0.863,"basaliob":-1.006,"bolussnooze":0,"activity":-0.0085,"lastBolusTime":1703159836189,"time":"2023-12-21T13:42:04.788Z"}},{"iob":-0.014,"basaliob":-0.144,"bolussnooze":0,"activity":-2.0E-4,"lastBolusTime":1703159836189,"time":"2023-12-21T13:47:04.788Z","iobWithZeroTemp":{"iob":-0.879,"basaliob":-1.009,"bolussnooze":0,"activity":-0.0088,"lastBolusTime":1703159836189,"time":"2023-12-21T13:47:04.788Z"}},{"iob":-0.014,"basaliob":-0.131,"bolussnooze":0,"activity":-2.0E-4,"lastBolusTime":1703159836189,"time":"2023-12-21T13:52:04.788Z","iobWithZeroTemp":{"iob":-0.893,"basaliob":-1.01,"bolussnooze":0,"activity":-0.009,"lastBolusTime":1703159836189,"time":"2023-12-21T13:52:04.788Z"}},{"iob":-0.013,"basaliob":-0.119,"bolussnooze":0,"activity":-2.0E-4,"lastBolusTime":1703159836189,"time":"2023-12-21T13:57:04.788Z","iobWithZeroTemp":{"iob":-0.906,"basaliob":-1.012,"bolussnooze":0,"activity":-0.0093,"lastBolusTime":1703159836189,"time":"2023-12-21T13:57:04.788Z"}},{"iob":-0.012,"basaliob":-0.108,"bolussnooze":0,"activity":-2.0E-4,"lastBolusTime":1703159836189,"time":"2023-12-21T14:02:04.788Z","iobWithZeroTemp":{"iob":-0.917,"basaliob":-1.013,"bolussnooze":0,"activity":-0.0095,"lastBolusTime":1703159836189,"time":"2023-12-21T14:02:04.788Z"}},{"iob":-0.011,"basaliob":-0.098,"bolussnooze":0,"activity":-1.0E-4,"lastBolusTime":1703159836189,"time":"2023-12-21T14:07:04.788Z","iobWithZeroTemp":{"iob":-0.928,"basaliob":-1.015,"bolussnooze":0,"activity":-0.0096,"lastBolusTime":1703159836189,"time":"2023-12-21T14:07:04.788Z"}},{"iob":-0.01,"basaliob":-0.089,"bolussnooze":0,"activity":-1.0E-4,"lastBolusTime":1703159836189,"time":"2023-12-21T14:12:04.788Z","iobWithZeroTemp":{"iob":-0.937,"basaliob":-1.016,"bolussnooze":0,"activity":-0.0098,"lastBolusTime":1703159836189,"time":"2023-12-21T14:12:04.788Z"}},{"iob":-0.009,"basaliob":-0.08,"bolussnooze":0,"activity":-1.0E-4,"lastBolusTime":1703159836189,"time":"2023-12-21T14:17:04.788Z","iobWithZeroTemp":{"iob":-0.945,"basaliob":-1.016,"bolussnooze":0,"activity":-0.01,"lastBolusTime":1703159836189,"time":"2023-12-21T14:17:04.788Z"}},{"iob":-0.009,"basaliob":-0.073,"bolussnooze":0,"activity":-2.0E-4,"lastBolusTime":1703159836189,"time":"2023-12-21T14:22:04.788Z","iobWithZeroTemp":{"iob":-0.954,"basaliob":-1.018,"bolussnooze":0,"activity":-0.0102,"lastBolusTime":1703159836189,"time":"2023-12-21T14:22:04.788Z"}},{"iob":-0.008,"basaliob":-0.066,"bolussnooze":0,"activity":-1.0E-4,"lastBolusTime":1703159836189,"time":"2023-12-21T14:27:04.788Z","iobWithZeroTemp":{"iob":-0.961,"basaliob":-1.019,"bolussnooze":0,"activity":-0.0103,"lastBolusTime":1703159836189,"time":"2023-12-21T14:27:04.788Z"}},{"iob":-0.008,"basaliob":-0.06,"bolussnooze":0,"activity":-1.0E-4,"lastBolusTime":1703159836189,"time":"2023-12-21T14:32:04.788Z","iobWithZeroTemp":{"iob":-0.968,"basaliob":-1.02,"bolussnooze":0,"activity":-0.0104,"lastBolusTime":1703159836189,"time":"2023-12-21T14:32:04.788Z"}},{"iob":-0.007,"basaliob":-0.054,"bolussnooze":0,"activity":-1.0E-4,"lastBolusTime":1703159836189,"time":"2023-12-21T14:37:04.788Z","iobWithZeroTemp":{"iob":-0.973,"basaliob":-1.02,"bolussnooze":0,"activity":-0.0105,"lastBolusTime":1703159836189,"time":"2023-12-21T14:37:04.788Z"}},{"iob":-0.007,"basaliob":-0.049,"bolussnooze":0,"activity":-1.0E-4,"lastBolusTime":1703159836189,"time":"2023-12-21T14:42:04.788Z","iobWithZeroTemp":{"iob":-0.979,"basaliob":-1.021,"bolussnooze":0,"activity":-0.0107,"lastBolusTime":1703159836189,"time":"2023-12-21T14:42:04.788Z"}},{"iob":-0.006,"basaliob":-0.044,"bolussnooze":0,"activity":-1.0E-4,"lastBolusTime":1703159836189,"time":"2023-12-21T14:47:04.788Z","iobWithZeroTemp":{"iob":-0.983,"basaliob":-1.021,"bolussnooze":0,"activity":-0.0108,"lastBolusTime":1703159836189,"time":"2023-12-21T14:47:04.788Z"}},{"iob":-0.005,"basaliob":-0.039,"bolussnooze":0,"activity":-1.0E-4,"lastBolusTime":1703159836189,"time":"2023-12-21T14:52:04.788Z","iobWithZeroTemp":{"iob":-0.987,"basaliob":-1.021,"bolussnooze":0,"activity":-0.0109,"lastBolusTime":1703159836189,"time":"2023-12-21T14:52:04.788Z"}},{"iob":-0.006,"basaliob":-0.036,"bolussnooze":0,"activity":0,"lastBolusTime":1703159836189,"time":"2023-12-21T14:57:04.788Z","iobWithZeroTemp":{"iob":-0.993,"basaliob":-1.023,"bolussnooze":0,"activity":-0.0108,"lastBolusTime":1703159836189,"time":"2023-12-21T14:57:04.788Z"}},{"iob":-0.005,"basaliob":-0.032,"bolussnooze":0,"activity":-1.0E-4,"lastBolusTime":1703159836189,"time":"2023-12-21T15:02:04.788Z","iobWithZeroTemp":{"iob":-0.995,"basaliob":-1.022,"bolussnooze":0,"activity":-0.011,"lastBolusTime":1703159836189,"time":"2023-12-21T15:02:04.788Z"}},{"iob":-0.005,"basaliob":-0.029,"bolussnooze":0,"activity":-1.0E-4,"lastBolusTime":1703159836189,"time":"2023-12-21T15:07:04.788Z","iobWithZeroTemp":{"iob":-0.991,"basaliob":-1.015,"bolussnooze":0,"activity":-0.0111,"lastBolusTime":1703159836189,"time":"2023-12-21T15:07:04.788Z"}},{"iob":-0.004,"basaliob":-0.026,"bolussnooze":0,"activity":-1.0E-4,"lastBolusTime":1703159836189,"time":"2023-12-21T15:12:04.788Z","iobWithZeroTemp":{"iob":-0.985,"basaliob":-1.007,"bolussnooze":0,"activity":-0.0111,"lastBolusTime":1703159836189,"time":"2023-12-21T15:12:04.788Z"}},{"iob":-0.003,"basaliob":-0.023,"bolussnooze":0,"activity":-1.0E-4,"lastBolusTime":1703159836189,"time":"2023-12-21T15:17:04.788Z","iobWithZeroTemp":{"iob":-0.979,"basaliob":-0.999,"bolussnooze":0,"activity":-0.0111,"lastBolusTime":1703159836189,"time":"2023-12-21T15:17:04.788Z"}},{"iob":-0.004,"basaliob":-0.021,"bolussnooze":0,"activity":-1.0E-4,"lastBolusTime":1703159836189,"time":"2023-12-21T15:22:04.788Z","iobWithZeroTemp":{"iob":-0.975,"basaliob":-0.992,"bolussnooze":0,"activity":-0.0111,"lastBolusTime":1703159836189,"time":"2023-12-21T15:22:04.788Z"}},{"iob":-0.003,"basaliob":-0.019,"bolussnooze":0,"activity":0,"lastBolusTime":1703159836189,"time":"2023-12-21T15:27:04.788Z","iobWithZeroTemp":{"iob":-0.968,"basaliob":-0.984,"bolussnooze":0,"activity":-0.011,"lastBolusTime":1703159836189,"time":"2023-12-21T15:27:04.788Z"}},{"iob":-0.003,"basaliob":-0.017,"bolussnooze":0,"activity":-1.0E-4,"lastBolusTime":1703159836189,"time":"2023-12-21T15:32:04.788Z","iobWithZeroTemp":{"iob":-0.963,"basaliob":-0.977,"bolussnooze":0,"activity":-0.0111,"lastBolusTime":1703159836189,"time":"2023-12-21T15:32:04.788Z"}},{"iob":-0.003,"basaliob":-0.015,"bolussnooze":0,"activity":0,"lastBolusTime":1703159836189,"time":"2023-12-21T15:37:04.788Z","iobWithZeroTemp":{"iob":-0.958,"basaliob":-0.97,"bolussnooze":0,"activity":-0.011,"lastBolusTime":1703159836189,"time":"2023-12-21T15:37:04.788Z"}},{"iob":-0.002,"basaliob":-0.013,"bolussnooze":0,"activity":0,"lastBolusTime":1703159836189,"time":"2023-12-21T15:42:04.788Z","iobWithZeroTemp":{"iob":-0.952,"basaliob":-0.963,"bolussnooze":0,"activity":-0.011,"lastBolusTime":1703159836189,"time":"2023-12-21T15:42:04.788Z"}},{"iob":-0.002,"basaliob":-0.012,"bolussnooze":0,"activity":-1.0E-4,"lastBolusTime":1703159836189,"time":"2023-12-21T15:47:04.788Z","iobWithZeroTemp":{"iob":-0.948,"basaliob":-0.958,"bolussnooze":0,"activity":-0.011,"lastBolusTime":1703159836189,"time":"2023-12-21T15:47:04.788Z"}},{"iob":-0.002,"basaliob":-0.011,"bolussnooze":0,"activity":0,"lastBolusTime":1703159836189,"time":"2023-12-21T15:52:04.788Z","iobWithZeroTemp":{"iob":-0.943,"basaliob":-0.952,"bolussnooze":0,"activity":-0.0109,"lastBolusTime":1703159836189,"time":"2023-12-21T15:52:04.788Z"}},{"iob":-0.002,"basaliob":-0.01,"bolussnooze":0,"activity":0,"lastBolusTime":1703159836189,"time":"2023-12-21T15:57:04.788Z","iobWithZeroTemp":{"iob":-0.939,"basaliob":-0.947,"bolussnooze":0,"activity":-0.0109,"lastBolusTime":1703159836189,"time":"2023-12-21T15:57:04.788Z"}}],"profile":{"max_iob":20,"type":"current","max_daily_basal":1.6,"max_basal":3.2,"min_bg":90,"max_bg":90,"target_bg":90,"carb_ratio":8,"sens":108,"max_daily_safety_multiplier":3,"current_basal_safety_multiplier":4,"high_temptarget_raises_sensitivity":false,"low_temptarget_lowers_sensitivity":false,"sensitivity_raises_target":false,"resistance_lowers_target":false,"adv_target_adjustments":false,"exercise_mode":false,"half_basal_exercise_target":160,"maxCOB":120,"skip_neutral_temps":false,"remainingCarbsCap":90,"enableUAM":true,"A52_risk_enable":false,"SMBInterval":3,"enableSMB_with_COB":false,"enableSMB_with_temptarget":false,"allowSMB_with_high_temptarget":true,"enableSMB_always":true,"enableSMB_after_carbs":false,"maxSMBBasalMinutes":120,"maxUAMSMBBasalMinutes":120,"bolus_increment":0.05,"carbsReqThreshold":1,"current_basal":0.8,"temptargetSet":false,"autosens_max":1.8,"out_units":"mmol\/L"},"autosens_data":{"ratio":1},"meal_data":{"carbs":30,"mealCOB":0.5000925925925985,"slopeFromMaxDeviation":-0.797,"slopeFromMinDeviation":1.4240000000000004,"lastBolusTime":1703159836189,"lastCarbTime":1703154952000},"microBolusAllowed":true,"currentTime":1703160126741,"flatBGsDetected":false},"output":{"temp":"absolute","bg":92,"tick":"+1","eventualBG":102,"targetBG":90,"insulinReq":0.03,"deliverAt":"2023-12-21T12:02:06.741Z","sensitivityRatio":1,"predBGs":{"IOB":[92,93,94,95,95,96,97,97,98,98,99,99,99,99,99,99,99,99,99,99,99,99,100,100,100,100,100,100,100,100,100,100,100,100,100,100,100,101],"ZT":[92,91,91,90,90,91,91],"COB":[92,93,94,94,95,95,95,95,95,95,95,95,95,95,95,95,96,96,96,96,96,96,96,96,96,96,97],"UAM":[92,92,92,91,91,91,91,90,90,90,90,90,90,90,90,91,91,91,91,91,91,91,91,91,91,92]},"COB":0.5000925925925985,"IOB":0.001,"reason":"COB: 0.5, Dev: 0.6, BGI: 0.0, ISF: 6.0, CR: 8, Target: 5.0, minPredBG 5.2, minGuardBG 5.0, IOBpredBG 5.6, COBpredBG 5.4, UAMpredBG 5.1; Eventual BG 5.7 >= 5.0,  insulinReq 0.03. 25m@1.00 > 2 * insulinReq. Setting temp basal of 0.86U\/hr.  25m left and 1 ~ req 0.8600000000000001U\/hr: no temp required","timestamp":"2023-12-21T12:02:06.853Z"}}