{"algorithm":"OpenAPSSMBPlugin","input":{"glucoseStatus":{"glucose":88,"noise":0,"delta":-2,"short_avgdelta":-1.33,"long_avgdelta":1.26,"date":1703094402151},"currenttemp":{"temp":"absolute","duration":0,"rate":0},"iob_data":[{"iob":-0.053,"basaliob":-0.281,"bolussnooze":0,"activity":-0.001,"lastBolusTime":1703093235212,"time":"2023-12-20T17:47:08.334Z","iobWithZeroTemp":{"iob":-0.053,"basaliob":-0.281,"bolussnooze":0,"activity":-0.001,"lastBolusTime":1703093235212,"time":"2023-12-20T17:47:08.334Z"}},{"iob":-0.048,"basaliob":-0.262,"bolussnooze":0,"activity":-0.001,"lastBolusTime":1703093235212,"time":"2023-12-20T17:52:08.334Z","iobWithZeroTemp":{"iob":-0.088,"basaliob":-0.302,"bolussnooze":0,"activity":-0.001,"lastBolusTime":1703093235212,"time":"2023-12-20T17:52:08.334Z"}},{"iob":-0.043,"basaliob":-0.243,"bolussnooze":0,"activity":-9.0E-4,"lastBolusTime":1703093235212,"time":"2023-12-20T17:57:08.334Z","iobWithZeroTemp":{"iob":-0.132,"basaliob":-0.332,"bolussnooze":0,"activity":-0.0011,"lastBolusTime":1703093235212,"time":"2023-12-20T17:57:08.334Z"}},{"iob":-0.039,"basaliob":-0.226,"bolussnooze":0,"activity":-8.0E-4,"lastBolusTime":1703093235212,"time":"2023-12-20T18:02:08.334Z","iobWithZeroTemp":{"iob":-0.177,"basaliob":-0.364,"bolussnooze":0,"activity":-0.0012,"lastBolusTime":1703093235212,"time":"2023-12-20T18:02:08.334Z"}},{"iob":-0.035,"basaliob":-0.209,"bolussnooze":0,"activity":-7.0E-4,"lastBolusTime":1703093235212,"time":"2023-12-20T18:07:08.334Z","iobWithZeroTemp":{"iob":-0.22,"basaliob":-0.394,"bolussnooze":0,"activity":-0.0014,"lastBolusTime":1703093235212,"time":"2023-12-20T18:07:08.334Z"}},{"iob":-0.031,"basaliob":-0.193,"bolussnooze":0,"activity":-6.0E-4,"lastBolusTime":1703093235212,"time":"2023-12-20T18:12:08.334Z","iobWithZeroTemp":{"iob":-0.262,"basaliob":-0.424,"bolussnooze":0,"activity":-0.0016,"lastBolusTime":1703093235212,"time":"2023-12-20T18:12:08.334Z"}},{"iob":-0.029,"basaliob":-0.179,"bolussnooze":0,"activity":-6.0E-4,"lastBolusTime":1703093235212,"time":"2023-12-20T18:17:08.334Z","iobWithZeroTemp":{"iob":-0.304,"basaliob":-0.454,"bolussnooze":0,"activity":-0.002,"lastBolusTime":1703093235212,"time":"2023-12-20T18:17:08.334Z"}},{"iob":-0.026,"basaliob":-0.165,"bolussnooze":0,"activity":-6.0E-4,"lastBolusTime":1703093235212,"time":"2023-12-20T18:22:08.334Z","iobWithZeroTemp":{"iob":-0.343,"basaliob":-0.482,"bolussnooze":0,"activity":-0.0024,"lastBolusTime":1703093235212,"time":"2023-12-20T18:22:08.334Z"}},{"iob":-0.023,"basaliob":-0.152,"bolussnooze":0,"activity":-5.0E-4,"lastBolusTime":1703093235212,"time":"2023-12-20T18:27:08.334Z","iobWithZeroTemp":{"iob":-0.38,"basaliob":-0.509,"bolussnooze":0,"activity":-0.0027,"lastBolusTime":1703093235212,"time":"2023-12-20T18:27:08.334Z"}},{"iob":-0.021,"basaliob":-0.14,"bolussnooze":0,"activity":-4.0E-4,"lastBolusTime":1703093235212,"time":"2023-12-20T18:32:08.334Z","iobWithZeroTemp":{"iob":-0.416,"basaliob":-0.535,"bolussnooze":0,"activity":-0.003,"lastBolusTime":1703093235212,"time":"2023-12-20T18:32:08.334Z"}},{"iob":-0.018,"basaliob":-0.128,"bolussnooze":0,"activity":-4.0E-4,"lastBolusTime":1703093235212,"time":"2023-12-20T18:37:08.334Z","iobWithZeroTemp":{"iob":-0.449,"basaliob":-0.559,"bolussnooze":0,"activity":-0.0034,"lastBolusTime":1703093235212,"time":"2023-12-20T18:37:08.334Z"}},{"iob":-0.017,"basaliob":-0.118,"bolussnooze":0,"activity":-3.0E-4,"lastBolusTime":1703093235212,"time":"2023-12-20T18:42:08.334Z","iobWithZeroTemp":{"iob":-0.482,"basaliob":-0.583,"bolussnooze":0,"activity":-0.0037,"lastBolusTime":1703093235212,"time":"2023-12-20T18:42:08.334Z"}},{"iob":-0.015,"basaliob":-0.108,"bolussnooze":0,"activity":-3.0E-4,"lastBolusTime":1703093235212,"time":"2023-12-20T18:47:08.334Z","iobWithZeroTemp":{"iob":-0.512,"basaliob":-0.605,"bolussnooze":0,"activity":-0.0041,"lastBolusTime":1703093235212,"time":"2023-12-20T18:47:08.334Z"}},{"iob":-0.013,"basaliob":-0.099,"bolussnooze":0,"activity":-2.0E-4,"lastBolusTime":1703093235212,"time":"2023-12-20T18:52:08.334Z","iobWithZeroTemp":{"iob":-0.54,"basaliob":-0.626,"bolussnooze":0,"activity":-0.0044,"lastBolusTime":1703093235212,"time":"2023-12-20T18:52:08.334Z"}},{"iob":-0.012,"basaliob":-0.091,"bolussnooze":0,"activity":-3.0E-4,"lastBolusTime":1703093235212,"time":"2023-12-20T18:57:08.334Z","iobWithZeroTemp":{"iob":-0.567,"basaliob":-0.646,"bolussnooze":0,"activity":-0.0049,"lastBolusTime":1703093235212,"time":"2023-12-20T18:57:08.334Z"}},{"iob":-0.011,"basaliob":-0.083,"bolussnooze":0,"activity":-2.0E-4,"lastBolusTime":1703093235212,"time":"2023-12-20T19:02:08.334Z","iobWithZeroTemp":{"iob":-0.592,"basaliob":-0.664,"bolussnooze":0,"activity":-0.0052,"lastBolusTime":1703093235212,"time":"2023-12-20T19:02:08.334Z"}},{"iob":-0.01,"basaliob":-0.076,"bolussnooze":0,"activity":-2.0E-4,"lastBolusTime":1703093235212,"time":"2023-12-20T19:07:08.334Z","iobWithZeroTemp":{"iob":-0.615,"basaliob":-0.681,"bolussnooze":0,"activity":-0.0055,"lastBolusTime":1703093235212,"time":"2023-12-20T19:07:08.334Z"}},{"iob":-0.008,"basaliob":-0.069,"bolussnooze":0,"activity":-2.0E-4,"lastBolusTime":1703093235212,"time":"2023-12-20T19:12:08.334Z","iobWithZeroTemp":{"iob":-0.636,"basaliob":-0.697,"bolussnooze":0,"activity":-0.0059,"lastBolusTime":1703093235212,"time":"2023-12-20T19:12:08.334Z"}},{"iob":-0.008,"basaliob":-0.063,"bolussnooze":0,"activity":-2.0E-4,"lastBolusTime":1703093235212,"time":"2023-12-20T19:17:08.334Z","iobWithZeroTemp":{"iob":-0.657,"basaliob":-0.712,"bolussnooze":0,"activity":-0.0062,"lastBolusTime":1703093235212,"time":"2023-12-20T19:17:08.334Z"}},{"iob":-0.006,"basaliob":-0.057,"bolussnooze":0,"activity":-2.0E-4,"lastBolusTime":1703093235212,"time":"2023-12-20T19:22:08.334Z","iobWithZeroTemp":{"iob":-0.674,"basaliob":-0.725,"bolussnooze":0,"activity":-0.0065,"lastBolusTime":1703093235212,"time":"2023-12-20T19:22:08.334Z"}},{"iob":-0.006,"basaliob":-0.052,"bolussnooze":0,"activity":-2.0E-4,"lastBolusTime":1703093235212,"time":"2023-12-20T19:27:08.334Z","iobWithZeroTemp":{"iob":-0.692,"basaliob":-0.738,"bolussnooze":0,"activity":-0.0068,"lastBolusTime":1703093235212,"time":"2023-12-20T19:27:08.334Z"}},{"iob":-0.005,"basaliob":-0.047,"bolussnooze":0,"activity":-1.0E-4,"lastBolusTime":1703093235212,"time":"2023-12-20T19:32:08.334Z","iobWithZeroTemp":{"iob":-0.708,"basaliob":-0.75,"bolussnooze":0,"activity":-0.0069,"lastBolusTime":1703093235212,"time":"2023-12-20T19:32:08.334Z"}},{"iob":-0.005,"basaliob":-0.043,"bolussnooze":0,"activity":-1.0E-4,"lastBolusTime":1703093235212,"time":"2023-12-20T19:37:08.334Z","iobWithZeroTemp":{"iob":-0.723,"basaliob":-0.761,"bolussnooze":0,"activity":-0.0072,"lastBolusTime":1703093235212,"time":"2023-12-20T19:37:08.334Z"}},{"iob":-0.004,"basaliob":-0.039,"bolussnooze":0,"activity":-1.0E-4,"lastBolusTime":1703093235212,"time":"2023-12-20T19:42:08.334Z","iobWithZeroTemp":{"iob":-0.736,"basaliob":-0.771,"bolussnooze":0,"activity":-0.0074,"lastBolusTime":1703093235212,"time":"2023-12-20T19:42:08.334Z"}},{"iob":-0.004,"basaliob":-0.036,"bolussnooze":0,"activity":-1.0E-4,"lastBolusTime":1703093235212,"time":"2023-12-20T19:47:08.334Z","iobWithZeroTemp":{"iob":-0.749,"basaliob":-0.781,"bolussnooze":0,"activity":-0.0076,"lastBolusTime":1703093235212,"time":"2023-12-20T19:47:08.334Z"}},{"iob":-0.003,"basaliob":-0.032,"bolussnooze":0,"activity":0,"lastBolusTime":1703093235212,"time":"2023-12-20T19:52:08.334Z","iobWithZeroTemp":{"iob":-0.76,"basaliob":-0.789,"bolussnooze":0,"activity":-0.0077,"lastBolusTime":1703093235212,"time":"2023-12-20T19:52:08.334Z"}},{"iob":-0.003,"basaliob":-0.029,"bolussnooze":0,"activity":-1.0E-4,"lastBolusTime":1703093235212,"time":"2023-12-20T19:57:08.334Z","iobWithZeroTemp":{"iob":-0.771,"basaliob":-0.797,"bolussnooze":0,"activity":-0.008,"lastBolusTime":1703093235212,"time":"2023-12-20T19:57:08.334Z"}},{"iob":-0.002,"basaliob":-0.026,"bolussnooze":0,"activity":0,"lastBolusTime":1703093235212,"time":"2023-12-20T20:02:08.334Z","iobWithZeroTemp":{"iob":-0.78,"basaliob":-0.804,"bolussnooze":0,"activity":-0.0081,"lastBolusTime":1703093235212,"time":"2023-12-20T20:02:08.334Z"}},{"iob":-0.002,"basaliob":-0.024,"bolussnooze":0,"activity":-1.0E-4,"lastBolusTime":1703093235212,"time":"2023-12-20T20:07:08.334Z","iobWithZeroTemp":{"iob":-0.802,"basaliob":-0.824,"bolussnooze":0,"activity":-0.0084,"lastBolusTime":1703093235212,"time":"2023-12-20T20:07:08.334Z"}},{"iob":-0.002,"basaliob":-0.022,"bolussnooze":0,"activity":0,"lastBolusTime":1703093235212,"time":"2023-12-20T20:12:08.334Z","iobWithZeroTemp":{"iob":-0.823,"basaliob":-0.843,"bolussnooze":0,"activity":-0.0084,"lastBolusTime":1703093235212,"time":"2023-12-20T20:12:08.334Z"}},{"iob":-0.002,"basaliob":-0.02,"bolussnooze":0,"activity":0,"lastBolusTime":1703093235212,"time":"2023-12-20T20:17:08.334Z","iobWithZeroTemp":{"iob":-0.842,"basaliob":-0.86,"bolussnooze":0,"activity":-0.0086,"lastBolusTime":1703093235212,"time":"2023-12-20T20:17:08.334Z"}},{"iob":-0.002,"basaliob":-0.018,"bolussnooze":0,"activity":-1.0E-4,"lastBolusTime":1703093235212,"time":"2023-12-20T20:22:08.334Z","iobWithZeroTemp":{"iob":-0.861,"basaliob":-0.877,"bolussnooze":0,"activity":-0.0089,"lastBolusTime":1703093235212,"time":"2023-12-20T20:22:08.334Z"}},{"iob":-0.001,"basaliob":-0.016,"bolussnooze":0,"activity":0,"lastBolusTime":1703093235212,"time":"2023-12-20T20:27:08.334Z","iobWithZeroTemp":{"iob":-0.878,"basaliob":-0.893,"bolussnooze":0,"activity":-0.009,"lastBolusTime":1703093235212,"time":"2023-12-20T20:27:08.334Z"}},{"iob":-0.001,"basaliob":-0.014,"bolussnooze":0,"activity":0,"lastBolusTime":1703093235212,"time":"2023-12-20T20:32:08.334Z","iobWithZeroTemp":{"iob":-0.895,"basaliob":-0.908,"bolussnooze":0,"activity":-0.0092,"lastBolusTime":1703093235212,"time":"2023-12-20T20:32:08.334Z"}},{"iob":-0.001,"basaliob":-0.013,"bolussnooze":0,"activity":-1.0E-4,"lastBolusTime":1703093235212,"time":"2023-12-20T20:37:08.334Z","iobWithZeroTemp":{"iob":-0.91,"basaliob":-0.922,"bolussnooze":0,"activity":-0.0095,"lastBolusTime":1703093235212,"time":"2023-12-20T20:37:08.334Z"}},{"iob":-0.001,"basaliob":-0.012,"bolussnooze":0,"activity":0,"lastBolusTime":1703093235212,"time":"2023-12-20T20:42:08.334Z","iobWithZeroTemp":{"iob":-0.925,"basaliob":-0.936,"bolussnooze":0,"activity":-0.0096,"lastBolusTime":1703093235212,"time":"2023-12-20T20:42:08.334Z"}},{"iob":0,"basaliob":-0.01,"bolussnooze":0,"activity":0,"lastBolusTime":1703093235212,"time":"2023-12-20T20:47:08.334Z","iobWithZeroTemp":{"iob":-0.938,"basaliob":-0.948,"bolussnooze":0,"activity":-0.0098,"lastBolusTime":1703093235212,"time":"2023-12-20T20:47:08.334Z"}},{"iob":0,"basaliob":-0.009,"bolussnooze":0,"activity":0,"lastBolusTime":1703093235212,"time":"2023-12-20T20:52:08.334Z","iobWithZeroTemp":{"iob":-0.951,"basaliob":-0.96,"bolussnooze":0,"activity":-0.01,"lastBolusTime":1703093235212,"time":"2023-12-20T20:52:08.334Z"}},{"iob":0,"basaliob":-0.008,"bolussnooze":0,"activity":0,"lastBolusTime":1703093235212,"time":"2023-12-20T20:57:08.334Z","iobWithZeroTemp":{"iob":-0.963,"basaliob":-0.971,"bolussnooze":0,"activity":-0.0102,"lastBolusTime":1703093235212,"time":"2023-12-20T20:57:08.334Z"}},{"iob":-0.001,"basaliob":-0.008,"bolussnooze":0,"activity":-1.0E-4,"lastBolusTime":1703093235212,"time":"2023-12-20T21:02:08.334Z","iobWithZeroTemp":{"iob":-0.975,"basaliob":-0.982,"bolussnooze":0,"activity":-0.0104,"lastBolusTime":1703093235212,"time":"2023-12-20T21:02:08.334Z"}},{"iob":-0.001,"basaliob":-0.007,"bolussnooze":0,"activity":0,"lastBolusTime":1703093235212,"time":"2023-12-20T21:07:08.334Z","iobWithZeroTemp":{"iob":-1.031,"basaliob":-1.037,"bolussnooze":0,"activity":-0.0106,"lastBolusTime":1703093235212,"time":"2023-12-20T21:07:08.334Z"}},{"iob":0,"basaliob":-0.006,"bolussnooze":0,"activity":0,"lastBolusTime":1703093235212,"time":"2023-12-20T21:12:08.334Z","iobWithZeroTemp":{"iob":-1.091,"basaliob":-1.097,"bolussnooze":0,"activity":-0.0109,"lastBolusTime":1703093235212,"time":"2023-12-20T21:12:08.334Z"}},{"iob":0,"basaliob":-0.005,"bolussnooze":0,"activity":0,"lastBolusTime":1703093235212,"time":"2023-12-20T21:17:08.334Z","iobWithZeroTemp":{"iob":-1.144,"basaliob":-1.149,"bolussnooze":0,"activity":-0.0113,"lastBolusTime":1703093235212,"time":"2023-12-20T21:17:08.334Z"}},{"iob":0,"basaliob":-0.005,"bolussnooze":0,"activity":0,"lastBolusTime":1703093235212,"time":"2023-12-20T21:22:08.334Z","iobWithZeroTemp":{"iob":-1.195,"basaliob":-1.2,"bolussnooze":0,"activity":-0.0117,"lastBolusTime":1703093235212,"time":"2023-12-20T21:22:08.334Z"}},{"iob":0,"basaliob":-0.004,"bolussnooze":0,"activity":0,"lastBolusTime":1703093235212,"time":"2023-12-20T21:27:08.334Z","iobWithZeroTemp":{"iob":-1.243,"basaliob":-1.247,"bolussnooze":0,"activity":-0.0121,"lastBolusTime":1703093235212,"time":"2023-12-20T21:27:08.334Z"}},{"iob":0,"basaliob":-0.004,"bolussnooze":0,"activity":0,"lastBolusTime":1703093235212,"time":"2023-12-20T21:32:08.334Z","iobWithZeroTemp":{"iob":-1.29,"basaliob":-1.294,"bolussnooze":0,"activity":-0.0126,"lastBolusTime":1703093235212,"time":"2023-12-20T21:32:08.334Z"}},{"iob":0,"basaliob":-0.003,"bolussnooze":0,"activity":0,"lastBolusTime":1703093235212,"time":"2023-12-20T21:37:08.334Z","iobWithZeroTemp":{"iob":-1.334,"basaliob":-1.337,"bolussnooze":0,"activity":-0.013,"lastBolusTime":1703093235212,"time":"2023-12-20T21:37:08.334Z"}},{"iob":0,"basaliob":-0.003,"bolussnooze":0,"activity":0,"lastBolusTime":1703093235212,"time":"2023-12-20T21:42:08.334Z","iobWithZeroTemp":{"iob":-1.376,"basaliob":-1.379,"bolussnooze":0,"activity":-0.0135,"lastBolusTime":1703093235212,"time":"2023-12-20T21:42:08.334Z"}}],"profile":{"max_iob":20,"type":"current","max_daily_basal":1.6,"max_basal":2.4,"min_bg":90,"max_bg":90,"target_bg":90,"carb_ratio":8,"sens":108,"max_daily_safety_multiplier":3,"current_basal_safety_multiplier":4,"high_temptarget_raises_sensitivity":false,"low_temptarget_lowers_sensitivity":false,"sensitivity_raises_target":false,"resistance_lowers_target":false,"adv_target_adjustments":false,"exercise_mode":false,"half_basal_exercise_target":160,"maxCOB":120,"skip_neutral_temps":false,"remainingCarbsCap":90,"enableUAM":true,"A52_risk_enable":false,"SMBInterval":3,"enableSMB_with_COB":false,"enableSMB_with_temptarget":false,"allowSMB_with_high_temptarget":true,"enableSMB_always":true,"enableSMB_after_carbs":false,"maxSMBBasalMinutes":120,"maxUAMSMBBasalMinutes":120,"bolus_increment":0.05,"carbsReqThreshold":1,"current_basal":0.6,"temptargetSet":false,"autosens_max":1.8,"out_units":"mmol\/L"},"autosens_data":{"ratio":1},"meal_data":{"carbs":10,"mealCOB":0,"slopeFromMaxDeviation":-2.0963333333333334,"slopeFromMinDeviation":0.9413333333333331,"lastBolusTime":1703093235212,"lastCarbTime":1703074649000},"microBolusAllowed":true,"currentTime":1703094430708,"flatBGsDetected":false},"output":{"temp":"absolute","bg":88,"tick":-2,"eventualBG":98,"targetBG":90,"insulinReq":-0.11,"deliverAt":"2023-12-20T17:47:10.708Z","sensitivityRatio":1,"predBGs":{"IOB":[88,86,85,83,82,81,80,79,79,78,78,78,78,79,79,79,79,79,79,79,79,80],"ZT":[88,89,89,90,90,91,92]},"COB":0,"IOB":-0.053,"reason":"COB: 0, Dev: 0.2, BGI: 0.0, ISF: 6.0, CR: 8, Target: 5.0, minPredBG 4.3, minGuardBG 4.3, IOBpredBG 4.4; Eventual BG 5.4 >= 5.0,  insulinReq -0.11; setting 30m low temp of 0.06U\/h. ","rate":0.06,"duration":30,"timestamp":"2023-12-20T17:47:10.957Z"}}