{"algorithm":"OpenAPSSMBPlugin","input":{"glucoseStatus":{"glucose":72,"noise":0,"delta":-5,"short_avgdelta":-4.72,"long_avgdelta":-4.92,"date":1703153204814},"currenttemp":{"temp":"absolute","duration":111,"rate":0,"minutesrunning":9},"iob_data":[{"iob":2.031,"basaliob":-1.143,"bolussnooze":1.0029,"activity":0.0314,"lastBolusTime":1703150345373,"time":"2023-12-21T10:07:03.018Z","iobWithZeroTemp":{"iob":2.031,"basaliob":-1.143,"bolussnooze":1.0029,"activity":0.0314,"lastBolusTime":1703150345373,"time":"2023-12-21T10:07:03.018Z"}},{"iob":1.879,"basaliob":-1.082,"bolussnooze":0.8445,"activity":0.0296,"lastBolusTime":1703150345373,"time":"2023-12-21T10:12:03.018Z","iobWithZeroTemp":{"iob":1.819,"basaliob":-1.142,"bolussnooze":0.8445,"activity":0.0295,"lastBolusTime":1703150345373,"time":"2023-12-21T10:12:03.018Z"}},{"iob":1.735,"basaliob":-1.021,"bolussnooze":0.7083,"activity":0.0278,"lastBolusTime":1703150345373,"time":"2023-12-21T10:17:03.018Z","iobWithZeroTemp":{"iob":1.601,"basaliob":-1.155,"bolussnooze":0.7083,"activity":0.0275,"lastBolusTime":1703150345373,"time":"2023-12-21T10:17:03.018Z"}},{"iob":1.6,"basaliob":-0.96,"bolussnooze":0.5919,"activity":0.0261,"lastBolusTime":1703150345373,"time":"2023-12-21T10:22:03.018Z","iobWithZeroTemp":{"iob":1.393,"basaliob":-1.167,"bolussnooze":0.5919,"activity":0.0255,"lastBolusTime":1703150345373,"time":"2023-12-21T10:22:03.018Z"}},{"iob":1.475,"basaliob":-0.9,"bolussnooze":0.4929,"activity":0.0244,"lastBolusTime":1703150345373,"time":"2023-12-21T10:27:03.018Z","iobWithZeroTemp":{"iob":1.197,"basaliob":-1.178,"bolussnooze":0.4929,"activity":0.0234,"lastBolusTime":1703150345373,"time":"2023-12-21T10:27:03.018Z"}},{"iob":1.356,"basaliob":-0.843,"bolussnooze":0.409,"activity":0.0227,"lastBolusTime":1703150345373,"time":"2023-12-21T10:32:03.018Z","iobWithZeroTemp":{"iob":1.009,"basaliob":-1.19,"bolussnooze":0.409,"activity":0.0212,"lastBolusTime":1703150345373,"time":"2023-12-21T10:32:03.018Z"}},{"iob":1.247,"basaliob":-0.787,"bolussnooze":0.3384,"activity":0.0211,"lastBolusTime":1703150345373,"time":"2023-12-21T10:37:03.018Z","iobWithZeroTemp":{"iob":0.834,"basaliob":-1.2,"bolussnooze":0.3384,"activity":0.019,"lastBolusTime":1703150345373,"time":"2023-12-21T10:37:03.018Z"}},{"iob":1.145,"basaliob":-0.733,"bolussnooze":0.2791,"activity":0.0197,"lastBolusTime":1703150345373,"time":"2023-12-21T10:42:03.018Z","iobWithZeroTemp":{"iob":0.669,"basaliob":-1.209,"bolussnooze":0.2791,"activity":0.017,"lastBolusTime":1703150345373,"time":"2023-12-21T10:42:03.018Z"}},{"iob":1.05,"basaliob":-0.682,"bolussnooze":0.2296,"activity":0.0183,"lastBolusTime":1703150345373,"time":"2023-12-21T10:47:03.018Z","iobWithZeroTemp":{"iob":0.514,"basaliob":-1.218,"bolussnooze":0.2296,"activity":0.015,"lastBolusTime":1703150345373,"time":"2023-12-21T10:47:03.018Z"}},{"iob":0.962,"basaliob":-0.633,"bolussnooze":0.1883,"activity":0.0169,"lastBolusTime":1703150345373,"time":"2023-12-21T10:52:03.018Z","iobWithZeroTemp":{"iob":0.369,"basaliob":-1.226,"bolussnooze":0.1883,"activity":0.013,"lastBolusTime":1703150345373,"time":"2023-12-21T10:52:03.018Z"}},{"iob":0.882,"basaliob":-0.586,"bolussnooze":0.1539,"activity":0.0156,"lastBolusTime":1703150345373,"time":"2023-12-21T10:57:03.018Z","iobWithZeroTemp":{"iob":0.235,"basaliob":-1.233,"bolussnooze":0.1539,"activity":0.0111,"lastBolusTime":1703150345373,"time":"2023-12-21T10:57:03.018Z"}},{"iob":0.806,"basaliob":-0.543,"bolussnooze":0.1255,"activity":0.0144,"lastBolusTime":1703150345373,"time":"2023-12-21T11:02:03.018Z","iobWithZeroTemp":{"iob":0.108,"basaliob":-1.241,"bolussnooze":0.1255,"activity":0.0093,"lastBolusTime":1703150345373,"time":"2023-12-21T11:02:03.018Z"}},{"iob":0.737,"basaliob":-0.501,"bolussnooze":0.1021,"activity":0.0133,"lastBolusTime":1703150345373,"time":"2023-12-21T11:07:03.018Z","iobWithZeroTemp":{"iob":-0.001,"basaliob":-1.239,"bolussnooze":0.1021,"activity":0.0076,"lastBolusTime":1703150345373,"time":"2023-12-21T11:07:03.018Z"}},{"iob":0.672,"basaliob":-0.463,"bolussnooze":0.0827,"activity":0.0123,"lastBolusTime":1703150345373,"time":"2023-12-21T11:12:03.018Z","iobWithZeroTemp":{"iob":-0.102,"basaliob":-1.237,"bolussnooze":0.0827,"activity":0.006,"lastBolusTime":1703150345373,"time":"2023-12-21T11:12:03.018Z"}},{"iob":0.614,"basaliob":-0.426,"bolussnooze":0.0669,"activity":0.0113,"lastBolusTime":1703150345373,"time":"2023-12-21T11:17:03.018Z","iobWithZeroTemp":{"iob":-0.194,"basaliob":-1.234,"bolussnooze":0.0669,"activity":0.0045,"lastBolusTime":1703150345373,"time":"2023-12-21T11:17:03.018Z"}},{"iob":0.56,"basaliob":-0.392,"bolussnooze":0.0539,"activity":0.0104,"lastBolusTime":1703150345373,"time":"2023-12-21T11:22:03.018Z","iobWithZeroTemp":{"iob":-0.279,"basaliob":-1.231,"bolussnooze":0.0539,"activity":0.0031,"lastBolusTime":1703150345373,"time":"2023-12-21T11:22:03.018Z"}},{"iob":0.509,"basaliob":-0.361,"bolussnooze":0.0433,"activity":0.0096,"lastBolusTime":1703150345373,"time":"2023-12-21T11:27:03.018Z","iobWithZeroTemp":{"iob":-0.359,"basaliob":-1.229,"bolussnooze":0.0433,"activity":0.0018,"lastBolusTime":1703150345373,"time":"2023-12-21T11:27:03.018Z"}},{"iob":0.464,"basaliob":-0.331,"bolussnooze":0.0347,"activity":0.0087,"lastBolusTime":1703150345373,"time":"2023-12-21T11:32:03.018Z","iobWithZeroTemp":{"iob":-0.431,"basaliob":-1.226,"bolussnooze":0.0347,"activity":5.0E-4,"lastBolusTime":1703150345373,"time":"2023-12-21T11:32:03.018Z"}},{"iob":0.422,"basaliob":-0.304,"bolussnooze":0.0277,"activity":0.008,"lastBolusTime":1703150345373,"time":"2023-12-21T11:37:03.018Z","iobWithZeroTemp":{"iob":-0.498,"basaliob":-1.224,"bolussnooze":0.0277,"activity":-7.0E-4,"lastBolusTime":1703150345373,"time":"2023-12-21T11:37:03.018Z"}},{"iob":0.383,"basaliob":-0.279,"bolussnooze":0.022,"activity":0.0073,"lastBolusTime":1703150345373,"time":"2023-12-21T11:42:03.018Z","iobWithZeroTemp":{"iob":-0.559,"basaliob":-1.221,"bolussnooze":0.022,"activity":-0.0017,"lastBolusTime":1703150345373,"time":"2023-12-21T11:42:03.018Z"}},{"iob":0.348,"basaliob":-0.255,"bolussnooze":0.0174,"activity":0.0068,"lastBolusTime":1703150345373,"time":"2023-12-21T11:47:03.018Z","iobWithZeroTemp":{"iob":-0.609,"basaliob":-1.212,"bolussnooze":0.0174,"activity":-0.0025,"lastBolusTime":1703150345373,"time":"2023-12-21T11:47:03.018Z"}},{"iob":0.316,"basaliob":-0.233,"bolussnooze":0.0138,"activity":0.0061,"lastBolusTime":1703150345373,"time":"2023-12-21T11:52:03.018Z","iobWithZeroTemp":{"iob":-0.66,"basaliob":-1.209,"bolussnooze":0.0138,"activity":-0.0035,"lastBolusTime":1703150345373,"time":"2023-12-21T11:52:03.018Z"}},{"iob":0.287,"basaliob":-0.213,"bolussnooze":0.0108,"activity":0.0056,"lastBolusTime":1703150345373,"time":"2023-12-21T11:57:03.018Z","iobWithZeroTemp":{"iob":-0.707,"basaliob":-1.207,"bolussnooze":0.0108,"activity":-0.0044,"lastBolusTime":1703150345373,"time":"2023-12-21T11:57:03.018Z"}},{"iob":0.259,"basaliob":-0.195,"bolussnooze":0.0084,"activity":0.0051,"lastBolusTime":1703150345373,"time":"2023-12-21T12:02:03.018Z","iobWithZeroTemp":{"iob":-0.751,"basaliob":-1.205,"bolussnooze":0.0084,"activity":-0.0051,"lastBolusTime":1703150345373,"time":"2023-12-21T12:02:03.018Z"}},{"iob":0.235,"basaliob":-0.178,"bolussnooze":0.0066,"activity":0.0047,"lastBolusTime":1703150345373,"time":"2023-12-21T12:07:03.018Z","iobWithZeroTemp":{"iob":-0.79,"basaliob":-1.203,"bolussnooze":0.0066,"activity":-0.0058,"lastBolusTime":1703150345373,"time":"2023-12-21T12:07:03.018Z"}},{"iob":0.213,"basaliob":-0.162,"bolussnooze":0.0051,"activity":0.0043,"lastBolusTime":1703150345373,"time":"2023-12-21T12:12:03.018Z","iobWithZeroTemp":{"iob":-0.825,"basaliob":-1.2,"bolussnooze":0.0051,"activity":-0.0064,"lastBolusTime":1703150345373,"time":"2023-12-21T12:12:03.018Z"}},{"iob":0.193,"basaliob":-0.147,"bolussnooze":0.0039,"activity":0.0039,"lastBolusTime":1703150345373,"time":"2023-12-21T12:17:03.018Z","iobWithZeroTemp":{"iob":-0.858,"basaliob":-1.198,"bolussnooze":0.0039,"activity":-0.0071,"lastBolusTime":1703150345373,"time":"2023-12-21T12:17:03.018Z"}},{"iob":0.174,"basaliob":-0.134,"bolussnooze":0.003,"activity":0.0036,"lastBolusTime":1703150345373,"time":"2023-12-21T12:22:03.018Z","iobWithZeroTemp":{"iob":-0.888,"basaliob":-1.196,"bolussnooze":0.003,"activity":-0.0076,"lastBolusTime":1703150345373,"time":"2023-12-21T12:22:03.018Z"}},{"iob":0.157,"basaliob":-0.122,"bolussnooze":0.0022,"activity":0.0032,"lastBolusTime":1703150345373,"time":"2023-12-21T12:27:03.018Z","iobWithZeroTemp":{"iob":-0.916,"basaliob":-1.195,"bolussnooze":0.0022,"activity":-0.0082,"lastBolusTime":1703150345373,"time":"2023-12-21T12:27:03.018Z"}},{"iob":0.142,"basaliob":-0.111,"bolussnooze":0.0017,"activity":0.003,"lastBolusTime":1703150345373,"time":"2023-12-21T12:32:03.018Z","iobWithZeroTemp":{"iob":-0.94,"basaliob":-1.193,"bolussnooze":0.0017,"activity":-0.0085,"lastBolusTime":1703150345373,"time":"2023-12-21T12:32:03.018Z"}},{"iob":0.128,"basaliob":-0.101,"bolussnooze":0.0012,"activity":0.0026,"lastBolusTime":1703150345373,"time":"2023-12-21T12:37:03.018Z","iobWithZeroTemp":{"iob":-0.963,"basaliob":-1.192,"bolussnooze":0.0012,"activity":-0.0091,"lastBolusTime":1703150345373,"time":"2023-12-21T12:37:03.018Z"}},{"iob":0.116,"basaliob":-0.091,"bolussnooze":9.0E-4,"activity":0.0024,"lastBolusTime":1703150345373,"time":"2023-12-21T12:42:03.018Z","iobWithZeroTemp":{"iob":-0.983,"basaliob":-1.19,"bolussnooze":9.0E-4,"activity":-0.0094,"lastBolusTime":1703150345373,"time":"2023-12-21T12:42:03.018Z"}},{"iob":0.104,"basaliob":-0.083,"bolussnooze":7.0E-4,"activity":0.0022,"lastBolusTime":1703150345373,"time":"2023-12-21T12:47:03.018Z","iobWithZeroTemp":{"iob":-1.002,"basaliob":-1.189,"bolussnooze":7.0E-4,"activity":-0.0098,"lastBolusTime":1703150345373,"time":"2023-12-21T12:47:03.018Z"}},{"iob":0.093,"basaliob":-0.075,"bolussnooze":5.0E-4,"activity":0.002,"lastBolusTime":1703150345373,"time":"2023-12-21T12:52:03.018Z","iobWithZeroTemp":{"iob":-1.019,"basaliob":-1.187,"bolussnooze":5.0E-4,"activity":-0.0101,"lastBolusTime":1703150345373,"time":"2023-12-21T12:52:03.018Z"}},{"iob":0.084,"basaliob":-0.068,"bolussnooze":3.0E-4,"activity":0.0017,"lastBolusTime":1703150345373,"time":"2023-12-21T12:57:03.018Z","iobWithZeroTemp":{"iob":-1.034,"basaliob":-1.186,"bolussnooze":3.0E-4,"activity":-0.0105,"lastBolusTime":1703150345373,"time":"2023-12-21T12:57:03.018Z"}},{"iob":0.076,"basaliob":-0.061,"bolussnooze":2.0E-4,"activity":0.0017,"lastBolusTime":1703150345373,"time":"2023-12-21T13:02:03.018Z","iobWithZeroTemp":{"iob":-1.047,"basaliob":-1.184,"bolussnooze":2.0E-4,"activity":-0.0106,"lastBolusTime":1703150345373,"time":"2023-12-21T13:02:03.018Z"}},{"iob":0.068,"basaliob":-0.055,"bolussnooze":1.0E-4,"activity":0.0015,"lastBolusTime":1703150345373,"time":"2023-12-21T13:07:03.018Z","iobWithZeroTemp":{"iob":-1.052,"basaliob":-1.175,"bolussnooze":1.0E-4,"activity":-0.0109,"lastBolusTime":1703150345373,"time":"2023-12-21T13:07:03.018Z"}},{"iob":0.061,"basaliob":-0.05,"bolussnooze":1.0E-4,"activity":0.0013,"lastBolusTime":1703150345373,"time":"2023-12-21T13:12:03.018Z","iobWithZeroTemp":{"iob":-1.055,"basaliob":-1.166,"bolussnooze":1.0E-4,"activity":-0.0112,"lastBolusTime":1703150345373,"time":"2023-12-21T13:12:03.018Z"}},{"iob":0.055,"basaliob":-0.045,"bolussnooze":1.0E-4,"activity":0.0012,"lastBolusTime":1703150345373,"time":"2023-12-21T13:17:03.018Z","iobWithZeroTemp":{"iob":-1.057,"basaliob":-1.157,"bolussnooze":1.0E-4,"activity":-0.0113,"lastBolusTime":1703150345373,"time":"2023-12-21T13:17:03.018Z"}},{"iob":0.049,"basaliob":-0.041,"bolussnooze":0,"activity":0.0011,"lastBolusTime":1703150345373,"time":"2023-12-21T13:22:03.018Z","iobWithZeroTemp":{"iob":-1.059,"basaliob":-1.149,"bolussnooze":0,"activity":-0.0114,"lastBolusTime":1703150345373,"time":"2023-12-21T13:22:03.018Z"}},{"iob":0.044,"basaliob":-0.037,"bolussnooze":0,"activity":9.0E-4,"lastBolusTime":1703150345373,"time":"2023-12-21T13:27:03.018Z","iobWithZeroTemp":{"iob":-1.06,"basaliob":-1.141,"bolussnooze":0,"activity":-0.0116,"lastBolusTime":1703150345373,"time":"2023-12-21T13:27:03.018Z"}},{"iob":0.039,"basaliob":-0.033,"bolussnooze":0,"activity":9.0E-4,"lastBolusTime":1703150345373,"time":"2023-12-21T13:32:03.018Z","iobWithZeroTemp":{"iob":-1.06,"basaliob":-1.132,"bolussnooze":0,"activity":-0.0116,"lastBolusTime":1703150345373,"time":"2023-12-21T13:32:03.018Z"}},{"iob":0.035,"basaliob":-0.03,"bolussnooze":0,"activity":8.0E-4,"lastBolusTime":1703150345373,"time":"2023-12-21T13:37:03.018Z","iobWithZeroTemp":{"iob":-1.06,"basaliob":-1.125,"bolussnooze":0,"activity":-0.0117,"lastBolusTime":1703150345373,"time":"2023-12-21T13:37:03.018Z"}},{"iob":0.031,"basaliob":-0.027,"bolussnooze":0,"activity":7.0E-4,"lastBolusTime":1703150345373,"time":"2023-12-21T13:42:03.018Z","iobWithZeroTemp":{"iob":-1.06,"basaliob":-1.118,"bolussnooze":0,"activity":-0.0118,"lastBolusTime":1703150345373,"time":"2023-12-21T13:42:03.018Z"}},{"iob":0.028,"basaliob":-0.024,"bolussnooze":0,"activity":7.0E-4,"lastBolusTime":1703150345373,"time":"2023-12-21T13:47:03.018Z","iobWithZeroTemp":{"iob":-1.059,"basaliob":-1.111,"bolussnooze":0,"activity":-0.0118,"lastBolusTime":1703150345373,"time":"2023-12-21T13:47:03.018Z"}},{"iob":0.025,"basaliob":-0.022,"bolussnooze":0,"activity":5.0E-4,"lastBolusTime":1703150345373,"time":"2023-12-21T13:52:03.018Z","iobWithZeroTemp":{"iob":-1.058,"basaliob":-1.105,"bolussnooze":0,"activity":-0.012,"lastBolusTime":1703150345373,"time":"2023-12-21T13:52:03.018Z"}},{"iob":0.023,"basaliob":-0.019,"bolussnooze":0,"activity":5.0E-4,"lastBolusTime":1703150345373,"time":"2023-12-21T13:57:03.018Z","iobWithZeroTemp":{"iob":-1.056,"basaliob":-1.098,"bolussnooze":0,"activity":-0.0119,"lastBolusTime":1703150345373,"time":"2023-12-21T13:57:03.018Z"}},{"iob":0.02,"basaliob":-0.017,"bolussnooze":0,"activity":4.0E-4,"lastBolusTime":1703150345373,"time":"2023-12-21T14:02:03.018Z","iobWithZeroTemp":{"iob":-1.055,"basaliob":-1.092,"bolussnooze":0,"activity":-0.012,"lastBolusTime":1703150345373,"time":"2023-12-21T14:02:03.018Z"}}],"profile":{"max_iob":20,"type":"current","max_daily_basal":1.6,"max_basal":3.6,"min_bg":90,"max_bg":90,"target_bg":90,"carb_ratio":6,"sens":81,"max_daily_safety_multiplier":3,"current_basal_safety_multiplier":4,"high_temptarget_raises_sensitivity":false,"low_temptarget_lowers_sensitivity":false,"sensitivity_raises_target":false,"resistance_lowers_target":false,"adv_target_adjustments":false,"exercise_mode":false,"half_basal_exercise_target":160,"maxCOB":120,"skip_neutral_temps":false,"remainingCarbsCap":90,"enableUAM":true,"A52_risk_enable":false,"SMBInterval":3,"enableSMB_with_COB":false,"enableSMB_with_temptarget":false,"allowSMB_with_high_temptarget":true,"enableSMB_always":true,"enableSMB_after_carbs":false,"maxSMBBasalMinutes":120,"maxUAMSMBBasalMinutes":120,"bolus_increment":0.05,"carbsReqThreshold":1,"current_basal":0.9,"temptargetSet":false,"autosens_max":1.8,"out_units":"mmol\/L"},"autosens_data":{"ratio":1},"meal_data":{"carbs":20,"mealCOB":5.925611111111113,"slopeFromMaxDeviation":-0.8868888888888887,"slopeFromMinDeviation":0.061181818181818184,"lastBolusTime":1703150345373,"lastCarbTime":1703147012000},"microBolusAllowed":true,"currentTime":1703153223687,"flatBGsDetected":false},"output":{"temp":"absolute","bg":72,"tick":-5,"eventualBG":39,"targetBG":90,"insulinReq":0,"deliverAt":"2023-12-21T10:07:03.687Z","sensitivityRatio":1,"predBGs":{"IOB":[72,66,61,55,50,44,39,39,39,39,39,39,39],"ZT":[72,59,47,39,39,39,39,39,39,39,39,39,39,39,39,39,39,39,39,39,39,39,39,39,39,39,39,39,39,39,39,39,39,39,39,39,39,39,39,39,39,39,41,45,50,55,60,65],"COB":[72,67,62,57,53,49,45,41,39,39,39,39,39],"UAM":[72,66,60,54,47,41,39,39,39,39,39,39,39]},"COB":5.925611111111113,"IOB":2.031,"reason":"COB: 5.9, Dev: 2.6, BGI: -0.7, ISF: 4.5, CR: 6, Target: 5.0, minPredBG -2.0, minGuardBG -3.0, IOBpredBG 2.2, COBpredBG 2.2, UAMpredBG 2.2; 10 add'l carbs req w\/in 10m; minGuardBG -3.0<3.6 111m left and 0 ~ req 0U\/hr: no temp required","carbsReq":10,"carbsReqWithin":10,"timestamp":"2023-12-21T10:07:03.763Z"}}