{"algorithm":"OpenAPSSMBPlugin","input":{"glucoseStatus":{"glucose":82,"noise":0,"delta":5,"short_avgdelta":3.89,"long_avgdelta":-1.44,"date":1703161905195},"currenttemp":{"temp":"absolute","duration":25,"rate":0.65,"minutesrunning":5},"iob_data":[{"iob":-0.195,"basaliob":-0.71,"bolussnooze":0.0017,"activity":-5.0E-4,"lastBolusTime":1703159836189,"time":"2023-12-21T12:32:06.020Z","iobWithZeroTemp":{"iob":-0.195,"basaliob":-0.71,"bolussnooze":0.0017,"activity":-5.0E-4,"lastBolusTime":1703159836189,"time":"2023-12-21T12:32:06.020Z"}},{"iob":-0.192,"basaliob":-0.665,"bolussnooze":0.0012,"activity":-8.0E-4,"lastBolusTime":1703159836189,"time":"2023-12-21T12:37:06.020Z","iobWithZeroTemp":{"iob":-0.245,"basaliob":-0.718,"bolussnooze":0.0012,"activity":-9.0E-4,"lastBolusTime":1703159836189,"time":"2023-12-21T12:37:06.020Z"}},{"iob":-0.188,"basaliob":-0.621,"bolussnooze":9.0E-4,"activity":-0.0011,"lastBolusTime":1703159836189,"time":"2023-12-21T12:42:06.020Z","iobWithZeroTemp":{"iob":-0.307,"basaliob":-0.74,"bolussnooze":9.0E-4,"activity":-0.0013,"lastBolusTime":1703159836189,"time":"2023-12-21T12:42:06.020Z"}},{"iob":-0.182,"basaliob":-0.579,"bolussnooze":7.0E-4,"activity":-0.0012,"lastBolusTime":1703159836189,"time":"2023-12-21T12:47:06.020Z","iobWithZeroTemp":{"iob":-0.366,"basaliob":-0.763,"bolussnooze":7.0E-4,"activity":-0.0017,"lastBolusTime":1703159836189,"time":"2023-12-21T12:47:06.020Z"}},{"iob":-0.176,"basaliob":-0.539,"bolussnooze":5.0E-4,"activity":-0.0014,"lastBolusTime":1703159836189,"time":"2023-12-21T12:52:06.020Z","iobWithZeroTemp":{"iob":-0.423,"basaliob":-0.786,"bolussnooze":5.0E-4,"activity":-0.0023,"lastBolusTime":1703159836189,"time":"2023-12-21T12:52:06.020Z"}},{"iob":-0.169,"basaliob":-0.501,"bolussnooze":3.0E-4,"activity":-0.0015,"lastBolusTime":1703159836189,"time":"2023-12-21T12:57:06.020Z","iobWithZeroTemp":{"iob":-0.477,"basaliob":-0.809,"bolussnooze":3.0E-4,"activity":-0.0029,"lastBolusTime":1703159836189,"time":"2023-12-21T12:57:06.020Z"}},{"iob":-0.16,"basaliob":-0.464,"bolussnooze":2.0E-4,"activity":-0.0016,"lastBolusTime":1703159836189,"time":"2023-12-21T13:02:06.020Z","iobWithZeroTemp":{"iob":-0.527,"basaliob":-0.831,"bolussnooze":2.0E-4,"activity":-0.0035,"lastBolusTime":1703159836189,"time":"2023-12-21T13:02:06.020Z"}},{"iob":-0.153,"basaliob":-0.43,"bolussnooze":1.0E-4,"activity":-0.0016,"lastBolusTime":1703159836189,"time":"2023-12-21T13:07:06.020Z","iobWithZeroTemp":{"iob":-0.568,"basaliob":-0.845,"bolussnooze":1.0E-4,"activity":-0.004,"lastBolusTime":1703159836189,"time":"2023-12-21T13:07:06.020Z"}},{"iob":-0.144,"basaliob":-0.397,"bolussnooze":1.0E-4,"activity":-0.0016,"lastBolusTime":1703159836189,"time":"2023-12-21T13:12:06.020Z","iobWithZeroTemp":{"iob":-0.604,"basaliob":-0.857,"bolussnooze":1.0E-4,"activity":-0.0045,"lastBolusTime":1703159836189,"time":"2023-12-21T13:12:06.020Z"}},{"iob":-0.137,"basaliob":-0.367,"bolussnooze":1.0E-4,"activity":-0.0016,"lastBolusTime":1703159836189,"time":"2023-12-21T13:17:06.020Z","iobWithZeroTemp":{"iob":-0.64,"basaliob":-0.87,"bolussnooze":1.0E-4,"activity":-0.005,"lastBolusTime":1703159836189,"time":"2023-12-21T13:17:06.020Z"}},{"iob":-0.128,"basaliob":-0.338,"bolussnooze":0,"activity":-0.0015,"lastBolusTime":1703159836189,"time":"2023-12-21T13:22:06.020Z","iobWithZeroTemp":{"iob":-0.664,"basaliob":-0.874,"bolussnooze":0,"activity":-0.0053,"lastBolusTime":1703159836189,"time":"2023-12-21T13:22:06.020Z"}},{"iob":-0.12,"basaliob":-0.311,"bolussnooze":0,"activity":-0.0016,"lastBolusTime":1703159836189,"time":"2023-12-21T13:27:06.020Z","iobWithZeroTemp":{"iob":-0.694,"basaliob":-0.885,"bolussnooze":0,"activity":-0.0059,"lastBolusTime":1703159836189,"time":"2023-12-21T13:27:06.020Z"}},{"iob":-0.113,"basaliob":-0.286,"bolussnooze":0,"activity":-0.0015,"lastBolusTime":1703159836189,"time":"2023-12-21T13:32:06.020Z","iobWithZeroTemp":{"iob":-0.722,"basaliob":-0.895,"bolussnooze":0,"activity":-0.0063,"lastBolusTime":1703159836189,"time":"2023-12-21T13:32:06.020Z"}},{"iob":-0.106,"basaliob":-0.263,"bolussnooze":0,"activity":-0.0015,"lastBolusTime":1703159836189,"time":"2023-12-21T13:37:06.020Z","iobWithZeroTemp":{"iob":-0.749,"basaliob":-0.906,"bolussnooze":0,"activity":-0.0068,"lastBolusTime":1703159836189,"time":"2023-12-21T13:37:06.020Z"}},{"iob":-0.098,"basaliob":-0.241,"bolussnooze":0,"activity":-0.0014,"lastBolusTime":1703159836189,"time":"2023-12-21T13:42:06.020Z","iobWithZeroTemp":{"iob":-0.772,"basaliob":-0.915,"bolussnooze":0,"activity":-0.0071,"lastBolusTime":1703159836189,"time":"2023-12-21T13:42:06.020Z"}},{"iob":-0.091,"basaliob":-0.221,"bolussnooze":0,"activity":-0.0014,"lastBolusTime":1703159836189,"time":"2023-12-21T13:47:06.020Z","iobWithZeroTemp":{"iob":-0.793,"basaliob":-0.923,"bolussnooze":0,"activity":-0.0075,"lastBolusTime":1703159836189,"time":"2023-12-21T13:47:06.020Z"}},{"iob":-0.085,"basaliob":-0.202,"bolussnooze":0,"activity":-0.0013,"lastBolusTime":1703159836189,"time":"2023-12-21T13:52:06.020Z","iobWithZeroTemp":{"iob":-0.814,"basaliob":-0.931,"bolussnooze":0,"activity":-0.0078,"lastBolusTime":1703159836189,"time":"2023-12-21T13:52:06.020Z"}},{"iob":-0.079,"basaliob":-0.185,"bolussnooze":0,"activity":-0.0012,"lastBolusTime":1703159836189,"time":"2023-12-21T13:57:06.020Z","iobWithZeroTemp":{"iob":-0.833,"basaliob":-0.939,"bolussnooze":0,"activity":-0.0081,"lastBolusTime":1703159836189,"time":"2023-12-21T13:57:06.020Z"}},{"iob":-0.073,"basaliob":-0.169,"bolussnooze":0,"activity":-0.0012,"lastBolusTime":1703159836189,"time":"2023-12-21T14:02:06.020Z","iobWithZeroTemp":{"iob":-0.85,"basaliob":-0.946,"bolussnooze":0,"activity":-0.0085,"lastBolusTime":1703159836189,"time":"2023-12-21T14:02:06.020Z"}},{"iob":-0.068,"basaliob":-0.155,"bolussnooze":0,"activity":-0.001,"lastBolusTime":1703159836189,"time":"2023-12-21T14:07:06.020Z","iobWithZeroTemp":{"iob":-0.866,"basaliob":-0.953,"bolussnooze":0,"activity":-0.0086,"lastBolusTime":1703159836189,"time":"2023-12-21T14:07:06.020Z"}},{"iob":-0.062,"basaliob":-0.141,"bolussnooze":0,"activity":-0.001,"lastBolusTime":1703159836189,"time":"2023-12-21T14:12:06.020Z","iobWithZeroTemp":{"iob":-0.88,"basaliob":-0.959,"bolussnooze":0,"activity":-0.0089,"lastBolusTime":1703159836189,"time":"2023-12-21T14:12:06.020Z"}},{"iob":-0.058,"basaliob":-0.129,"bolussnooze":0,"activity":-9.0E-4,"lastBolusTime":1703159836189,"time":"2023-12-21T14:17:06.020Z","iobWithZeroTemp":{"iob":-0.894,"basaliob":-0.965,"bolussnooze":0,"activity":-0.0091,"lastBolusTime":1703159836189,"time":"2023-12-21T14:17:06.020Z"}},{"iob":-0.053,"basaliob":-0.117,"bolussnooze":0,"activity":-9.0E-4,"lastBolusTime":1703159836189,"time":"2023-12-21T14:22:06.020Z","iobWithZeroTemp":{"iob":-0.906,"basaliob":-0.97,"bolussnooze":0,"activity":-0.0094,"lastBolusTime":1703159836189,"time":"2023-12-21T14:22:06.020Z"}},{"iob":-0.049,"basaliob":-0.107,"bolussnooze":0,"activity":-8.0E-4,"lastBolusTime":1703159836189,"time":"2023-12-21T14:27:06.020Z","iobWithZeroTemp":{"iob":-0.917,"basaliob":-0.975,"bolussnooze":0,"activity":-0.0095,"lastBolusTime":1703159836189,"time":"2023-12-21T14:27:06.020Z"}},{"iob":-0.045,"basaliob":-0.097,"bolussnooze":0,"activity":-7.0E-4,"lastBolusTime":1703159836189,"time":"2023-12-21T14:32:06.020Z","iobWithZeroTemp":{"iob":-0.927,"basaliob":-0.979,"bolussnooze":0,"activity":-0.0097,"lastBolusTime":1703159836189,"time":"2023-12-21T14:32:06.020Z"}},{"iob":-0.041,"basaliob":-0.088,"bolussnooze":0,"activity":-7.0E-4,"lastBolusTime":1703159836189,"time":"2023-12-21T14:37:06.020Z","iobWithZeroTemp":{"iob":-0.936,"basaliob":-0.983,"bolussnooze":0,"activity":-0.0099,"lastBolusTime":1703159836189,"time":"2023-12-21T14:37:06.020Z"}},{"iob":-0.038,"basaliob":-0.08,"bolussnooze":0,"activity":-6.0E-4,"lastBolusTime":1703159836189,"time":"2023-12-21T14:42:06.020Z","iobWithZeroTemp":{"iob":-0.945,"basaliob":-0.987,"bolussnooze":0,"activity":-0.01,"lastBolusTime":1703159836189,"time":"2023-12-21T14:42:06.020Z"}},{"iob":-0.034,"basaliob":-0.072,"bolussnooze":0,"activity":-6.0E-4,"lastBolusTime":1703159836189,"time":"2023-12-21T14:47:06.020Z","iobWithZeroTemp":{"iob":-0.952,"basaliob":-0.99,"bolussnooze":0,"activity":-0.0102,"lastBolusTime":1703159836189,"time":"2023-12-21T14:47:06.020Z"}},{"iob":-0.032,"basaliob":-0.066,"bolussnooze":0,"activity":-6.0E-4,"lastBolusTime":1703159836189,"time":"2023-12-21T14:52:06.020Z","iobWithZeroTemp":{"iob":-0.96,"basaliob":-0.994,"bolussnooze":0,"activity":-0.0104,"lastBolusTime":1703159836189,"time":"2023-12-21T14:52:06.020Z"}},{"iob":-0.03,"basaliob":-0.06,"bolussnooze":0,"activity":-5.0E-4,"lastBolusTime":1703159836189,"time":"2023-12-21T14:57:06.020Z","iobWithZeroTemp":{"iob":-0.967,"basaliob":-0.997,"bolussnooze":0,"activity":-0.0104,"lastBolusTime":1703159836189,"time":"2023-12-21T14:57:06.020Z"}},{"iob":-0.027,"basaliob":-0.054,"bolussnooze":0,"activity":-5.0E-4,"lastBolusTime":1703159836189,"time":"2023-12-21T15:02:06.020Z","iobWithZeroTemp":{"iob":-0.972,"basaliob":-0.999,"bolussnooze":0,"activity":-0.0106,"lastBolusTime":1703159836189,"time":"2023-12-21T15:02:06.020Z"}},{"iob":-0.025,"basaliob":-0.049,"bolussnooze":0,"activity":-5.0E-4,"lastBolusTime":1703159836189,"time":"2023-12-21T15:07:06.020Z","iobWithZeroTemp":{"iob":-0.969,"basaliob":-0.993,"bolussnooze":0,"activity":-0.0107,"lastBolusTime":1703159836189,"time":"2023-12-21T15:07:06.020Z"}},{"iob":-0.022,"basaliob":-0.044,"bolussnooze":0,"activity":-4.0E-4,"lastBolusTime":1703159836189,"time":"2023-12-21T15:12:06.020Z","iobWithZeroTemp":{"iob":-0.965,"basaliob":-0.987,"bolussnooze":0,"activity":-0.0107,"lastBolusTime":1703159836189,"time":"2023-12-21T15:12:06.020Z"}},{"iob":-0.02,"basaliob":-0.04,"bolussnooze":0,"activity":-4.0E-4,"lastBolusTime":1703159836189,"time":"2023-12-21T15:17:06.020Z","iobWithZeroTemp":{"iob":-0.961,"basaliob":-0.981,"bolussnooze":0,"activity":-0.0108,"lastBolusTime":1703159836189,"time":"2023-12-21T15:17:06.020Z"}},{"iob":-0.019,"basaliob":-0.036,"bolussnooze":0,"activity":-3.0E-4,"lastBolusTime":1703159836189,"time":"2023-12-21T15:22:06.020Z","iobWithZeroTemp":{"iob":-0.958,"basaliob":-0.975,"bolussnooze":0,"activity":-0.0108,"lastBolusTime":1703159836189,"time":"2023-12-21T15:22:06.020Z"}},{"iob":-0.016,"basaliob":-0.032,"bolussnooze":0,"activity":-3.0E-4,"lastBolusTime":1703159836189,"time":"2023-12-21T15:27:06.020Z","iobWithZeroTemp":{"iob":-0.953,"basaliob":-0.969,"bolussnooze":0,"activity":-0.0108,"lastBolusTime":1703159836189,"time":"2023-12-21T15:27:06.020Z"}},{"iob":-0.015,"basaliob":-0.029,"bolussnooze":0,"activity":-3.0E-4,"lastBolusTime":1703159836189,"time":"2023-12-21T15:32:06.020Z","iobWithZeroTemp":{"iob":-0.95,"basaliob":-0.964,"bolussnooze":0,"activity":-0.0108,"lastBolusTime":1703159836189,"time":"2023-12-21T15:32:06.020Z"}},{"iob":-0.014,"basaliob":-0.026,"bolussnooze":0,"activity":-3.0E-4,"lastBolusTime":1703159836189,"time":"2023-12-21T15:37:06.020Z","iobWithZeroTemp":{"iob":-0.946,"basaliob":-0.958,"bolussnooze":0,"activity":-0.0108,"lastBolusTime":1703159836189,"time":"2023-12-21T15:37:06.020Z"}},{"iob":-0.013,"basaliob":-0.024,"bolussnooze":0,"activity":-2.0E-4,"lastBolusTime":1703159836189,"time":"2023-12-21T15:42:06.020Z","iobWithZeroTemp":{"iob":-0.942,"basaliob":-0.953,"bolussnooze":0,"activity":-0.0108,"lastBolusTime":1703159836189,"time":"2023-12-21T15:42:06.020Z"}},{"iob":-0.011,"basaliob":-0.021,"bolussnooze":0,"activity":-3.0E-4,"lastBolusTime":1703159836189,"time":"2023-12-21T15:47:06.020Z","iobWithZeroTemp":{"iob":-0.938,"basaliob":-0.948,"bolussnooze":0,"activity":-0.0109,"lastBolusTime":1703159836189,"time":"2023-12-21T15:47:06.020Z"}},{"iob":-0.01,"basaliob":-0.019,"bolussnooze":0,"activity":-2.0E-4,"lastBolusTime":1703159836189,"time":"2023-12-21T15:52:06.020Z","iobWithZeroTemp":{"iob":-0.934,"basaliob":-0.943,"bolussnooze":0,"activity":-0.0107,"lastBolusTime":1703159836189,"time":"2023-12-21T15:52:06.020Z"}},{"iob":-0.009,"basaliob":-0.017,"bolussnooze":0,"activity":-2.0E-4,"lastBolusTime":1703159836189,"time":"2023-12-21T15:57:06.020Z","iobWithZeroTemp":{"iob":-0.93,"basaliob":-0.938,"bolussnooze":0,"activity":-0.0107,"lastBolusTime":1703159836189,"time":"2023-12-21T15:57:06.020Z"}},{"iob":-0.008,"basaliob":-0.015,"bolussnooze":0,"activity":-1.0E-4,"lastBolusTime":1703159836189,"time":"2023-12-21T16:02:06.020Z","iobWithZeroTemp":{"iob":-0.927,"basaliob":-0.934,"bolussnooze":0,"activity":-0.0106,"lastBolusTime":1703159836189,"time":"2023-12-21T16:02:06.020Z"}},{"iob":-0.008,"basaliob":-0.014,"bolussnooze":0,"activity":-2.0E-4,"lastBolusTime":1703159836189,"time":"2023-12-21T16:07:06.020Z","iobWithZeroTemp":{"iob":-0.924,"basaliob":-0.93,"bolussnooze":0,"activity":-0.0107,"lastBolusTime":1703159836189,"time":"2023-12-21T16:07:06.020Z"}},{"iob":-0.007,"basaliob":-0.012,"bolussnooze":0,"activity":-2.0E-4,"lastBolusTime":1703159836189,"time":"2023-12-21T16:12:06.020Z","iobWithZeroTemp":{"iob":-0.921,"basaliob":-0.926,"bolussnooze":0,"activity":-0.0107,"lastBolusTime":1703159836189,"time":"2023-12-21T16:12:06.020Z"}},{"iob":-0.006,"basaliob":-0.011,"bolussnooze":0,"activity":-1.0E-4,"lastBolusTime":1703159836189,"time":"2023-12-21T16:17:06.020Z","iobWithZeroTemp":{"iob":-0.917,"basaliob":-0.922,"bolussnooze":0,"activity":-0.0106,"lastBolusTime":1703159836189,"time":"2023-12-21T16:17:06.020Z"}},{"iob":-0.006,"basaliob":-0.01,"bolussnooze":0,"activity":-1.0E-4,"lastBolusTime":1703159836189,"time":"2023-12-21T16:22:06.020Z","iobWithZeroTemp":{"iob":-0.915,"basaliob":-0.919,"bolussnooze":0,"activity":-0.0105,"lastBolusTime":1703159836189,"time":"2023-12-21T16:22:06.020Z"}},{"iob":-0.005,"basaliob":-0.009,"bolussnooze":0,"activity":-1.0E-4,"lastBolusTime":1703159836189,"time":"2023-12-21T16:27:06.020Z","iobWithZeroTemp":{"iob":-0.912,"basaliob":-0.916,"bolussnooze":0,"activity":-0.0105,"lastBolusTime":1703159836189,"time":"2023-12-21T16:27:06.020Z"}}],"profile":{"max_iob":20,"type":"current","max_daily_basal":1.6,"max_basal":3.2,"min_bg":90,"max_bg":90,"target_bg":90,"carb_ratio":8,"sens":108,"max_daily_safety_multiplier":3,"current_basal_safety_multiplier":4,"high_temptarget_raises_sensitivity":false,"low_temptarget_lowers_sensitivity":false,"sensitivity_raises_target":false,"resistance_lowers_target":false,"adv_target_adjustments":false,"exercise_mode":false,"half_basal_exercise_target":160,"maxCOB":120,"skip_neutral_temps":false,"remainingCarbsCap":90,"enableUAM":true,"A52_risk_enable":false,"SMBInterval":3,"enableSMB_with_COB":false,"enableSMB_with_temptarget":false,"allowSMB_with_high_temptarget":true,"enableSMB_always":true,"enableSMB_after_carbs":false,"maxSMBBasalMinutes":120,"maxUAMSMBBasalMinutes":120,"bolus_increment":0.05,"carbsReqThreshold":1,"current_basal":0.8,"temptargetSet":false,"autosens_max":1.8,"out_units":"mmol\/L"},"autosens_data":{"ratio":1},"meal_data":{"carbs":30,"mealCOB":0,"slopeFromMaxDeviation":-0.09472727272727274,"slopeFromMinDeviation":4.5905000000000005,"lastBolusTime":1703159836189,"lastCarbTime":1703154952000},"microBolusAllowed":true,"currentTime":1703161926962,"flatBGsDetected":false},"output":{"temp":"absolute","bg":82,"tick":"+5","eventualBG":125,"targetBG":90,"insulinReq":0.01,"deliverAt":"2023-12-21T12:32:06.962Z","sensitivityRatio":1,"predBGs":{"IOB":[82,86,89,92,95,98,101,103,105,107,108,110,110,111,112,113,114,114,115,116,116,117,117,118,118,118,119,119,119,120,120,120,121,121,121,121,121,122,122,122,122,122,122,122,122,122,122,123],"ZT":[82,82,83,83,84,86,87,89],"UAM":[82,84,85,86,87,87,88,89,90,91,92,92,93,94,95,96,96,97,98,98,99,99,100,100,101,101,102,102,102,103,103,103,103,104,104,104,104,104,104,105]},"COB":0,"IOB":-0.195,"reason":"COB: 0, Dev: 1.2, BGI: 0.0, ISF: 6.0, CR: 8, Target: 5.0, minPredBG 5.1, minGuardBG 4.7, IOBpredBG 6.8, UAMpredBG 5.8; Eventual BG 6.9 >= 5.0,  insulinReq 0.01. temp 0.65 < 0.82U\/hr. ","duration":30,"rate":0.8200000000000001,"timestamp":"2023-12-21T12:32:07.049Z"}}