{"algorithm":"OpenAPSSMBPlugin","input":{"glucoseStatus":{"glucose":80,"noise":0,"delta":4,"short_avgdelta":3.33,"long_avgdelta":0.87,"date":1703053903339},"currenttemp":{"temp":"absolute","duration":25,"rate":4.8,"minutesrunning":5},"iob_data":[{"iob":0.748,"basaliob":-0.861,"bolussnooze":3.0E-4,"activity":-6.0E-4,"lastBolusTime":1703053630619,"time":"2023-12-20T06:32:01.773Z","iobWithZeroTemp":{"iob":0.748,"basaliob":-0.861,"bolussnooze":3.0E-4,"activity":-6.0E-4,"lastBolusTime":1703053630619,"time":"2023-12-20T06:32:01.773Z"}},{"iob":0.746,"basaliob":-0.792,"bolussnooze":2.0E-4,"activity":0.0012,"lastBolusTime":1703053630619,"time":"2023-12-20T06:37:01.773Z","iobWithZeroTemp":{"iob":0.663,"basaliob":-0.875,"bolussnooze":2.0E-4,"activity":0.0011,"lastBolusTime":1703053630619,"time":"2023-12-20T06:37:01.773Z"}},{"iob":0.736,"basaliob":-0.728,"bolussnooze":1.0E-4,"activity":0.0026,"lastBolusTime":1703053630619,"time":"2023-12-20T06:42:01.773Z","iobWithZeroTemp":{"iob":0.55,"basaliob":-0.914,"bolussnooze":1.0E-4,"activity":0.0022,"lastBolusTime":1703053630619,"time":"2023-12-20T06:42:01.773Z"}},{"iob":0.721,"basaliob":-0.668,"bolussnooze":1.0E-4,"activity":0.0037,"lastBolusTime":1703053630619,"time":"2023-12-20T06:47:01.773Z","iobWithZeroTemp":{"iob":0.433,"basaliob":-0.956,"bolussnooze":1.0E-4,"activity":0.0029,"lastBolusTime":1703053630619,"time":"2023-12-20T06:47:01.773Z"}},{"iob":0.7,"basaliob":-0.612,"bolussnooze":1.0E-4,"activity":0.0046,"lastBolusTime":1703053630619,"time":"2023-12-20T06:52:01.773Z","iobWithZeroTemp":{"iob":0.314,"basaliob":-0.998,"bolussnooze":1.0E-4,"activity":0.0032,"lastBolusTime":1703053630619,"time":"2023-12-20T06:52:01.773Z"}},{"iob":0.675,"basaliob":-0.561,"bolussnooze":0,"activity":0.0052,"lastBolusTime":1703053630619,"time":"2023-12-20T06:57:01.773Z","iobWithZeroTemp":{"iob":0.193,"basaliob":-1.043,"bolussnooze":0,"activity":0.0031,"lastBolusTime":1703053630619,"time":"2023-12-20T06:57:01.773Z"}},{"iob":0.648,"basaliob":-0.513,"bolussnooze":0,"activity":0.0056,"lastBolusTime":1703053630619,"time":"2023-12-20T07:02:01.773Z","iobWithZeroTemp":{"iob":0.075,"basaliob":-1.086,"bolussnooze":0,"activity":0.0027,"lastBolusTime":1703053630619,"time":"2023-12-20T07:02:01.773Z"}},{"iob":0.619,"basaliob":-0.469,"bolussnooze":0,"activity":0.0059,"lastBolusTime":1703053630619,"time":"2023-12-20T07:07:01.773Z","iobWithZeroTemp":{"iob":-0.038,"basaliob":-1.126,"bolussnooze":0,"activity":0.0022,"lastBolusTime":1703053630619,"time":"2023-12-20T07:07:01.773Z"}},{"iob":0.588,"basaliob":-0.429,"bolussnooze":0,"activity":0.0061,"lastBolusTime":1703053630619,"time":"2023-12-20T07:12:01.773Z","iobWithZeroTemp":{"iob":-0.148,"basaliob":-1.165,"bolussnooze":0,"activity":0.0016,"lastBolusTime":1703053630619,"time":"2023-12-20T07:12:01.773Z"}},{"iob":0.558,"basaliob":-0.391,"bolussnooze":0,"activity":0.0062,"lastBolusTime":1703053630619,"time":"2023-12-20T07:17:01.773Z","iobWithZeroTemp":{"iob":-0.254,"basaliob":-1.203,"bolussnooze":0,"activity":8.0E-4,"lastBolusTime":1703053630619,"time":"2023-12-20T07:17:01.773Z"}},{"iob":0.526,"basaliob":-0.357,"bolussnooze":0,"activity":0.0062,"lastBolusTime":1703053630619,"time":"2023-12-20T07:22:01.773Z","iobWithZeroTemp":{"iob":-0.357,"basaliob":-1.24,"bolussnooze":0,"activity":0,"lastBolusTime":1703053630619,"time":"2023-12-20T07:22:01.773Z"}},{"iob":0.496,"basaliob":-0.325,"bolussnooze":0,"activity":0.0061,"lastBolusTime":1703053630619,"time":"2023-12-20T07:27:01.773Z","iobWithZeroTemp":{"iob":-0.45,"basaliob":-1.271,"bolussnooze":0,"activity":-9.0E-4,"lastBolusTime":1703053630619,"time":"2023-12-20T07:27:01.773Z"}},{"iob":0.465,"basaliob":-0.296,"bolussnooze":0,"activity":0.006,"lastBolusTime":1703053630619,"time":"2023-12-20T07:32:01.773Z","iobWithZeroTemp":{"iob":-0.544,"basaliob":-1.305,"bolussnooze":0,"activity":-0.0018,"lastBolusTime":1703053630619,"time":"2023-12-20T07:32:01.773Z"}},{"iob":0.436,"basaliob":-0.269,"bolussnooze":0,"activity":0.0058,"lastBolusTime":1703053630619,"time":"2023-12-20T07:37:01.773Z","iobWithZeroTemp":{"iob":-0.632,"basaliob":-1.337,"bolussnooze":0,"activity":-0.0028,"lastBolusTime":1703053630619,"time":"2023-12-20T07:37:01.773Z"}},{"iob":0.407,"basaliob":-0.245,"bolussnooze":0,"activity":0.0056,"lastBolusTime":1703053630619,"time":"2023-12-20T07:42:01.773Z","iobWithZeroTemp":{"iob":-0.716,"basaliob":-1.368,"bolussnooze":0,"activity":-0.0038,"lastBolusTime":1703053630619,"time":"2023-12-20T07:42:01.773Z"}},{"iob":0.379,"basaliob":-0.223,"bolussnooze":0,"activity":0.0054,"lastBolusTime":1703053630619,"time":"2023-12-20T07:47:01.773Z","iobWithZeroTemp":{"iob":-0.795,"basaliob":-1.397,"bolussnooze":0,"activity":-0.0047,"lastBolusTime":1703053630619,"time":"2023-12-20T07:47:01.773Z"}},{"iob":0.353,"basaliob":-0.202,"bolussnooze":0,"activity":0.0052,"lastBolusTime":1703053630619,"time":"2023-12-20T07:52:01.773Z","iobWithZeroTemp":{"iob":-0.869,"basaliob":-1.424,"bolussnooze":0,"activity":-0.0056,"lastBolusTime":1703053630619,"time":"2023-12-20T07:52:01.773Z"}},{"iob":0.328,"basaliob":-0.183,"bolussnooze":0,"activity":0.0049,"lastBolusTime":1703053630619,"time":"2023-12-20T07:57:01.773Z","iobWithZeroTemp":{"iob":-0.939,"basaliob":-1.45,"bolussnooze":0,"activity":-0.0066,"lastBolusTime":1703053630619,"time":"2023-12-20T07:57:01.773Z"}},{"iob":0.305,"basaliob":-0.166,"bolussnooze":0,"activity":0.0046,"lastBolusTime":1703053630619,"time":"2023-12-20T08:02:01.773Z","iobWithZeroTemp":{"iob":-1.003,"basaliob":-1.474,"bolussnooze":0,"activity":-0.0075,"lastBolusTime":1703053630619,"time":"2023-12-20T08:02:01.773Z"}},{"iob":0.282,"basaliob":-0.15,"bolussnooze":0,"activity":0.0044,"lastBolusTime":1703053630619,"time":"2023-12-20T08:07:01.773Z","iobWithZeroTemp":{"iob":-1.056,"basaliob":-1.488,"bolussnooze":0,"activity":-0.0083,"lastBolusTime":1703053630619,"time":"2023-12-20T08:07:01.773Z"}},{"iob":0.261,"basaliob":-0.136,"bolussnooze":0,"activity":0.0041,"lastBolusTime":1703053630619,"time":"2023-12-20T08:12:01.773Z","iobWithZeroTemp":{"iob":-1.104,"basaliob":-1.501,"bolussnooze":0,"activity":-0.0091,"lastBolusTime":1703053630619,"time":"2023-12-20T08:12:01.773Z"}},{"iob":0.241,"basaliob":-0.123,"bolussnooze":0,"activity":0.0039,"lastBolusTime":1703053630619,"time":"2023-12-20T08:17:01.773Z","iobWithZeroTemp":{"iob":-1.148,"basaliob":-1.512,"bolussnooze":0,"activity":-0.0098,"lastBolusTime":1703053630619,"time":"2023-12-20T08:17:01.773Z"}},{"iob":0.222,"basaliob":-0.111,"bolussnooze":0,"activity":0.0036,"lastBolusTime":1703053630619,"time":"2023-12-20T08:22:01.773Z","iobWithZeroTemp":{"iob":-1.19,"basaliob":-1.523,"bolussnooze":0,"activity":-0.0105,"lastBolusTime":1703053630619,"time":"2023-12-20T08:22:01.773Z"}},{"iob":0.204,"basaliob":-0.101,"bolussnooze":0,"activity":0.0033,"lastBolusTime":1703053630619,"time":"2023-12-20T08:27:01.773Z","iobWithZeroTemp":{"iob":-1.228,"basaliob":-1.533,"bolussnooze":0,"activity":-0.0112,"lastBolusTime":1703053630619,"time":"2023-12-20T08:27:01.773Z"}},{"iob":0.188,"basaliob":-0.091,"bolussnooze":0,"activity":0.0031,"lastBolusTime":1703053630619,"time":"2023-12-20T08:32:01.773Z","iobWithZeroTemp":{"iob":-1.262,"basaliob":-1.541,"bolussnooze":0,"activity":-0.0118,"lastBolusTime":1703053630619,"time":"2023-12-20T08:32:01.773Z"}},{"iob":0.173,"basaliob":-0.082,"bolussnooze":0,"activity":0.0029,"lastBolusTime":1703053630619,"time":"2023-12-20T08:37:01.773Z","iobWithZeroTemp":{"iob":-1.293,"basaliob":-1.548,"bolussnooze":0,"activity":-0.0123,"lastBolusTime":1703053630619,"time":"2023-12-20T08:37:01.773Z"}},{"iob":0.158,"basaliob":-0.074,"bolussnooze":0,"activity":0.0028,"lastBolusTime":1703053630619,"time":"2023-12-20T08:42:01.773Z","iobWithZeroTemp":{"iob":-1.323,"basaliob":-1.555,"bolussnooze":0,"activity":-0.0127,"lastBolusTime":1703053630619,"time":"2023-12-20T08:42:01.773Z"}},{"iob":0.145,"basaliob":-0.067,"bolussnooze":0,"activity":0.0025,"lastBolusTime":1703053630619,"time":"2023-12-20T08:47:01.773Z","iobWithZeroTemp":{"iob":-1.35,"basaliob":-1.562,"bolussnooze":0,"activity":-0.0133,"lastBolusTime":1703053630619,"time":"2023-12-20T08:47:01.773Z"}},{"iob":0.133,"basaliob":-0.06,"bolussnooze":0,"activity":0.0023,"lastBolusTime":1703053630619,"time":"2023-12-20T08:52:01.773Z","iobWithZeroTemp":{"iob":-1.374,"basaliob":-1.567,"bolussnooze":0,"activity":-0.0137,"lastBolusTime":1703053630619,"time":"2023-12-20T08:52:01.773Z"}},{"iob":0.122,"basaliob":-0.054,"bolussnooze":0,"activity":0.0022,"lastBolusTime":1703053630619,"time":"2023-12-20T08:57:01.773Z","iobWithZeroTemp":{"iob":-1.396,"basaliob":-1.572,"bolussnooze":0,"activity":-0.0141,"lastBolusTime":1703053630619,"time":"2023-12-20T08:57:01.773Z"}},{"iob":0.112,"basaliob":-0.048,"bolussnooze":0,"activity":0.002,"lastBolusTime":1703053630619,"time":"2023-12-20T09:02:01.773Z","iobWithZeroTemp":{"iob":-1.416,"basaliob":-1.576,"bolussnooze":0,"activity":-0.0145,"lastBolusTime":1703053630619,"time":"2023-12-20T09:02:01.773Z"}},{"iob":0.101,"basaliob":-0.044,"bolussnooze":0,"activity":0.0019,"lastBolusTime":1703053630619,"time":"2023-12-20T09:07:01.773Z","iobWithZeroTemp":{"iob":-1.427,"basaliob":-1.572,"bolussnooze":0,"activity":-0.0148,"lastBolusTime":1703053630619,"time":"2023-12-20T09:07:01.773Z"}},{"iob":0.093,"basaliob":-0.039,"bolussnooze":0,"activity":0.0018,"lastBolusTime":1703053630619,"time":"2023-12-20T09:12:01.773Z","iobWithZeroTemp":{"iob":-1.431,"basaliob":-1.563,"bolussnooze":0,"activity":-0.0149,"lastBolusTime":1703053630619,"time":"2023-12-20T09:12:01.773Z"}},{"iob":0.085,"basaliob":-0.035,"bolussnooze":0,"activity":0.0015,"lastBolusTime":1703053630619,"time":"2023-12-20T09:17:01.773Z","iobWithZeroTemp":{"iob":-1.438,"basaliob":-1.558,"bolussnooze":0,"activity":-0.0154,"lastBolusTime":1703053630619,"time":"2023-12-20T09:17:01.773Z"}},{"iob":0.078,"basaliob":-0.031,"bolussnooze":0,"activity":0.0014,"lastBolusTime":1703053630619,"time":"2023-12-20T09:22:01.773Z","iobWithZeroTemp":{"iob":-1.444,"basaliob":-1.553,"bolussnooze":0,"activity":-0.0155,"lastBolusTime":1703053630619,"time":"2023-12-20T09:22:01.773Z"}},{"iob":0.07,"basaliob":-0.028,"bolussnooze":0,"activity":0.0013,"lastBolusTime":1703053630619,"time":"2023-12-20T09:27:01.773Z","iobWithZeroTemp":{"iob":-1.451,"basaliob":-1.549,"bolussnooze":0,"activity":-0.0157,"lastBolusTime":1703053630619,"time":"2023-12-20T09:27:01.773Z"}},{"iob":0.064,"basaliob":-0.025,"bolussnooze":0,"activity":0.0012,"lastBolusTime":1703053630619,"time":"2023-12-20T09:32:01.773Z","iobWithZeroTemp":{"iob":-1.455,"basaliob":-1.544,"bolussnooze":0,"activity":-0.0159,"lastBolusTime":1703053630619,"time":"2023-12-20T09:32:01.773Z"}},{"iob":0.058,"basaliob":-0.023,"bolussnooze":0,"activity":0.0011,"lastBolusTime":1703053630619,"time":"2023-12-20T09:37:01.773Z","iobWithZeroTemp":{"iob":-1.459,"basaliob":-1.54,"bolussnooze":0,"activity":-0.016,"lastBolusTime":1703053630619,"time":"2023-12-20T09:37:01.773Z"}},{"iob":0.053,"basaliob":-0.02,"bolussnooze":0,"activity":0.001,"lastBolusTime":1703053630619,"time":"2023-12-20T09:42:01.773Z","iobWithZeroTemp":{"iob":-1.462,"basaliob":-1.535,"bolussnooze":0,"activity":-0.0161,"lastBolusTime":1703053630619,"time":"2023-12-20T09:42:01.773Z"}},{"iob":0.048,"basaliob":-0.018,"bolussnooze":0,"activity":9.0E-4,"lastBolusTime":1703053630619,"time":"2023-12-20T09:47:01.773Z","iobWithZeroTemp":{"iob":-1.464,"basaliob":-1.53,"bolussnooze":0,"activity":-0.0162,"lastBolusTime":1703053630619,"time":"2023-12-20T09:47:01.773Z"}},{"iob":0.044,"basaliob":-0.016,"bolussnooze":0,"activity":8.0E-4,"lastBolusTime":1703053630619,"time":"2023-12-20T09:52:01.773Z","iobWithZeroTemp":{"iob":-1.466,"basaliob":-1.526,"bolussnooze":0,"activity":-0.0164,"lastBolusTime":1703053630619,"time":"2023-12-20T09:52:01.773Z"}},{"iob":0.04,"basaliob":-0.014,"bolussnooze":0,"activity":8.0E-4,"lastBolusTime":1703053630619,"time":"2023-12-20T09:57:01.773Z","iobWithZeroTemp":{"iob":-1.468,"basaliob":-1.522,"bolussnooze":0,"activity":-0.0164,"lastBolusTime":1703053630619,"time":"2023-12-20T09:57:01.773Z"}},{"iob":0.035,"basaliob":-0.013,"bolussnooze":0,"activity":7.0E-4,"lastBolusTime":1703053630619,"time":"2023-12-20T10:02:01.773Z","iobWithZeroTemp":{"iob":-1.47,"basaliob":-1.518,"bolussnooze":0,"activity":-0.0165,"lastBolusTime":1703053630619,"time":"2023-12-20T10:02:01.773Z"}},{"iob":0.033,"basaliob":-0.011,"bolussnooze":0,"activity":6.0E-4,"lastBolusTime":1703053630619,"time":"2023-12-20T10:07:01.773Z","iobWithZeroTemp":{"iob":-1.462,"basaliob":-1.506,"bolussnooze":0,"activity":-0.0165,"lastBolusTime":1703053630619,"time":"2023-12-20T10:07:01.773Z"}},{"iob":0.029,"basaliob":-0.01,"bolussnooze":0,"activity":6.0E-4,"lastBolusTime":1703053630619,"time":"2023-12-20T10:12:01.773Z","iobWithZeroTemp":{"iob":-1.455,"basaliob":-1.494,"bolussnooze":0,"activity":-0.0165,"lastBolusTime":1703053630619,"time":"2023-12-20T10:12:01.773Z"}},{"iob":0.026,"basaliob":-0.009,"bolussnooze":0,"activity":5.0E-4,"lastBolusTime":1703053630619,"time":"2023-12-20T10:17:01.773Z","iobWithZeroTemp":{"iob":-1.448,"basaliob":-1.483,"bolussnooze":0,"activity":-0.0165,"lastBolusTime":1703053630619,"time":"2023-12-20T10:17:01.773Z"}},{"iob":0.024,"basaliob":-0.008,"bolussnooze":0,"activity":5.0E-4,"lastBolusTime":1703053630619,"time":"2023-12-20T10:22:01.773Z","iobWithZeroTemp":{"iob":-1.44,"basaliob":-1.472,"bolussnooze":0,"activity":-0.0165,"lastBolusTime":1703053630619,"time":"2023-12-20T10:22:01.773Z"}},{"iob":0.022,"basaliob":-0.007,"bolussnooze":0,"activity":4.0E-4,"lastBolusTime":1703053630619,"time":"2023-12-20T10:27:01.773Z","iobWithZeroTemp":{"iob":-1.432,"basaliob":-1.461,"bolussnooze":0,"activity":-0.0165,"lastBolusTime":1703053630619,"time":"2023-12-20T10:27:01.773Z"}}],"profile":{"max_iob":20,"type":"current","max_daily_basal":1.6,"max_basal":4.8,"min_bg":81,"max_bg":81,"target_bg":81,"carb_ratio":5.5,"sens":72,"max_daily_safety_multiplier":3,"current_basal_safety_multiplier":4,"high_temptarget_raises_sensitivity":false,"low_temptarget_lowers_sensitivity":false,"sensitivity_raises_target":false,"resistance_lowers_target":false,"adv_target_adjustments":false,"exercise_mode":false,"half_basal_exercise_target":160,"maxCOB":120,"skip_neutral_temps":false,"remainingCarbsCap":90,"enableUAM":true,"A52_risk_enable":false,"SMBInterval":3,"enableSMB_with_COB":false,"enableSMB_with_temptarget":false,"allowSMB_with_high_temptarget":true,"enableSMB_always":true,"enableSMB_after_carbs":false,"maxSMBBasalMinutes":120,"maxUAMSMBBasalMinutes":120,"bolus_increment":0.05,"carbsReqThreshold":1,"current_basal":1.25,"temptargetSet":true,"autosens_max":1.8,"out_units":"mmol\/L"},"autosens_data":{"ratio":1},"meal_data":{"carbs":50,"mealCOB":19.38888888888889,"slopeFromMaxDeviation":-0.10872727272727273,"slopeFromMinDeviation":0.6385000000000001,"lastBolusTime":1703053630619,"lastCarbTime":1703053023000},"microBolusAllowed":true,"currentTime":1703053924504,"flatBGsDetected":false},"output":{"temp":"absolute","bg":80,"tick":"+4","eventualBG":280,"targetBG":81,"insulinReq":0.81,"deliverAt":"2023-12-20T06:32:04.504Z","sensitivityRatio":1,"predBGs":{"IOB":[80,83,85,87,87,87,87,86,85,84,82,80,78,76,74,72,70,68,66,65,63,61,60,59,58,56,55,54,54,53,52,51,51,50,49,49,48,48,48,47,47,47,46,46,46,46,45],"ZT":[80,80,80,79,78,77,76,75,74,73,73,73,73,74,75,76,78,80],"COB":[80,84,87,90,94,97,101,104,108,113,117,122,128,134,140,147,154,162,170,179,188,197,206,214,222,229,236,242,248,254,259,263,267,271,274,276,279,280,281,282,282,282,281,281,281,281,281,280],"UAM":[80,83,85,87,88,88,88,88,87,86,85,83,82,80,78,76,74,72,70,68,67,65,64,63,62,60,59,58,57,57,56,55,54,54,53,53,52,52,51,51,51,50,50,50,50,50,49]},"COB":19.38888888888889,"IOB":0.748,"reason":"COB: 19.4, Dev: 1.1, BGI: 0.0, ISF: 4.0, CR: 5.5, Target: 4.5, minPredBG 7.7, minGuardBG 3.5, IOBpredBG 2.5, COBpredBG 15.6, UAMpredBG 2.7; Eventual BG 15.6 >= 4.5,  insulinReq 0.81; setting 30m low temp of 0U\/h. Microbolusing 0.4U. ","units":0.4,"rate":0,"duration":30,"timestamp":"2023-12-20T06:32:04.601Z"}}