{"algorithm":"OpenAPSSMBPlugin","input":{"glucoseStatus":{"glucose":71,"noise":0,"delta":0,"short_avgdelta":-0.89,"long_avgdelta":-2.37,"date":1703053002567},"currenttemp":{"temp":"absolute","duration":29,"rate":0,"minutesrunning":1},"iob_data":[{"iob":-0.457,"basaliob":-1.352,"bolussnooze":6.0E-4,"activity":-9.0E-4,"lastBolusTime":1703050029109,"time":"2023-12-20T06:17:54.667Z","iobWithZeroTemp":{"iob":-0.457,"basaliob":-1.352,"bolussnooze":6.0E-4,"activity":-9.0E-4,"lastBolusTime":1703050029109,"time":"2023-12-20T06:17:54.667Z"}},{"iob":-0.471,"basaliob":-1.298,"bolussnooze":5.0E-4,"activity":-0.0018,"lastBolusTime":1703050029109,"time":"2023-12-20T06:22:54.667Z","iobWithZeroTemp":{"iob":-0.554,"basaliob":-1.381,"bolussnooze":5.0E-4,"activity":-0.0019,"lastBolusTime":1703050029109,"time":"2023-12-20T06:22:54.667Z"}},{"iob":-0.46,"basaliob":-1.223,"bolussnooze":3.0E-4,"activity":-0.0025,"lastBolusTime":1703050029109,"time":"2023-12-20T06:27:54.667Z","iobWithZeroTemp":{"iob":-0.646,"basaliob":-1.409,"bolussnooze":3.0E-4,"activity":-0.0029,"lastBolusTime":1703050029109,"time":"2023-12-20T06:27:54.667Z"}},{"iob":-0.447,"basaliob":-1.15,"bolussnooze":3.0E-4,"activity":-0.003,"lastBolusTime":1703050029109,"time":"2023-12-20T06:32:54.667Z","iobWithZeroTemp":{"iob":-0.735,"basaliob":-1.438,"bolussnooze":3.0E-4,"activity":-0.0038,"lastBolusTime":1703050029109,"time":"2023-12-20T06:32:54.667Z"}},{"iob":-0.431,"basaliob":-1.078,"bolussnooze":2.0E-4,"activity":-0.0034,"lastBolusTime":1703050029109,"time":"2023-12-20T06:37:54.667Z","iobWithZeroTemp":{"iob":-0.817,"basaliob":-1.464,"bolussnooze":2.0E-4,"activity":-0.0048,"lastBolusTime":1703050029109,"time":"2023-12-20T06:37:54.667Z"}},{"iob":-0.413,"basaliob":-1.008,"bolussnooze":1.0E-4,"activity":-0.0036,"lastBolusTime":1703050029109,"time":"2023-12-20T06:42:54.667Z","iobWithZeroTemp":{"iob":-0.895,"basaliob":-1.49,"bolussnooze":1.0E-4,"activity":-0.0057,"lastBolusTime":1703050029109,"time":"2023-12-20T06:42:54.667Z"}},{"iob":-0.393,"basaliob":-0.94,"bolussnooze":1.0E-4,"activity":-0.0038,"lastBolusTime":1703050029109,"time":"2023-12-20T06:47:54.667Z","iobWithZeroTemp":{"iob":-0.966,"basaliob":-1.513,"bolussnooze":1.0E-4,"activity":-0.0067,"lastBolusTime":1703050029109,"time":"2023-12-20T06:47:54.667Z"}},{"iob":-0.374,"basaliob":-0.876,"bolussnooze":1.0E-4,"activity":-0.0039,"lastBolusTime":1703050029109,"time":"2023-12-20T06:52:54.667Z","iobWithZeroTemp":{"iob":-1.035,"basaliob":-1.537,"bolussnooze":1.0E-4,"activity":-0.0076,"lastBolusTime":1703050029109,"time":"2023-12-20T06:52:54.667Z"}},{"iob":-0.354,"basaliob":-0.814,"bolussnooze":0,"activity":-0.0039,"lastBolusTime":1703050029109,"time":"2023-12-20T06:57:54.667Z","iobWithZeroTemp":{"iob":-1.099,"basaliob":-1.559,"bolussnooze":0,"activity":-0.0085,"lastBolusTime":1703050029109,"time":"2023-12-20T06:57:54.667Z"}},{"iob":-0.334,"basaliob":-0.755,"bolussnooze":0,"activity":-0.0039,"lastBolusTime":1703050029109,"time":"2023-12-20T07:02:54.667Z","iobWithZeroTemp":{"iob":-1.154,"basaliob":-1.575,"bolussnooze":0,"activity":-0.0093,"lastBolusTime":1703050029109,"time":"2023-12-20T07:02:54.667Z"}},{"iob":-0.315,"basaliob":-0.7,"bolussnooze":0,"activity":-0.0039,"lastBolusTime":1703050029109,"time":"2023-12-20T07:07:54.667Z","iobWithZeroTemp":{"iob":-1.206,"basaliob":-1.591,"bolussnooze":0,"activity":-0.0102,"lastBolusTime":1703050029109,"time":"2023-12-20T07:07:54.667Z"}},{"iob":-0.295,"basaliob":-0.647,"bolussnooze":0,"activity":-0.0038,"lastBolusTime":1703050029109,"time":"2023-12-20T07:12:54.667Z","iobWithZeroTemp":{"iob":-1.252,"basaliob":-1.604,"bolussnooze":0,"activity":-0.0109,"lastBolusTime":1703050029109,"time":"2023-12-20T07:12:54.667Z"}},{"iob":-0.277,"basaliob":-0.598,"bolussnooze":0,"activity":-0.0037,"lastBolusTime":1703050029109,"time":"2023-12-20T07:17:54.667Z","iobWithZeroTemp":{"iob":-1.297,"basaliob":-1.618,"bolussnooze":0,"activity":-0.0116,"lastBolusTime":1703050029109,"time":"2023-12-20T07:17:54.667Z"}},{"iob":-0.258,"basaliob":-0.551,"bolussnooze":0,"activity":-0.0036,"lastBolusTime":1703050029109,"time":"2023-12-20T07:22:54.667Z","iobWithZeroTemp":{"iob":-1.336,"basaliob":-1.629,"bolussnooze":0,"activity":-0.0123,"lastBolusTime":1703050029109,"time":"2023-12-20T07:22:54.667Z"}},{"iob":-0.241,"basaliob":-0.508,"bolussnooze":0,"activity":-0.0034,"lastBolusTime":1703050029109,"time":"2023-12-20T07:27:54.667Z","iobWithZeroTemp":{"iob":-1.374,"basaliob":-1.641,"bolussnooze":0,"activity":-0.0129,"lastBolusTime":1703050029109,"time":"2023-12-20T07:27:54.667Z"}},{"iob":-0.224,"basaliob":-0.467,"bolussnooze":0,"activity":-0.0032,"lastBolusTime":1703050029109,"time":"2023-12-20T07:32:54.667Z","iobWithZeroTemp":{"iob":-1.408,"basaliob":-1.651,"bolussnooze":0,"activity":-0.0134,"lastBolusTime":1703050029109,"time":"2023-12-20T07:32:54.667Z"}},{"iob":-0.209,"basaliob":-0.43,"bolussnooze":0,"activity":-0.0031,"lastBolusTime":1703050029109,"time":"2023-12-20T07:37:54.667Z","iobWithZeroTemp":{"iob":-1.44,"basaliob":-1.661,"bolussnooze":0,"activity":-0.014,"lastBolusTime":1703050029109,"time":"2023-12-20T07:37:54.667Z"}},{"iob":-0.193,"basaliob":-0.394,"bolussnooze":0,"activity":-0.003,"lastBolusTime":1703050029109,"time":"2023-12-20T07:42:54.667Z","iobWithZeroTemp":{"iob":-1.468,"basaliob":-1.669,"bolussnooze":0,"activity":-0.0146,"lastBolusTime":1703050029109,"time":"2023-12-20T07:42:54.667Z"}},{"iob":-0.179,"basaliob":-0.362,"bolussnooze":0,"activity":-0.0028,"lastBolusTime":1703050029109,"time":"2023-12-20T07:47:54.667Z","iobWithZeroTemp":{"iob":-1.495,"basaliob":-1.678,"bolussnooze":0,"activity":-0.015,"lastBolusTime":1703050029109,"time":"2023-12-20T07:47:54.667Z"}},{"iob":-0.165,"basaliob":-0.331,"bolussnooze":0,"activity":-0.0026,"lastBolusTime":1703050029109,"time":"2023-12-20T07:52:54.667Z","iobWithZeroTemp":{"iob":-1.518,"basaliob":-1.684,"bolussnooze":0,"activity":-0.0154,"lastBolusTime":1703050029109,"time":"2023-12-20T07:52:54.667Z"}},{"iob":-0.152,"basaliob":-0.303,"bolussnooze":0,"activity":-0.0025,"lastBolusTime":1703050029109,"time":"2023-12-20T07:57:54.667Z","iobWithZeroTemp":{"iob":-1.54,"basaliob":-1.691,"bolussnooze":0,"activity":-0.0158,"lastBolusTime":1703050029109,"time":"2023-12-20T07:57:54.667Z"}},{"iob":-0.141,"basaliob":-0.277,"bolussnooze":0,"activity":-0.0023,"lastBolusTime":1703050029109,"time":"2023-12-20T08:02:54.667Z","iobWithZeroTemp":{"iob":-1.553,"basaliob":-1.689,"bolussnooze":0,"activity":-0.0161,"lastBolusTime":1703050029109,"time":"2023-12-20T08:02:54.667Z"}},{"iob":-0.129,"basaliob":-0.253,"bolussnooze":0,"activity":-0.0021,"lastBolusTime":1703050029109,"time":"2023-12-20T08:07:54.667Z","iobWithZeroTemp":{"iob":-1.562,"basaliob":-1.686,"bolussnooze":0,"activity":-0.0164,"lastBolusTime":1703050029109,"time":"2023-12-20T08:07:54.667Z"}},{"iob":-0.119,"basaliob":-0.231,"bolussnooze":0,"activity":-0.002,"lastBolusTime":1703050029109,"time":"2023-12-20T08:12:54.667Z","iobWithZeroTemp":{"iob":-1.572,"basaliob":-1.684,"bolussnooze":0,"activity":-0.0167,"lastBolusTime":1703050029109,"time":"2023-12-20T08:12:54.667Z"}},{"iob":-0.11,"basaliob":-0.211,"bolussnooze":0,"activity":-0.0019,"lastBolusTime":1703050029109,"time":"2023-12-20T08:17:54.667Z","iobWithZeroTemp":{"iob":-1.58,"basaliob":-1.681,"bolussnooze":0,"activity":-0.017,"lastBolusTime":1703050029109,"time":"2023-12-20T08:17:54.667Z"}},{"iob":-0.101,"basaliob":-0.192,"bolussnooze":0,"activity":-0.0017,"lastBolusTime":1703050029109,"time":"2023-12-20T08:22:54.667Z","iobWithZeroTemp":{"iob":-1.586,"basaliob":-1.677,"bolussnooze":0,"activity":-0.0171,"lastBolusTime":1703050029109,"time":"2023-12-20T08:22:54.667Z"}},{"iob":-0.092,"basaliob":-0.175,"bolussnooze":0,"activity":-0.0016,"lastBolusTime":1703050029109,"time":"2023-12-20T08:27:54.667Z","iobWithZeroTemp":{"iob":-1.591,"basaliob":-1.674,"bolussnooze":0,"activity":-0.0173,"lastBolusTime":1703050029109,"time":"2023-12-20T08:27:54.667Z"}},{"iob":-0.084,"basaliob":-0.159,"bolussnooze":0,"activity":-0.0015,"lastBolusTime":1703050029109,"time":"2023-12-20T08:32:54.667Z","iobWithZeroTemp":{"iob":-1.596,"basaliob":-1.671,"bolussnooze":0,"activity":-0.0175,"lastBolusTime":1703050029109,"time":"2023-12-20T08:32:54.667Z"}},{"iob":-0.078,"basaliob":-0.145,"bolussnooze":0,"activity":-0.0014,"lastBolusTime":1703050029109,"time":"2023-12-20T08:37:54.667Z","iobWithZeroTemp":{"iob":-1.601,"basaliob":-1.668,"bolussnooze":0,"activity":-0.0176,"lastBolusTime":1703050029109,"time":"2023-12-20T08:37:54.667Z"}},{"iob":-0.07,"basaliob":-0.131,"bolussnooze":0,"activity":-0.0012,"lastBolusTime":1703050029109,"time":"2023-12-20T08:42:54.667Z","iobWithZeroTemp":{"iob":-1.603,"basaliob":-1.664,"bolussnooze":0,"activity":-0.0177,"lastBolusTime":1703050029109,"time":"2023-12-20T08:42:54.667Z"}},{"iob":-0.064,"basaliob":-0.119,"bolussnooze":0,"activity":-0.0012,"lastBolusTime":1703050029109,"time":"2023-12-20T08:47:54.667Z","iobWithZeroTemp":{"iob":-1.606,"basaliob":-1.661,"bolussnooze":0,"activity":-0.0179,"lastBolusTime":1703050029109,"time":"2023-12-20T08:47:54.667Z"}},{"iob":-0.059,"basaliob":-0.108,"bolussnooze":0,"activity":-0.0011,"lastBolusTime":1703050029109,"time":"2023-12-20T08:52:54.667Z","iobWithZeroTemp":{"iob":-1.609,"basaliob":-1.658,"bolussnooze":0,"activity":-0.0179,"lastBolusTime":1703050029109,"time":"2023-12-20T08:52:54.667Z"}},{"iob":-0.054,"basaliob":-0.098,"bolussnooze":0,"activity":-0.001,"lastBolusTime":1703050029109,"time":"2023-12-20T08:57:54.667Z","iobWithZeroTemp":{"iob":-1.611,"basaliob":-1.655,"bolussnooze":0,"activity":-0.018,"lastBolusTime":1703050029109,"time":"2023-12-20T08:57:54.667Z"}},{"iob":-0.049,"basaliob":-0.089,"bolussnooze":0,"activity":-9.0E-4,"lastBolusTime":1703050029109,"time":"2023-12-20T09:02:54.667Z","iobWithZeroTemp":{"iob":-1.604,"basaliob":-1.644,"bolussnooze":0,"activity":-0.018,"lastBolusTime":1703050029109,"time":"2023-12-20T09:02:54.667Z"}},{"iob":-0.044,"basaliob":-0.08,"bolussnooze":0,"activity":-8.0E-4,"lastBolusTime":1703050029109,"time":"2023-12-20T09:07:54.667Z","iobWithZeroTemp":{"iob":-1.596,"basaliob":-1.632,"bolussnooze":0,"activity":-0.018,"lastBolusTime":1703050029109,"time":"2023-12-20T09:07:54.667Z"}},{"iob":-0.041,"basaliob":-0.073,"bolussnooze":0,"activity":-8.0E-4,"lastBolusTime":1703050029109,"time":"2023-12-20T09:12:54.667Z","iobWithZeroTemp":{"iob":-1.59,"basaliob":-1.622,"bolussnooze":0,"activity":-0.0181,"lastBolusTime":1703050029109,"time":"2023-12-20T09:12:54.667Z"}},{"iob":-0.037,"basaliob":-0.066,"bolussnooze":0,"activity":-7.0E-4,"lastBolusTime":1703050029109,"time":"2023-12-20T09:17:54.667Z","iobWithZeroTemp":{"iob":-1.583,"basaliob":-1.612,"bolussnooze":0,"activity":-0.0181,"lastBolusTime":1703050029109,"time":"2023-12-20T09:17:54.667Z"}},{"iob":-0.033,"basaliob":-0.059,"bolussnooze":0,"activity":-6.0E-4,"lastBolusTime":1703050029109,"time":"2023-12-20T09:22:54.667Z","iobWithZeroTemp":{"iob":-1.576,"basaliob":-1.602,"bolussnooze":0,"activity":-0.018,"lastBolusTime":1703050029109,"time":"2023-12-20T09:22:54.667Z"}},{"iob":-0.031,"basaliob":-0.054,"bolussnooze":0,"activity":-6.0E-4,"lastBolusTime":1703050029109,"time":"2023-12-20T09:27:54.667Z","iobWithZeroTemp":{"iob":-1.57,"basaliob":-1.593,"bolussnooze":0,"activity":-0.018,"lastBolusTime":1703050029109,"time":"2023-12-20T09:27:54.667Z"}},{"iob":-0.027,"basaliob":-0.048,"bolussnooze":0,"activity":-5.0E-4,"lastBolusTime":1703050029109,"time":"2023-12-20T09:32:54.667Z","iobWithZeroTemp":{"iob":-1.562,"basaliob":-1.583,"bolussnooze":0,"activity":-0.0179,"lastBolusTime":1703050029109,"time":"2023-12-20T09:32:54.667Z"}},{"iob":-0.025,"basaliob":-0.043,"bolussnooze":0,"activity":-5.0E-4,"lastBolusTime":1703050029109,"time":"2023-12-20T09:37:54.667Z","iobWithZeroTemp":{"iob":-1.556,"basaliob":-1.574,"bolussnooze":0,"activity":-0.0179,"lastBolusTime":1703050029109,"time":"2023-12-20T09:37:54.667Z"}},{"iob":-0.023,"basaliob":-0.039,"bolussnooze":0,"activity":-4.0E-4,"lastBolusTime":1703050029109,"time":"2023-12-20T09:42:54.667Z","iobWithZeroTemp":{"iob":-1.551,"basaliob":-1.567,"bolussnooze":0,"activity":-0.0178,"lastBolusTime":1703050029109,"time":"2023-12-20T09:42:54.667Z"}},{"iob":-0.02,"basaliob":-0.035,"bolussnooze":0,"activity":-4.0E-4,"lastBolusTime":1703050029109,"time":"2023-12-20T09:47:54.667Z","iobWithZeroTemp":{"iob":-1.544,"basaliob":-1.559,"bolussnooze":0,"activity":-0.0178,"lastBolusTime":1703050029109,"time":"2023-12-20T09:47:54.667Z"}},{"iob":-0.019,"basaliob":-0.032,"bolussnooze":0,"activity":-4.0E-4,"lastBolusTime":1703050029109,"time":"2023-12-20T09:52:54.667Z","iobWithZeroTemp":{"iob":-1.539,"basaliob":-1.552,"bolussnooze":0,"activity":-0.0178,"lastBolusTime":1703050029109,"time":"2023-12-20T09:52:54.667Z"}},{"iob":-0.016,"basaliob":-0.028,"bolussnooze":0,"activity":-3.0E-4,"lastBolusTime":1703050029109,"time":"2023-12-20T09:57:54.667Z","iobWithZeroTemp":{"iob":-1.533,"basaliob":-1.545,"bolussnooze":0,"activity":-0.0177,"lastBolusTime":1703050029109,"time":"2023-12-20T09:57:54.667Z"}},{"iob":-0.016,"basaliob":-0.026,"bolussnooze":0,"activity":-4.0E-4,"lastBolusTime":1703050029109,"time":"2023-12-20T10:02:54.667Z","iobWithZeroTemp":{"iob":-1.521,"basaliob":-1.531,"bolussnooze":0,"activity":-0.0177,"lastBolusTime":1703050029109,"time":"2023-12-20T10:02:54.667Z"}},{"iob":-0.014,"basaliob":-0.023,"bolussnooze":0,"activity":-3.0E-4,"lastBolusTime":1703050029109,"time":"2023-12-20T10:07:54.667Z","iobWithZeroTemp":{"iob":-1.508,"basaliob":-1.517,"bolussnooze":0,"activity":-0.0176,"lastBolusTime":1703050029109,"time":"2023-12-20T10:07:54.667Z"}},{"iob":-0.013,"basaliob":-0.021,"bolussnooze":0,"activity":-3.0E-4,"lastBolusTime":1703050029109,"time":"2023-12-20T10:12:54.667Z","iobWithZeroTemp":{"iob":-1.496,"basaliob":-1.504,"bolussnooze":0,"activity":-0.0175,"lastBolusTime":1703050029109,"time":"2023-12-20T10:12:54.667Z"}}],"profile":{"max_iob":20,"type":"current","max_daily_basal":1.6,"max_basal":4.8,"min_bg":90,"max_bg":90,"target_bg":90,"carb_ratio":5.5,"sens":72,"max_daily_safety_multiplier":3,"current_basal_safety_multiplier":4,"high_temptarget_raises_sensitivity":false,"low_temptarget_lowers_sensitivity":false,"sensitivity_raises_target":false,"resistance_lowers_target":false,"adv_target_adjustments":false,"exercise_mode":false,"half_basal_exercise_target":160,"maxCOB":120,"skip_neutral_temps":false,"remainingCarbsCap":90,"enableUAM":true,"A52_risk_enable":false,"SMBInterval":3,"enableSMB_with_COB":false,"enableSMB_with_temptarget":false,"allowSMB_with_high_temptarget":true,"enableSMB_always":true,"enableSMB_after_carbs":false,"maxSMBBasalMinutes":120,"maxUAMSMBBasalMinutes":120,"bolus_increment":0.05,"carbsReqThreshold":1,"current_basal":1.25,"temptargetSet":false,"autosens_max":1.8,"out_units":"mmol\/L"},"autosens_data":{"ratio":1},"meal_data":{"carbs":50,"mealCOB":0,"slopeFromMaxDeviation":-0.6469090909090909,"slopeFromMinDeviation":0.26825,"lastBolusTime":1703050029109,"lastCarbTime":1703053023000},"microBolusAllowed":true,"currentTime":1703053077876,"flatBGsDetected":false},"output":{"temp":"absolute","bg":71,"tick":"+0","eventualBG":88,"targetBG":90,"insulinReq":0,"deliverAt":"2023-12-20T06:17:57.876Z","sensitivityRatio":1,"predBGs":{"IOB":[71,70,70,70,70,71,71,72,73,74,76,77,78,80,81,82,83,84,85,86,87,88,89,90,91,91,92,92,93,93,94,94,95,95,95,96,96,96,96,97,97,97,97,97,97,98],"ZT":[71,71,72,73,74,76,78,81,83,86,90]},"COB":0,"IOB":-0.457,"reason":"COB: 0, Dev: -0.9, BGI: 0.0, ISF: 4.0, CR: 5.5, Target: 5.0, minPredBG 4.2, minGuardBG 3.9, IOBpredBG 5.4; Eventual BG 4.9 < 5.0, 29m@0.00 is a lot less than needed. ","duration":30,"rate":1.13,"timestamp":"2023-12-20T06:17:58.007Z"}}