{"algorithm":"OpenAPSSMBPlugin","input":{"glucoseStatus":{"glucose":95,"noise":0,"delta":3,"short_avgdelta":2.56,"long_avgdelta":1.1,"date":1703160405166},"currenttemp":{"temp":"absolute","duration":20,"rate":1,"minutesrunning":10},"iob_data":[{"iob":0.011,"basaliob":-0.756,"bolussnooze":0.0064,"activity":0.0011,"lastBolusTime":1703159836189,"time":"2023-12-21T12:07:41.568Z","iobWithZeroTemp":{"iob":0.011,"basaliob":-0.756,"bolussnooze":0.0064,"activity":0.0011,"lastBolusTime":1703159836189,"time":"2023-12-21T12:07:41.568Z"}},{"iob":0.007,"basaliob":-0.702,"bolussnooze":0.0049,"activity":8.0E-4,"lastBolusTime":1703159836189,"time":"2023-12-21T12:12:41.568Z","iobWithZeroTemp":{"iob":-0.046,"basaliob":-0.755,"bolussnooze":0.0049,"activity":7.0E-4,"lastBolusTime":1703159836189,"time":"2023-12-21T12:12:41.568Z"}},{"iob":0.003,"basaliob":-0.651,"bolussnooze":0.0038,"activity":7.0E-4,"lastBolusTime":1703159836189,"time":"2023-12-21T12:17:41.568Z","iobWithZeroTemp":{"iob":-0.116,"basaliob":-0.77,"bolussnooze":0.0038,"activity":5.0E-4,"lastBolusTime":1703159836189,"time":"2023-12-21T12:17:41.568Z"}},{"iob":-0.001,"basaliob":-0.603,"bolussnooze":0.0029,"activity":5.0E-4,"lastBolusTime":1703159836189,"time":"2023-12-21T12:22:41.568Z","iobWithZeroTemp":{"iob":-0.185,"basaliob":-0.787,"bolussnooze":0.0029,"activity":0,"lastBolusTime":1703159836189,"time":"2023-12-21T12:22:41.568Z"}},{"iob":-0.004,"basaliob":-0.558,"bolussnooze":0.0022,"activity":5.0E-4,"lastBolusTime":1703159836189,"time":"2023-12-21T12:27:41.568Z","iobWithZeroTemp":{"iob":-0.251,"basaliob":-0.805,"bolussnooze":0.0022,"activity":-4.0E-4,"lastBolusTime":1703159836189,"time":"2023-12-21T12:27:41.568Z"}},{"iob":-0.006,"basaliob":-0.515,"bolussnooze":0.0016,"activity":4.0E-4,"lastBolusTime":1703159836189,"time":"2023-12-21T12:32:41.568Z","iobWithZeroTemp":{"iob":-0.314,"basaliob":-0.823,"bolussnooze":0.0016,"activity":-0.001,"lastBolusTime":1703159836189,"time":"2023-12-21T12:32:41.568Z"}},{"iob":-0.007,"basaliob":-0.475,"bolussnooze":0.0012,"activity":2.0E-4,"lastBolusTime":1703159836189,"time":"2023-12-21T12:37:41.568Z","iobWithZeroTemp":{"iob":-0.374,"basaliob":-0.842,"bolussnooze":0.0012,"activity":-0.0017,"lastBolusTime":1703159836189,"time":"2023-12-21T12:37:41.568Z"}},{"iob":-0.008,"basaliob":-0.437,"bolussnooze":9.0E-4,"activity":2.0E-4,"lastBolusTime":1703159836189,"time":"2023-12-21T12:42:41.568Z","iobWithZeroTemp":{"iob":-0.431,"basaliob":-0.86,"bolussnooze":9.0E-4,"activity":-0.0022,"lastBolusTime":1703159836189,"time":"2023-12-21T12:42:41.568Z"}},{"iob":-0.009,"basaliob":-0.402,"bolussnooze":6.0E-4,"activity":1.0E-4,"lastBolusTime":1703159836189,"time":"2023-12-21T12:47:41.568Z","iobWithZeroTemp":{"iob":-0.485,"basaliob":-0.878,"bolussnooze":6.0E-4,"activity":-0.0028,"lastBolusTime":1703159836189,"time":"2023-12-21T12:47:41.568Z"}},{"iob":-0.009,"basaliob":-0.369,"bolussnooze":4.0E-4,"activity":1.0E-4,"lastBolusTime":1703159836189,"time":"2023-12-21T12:52:41.568Z","iobWithZeroTemp":{"iob":-0.536,"basaliob":-0.896,"bolussnooze":4.0E-4,"activity":-0.0034,"lastBolusTime":1703159836189,"time":"2023-12-21T12:52:41.568Z"}},{"iob":-0.01,"basaliob":-0.339,"bolussnooze":3.0E-4,"activity":0,"lastBolusTime":1703159836189,"time":"2023-12-21T12:57:41.568Z","iobWithZeroTemp":{"iob":-0.585,"basaliob":-0.914,"bolussnooze":3.0E-4,"activity":-0.004,"lastBolusTime":1703159836189,"time":"2023-12-21T12:57:41.568Z"}},{"iob":-0.011,"basaliob":-0.311,"bolussnooze":2.0E-4,"activity":1.0E-4,"lastBolusTime":1703159836189,"time":"2023-12-21T13:02:41.568Z","iobWithZeroTemp":{"iob":-0.623,"basaliob":-0.923,"bolussnooze":2.0E-4,"activity":-0.0045,"lastBolusTime":1703159836189,"time":"2023-12-21T13:02:41.568Z"}},{"iob":-0.011,"basaliob":-0.285,"bolussnooze":1.0E-4,"activity":0,"lastBolusTime":1703159836189,"time":"2023-12-21T13:07:41.568Z","iobWithZeroTemp":{"iob":-0.658,"basaliob":-0.932,"bolussnooze":1.0E-4,"activity":-0.0051,"lastBolusTime":1703159836189,"time":"2023-12-21T13:07:41.568Z"}},{"iob":-0.011,"basaliob":-0.261,"bolussnooze":1.0E-4,"activity":-1.0E-4,"lastBolusTime":1703159836189,"time":"2023-12-21T13:12:41.568Z","iobWithZeroTemp":{"iob":-0.689,"basaliob":-0.939,"bolussnooze":1.0E-4,"activity":-0.0057,"lastBolusTime":1703159836189,"time":"2023-12-21T13:12:41.568Z"}},{"iob":-0.01,"basaliob":-0.238,"bolussnooze":1.0E-4,"activity":0,"lastBolusTime":1703159836189,"time":"2023-12-21T13:17:41.568Z","iobWithZeroTemp":{"iob":-0.718,"basaliob":-0.946,"bolussnooze":1.0E-4,"activity":-0.006,"lastBolusTime":1703159836189,"time":"2023-12-21T13:17:41.568Z"}},{"iob":-0.011,"basaliob":-0.218,"bolussnooze":0,"activity":-1.0E-4,"lastBolusTime":1703159836189,"time":"2023-12-21T13:22:41.568Z","iobWithZeroTemp":{"iob":-0.746,"basaliob":-0.953,"bolussnooze":0,"activity":-0.0066,"lastBolusTime":1703159836189,"time":"2023-12-21T13:22:41.568Z"}},{"iob":-0.01,"basaliob":-0.199,"bolussnooze":0,"activity":-1.0E-4,"lastBolusTime":1703159836189,"time":"2023-12-21T13:27:41.568Z","iobWithZeroTemp":{"iob":-0.77,"basaliob":-0.959,"bolussnooze":0,"activity":-0.007,"lastBolusTime":1703159836189,"time":"2023-12-21T13:27:41.568Z"}},{"iob":-0.01,"basaliob":-0.181,"bolussnooze":0,"activity":-1.0E-4,"lastBolusTime":1703159836189,"time":"2023-12-21T13:32:41.568Z","iobWithZeroTemp":{"iob":-0.793,"basaliob":-0.964,"bolussnooze":0,"activity":-0.0073,"lastBolusTime":1703159836189,"time":"2023-12-21T13:32:41.568Z"}},{"iob":-0.009,"basaliob":-0.165,"bolussnooze":0,"activity":-1.0E-4,"lastBolusTime":1703159836189,"time":"2023-12-21T13:37:41.568Z","iobWithZeroTemp":{"iob":-0.814,"basaliob":-0.97,"bolussnooze":0,"activity":-0.0077,"lastBolusTime":1703159836189,"time":"2023-12-21T13:37:41.568Z"}},{"iob":-0.009,"basaliob":-0.15,"bolussnooze":0,"activity":0,"lastBolusTime":1703159836189,"time":"2023-12-21T13:42:41.568Z","iobWithZeroTemp":{"iob":-0.833,"basaliob":-0.974,"bolussnooze":0,"activity":-0.0079,"lastBolusTime":1703159836189,"time":"2023-12-21T13:42:41.568Z"}},{"iob":-0.009,"basaliob":-0.137,"bolussnooze":0,"activity":-1.0E-4,"lastBolusTime":1703159836189,"time":"2023-12-21T13:47:41.568Z","iobWithZeroTemp":{"iob":-0.851,"basaliob":-0.979,"bolussnooze":0,"activity":-0.0083,"lastBolusTime":1703159836189,"time":"2023-12-21T13:47:41.568Z"}},{"iob":-0.008,"basaliob":-0.124,"bolussnooze":0,"activity":-1.0E-4,"lastBolusTime":1703159836189,"time":"2023-12-21T13:52:41.568Z","iobWithZeroTemp":{"iob":-0.867,"basaliob":-0.983,"bolussnooze":0,"activity":-0.0086,"lastBolusTime":1703159836189,"time":"2023-12-21T13:52:41.568Z"}},{"iob":-0.008,"basaliob":-0.113,"bolussnooze":0,"activity":-1.0E-4,"lastBolusTime":1703159836189,"time":"2023-12-21T13:57:41.568Z","iobWithZeroTemp":{"iob":-0.882,"basaliob":-0.987,"bolussnooze":0,"activity":-0.0089,"lastBolusTime":1703159836189,"time":"2023-12-21T13:57:41.568Z"}},{"iob":-0.007,"basaliob":-0.102,"bolussnooze":0,"activity":-1.0E-4,"lastBolusTime":1703159836189,"time":"2023-12-21T14:02:41.568Z","iobWithZeroTemp":{"iob":-0.895,"basaliob":-0.99,"bolussnooze":0,"activity":-0.0091,"lastBolusTime":1703159836189,"time":"2023-12-21T14:02:41.568Z"}},{"iob":-0.007,"basaliob":-0.093,"bolussnooze":0,"activity":-1.0E-4,"lastBolusTime":1703159836189,"time":"2023-12-21T14:07:41.568Z","iobWithZeroTemp":{"iob":-0.908,"basaliob":-0.994,"bolussnooze":0,"activity":-0.0093,"lastBolusTime":1703159836189,"time":"2023-12-21T14:07:41.568Z"}},{"iob":-0.006,"basaliob":-0.084,"bolussnooze":0,"activity":-1.0E-4,"lastBolusTime":1703159836189,"time":"2023-12-21T14:12:41.568Z","iobWithZeroTemp":{"iob":-0.918,"basaliob":-0.996,"bolussnooze":0,"activity":-0.0096,"lastBolusTime":1703159836189,"time":"2023-12-21T14:12:41.568Z"}},{"iob":-0.006,"basaliob":-0.076,"bolussnooze":0,"activity":-1.0E-4,"lastBolusTime":1703159836189,"time":"2023-12-21T14:17:41.568Z","iobWithZeroTemp":{"iob":-0.929,"basaliob":-0.999,"bolussnooze":0,"activity":-0.0097,"lastBolusTime":1703159836189,"time":"2023-12-21T14:17:41.568Z"}},{"iob":-0.006,"basaliob":-0.069,"bolussnooze":0,"activity":-1.0E-4,"lastBolusTime":1703159836189,"time":"2023-12-21T14:22:41.568Z","iobWithZeroTemp":{"iob":-0.939,"basaliob":-1.002,"bolussnooze":0,"activity":-0.0099,"lastBolusTime":1703159836189,"time":"2023-12-21T14:22:41.568Z"}},{"iob":-0.005,"basaliob":-0.062,"bolussnooze":0,"activity":-1.0E-4,"lastBolusTime":1703159836189,"time":"2023-12-21T14:27:41.568Z","iobWithZeroTemp":{"iob":-0.946,"basaliob":-1.003,"bolussnooze":0,"activity":-0.0101,"lastBolusTime":1703159836189,"time":"2023-12-21T14:27:41.568Z"}},{"iob":-0.005,"basaliob":-0.056,"bolussnooze":0,"activity":0,"lastBolusTime":1703159836189,"time":"2023-12-21T14:32:41.568Z","iobWithZeroTemp":{"iob":-0.954,"basaliob":-1.005,"bolussnooze":0,"activity":-0.0101,"lastBolusTime":1703159836189,"time":"2023-12-21T14:32:41.568Z"}},{"iob":-0.005,"basaliob":-0.051,"bolussnooze":0,"activity":0,"lastBolusTime":1703159836189,"time":"2023-12-21T14:37:41.568Z","iobWithZeroTemp":{"iob":-0.962,"basaliob":-1.008,"bolussnooze":0,"activity":-0.0103,"lastBolusTime":1703159836189,"time":"2023-12-21T14:37:41.568Z"}},{"iob":-0.004,"basaliob":-0.046,"bolussnooze":0,"activity":0,"lastBolusTime":1703159836189,"time":"2023-12-21T14:42:41.568Z","iobWithZeroTemp":{"iob":-0.967,"basaliob":-1.009,"bolussnooze":0,"activity":-0.0104,"lastBolusTime":1703159836189,"time":"2023-12-21T14:42:41.568Z"}},{"iob":-0.004,"basaliob":-0.041,"bolussnooze":0,"activity":-1.0E-4,"lastBolusTime":1703159836189,"time":"2023-12-21T14:47:41.568Z","iobWithZeroTemp":{"iob":-0.973,"basaliob":-1.01,"bolussnooze":0,"activity":-0.0106,"lastBolusTime":1703159836189,"time":"2023-12-21T14:47:41.568Z"}},{"iob":-0.004,"basaliob":-0.037,"bolussnooze":0,"activity":-1.0E-4,"lastBolusTime":1703159836189,"time":"2023-12-21T14:52:41.568Z","iobWithZeroTemp":{"iob":-0.979,"basaliob":-1.012,"bolussnooze":0,"activity":-0.0107,"lastBolusTime":1703159836189,"time":"2023-12-21T14:52:41.568Z"}},{"iob":-0.004,"basaliob":-0.034,"bolussnooze":0,"activity":0,"lastBolusTime":1703159836189,"time":"2023-12-21T14:57:41.568Z","iobWithZeroTemp":{"iob":-0.984,"basaliob":-1.014,"bolussnooze":0,"activity":-0.0107,"lastBolusTime":1703159836189,"time":"2023-12-21T14:57:41.568Z"}},{"iob":-0.003,"basaliob":-0.03,"bolussnooze":0,"activity":0,"lastBolusTime":1703159836189,"time":"2023-12-21T15:02:41.568Z","iobWithZeroTemp":{"iob":-0.979,"basaliob":-1.006,"bolussnooze":0,"activity":-0.0108,"lastBolusTime":1703159836189,"time":"2023-12-21T15:02:41.568Z"}},{"iob":-0.003,"basaliob":-0.027,"bolussnooze":0,"activity":-1.0E-4,"lastBolusTime":1703159836189,"time":"2023-12-21T15:07:41.568Z","iobWithZeroTemp":{"iob":-0.975,"basaliob":-0.999,"bolussnooze":0,"activity":-0.011,"lastBolusTime":1703159836189,"time":"2023-12-21T15:07:41.568Z"}},{"iob":-0.002,"basaliob":-0.024,"bolussnooze":0,"activity":0,"lastBolusTime":1703159836189,"time":"2023-12-21T15:12:41.568Z","iobWithZeroTemp":{"iob":-0.97,"basaliob":-0.992,"bolussnooze":0,"activity":-0.0109,"lastBolusTime":1703159836189,"time":"2023-12-21T15:12:41.568Z"}},{"iob":-0.003,"basaliob":-0.022,"bolussnooze":0,"activity":-1.0E-4,"lastBolusTime":1703159836189,"time":"2023-12-21T15:17:41.568Z","iobWithZeroTemp":{"iob":-0.966,"basaliob":-0.985,"bolussnooze":0,"activity":-0.011,"lastBolusTime":1703159836189,"time":"2023-12-21T15:17:41.568Z"}},{"iob":-0.003,"basaliob":-0.02,"bolussnooze":0,"activity":0,"lastBolusTime":1703159836189,"time":"2023-12-21T15:22:41.568Z","iobWithZeroTemp":{"iob":-0.962,"basaliob":-0.979,"bolussnooze":0,"activity":-0.0109,"lastBolusTime":1703159836189,"time":"2023-12-21T15:22:41.568Z"}},{"iob":-0.003,"basaliob":-0.018,"bolussnooze":0,"activity":0,"lastBolusTime":1703159836189,"time":"2023-12-21T15:27:41.568Z","iobWithZeroTemp":{"iob":-0.957,"basaliob":-0.972,"bolussnooze":0,"activity":-0.0109,"lastBolusTime":1703159836189,"time":"2023-12-21T15:27:41.568Z"}},{"iob":-0.002,"basaliob":-0.016,"bolussnooze":0,"activity":0,"lastBolusTime":1703159836189,"time":"2023-12-21T15:32:41.568Z","iobWithZeroTemp":{"iob":-0.952,"basaliob":-0.966,"bolussnooze":0,"activity":-0.0109,"lastBolusTime":1703159836189,"time":"2023-12-21T15:32:41.568Z"}},{"iob":-0.002,"basaliob":-0.014,"bolussnooze":0,"activity":0,"lastBolusTime":1703159836189,"time":"2023-12-21T15:37:41.568Z","iobWithZeroTemp":{"iob":-0.948,"basaliob":-0.96,"bolussnooze":0,"activity":-0.0109,"lastBolusTime":1703159836189,"time":"2023-12-21T15:37:41.568Z"}},{"iob":-0.002,"basaliob":-0.013,"bolussnooze":0,"activity":0,"lastBolusTime":1703159836189,"time":"2023-12-21T15:42:41.568Z","iobWithZeroTemp":{"iob":-0.943,"basaliob":-0.954,"bolussnooze":0,"activity":-0.0108,"lastBolusTime":1703159836189,"time":"2023-12-21T15:42:41.568Z"}},{"iob":-0.001,"basaliob":-0.011,"bolussnooze":0,"activity":-1.0E-4,"lastBolusTime":1703159836189,"time":"2023-12-21T15:47:41.568Z","iobWithZeroTemp":{"iob":-0.938,"basaliob":-0.948,"bolussnooze":0,"activity":-0.0109,"lastBolusTime":1703159836189,"time":"2023-12-21T15:47:41.568Z"}},{"iob":-0.001,"basaliob":-0.01,"bolussnooze":0,"activity":0,"lastBolusTime":1703159836189,"time":"2023-12-21T15:52:41.568Z","iobWithZeroTemp":{"iob":-0.934,"basaliob":-0.943,"bolussnooze":0,"activity":-0.0108,"lastBolusTime":1703159836189,"time":"2023-12-21T15:52:41.568Z"}},{"iob":-0.001,"basaliob":-0.009,"bolussnooze":0,"activity":0,"lastBolusTime":1703159836189,"time":"2023-12-21T15:57:41.568Z","iobWithZeroTemp":{"iob":-0.931,"basaliob":-0.939,"bolussnooze":0,"activity":-0.0107,"lastBolusTime":1703159836189,"time":"2023-12-21T15:57:41.568Z"}},{"iob":-0.001,"basaliob":-0.008,"bolussnooze":0,"activity":0,"lastBolusTime":1703159836189,"time":"2023-12-21T16:02:41.568Z","iobWithZeroTemp":{"iob":-0.927,"basaliob":-0.934,"bolussnooze":0,"activity":-0.0107,"lastBolusTime":1703159836189,"time":"2023-12-21T16:02:41.568Z"}}],"profile":{"max_iob":20,"type":"current","max_daily_basal":1.6,"max_basal":3.2,"min_bg":90,"max_bg":90,"target_bg":90,"carb_ratio":8,"sens":108,"max_daily_safety_multiplier":3,"current_basal_safety_multiplier":4,"high_temptarget_raises_sensitivity":false,"low_temptarget_lowers_sensitivity":false,"sensitivity_raises_target":false,"resistance_lowers_target":false,"adv_target_adjustments":false,"exercise_mode":false,"half_basal_exercise_target":160,"maxCOB":120,"skip_neutral_temps":false,"remainingCarbsCap":90,"enableUAM":true,"A52_risk_enable":false,"SMBInterval":3,"enableSMB_with_COB":false,"enableSMB_with_temptarget":false,"allowSMB_with_high_temptarget":true,"enableSMB_always":true,"enableSMB_after_carbs":false,"maxSMBBasalMinutes":120,"maxUAMSMBBasalMinutes":120,"bolus_increment":0.05,"carbsReqThreshold":1,"current_basal":0.8,"temptargetSet":false,"autosens_max":1.8,"out_units":"mmol\/L"},"autosens_data":{"ratio":1},"meal_data":{"carbs":30,"mealCOB":0,"slopeFromMaxDeviation":-0.6434545454545455,"slopeFromMinDeviation":1.2466666666666666,"lastBolusTime":1703159836189,"lastCarbTime":1703154952000},"microBolusAllowed":true,"currentTime":1703160462507,"flatBGsDetected":false},"output":{"temp":"absolute","bg":95,"tick":"+3","eventualBG":113,"targetBG":90,"insulinReq":0.08,"deliverAt":"2023-12-21T12:07:42.507Z","sensitivityRatio":1,"predBGs":{"IOB":[95,97,100,102,103,105,106,108,109,109,110,110,110,110,110,110,110,110,110,110,110,110,110,110,111],"ZT":[95,94,94,94,94,94,95,95],"UAM":[95,97,98,99,100,99,99,99,99,99,99,99,99,99,99,99,99,99,99,99,99,99,99,99,99,99,99,99,100]},"COB":0,"IOB":0.011,"reason":"COB: 0, Dev: 1.1, BGI: 0.0, ISF: 6.0, CR: 8, Target: 5.0, minPredBG 5.5, minGuardBG 5.4, IOBpredBG 6.2, UAMpredBG 5.6; Eventual BG 6.3 >= 5.0,  insulinReq 0.08. temp 1.00 >~ req 0.96U\/hr. ","timestamp":"2023-12-21T12:07:42.549Z"}}