{"algorithm":"OpenAPSSMBPlugin","input":{"glucoseStatus":{"glucose":74,"noise":0,"delta":-2,"short_avgdelta":-2.11,"long_avgdelta":-1.75,"date":1703110902915},"currenttemp":{"temp":"absolute","duration":25,"rate":0.8,"minutesrunning":5},"iob_data":[{"iob":-0.276,"basaliob":-0.553,"bolussnooze":0,"activity":-0.0012,"lastBolusTime":1703108234902,"time":"2023-12-20T22:22:02.014Z","iobWithZeroTemp":{"iob":-0.276,"basaliob":-0.553,"bolussnooze":0,"activity":-0.0012,"lastBolusTime":1703108234902,"time":"2023-12-20T22:22:02.014Z"}},{"iob":-0.27,"basaliob":-0.527,"bolussnooze":0,"activity":-0.0016,"lastBolusTime":1703108234902,"time":"2023-12-20T22:27:02.014Z","iobWithZeroTemp":{"iob":-0.37,"basaliob":-0.627,"bolussnooze":0,"activity":-0.0017,"lastBolusTime":1703108234902,"time":"2023-12-20T22:27:02.014Z"}},{"iob":-0.262,"basaliob":-0.5,"bolussnooze":0,"activity":-0.0019,"lastBolusTime":1703108234902,"time":"2023-12-20T22:32:02.014Z","iobWithZeroTemp":{"iob":-0.486,"basaliob":-0.724,"bolussnooze":0,"activity":-0.0023,"lastBolusTime":1703108234902,"time":"2023-12-20T22:32:02.014Z"}},{"iob":-0.251,"basaliob":-0.472,"bolussnooze":0,"activity":-0.0021,"lastBolusTime":1703108234902,"time":"2023-12-20T22:37:02.014Z","iobWithZeroTemp":{"iob":-0.596,"basaliob":-0.817,"bolussnooze":0,"activity":-0.0031,"lastBolusTime":1703108234902,"time":"2023-12-20T22:37:02.014Z"}},{"iob":-0.241,"basaliob":-0.445,"bolussnooze":0,"activity":-0.0022,"lastBolusTime":1703108234902,"time":"2023-12-20T22:42:02.014Z","iobWithZeroTemp":{"iob":-0.705,"basaliob":-0.909,"bolussnooze":0,"activity":-0.0039,"lastBolusTime":1703108234902,"time":"2023-12-20T22:42:02.014Z"}},{"iob":-0.23,"basaliob":-0.418,"bolussnooze":0,"activity":-0.0023,"lastBolusTime":1703108234902,"time":"2023-12-20T22:47:02.014Z","iobWithZeroTemp":{"iob":-0.808,"basaliob":-0.996,"bolussnooze":0,"activity":-0.0049,"lastBolusTime":1703108234902,"time":"2023-12-20T22:47:02.014Z"}},{"iob":-0.218,"basaliob":-0.392,"bolussnooze":0,"activity":-0.0024,"lastBolusTime":1703108234902,"time":"2023-12-20T22:52:02.014Z","iobWithZeroTemp":{"iob":-0.906,"basaliob":-1.08,"bolussnooze":0,"activity":-0.0059,"lastBolusTime":1703108234902,"time":"2023-12-20T22:52:02.014Z"}},{"iob":-0.206,"basaliob":-0.366,"bolussnooze":0,"activity":-0.0023,"lastBolusTime":1703108234902,"time":"2023-12-20T22:57:02.014Z","iobWithZeroTemp":{"iob":-0.999,"basaliob":-1.159,"bolussnooze":0,"activity":-0.0068,"lastBolusTime":1703108234902,"time":"2023-12-20T22:57:02.014Z"}},{"iob":-0.195,"basaliob":-0.342,"bolussnooze":0,"activity":-0.0023,"lastBolusTime":1703108234902,"time":"2023-12-20T23:02:02.014Z","iobWithZeroTemp":{"iob":-1.088,"basaliob":-1.235,"bolussnooze":0,"activity":-0.0078,"lastBolusTime":1703108234902,"time":"2023-12-20T23:02:02.014Z"}},{"iob":-0.183,"basaliob":-0.318,"bolussnooze":0,"activity":-0.0023,"lastBolusTime":1703108234902,"time":"2023-12-20T23:07:02.014Z","iobWithZeroTemp":{"iob":-1.18,"basaliob":-1.315,"bolussnooze":0,"activity":-0.0088,"lastBolusTime":1703108234902,"time":"2023-12-20T23:07:02.014Z"}},{"iob":-0.172,"basaliob":-0.296,"bolussnooze":0,"activity":-0.0023,"lastBolusTime":1703108234902,"time":"2023-12-20T23:12:02.014Z","iobWithZeroTemp":{"iob":-1.267,"basaliob":-1.391,"bolussnooze":0,"activity":-0.0099,"lastBolusTime":1703108234902,"time":"2023-12-20T23:12:02.014Z"}},{"iob":-0.161,"basaliob":-0.275,"bolussnooze":0,"activity":-0.0022,"lastBolusTime":1703108234902,"time":"2023-12-20T23:17:02.014Z","iobWithZeroTemp":{"iob":-1.348,"basaliob":-1.462,"bolussnooze":0,"activity":-0.0108,"lastBolusTime":1703108234902,"time":"2023-12-20T23:17:02.014Z"}},{"iob":-0.15,"basaliob":-0.254,"bolussnooze":0,"activity":-0.0021,"lastBolusTime":1703108234902,"time":"2023-12-20T23:22:02.014Z","iobWithZeroTemp":{"iob":-1.425,"basaliob":-1.529,"bolussnooze":0,"activity":-0.0118,"lastBolusTime":1703108234902,"time":"2023-12-20T23:22:02.014Z"}},{"iob":-0.14,"basaliob":-0.235,"bolussnooze":0,"activity":-0.002,"lastBolusTime":1703108234902,"time":"2023-12-20T23:27:02.014Z","iobWithZeroTemp":{"iob":-1.497,"basaliob":-1.592,"bolussnooze":0,"activity":-0.0127,"lastBolusTime":1703108234902,"time":"2023-12-20T23:27:02.014Z"}},{"iob":-0.13,"basaliob":-0.217,"bolussnooze":0,"activity":-0.0019,"lastBolusTime":1703108234902,"time":"2023-12-20T23:32:02.014Z","iobWithZeroTemp":{"iob":-1.571,"basaliob":-1.658,"bolussnooze":0,"activity":-0.0137,"lastBolusTime":1703108234902,"time":"2023-12-20T23:32:02.014Z"}},{"iob":-0.12,"basaliob":-0.2,"bolussnooze":0,"activity":-0.0019,"lastBolusTime":1703108234902,"time":"2023-12-20T23:37:02.014Z","iobWithZeroTemp":{"iob":-1.633,"basaliob":-1.713,"bolussnooze":0,"activity":-0.0147,"lastBolusTime":1703108234902,"time":"2023-12-20T23:37:02.014Z"}},{"iob":-0.112,"basaliob":-0.185,"bolussnooze":0,"activity":-0.0018,"lastBolusTime":1703108234902,"time":"2023-12-20T23:42:02.014Z","iobWithZeroTemp":{"iob":-1.692,"basaliob":-1.765,"bolussnooze":0,"activity":-0.0155,"lastBolusTime":1703108234902,"time":"2023-12-20T23:42:02.014Z"}},{"iob":-0.104,"basaliob":-0.17,"bolussnooze":0,"activity":-0.0016,"lastBolusTime":1703108234902,"time":"2023-12-20T23:47:02.014Z","iobWithZeroTemp":{"iob":-1.746,"basaliob":-1.812,"bolussnooze":0,"activity":-0.0162,"lastBolusTime":1703108234902,"time":"2023-12-20T23:47:02.014Z"}},{"iob":-0.096,"basaliob":-0.156,"bolussnooze":0,"activity":-0.0016,"lastBolusTime":1703108234902,"time":"2023-12-20T23:52:02.014Z","iobWithZeroTemp":{"iob":-1.796,"basaliob":-1.856,"bolussnooze":0,"activity":-0.0171,"lastBolusTime":1703108234902,"time":"2023-12-20T23:52:02.014Z"}},{"iob":-0.088,"basaliob":-0.143,"bolussnooze":0,"activity":-0.0015,"lastBolusTime":1703108234902,"time":"2023-12-20T23:57:02.014Z","iobWithZeroTemp":{"iob":-1.842,"basaliob":-1.897,"bolussnooze":0,"activity":-0.0178,"lastBolusTime":1703108234902,"time":"2023-12-20T23:57:02.014Z"}},{"iob":-0.082,"basaliob":-0.132,"bolussnooze":0,"activity":-0.0013,"lastBolusTime":1703108234902,"time":"2023-12-21T00:02:02.014Z","iobWithZeroTemp":{"iob":-1.886,"basaliob":-1.936,"bolussnooze":0,"activity":-0.0184,"lastBolusTime":1703108234902,"time":"2023-12-21T00:02:02.014Z"}},{"iob":-0.076,"basaliob":-0.121,"bolussnooze":0,"activity":-0.0012,"lastBolusTime":1703108234902,"time":"2023-12-21T00:07:02.014Z","iobWithZeroTemp":{"iob":-1.918,"basaliob":-1.963,"bolussnooze":0,"activity":-0.019,"lastBolusTime":1703108234902,"time":"2023-12-21T00:07:02.014Z"}},{"iob":-0.069,"basaliob":-0.11,"bolussnooze":0,"activity":-0.0012,"lastBolusTime":1703108234902,"time":"2023-12-21T00:12:02.014Z","iobWithZeroTemp":{"iob":-1.945,"basaliob":-1.986,"bolussnooze":0,"activity":-0.0197,"lastBolusTime":1703108234902,"time":"2023-12-21T00:12:02.014Z"}},{"iob":-0.064,"basaliob":-0.101,"bolussnooze":0,"activity":-0.0011,"lastBolusTime":1703108234902,"time":"2023-12-21T00:17:02.014Z","iobWithZeroTemp":{"iob":-1.971,"basaliob":-2.008,"bolussnooze":0,"activity":-0.0202,"lastBolusTime":1703108234902,"time":"2023-12-21T00:17:02.014Z"}},{"iob":-0.058,"basaliob":-0.092,"bolussnooze":0,"activity":-0.001,"lastBolusTime":1703108234902,"time":"2023-12-21T00:22:02.014Z","iobWithZeroTemp":{"iob":-1.994,"basaliob":-2.028,"bolussnooze":0,"activity":-0.0206,"lastBolusTime":1703108234902,"time":"2023-12-21T00:22:02.014Z"}},{"iob":-0.053,"basaliob":-0.084,"bolussnooze":0,"activity":-9.0E-4,"lastBolusTime":1703108234902,"time":"2023-12-21T00:27:02.014Z","iobWithZeroTemp":{"iob":-2.015,"basaliob":-2.046,"bolussnooze":0,"activity":-0.021,"lastBolusTime":1703108234902,"time":"2023-12-21T00:27:02.014Z"}},{"iob":-0.049,"basaliob":-0.077,"bolussnooze":0,"activity":-8.0E-4,"lastBolusTime":1703108234902,"time":"2023-12-21T00:32:02.014Z","iobWithZeroTemp":{"iob":-2.034,"basaliob":-2.062,"bolussnooze":0,"activity":-0.0214,"lastBolusTime":1703108234902,"time":"2023-12-21T00:32:02.014Z"}},{"iob":-0.045,"basaliob":-0.07,"bolussnooze":0,"activity":-8.0E-4,"lastBolusTime":1703108234902,"time":"2023-12-21T00:37:02.014Z","iobWithZeroTemp":{"iob":-2.051,"basaliob":-2.076,"bolussnooze":0,"activity":-0.0218,"lastBolusTime":1703108234902,"time":"2023-12-21T00:37:02.014Z"}},{"iob":-0.041,"basaliob":-0.064,"bolussnooze":0,"activity":-7.0E-4,"lastBolusTime":1703108234902,"time":"2023-12-21T00:42:02.014Z","iobWithZeroTemp":{"iob":-2.066,"basaliob":-2.089,"bolussnooze":0,"activity":-0.0221,"lastBolusTime":1703108234902,"time":"2023-12-21T00:42:02.014Z"}},{"iob":-0.037,"basaliob":-0.058,"bolussnooze":0,"activity":-7.0E-4,"lastBolusTime":1703108234902,"time":"2023-12-21T00:47:02.014Z","iobWithZeroTemp":{"iob":-2.08,"basaliob":-2.101,"bolussnooze":0,"activity":-0.0224,"lastBolusTime":1703108234902,"time":"2023-12-21T00:47:02.014Z"}},{"iob":-0.034,"basaliob":-0.053,"bolussnooze":0,"activity":-6.0E-4,"lastBolusTime":1703108234902,"time":"2023-12-21T00:52:02.014Z","iobWithZeroTemp":{"iob":-2.092,"basaliob":-2.111,"bolussnooze":0,"activity":-0.0226,"lastBolusTime":1703108234902,"time":"2023-12-21T00:52:02.014Z"}},{"iob":-0.031,"basaliob":-0.048,"bolussnooze":0,"activity":-6.0E-4,"lastBolusTime":1703108234902,"time":"2023-12-21T00:57:02.014Z","iobWithZeroTemp":{"iob":-2.104,"basaliob":-2.121,"bolussnooze":0,"activity":-0.0229,"lastBolusTime":1703108234902,"time":"2023-12-21T00:57:02.014Z"}},{"iob":-0.028,"basaliob":-0.043,"bolussnooze":0,"activity":-5.0E-4,"lastBolusTime":1703108234902,"time":"2023-12-21T01:02:02.014Z","iobWithZeroTemp":{"iob":-2.113,"basaliob":-2.128,"bolussnooze":0,"activity":-0.0231,"lastBolusTime":1703108234902,"time":"2023-12-21T01:02:02.014Z"}},{"iob":-0.025,"basaliob":-0.039,"bolussnooze":0,"activity":-5.0E-4,"lastBolusTime":1703108234902,"time":"2023-12-21T01:07:02.014Z","iobWithZeroTemp":{"iob":-2.122,"basaliob":-2.136,"bolussnooze":0,"activity":-0.0233,"lastBolusTime":1703108234902,"time":"2023-12-21T01:07:02.014Z"}},{"iob":-0.024,"basaliob":-0.036,"bolussnooze":0,"activity":-4.0E-4,"lastBolusTime":1703108234902,"time":"2023-12-21T01:12:02.014Z","iobWithZeroTemp":{"iob":-2.132,"basaliob":-2.144,"bolussnooze":0,"activity":-0.0234,"lastBolusTime":1703108234902,"time":"2023-12-21T01:12:02.014Z"}},{"iob":-0.021,"basaliob":-0.032,"bolussnooze":0,"activity":-4.0E-4,"lastBolusTime":1703108234902,"time":"2023-12-21T01:17:02.014Z","iobWithZeroTemp":{"iob":-2.138,"basaliob":-2.149,"bolussnooze":0,"activity":-0.0236,"lastBolusTime":1703108234902,"time":"2023-12-21T01:17:02.014Z"}},{"iob":-0.019,"basaliob":-0.029,"bolussnooze":0,"activity":-4.0E-4,"lastBolusTime":1703108234902,"time":"2023-12-21T01:22:02.014Z","iobWithZeroTemp":{"iob":-2.141,"basaliob":-2.151,"bolussnooze":0,"activity":-0.0237,"lastBolusTime":1703108234902,"time":"2023-12-21T01:22:02.014Z"}},{"iob":-0.018,"basaliob":-0.027,"bolussnooze":0,"activity":-3.0E-4,"lastBolusTime":1703108234902,"time":"2023-12-21T01:27:02.014Z","iobWithZeroTemp":{"iob":-2.148,"basaliob":-2.157,"bolussnooze":0,"activity":-0.0238,"lastBolusTime":1703108234902,"time":"2023-12-21T01:27:02.014Z"}},{"iob":-0.016,"basaliob":-0.024,"bolussnooze":0,"activity":-3.0E-4,"lastBolusTime":1703108234902,"time":"2023-12-21T01:32:02.014Z","iobWithZeroTemp":{"iob":-2.153,"basaliob":-2.161,"bolussnooze":0,"activity":-0.024,"lastBolusTime":1703108234902,"time":"2023-12-21T01:32:02.014Z"}},{"iob":-0.015,"basaliob":-0.022,"bolussnooze":0,"activity":-2.0E-4,"lastBolusTime":1703108234902,"time":"2023-12-21T01:37:02.014Z","iobWithZeroTemp":{"iob":-2.158,"basaliob":-2.165,"bolussnooze":0,"activity":-0.024,"lastBolusTime":1703108234902,"time":"2023-12-21T01:37:02.014Z"}},{"iob":-0.014,"basaliob":-0.02,"bolussnooze":0,"activity":-3.0E-4,"lastBolusTime":1703108234902,"time":"2023-12-21T01:42:02.014Z","iobWithZeroTemp":{"iob":-2.163,"basaliob":-2.169,"bolussnooze":0,"activity":-0.0242,"lastBolusTime":1703108234902,"time":"2023-12-21T01:42:02.014Z"}},{"iob":-0.012,"basaliob":-0.018,"bolussnooze":0,"activity":-3.0E-4,"lastBolusTime":1703108234902,"time":"2023-12-21T01:47:02.014Z","iobWithZeroTemp":{"iob":-2.166,"basaliob":-2.172,"bolussnooze":0,"activity":-0.0243,"lastBolusTime":1703108234902,"time":"2023-12-21T01:47:02.014Z"}},{"iob":-0.011,"basaliob":-0.016,"bolussnooze":0,"activity":-2.0E-4,"lastBolusTime":1703108234902,"time":"2023-12-21T01:52:02.014Z","iobWithZeroTemp":{"iob":-2.17,"basaliob":-2.175,"bolussnooze":0,"activity":-0.0243,"lastBolusTime":1703108234902,"time":"2023-12-21T01:52:02.014Z"}},{"iob":-0.009,"basaliob":-0.014,"bolussnooze":0,"activity":-2.0E-4,"lastBolusTime":1703108234902,"time":"2023-12-21T01:57:02.014Z","iobWithZeroTemp":{"iob":-2.172,"basaliob":-2.177,"bolussnooze":0,"activity":-0.0244,"lastBolusTime":1703108234902,"time":"2023-12-21T01:57:02.014Z"}},{"iob":-0.009,"basaliob":-0.013,"bolussnooze":0,"activity":-2.0E-4,"lastBolusTime":1703108234902,"time":"2023-12-21T02:02:02.014Z","iobWithZeroTemp":{"iob":-2.176,"basaliob":-2.18,"bolussnooze":0,"activity":-0.0245,"lastBolusTime":1703108234902,"time":"2023-12-21T02:02:02.014Z"}},{"iob":-0.008,"basaliob":-0.012,"bolussnooze":0,"activity":-1.0E-4,"lastBolusTime":1703108234902,"time":"2023-12-21T02:07:02.014Z","iobWithZeroTemp":{"iob":-2.162,"basaliob":-2.166,"bolussnooze":0,"activity":-0.0245,"lastBolusTime":1703108234902,"time":"2023-12-21T02:07:02.014Z"}},{"iob":-0.007,"basaliob":-0.01,"bolussnooze":0,"activity":-1.0E-4,"lastBolusTime":1703108234902,"time":"2023-12-21T02:12:02.014Z","iobWithZeroTemp":{"iob":-2.148,"basaliob":-2.151,"bolussnooze":0,"activity":-0.0245,"lastBolusTime":1703108234902,"time":"2023-12-21T02:12:02.014Z"}},{"iob":-0.006,"basaliob":-0.009,"bolussnooze":0,"activity":-1.0E-4,"lastBolusTime":1703108234902,"time":"2023-12-21T02:17:02.014Z","iobWithZeroTemp":{"iob":-2.133,"basaliob":-2.136,"bolussnooze":0,"activity":-0.0244,"lastBolusTime":1703108234902,"time":"2023-12-21T02:17:02.014Z"}}],"profile":{"max_iob":20,"type":"current","max_daily_basal":1.6,"max_basal":4.8,"min_bg":90,"max_bg":90,"target_bg":90,"carb_ratio":4.5,"sens":63,"max_daily_safety_multiplier":3,"current_basal_safety_multiplier":4,"high_temptarget_raises_sensitivity":false,"low_temptarget_lowers_sensitivity":false,"sensitivity_raises_target":false,"resistance_lowers_target":false,"adv_target_adjustments":false,"exercise_mode":false,"half_basal_exercise_target":160,"maxCOB":120,"skip_neutral_temps":false,"remainingCarbsCap":90,"enableUAM":true,"A52_risk_enable":false,"SMBInterval":3,"enableSMB_with_COB":false,"enableSMB_with_temptarget":false,"allowSMB_with_high_temptarget":true,"enableSMB_always":true,"enableSMB_after_carbs":false,"maxSMBBasalMinutes":120,"maxUAMSMBBasalMinutes":120,"bolus_increment":0.05,"carbsReqThreshold":1,"current_basal":1.5,"temptargetSet":false,"autosens_max":1.8,"out_units":"mmol\/L"},"autosens_data":{"ratio":1},"meal_data":{"carbs":0,"mealCOB":0,"slopeFromMaxDeviation":-1.3800000000000001,"slopeFromMinDeviation":0.045545454545454535,"lastBolusTime":1703108234902,"lastCarbTime":0},"microBolusAllowed":true,"currentTime":1703110924848,"flatBGsDetected":false},"output":{"temp":"absolute","bg":74,"tick":-2,"eventualBG":78,"targetBG":90,"insulinReq":0,"deliverAt":"2023-12-20T22:22:04.848Z","sensitivityRatio":1,"predBGs":{"IOB":[74,72,71,69,68,67,67,67,67,67,67,67,68,69,69,70,71,71,72,72,73,73,73,74,74,74,75,75,75,75,76,76,76,76,76,77],"ZT":[74,74,75,76,77,78,79,81,83,86,89]},"COB":0,"IOB":-0.276,"reason":"COB: 0, Dev: -0.7, BGI: 0.0, ISF: 3.5, CR: 4.5, Target: 5.0, minPredBG 4.0, minGuardBG 3.7, IOBpredBG 4.3; Eventual BG 4.3 < 5.0, temp 0.8 ~< req 0.74U\/hr. ","timestamp":"2023-12-20T22:22:04.930Z"}}