{"algorithm":"OpenAPSSMBPlugin","input":{"glucoseStatus":{"glucose":65,"noise":0,"delta":1,"short_avgdelta":0.61,"long_avgdelta":-3.29,"date":1703070101195},"currenttemp":{"temp":"absolute","duration":95,"rate":0,"minutesrunning":25},"iob_data":[{"iob":2.916,"basaliob":-1.233,"bolussnooze":1.2768,"activity":0.0413,"lastBolusTime":1703067675204,"time":"2023-12-20T11:02:00.716Z","iobWithZeroTemp":{"iob":2.916,"basaliob":-1.233,"bolussnooze":1.2768,"activity":0.0413,"lastBolusTime":1703067675204,"time":"2023-12-20T11:02:00.716Z"}},{"iob":2.714,"basaliob":-1.165,"bolussnooze":1.083,"activity":0.0394,"lastBolusTime":1703067675204,"time":"2023-12-20T11:07:00.716Z","iobWithZeroTemp":{"iob":2.661,"basaliob":-1.218,"bolussnooze":1.083,"activity":0.0393,"lastBolusTime":1703067675204,"time":"2023-12-20T11:07:00.716Z"}},{"iob":2.522,"basaliob":-1.097,"bolussnooze":0.9145,"activity":0.0375,"lastBolusTime":1703067675204,"time":"2023-12-20T11:12:00.716Z","iobWithZeroTemp":{"iob":2.403,"basaliob":-1.216,"bolussnooze":0.9145,"activity":0.0373,"lastBolusTime":1703067675204,"time":"2023-12-20T11:12:00.716Z"}},{"iob":2.34,"basaliob":-1.03,"bolussnooze":0.7689,"activity":0.0355,"lastBolusTime":1703067675204,"time":"2023-12-20T11:17:00.716Z","iobWithZeroTemp":{"iob":2.156,"basaliob":-1.214,"bolussnooze":0.7689,"activity":0.035,"lastBolusTime":1703067675204,"time":"2023-12-20T11:17:00.716Z"}},{"iob":2.167,"basaliob":-0.965,"bolussnooze":0.644,"activity":0.0336,"lastBolusTime":1703067675204,"time":"2023-12-20T11:22:00.716Z","iobWithZeroTemp":{"iob":1.92,"basaliob":-1.212,"bolussnooze":0.644,"activity":0.0327,"lastBolusTime":1703067675204,"time":"2023-12-20T11:22:00.716Z"}},{"iob":2.004,"basaliob":-0.902,"bolussnooze":0.5375,"activity":0.0316,"lastBolusTime":1703067675204,"time":"2023-12-20T11:27:00.716Z","iobWithZeroTemp":{"iob":1.696,"basaliob":-1.21,"bolussnooze":0.5375,"activity":0.0302,"lastBolusTime":1703067675204,"time":"2023-12-20T11:27:00.716Z"}},{"iob":1.851,"basaliob":-0.841,"bolussnooze":0.447,"activity":0.0297,"lastBolusTime":1703067675204,"time":"2023-12-20T11:32:00.716Z","iobWithZeroTemp":{"iob":1.484,"basaliob":-1.208,"bolussnooze":0.447,"activity":0.0278,"lastBolusTime":1703067675204,"time":"2023-12-20T11:32:00.716Z"}},{"iob":1.707,"basaliob":-0.783,"bolussnooze":0.3706,"activity":0.0278,"lastBolusTime":1703067675204,"time":"2023-12-20T11:37:00.716Z","iobWithZeroTemp":{"iob":1.284,"basaliob":-1.206,"bolussnooze":0.3706,"activity":0.0254,"lastBolusTime":1703067675204,"time":"2023-12-20T11:37:00.716Z"}},{"iob":1.573,"basaliob":-0.727,"bolussnooze":0.3063,"activity":0.026,"lastBolusTime":1703067675204,"time":"2023-12-20T11:42:00.716Z","iobWithZeroTemp":{"iob":1.096,"basaliob":-1.204,"bolussnooze":0.3063,"activity":0.0231,"lastBolusTime":1703067675204,"time":"2023-12-20T11:42:00.716Z"}},{"iob":1.447,"basaliob":-0.675,"bolussnooze":0.2524,"activity":0.0242,"lastBolusTime":1703067675204,"time":"2023-12-20T11:47:00.716Z","iobWithZeroTemp":{"iob":0.92,"basaliob":-1.202,"bolussnooze":0.2524,"activity":0.0207,"lastBolusTime":1703067675204,"time":"2023-12-20T11:47:00.716Z"}},{"iob":1.33,"basaliob":-0.625,"bolussnooze":0.2074,"activity":0.0226,"lastBolusTime":1703067675204,"time":"2023-12-20T11:52:00.716Z","iobWithZeroTemp":{"iob":0.755,"basaliob":-1.2,"bolussnooze":0.2074,"activity":0.0186,"lastBolusTime":1703067675204,"time":"2023-12-20T11:52:00.716Z"}},{"iob":1.221,"basaliob":-0.578,"bolussnooze":0.1699,"activity":0.021,"lastBolusTime":1703067675204,"time":"2023-12-20T11:57:00.716Z","iobWithZeroTemp":{"iob":0.601,"basaliob":-1.198,"bolussnooze":0.1699,"activity":0.0164,"lastBolusTime":1703067675204,"time":"2023-12-20T11:57:00.716Z"}},{"iob":1.12,"basaliob":-0.533,"bolussnooze":0.1388,"activity":0.0195,"lastBolusTime":1703067675204,"time":"2023-12-20T12:02:00.716Z","iobWithZeroTemp":{"iob":0.457,"basaliob":-1.196,"bolussnooze":0.1388,"activity":0.0144,"lastBolusTime":1703067675204,"time":"2023-12-20T12:02:00.716Z"}},{"iob":1.026,"basaliob":-0.492,"bolussnooze":0.1131,"activity":0.0181,"lastBolusTime":1703067675204,"time":"2023-12-20T12:07:00.716Z","iobWithZeroTemp":{"iob":0.323,"basaliob":-1.195,"bolussnooze":0.1131,"activity":0.0125,"lastBolusTime":1703067675204,"time":"2023-12-20T12:07:00.716Z"}},{"iob":0.939,"basaliob":-0.453,"bolussnooze":0.0919,"activity":0.0167,"lastBolusTime":1703067675204,"time":"2023-12-20T12:12:00.716Z","iobWithZeroTemp":{"iob":0.199,"basaliob":-1.193,"bolussnooze":0.0919,"activity":0.0106,"lastBolusTime":1703067675204,"time":"2023-12-20T12:12:00.716Z"}},{"iob":0.858,"basaliob":-0.417,"bolussnooze":0.0744,"activity":0.0154,"lastBolusTime":1703067675204,"time":"2023-12-20T12:17:00.716Z","iobWithZeroTemp":{"iob":0.083,"basaliob":-1.192,"bolussnooze":0.0744,"activity":0.0088,"lastBolusTime":1703067675204,"time":"2023-12-20T12:17:00.716Z"}},{"iob":0.785,"basaliob":-0.383,"bolussnooze":0.0601,"activity":0.0143,"lastBolusTime":1703067675204,"time":"2023-12-20T12:22:00.716Z","iobWithZeroTemp":{"iob":-0.022,"basaliob":-1.19,"bolussnooze":0.0601,"activity":0.0072,"lastBolusTime":1703067675204,"time":"2023-12-20T12:22:00.716Z"}},{"iob":0.717,"basaliob":-0.351,"bolussnooze":0.0484,"activity":0.0131,"lastBolusTime":1703067675204,"time":"2023-12-20T12:27:00.716Z","iobWithZeroTemp":{"iob":-0.12,"basaliob":-1.188,"bolussnooze":0.0484,"activity":0.0056,"lastBolusTime":1703067675204,"time":"2023-12-20T12:27:00.716Z"}},{"iob":0.654,"basaliob":-0.322,"bolussnooze":0.0388,"activity":0.0121,"lastBolusTime":1703067675204,"time":"2023-12-20T12:32:00.716Z","iobWithZeroTemp":{"iob":-0.211,"basaliob":-1.187,"bolussnooze":0.0388,"activity":0.0041,"lastBolusTime":1703067675204,"time":"2023-12-20T12:32:00.716Z"}},{"iob":0.596,"basaliob":-0.295,"bolussnooze":0.0311,"activity":0.0111,"lastBolusTime":1703067675204,"time":"2023-12-20T12:37:00.716Z","iobWithZeroTemp":{"iob":-0.295,"basaliob":-1.186,"bolussnooze":0.0311,"activity":0.0027,"lastBolusTime":1703067675204,"time":"2023-12-20T12:37:00.716Z"}},{"iob":0.542,"basaliob":-0.27,"bolussnooze":0.0248,"activity":0.0102,"lastBolusTime":1703067675204,"time":"2023-12-20T12:42:00.716Z","iobWithZeroTemp":{"iob":-0.373,"basaliob":-1.185,"bolussnooze":0.0248,"activity":0.0015,"lastBolusTime":1703067675204,"time":"2023-12-20T12:42:00.716Z"}},{"iob":0.493,"basaliob":-0.247,"bolussnooze":0.0197,"activity":0.0093,"lastBolusTime":1703067675204,"time":"2023-12-20T12:47:00.716Z","iobWithZeroTemp":{"iob":-0.444,"basaliob":-1.184,"bolussnooze":0.0197,"activity":2.0E-4,"lastBolusTime":1703067675204,"time":"2023-12-20T12:47:00.716Z"}},{"iob":0.449,"basaliob":-0.225,"bolussnooze":0.0156,"activity":0.0086,"lastBolusTime":1703067675204,"time":"2023-12-20T12:52:00.716Z","iobWithZeroTemp":{"iob":-0.509,"basaliob":-1.183,"bolussnooze":0.0156,"activity":-8.0E-4,"lastBolusTime":1703067675204,"time":"2023-12-20T12:52:00.716Z"}},{"iob":0.408,"basaliob":-0.206,"bolussnooze":0.0123,"activity":0.0078,"lastBolusTime":1703067675204,"time":"2023-12-20T12:57:00.716Z","iobWithZeroTemp":{"iob":-0.568,"basaliob":-1.182,"bolussnooze":0.0123,"activity":-0.0019,"lastBolusTime":1703067675204,"time":"2023-12-20T12:57:00.716Z"}},{"iob":0.37,"basaliob":-0.188,"bolussnooze":0.0096,"activity":0.0072,"lastBolusTime":1703067675204,"time":"2023-12-20T13:02:00.716Z","iobWithZeroTemp":{"iob":-0.624,"basaliob":-1.182,"bolussnooze":0.0096,"activity":-0.0028,"lastBolusTime":1703067675204,"time":"2023-12-20T13:02:00.716Z"}},{"iob":0.336,"basaliob":-0.171,"bolussnooze":0.0075,"activity":0.0066,"lastBolusTime":1703067675204,"time":"2023-12-20T13:07:00.716Z","iobWithZeroTemp":{"iob":-0.665,"basaliob":-1.172,"bolussnooze":0.0075,"activity":-0.0037,"lastBolusTime":1703067675204,"time":"2023-12-20T13:07:00.716Z"}},{"iob":0.304,"basaliob":-0.156,"bolussnooze":0.0058,"activity":0.006,"lastBolusTime":1703067675204,"time":"2023-12-20T13:12:00.716Z","iobWithZeroTemp":{"iob":-0.704,"basaliob":-1.164,"bolussnooze":0.0058,"activity":-0.0045,"lastBolusTime":1703067675204,"time":"2023-12-20T13:12:00.716Z"}},{"iob":0.275,"basaliob":-0.142,"bolussnooze":0.0045,"activity":0.0055,"lastBolusTime":1703067675204,"time":"2023-12-20T13:17:00.716Z","iobWithZeroTemp":{"iob":-0.738,"basaliob":-1.155,"bolussnooze":0.0045,"activity":-0.0052,"lastBolusTime":1703067675204,"time":"2023-12-20T13:17:00.716Z"}},{"iob":0.249,"basaliob":-0.129,"bolussnooze":0.0034,"activity":0.005,"lastBolusTime":1703067675204,"time":"2023-12-20T13:22:00.716Z","iobWithZeroTemp":{"iob":-0.769,"basaliob":-1.147,"bolussnooze":0.0034,"activity":-0.0059,"lastBolusTime":1703067675204,"time":"2023-12-20T13:22:00.716Z"}},{"iob":0.226,"basaliob":-0.117,"bolussnooze":0.0026,"activity":0.0045,"lastBolusTime":1703067675204,"time":"2023-12-20T13:27:00.716Z","iobWithZeroTemp":{"iob":-0.795,"basaliob":-1.138,"bolussnooze":0.0026,"activity":-0.0065,"lastBolusTime":1703067675204,"time":"2023-12-20T13:27:00.716Z"}},{"iob":0.204,"basaliob":-0.106,"bolussnooze":0.002,"activity":0.0041,"lastBolusTime":1703067675204,"time":"2023-12-20T13:32:00.716Z","iobWithZeroTemp":{"iob":-0.82,"basaliob":-1.13,"bolussnooze":0.002,"activity":-0.007,"lastBolusTime":1703067675204,"time":"2023-12-20T13:32:00.716Z"}},{"iob":0.185,"basaliob":-0.096,"bolussnooze":0.0015,"activity":0.0037,"lastBolusTime":1703067675204,"time":"2023-12-20T13:37:00.716Z","iobWithZeroTemp":{"iob":-0.842,"basaliob":-1.123,"bolussnooze":0.0015,"activity":-0.0075,"lastBolusTime":1703067675204,"time":"2023-12-20T13:37:00.716Z"}},{"iob":0.167,"basaliob":-0.087,"bolussnooze":0.0011,"activity":0.0034,"lastBolusTime":1703067675204,"time":"2023-12-20T13:42:00.716Z","iobWithZeroTemp":{"iob":-0.862,"basaliob":-1.116,"bolussnooze":0.0011,"activity":-0.0079,"lastBolusTime":1703067675204,"time":"2023-12-20T13:42:00.716Z"}},{"iob":0.15,"basaliob":-0.079,"bolussnooze":8.0E-4,"activity":0.0031,"lastBolusTime":1703067675204,"time":"2023-12-20T13:47:00.716Z","iobWithZeroTemp":{"iob":-0.88,"basaliob":-1.109,"bolussnooze":8.0E-4,"activity":-0.0083,"lastBolusTime":1703067675204,"time":"2023-12-20T13:47:00.716Z"}},{"iob":0.136,"basaliob":-0.071,"bolussnooze":6.0E-4,"activity":0.0029,"lastBolusTime":1703067675204,"time":"2023-12-20T13:52:00.716Z","iobWithZeroTemp":{"iob":-0.896,"basaliob":-1.103,"bolussnooze":6.0E-4,"activity":-0.0086,"lastBolusTime":1703067675204,"time":"2023-12-20T13:52:00.716Z"}},{"iob":0.122,"basaliob":-0.065,"bolussnooze":4.0E-4,"activity":0.0026,"lastBolusTime":1703067675204,"time":"2023-12-20T13:57:00.716Z","iobWithZeroTemp":{"iob":-0.911,"basaliob":-1.098,"bolussnooze":4.0E-4,"activity":-0.0089,"lastBolusTime":1703067675204,"time":"2023-12-20T13:57:00.716Z"}},{"iob":0.11,"basaliob":-0.058,"bolussnooze":3.0E-4,"activity":0.0023,"lastBolusTime":1703067675204,"time":"2023-12-20T14:02:00.716Z","iobWithZeroTemp":{"iob":-0.923,"basaliob":-1.091,"bolussnooze":3.0E-4,"activity":-0.0093,"lastBolusTime":1703067675204,"time":"2023-12-20T14:02:00.716Z"}},{"iob":0.099,"basaliob":-0.053,"bolussnooze":2.0E-4,"activity":0.0021,"lastBolusTime":1703067675204,"time":"2023-12-20T14:07:00.716Z","iobWithZeroTemp":{"iob":-0.935,"basaliob":-1.087,"bolussnooze":2.0E-4,"activity":-0.0095,"lastBolusTime":1703067675204,"time":"2023-12-20T14:07:00.716Z"}},{"iob":0.089,"basaliob":-0.048,"bolussnooze":1.0E-4,"activity":0.0019,"lastBolusTime":1703067675204,"time":"2023-12-20T14:12:00.716Z","iobWithZeroTemp":{"iob":-0.945,"basaliob":-1.082,"bolussnooze":1.0E-4,"activity":-0.0097,"lastBolusTime":1703067675204,"time":"2023-12-20T14:12:00.716Z"}},{"iob":0.08,"basaliob":-0.043,"bolussnooze":1.0E-4,"activity":0.0017,"lastBolusTime":1703067675204,"time":"2023-12-20T14:17:00.716Z","iobWithZeroTemp":{"iob":-0.954,"basaliob":-1.077,"bolussnooze":1.0E-4,"activity":-0.01,"lastBolusTime":1703067675204,"time":"2023-12-20T14:17:00.716Z"}},{"iob":0.071,"basaliob":-0.039,"bolussnooze":0,"activity":0.0016,"lastBolusTime":1703067675204,"time":"2023-12-20T14:22:00.716Z","iobWithZeroTemp":{"iob":-0.963,"basaliob":-1.073,"bolussnooze":0,"activity":-0.0101,"lastBolusTime":1703067675204,"time":"2023-12-20T14:22:00.716Z"}},{"iob":0.064,"basaliob":-0.035,"bolussnooze":0,"activity":0.0014,"lastBolusTime":1703067675204,"time":"2023-12-20T14:27:00.716Z","iobWithZeroTemp":{"iob":-0.97,"basaliob":-1.069,"bolussnooze":0,"activity":-0.0103,"lastBolusTime":1703067675204,"time":"2023-12-20T14:27:00.716Z"}},{"iob":0.058,"basaliob":-0.031,"bolussnooze":0,"activity":0.0012,"lastBolusTime":1703067675204,"time":"2023-12-20T14:32:00.716Z","iobWithZeroTemp":{"iob":-0.976,"basaliob":-1.065,"bolussnooze":0,"activity":-0.0105,"lastBolusTime":1703067675204,"time":"2023-12-20T14:32:00.716Z"}},{"iob":0.052,"basaliob":-0.028,"bolussnooze":0,"activity":0.0011,"lastBolusTime":1703067675204,"time":"2023-12-20T14:37:00.716Z","iobWithZeroTemp":{"iob":-0.982,"basaliob":-1.062,"bolussnooze":0,"activity":-0.0106,"lastBolusTime":1703067675204,"time":"2023-12-20T14:37:00.716Z"}},{"iob":0.046,"basaliob":-0.025,"bolussnooze":0,"activity":0.0011,"lastBolusTime":1703067675204,"time":"2023-12-20T14:42:00.716Z","iobWithZeroTemp":{"iob":-0.988,"basaliob":-1.059,"bolussnooze":0,"activity":-0.0106,"lastBolusTime":1703067675204,"time":"2023-12-20T14:42:00.716Z"}},{"iob":0.041,"basaliob":-0.023,"bolussnooze":0,"activity":9.0E-4,"lastBolusTime":1703067675204,"time":"2023-12-20T14:47:00.716Z","iobWithZeroTemp":{"iob":-0.99,"basaliob":-1.054,"bolussnooze":0,"activity":-0.0108,"lastBolusTime":1703067675204,"time":"2023-12-20T14:47:00.716Z"}},{"iob":0.037,"basaliob":-0.02,"bolussnooze":0,"activity":9.0E-4,"lastBolusTime":1703067675204,"time":"2023-12-20T14:52:00.716Z","iobWithZeroTemp":{"iob":-0.994,"basaliob":-1.051,"bolussnooze":0,"activity":-0.0108,"lastBolusTime":1703067675204,"time":"2023-12-20T14:52:00.716Z"}},{"iob":0.033,"basaliob":-0.018,"bolussnooze":0,"activity":8.0E-4,"lastBolusTime":1703067675204,"time":"2023-12-20T14:57:00.716Z","iobWithZeroTemp":{"iob":-0.998,"basaliob":-1.049,"bolussnooze":0,"activity":-0.0109,"lastBolusTime":1703067675204,"time":"2023-12-20T14:57:00.716Z"}}],"profile":{"max_iob":20,"type":"current","max_daily_basal":1.6,"max_basal":3.2,"min_bg":81,"max_bg":81,"target_bg":81,"carb_ratio":8,"sens":108,"max_daily_safety_multiplier":3,"current_basal_safety_multiplier":4,"high_temptarget_raises_sensitivity":false,"low_temptarget_lowers_sensitivity":false,"sensitivity_raises_target":false,"resistance_lowers_target":false,"adv_target_adjustments":false,"exercise_mode":false,"half_basal_exercise_target":160,"maxCOB":120,"skip_neutral_temps":false,"remainingCarbsCap":90,"enableUAM":true,"A52_risk_enable":false,"SMBInterval":3,"enableSMB_with_COB":false,"enableSMB_with_temptarget":false,"allowSMB_with_high_temptarget":true,"enableSMB_always":true,"enableSMB_after_carbs":false,"maxSMBBasalMinutes":120,"maxUAMSMBBasalMinutes":120,"bolus_increment":0.05,"carbsReqThreshold":1,"current_basal":0.8,"temptargetSet":true,"autosens_max":1.8,"out_units":"mmol\/L"},"autosens_data":{"ratio":1},"meal_data":{"carbs":50,"mealCOB":11.619888888888905,"slopeFromMaxDeviation":-0.005499999999999971,"slopeFromMinDeviation":3.30525,"lastBolusTime":1703067675204,"lastCarbTime":1703065246000},"microBolusAllowed":true,"currentTime":1703070123322,"flatBGsDetected":false},"output":{"temp":"absolute","bg":65,"tick":"+1","eventualBG":39,"targetBG":81,"insulinReq":0,"deliverAt":"2023-12-20T11:02:03.322Z","sensitivityRatio":1,"predBGs":{"IOB":[65,64,61,58,55,50,44,39,39,39,39,39,39],"ZT":[65,43,39,39,39,39,39,39,39,39,39,39,39,39,39,39,39,39,39,39,39,39,39,39,39,39,39,39,39,39,39,39,39,39,39,39,39,39,39,39,39,39,39,39,39,39,39,39],"COB":[65,64,62,60,57,53,49,44,39,39,39,39,39],"UAM":[65,64,64,63,63,62,61,60,59,58,57,56,54,52,50,47,44,40,39]},"COB":11.619888888888905,"IOB":2.916,"reason":"COB: 11.6, Dev: 7.6, BGI: -1.2, ISF: 6.0, CR: 8, Target: 4.5, minPredBG -2.8, minGuardBG -2.8, IOBpredBG 2.2, COBpredBG 2.2, UAMpredBG 2.2; 21 add'l carbs req w\/in 15m; minGuardBG -2.8<3.4 95m left and 0 ~ req 0U\/hr: no temp required","carbsReq":21,"carbsReqWithin":15,"timestamp":"2023-12-20T11:02:03.424Z"}}