{"algorithm":"OpenAPSSMBPlugin","input":{"glucoseStatus":{"glucose":59,"noise":0,"delta":12,"short_avgdelta":12,"long_avgdelta":1.32,"date":1703074901446},"currenttemp":{"temp":"absolute","duration":45,"rate":0,"minutesrunning":75},"iob_data":[{"iob":-0.029,"basaliob":-1.197,"bolussnooze":0.0601,"activity":0.0071,"lastBolusTime":1703067675204,"time":"2023-12-20T12:22:00.545Z","iobWithZeroTemp":{"iob":-0.029,"basaliob":-1.197,"bolussnooze":0.0601,"activity":0.0071,"lastBolusTime":1703067675204,"time":"2023-12-20T12:22:00.545Z"}},{"iob":-0.061,"basaliob":-1.129,"bolussnooze":0.0484,"activity":0.0056,"lastBolusTime":1703067675204,"time":"2023-12-20T12:27:00.545Z","iobWithZeroTemp":{"iob":-0.114,"basaliob":-1.182,"bolussnooze":0.0484,"activity":0.0055,"lastBolusTime":1703067675204,"time":"2023-12-20T12:27:00.545Z"}},{"iob":-0.085,"basaliob":-1.061,"bolussnooze":0.0389,"activity":0.0043,"lastBolusTime":1703067675204,"time":"2023-12-20T12:32:00.545Z","iobWithZeroTemp":{"iob":-0.204,"basaliob":-1.18,"bolussnooze":0.0389,"activity":0.0041,"lastBolusTime":1703067675204,"time":"2023-12-20T12:32:00.545Z"}},{"iob":-0.104,"basaliob":-0.995,"bolussnooze":0.0311,"activity":0.0033,"lastBolusTime":1703067675204,"time":"2023-12-20T12:37:00.545Z","iobWithZeroTemp":{"iob":-0.288,"basaliob":-1.179,"bolussnooze":0.0311,"activity":0.0028,"lastBolusTime":1703067675204,"time":"2023-12-20T12:37:00.545Z"}},{"iob":-0.119,"basaliob":-0.931,"bolussnooze":0.0248,"activity":0.0024,"lastBolusTime":1703067675204,"time":"2023-12-20T12:42:00.545Z","iobWithZeroTemp":{"iob":-0.366,"basaliob":-1.178,"bolussnooze":0.0248,"activity":0.0015,"lastBolusTime":1703067675204,"time":"2023-12-20T12:42:00.545Z"}},{"iob":-0.129,"basaliob":-0.869,"bolussnooze":0.0197,"activity":0.0016,"lastBolusTime":1703067675204,"time":"2023-12-20T12:47:00.545Z","iobWithZeroTemp":{"iob":-0.437,"basaliob":-1.177,"bolussnooze":0.0197,"activity":2.0E-4,"lastBolusTime":1703067675204,"time":"2023-12-20T12:47:00.545Z"}},{"iob":-0.135,"basaliob":-0.809,"bolussnooze":0.0156,"activity":0.0011,"lastBolusTime":1703067675204,"time":"2023-12-20T12:52:00.545Z","iobWithZeroTemp":{"iob":-0.502,"basaliob":-1.176,"bolussnooze":0.0156,"activity":-8.0E-4,"lastBolusTime":1703067675204,"time":"2023-12-20T12:52:00.545Z"}},{"iob":-0.139,"basaliob":-0.753,"bolussnooze":0.0123,"activity":5.0E-4,"lastBolusTime":1703067675204,"time":"2023-12-20T12:57:00.545Z","iobWithZeroTemp":{"iob":-0.562,"basaliob":-1.176,"bolussnooze":0.0123,"activity":-0.0019,"lastBolusTime":1703067675204,"time":"2023-12-20T12:57:00.545Z"}},{"iob":-0.14,"basaliob":-0.698,"bolussnooze":0.0096,"activity":2.0E-4,"lastBolusTime":1703067675204,"time":"2023-12-20T13:02:00.545Z","iobWithZeroTemp":{"iob":-0.616,"basaliob":-1.174,"bolussnooze":0.0096,"activity":-0.0027,"lastBolusTime":1703067675204,"time":"2023-12-20T13:02:00.545Z"}},{"iob":-0.14,"basaliob":-0.647,"bolussnooze":0.0075,"activity":-2.0E-4,"lastBolusTime":1703067675204,"time":"2023-12-20T13:07:00.545Z","iobWithZeroTemp":{"iob":-0.659,"basaliob":-1.166,"bolussnooze":0.0075,"activity":-0.0037,"lastBolusTime":1703067675204,"time":"2023-12-20T13:07:00.545Z"}},{"iob":-0.139,"basaliob":-0.599,"bolussnooze":0.0058,"activity":-5.0E-4,"lastBolusTime":1703067675204,"time":"2023-12-20T13:12:00.545Z","iobWithZeroTemp":{"iob":-0.698,"basaliob":-1.158,"bolussnooze":0.0058,"activity":-0.0045,"lastBolusTime":1703067675204,"time":"2023-12-20T13:12:00.545Z"}},{"iob":-0.135,"basaliob":-0.553,"bolussnooze":0.0045,"activity":-6.0E-4,"lastBolusTime":1703067675204,"time":"2023-12-20T13:17:00.545Z","iobWithZeroTemp":{"iob":-0.731,"basaliob":-1.149,"bolussnooze":0.0045,"activity":-0.0051,"lastBolusTime":1703067675204,"time":"2023-12-20T13:17:00.545Z"}},{"iob":-0.131,"basaliob":-0.51,"bolussnooze":0.0034,"activity":-8.0E-4,"lastBolusTime":1703067675204,"time":"2023-12-20T13:22:00.545Z","iobWithZeroTemp":{"iob":-0.762,"basaliob":-1.141,"bolussnooze":0.0034,"activity":-0.0058,"lastBolusTime":1703067675204,"time":"2023-12-20T13:22:00.545Z"}},{"iob":-0.127,"basaliob":-0.47,"bolussnooze":0.0026,"activity":-0.001,"lastBolusTime":1703067675204,"time":"2023-12-20T13:27:00.545Z","iobWithZeroTemp":{"iob":-0.79,"basaliob":-1.133,"bolussnooze":0.0026,"activity":-0.0065,"lastBolusTime":1703067675204,"time":"2023-12-20T13:27:00.545Z"}},{"iob":-0.123,"basaliob":-0.433,"bolussnooze":0.002,"activity":-0.001,"lastBolusTime":1703067675204,"time":"2023-12-20T13:32:00.545Z","iobWithZeroTemp":{"iob":-0.816,"basaliob":-1.126,"bolussnooze":0.002,"activity":-0.0069,"lastBolusTime":1703067675204,"time":"2023-12-20T13:32:00.545Z"}},{"iob":-0.117,"basaliob":-0.398,"bolussnooze":0.0015,"activity":-0.0011,"lastBolusTime":1703067675204,"time":"2023-12-20T13:37:00.545Z","iobWithZeroTemp":{"iob":-0.832,"basaliob":-1.113,"bolussnooze":0.0015,"activity":-0.0074,"lastBolusTime":1703067675204,"time":"2023-12-20T13:37:00.545Z"}},{"iob":-0.111,"basaliob":-0.365,"bolussnooze":0.0011,"activity":-0.0012,"lastBolusTime":1703067675204,"time":"2023-12-20T13:42:00.545Z","iobWithZeroTemp":{"iob":-0.852,"basaliob":-1.106,"bolussnooze":0.0011,"activity":-0.0079,"lastBolusTime":1703067675204,"time":"2023-12-20T13:42:00.545Z"}},{"iob":-0.106,"basaliob":-0.335,"bolussnooze":8.0E-4,"activity":-0.0011,"lastBolusTime":1703067675204,"time":"2023-12-20T13:47:00.545Z","iobWithZeroTemp":{"iob":-0.871,"basaliob":-1.1,"bolussnooze":8.0E-4,"activity":-0.0081,"lastBolusTime":1703067675204,"time":"2023-12-20T13:47:00.545Z"}},{"iob":-0.1,"basaliob":-0.307,"bolussnooze":6.0E-4,"activity":-0.0011,"lastBolusTime":1703067675204,"time":"2023-12-20T13:52:00.545Z","iobWithZeroTemp":{"iob":-0.887,"basaliob":-1.094,"bolussnooze":6.0E-4,"activity":-0.0085,"lastBolusTime":1703067675204,"time":"2023-12-20T13:52:00.545Z"}},{"iob":-0.094,"basaliob":-0.281,"bolussnooze":4.0E-4,"activity":-0.0011,"lastBolusTime":1703067675204,"time":"2023-12-20T13:57:00.545Z","iobWithZeroTemp":{"iob":-0.902,"basaliob":-1.089,"bolussnooze":4.0E-4,"activity":-0.0088,"lastBolusTime":1703067675204,"time":"2023-12-20T13:57:00.545Z"}},{"iob":-0.089,"basaliob":-0.257,"bolussnooze":3.0E-4,"activity":-0.0011,"lastBolusTime":1703067675204,"time":"2023-12-20T14:02:00.545Z","iobWithZeroTemp":{"iob":-0.916,"basaliob":-1.084,"bolussnooze":3.0E-4,"activity":-0.0091,"lastBolusTime":1703067675204,"time":"2023-12-20T14:02:00.545Z"}},{"iob":-0.083,"basaliob":-0.235,"bolussnooze":2.0E-4,"activity":-0.0011,"lastBolusTime":1703067675204,"time":"2023-12-20T14:07:00.545Z","iobWithZeroTemp":{"iob":-0.927,"basaliob":-1.079,"bolussnooze":2.0E-4,"activity":-0.0094,"lastBolusTime":1703067675204,"time":"2023-12-20T14:07:00.545Z"}},{"iob":-0.077,"basaliob":-0.214,"bolussnooze":1.0E-4,"activity":-0.001,"lastBolusTime":1703067675204,"time":"2023-12-20T14:12:00.545Z","iobWithZeroTemp":{"iob":-0.937,"basaliob":-1.074,"bolussnooze":1.0E-4,"activity":-0.0096,"lastBolusTime":1703067675204,"time":"2023-12-20T14:12:00.545Z"}},{"iob":-0.073,"basaliob":-0.196,"bolussnooze":1.0E-4,"activity":-0.001,"lastBolusTime":1703067675204,"time":"2023-12-20T14:17:00.545Z","iobWithZeroTemp":{"iob":-0.948,"basaliob":-1.071,"bolussnooze":1.0E-4,"activity":-0.0098,"lastBolusTime":1703067675204,"time":"2023-12-20T14:17:00.545Z"}},{"iob":-0.068,"basaliob":-0.178,"bolussnooze":0,"activity":-9.0E-4,"lastBolusTime":1703067675204,"time":"2023-12-20T14:22:00.545Z","iobWithZeroTemp":{"iob":-0.957,"basaliob":-1.067,"bolussnooze":0,"activity":-0.01,"lastBolusTime":1703067675204,"time":"2023-12-20T14:22:00.545Z"}},{"iob":-0.063,"basaliob":-0.162,"bolussnooze":0,"activity":-0.001,"lastBolusTime":1703067675204,"time":"2023-12-20T14:27:00.545Z","iobWithZeroTemp":{"iob":-0.964,"basaliob":-1.063,"bolussnooze":0,"activity":-0.0103,"lastBolusTime":1703067675204,"time":"2023-12-20T14:27:00.545Z"}},{"iob":-0.059,"basaliob":-0.148,"bolussnooze":0,"activity":-9.0E-4,"lastBolusTime":1703067675204,"time":"2023-12-20T14:32:00.545Z","iobWithZeroTemp":{"iob":-0.972,"basaliob":-1.061,"bolussnooze":0,"activity":-0.0104,"lastBolusTime":1703067675204,"time":"2023-12-20T14:32:00.545Z"}},{"iob":-0.054,"basaliob":-0.134,"bolussnooze":0,"activity":-9.0E-4,"lastBolusTime":1703067675204,"time":"2023-12-20T14:37:00.545Z","iobWithZeroTemp":{"iob":-0.977,"basaliob":-1.057,"bolussnooze":0,"activity":-0.0106,"lastBolusTime":1703067675204,"time":"2023-12-20T14:37:00.545Z"}},{"iob":-0.05,"basaliob":-0.122,"bolussnooze":0,"activity":-8.0E-4,"lastBolusTime":1703067675204,"time":"2023-12-20T14:42:00.545Z","iobWithZeroTemp":{"iob":-0.983,"basaliob":-1.055,"bolussnooze":0,"activity":-0.0107,"lastBolusTime":1703067675204,"time":"2023-12-20T14:42:00.545Z"}},{"iob":-0.047,"basaliob":-0.111,"bolussnooze":0,"activity":-8.0E-4,"lastBolusTime":1703067675204,"time":"2023-12-20T14:47:00.545Z","iobWithZeroTemp":{"iob":-0.988,"basaliob":-1.052,"bolussnooze":0,"activity":-0.0108,"lastBolusTime":1703067675204,"time":"2023-12-20T14:47:00.545Z"}},{"iob":-0.043,"basaliob":-0.1,"bolussnooze":0,"activity":-7.0E-4,"lastBolusTime":1703067675204,"time":"2023-12-20T14:52:00.545Z","iobWithZeroTemp":{"iob":-0.992,"basaliob":-1.049,"bolussnooze":0,"activity":-0.0109,"lastBolusTime":1703067675204,"time":"2023-12-20T14:52:00.545Z"}},{"iob":-0.04,"basaliob":-0.091,"bolussnooze":0,"activity":-6.0E-4,"lastBolusTime":1703067675204,"time":"2023-12-20T14:57:00.545Z","iobWithZeroTemp":{"iob":-0.996,"basaliob":-1.047,"bolussnooze":0,"activity":-0.0109,"lastBolusTime":1703067675204,"time":"2023-12-20T14:57:00.545Z"}},{"iob":-0.037,"basaliob":-0.083,"bolussnooze":0,"activity":-6.0E-4,"lastBolusTime":1703067675204,"time":"2023-12-20T15:02:00.545Z","iobWithZeroTemp":{"iob":-1,"basaliob":-1.046,"bolussnooze":0,"activity":-0.011,"lastBolusTime":1703067675204,"time":"2023-12-20T15:02:00.545Z"}},{"iob":-0.034,"basaliob":-0.075,"bolussnooze":0,"activity":-6.0E-4,"lastBolusTime":1703067675204,"time":"2023-12-20T15:07:00.545Z","iobWithZeroTemp":{"iob":-0.995,"basaliob":-1.036,"bolussnooze":0,"activity":-0.0111,"lastBolusTime":1703067675204,"time":"2023-12-20T15:07:00.545Z"}},{"iob":-0.032,"basaliob":-0.068,"bolussnooze":0,"activity":-6.0E-4,"lastBolusTime":1703067675204,"time":"2023-12-20T15:12:00.545Z","iobWithZeroTemp":{"iob":-0.99,"basaliob":-1.026,"bolussnooze":0,"activity":-0.0112,"lastBolusTime":1703067675204,"time":"2023-12-20T15:12:00.545Z"}},{"iob":-0.029,"basaliob":-0.061,"bolussnooze":0,"activity":-4.0E-4,"lastBolusTime":1703067675204,"time":"2023-12-20T15:17:00.545Z","iobWithZeroTemp":{"iob":-0.984,"basaliob":-1.016,"bolussnooze":0,"activity":-0.011,"lastBolusTime":1703067675204,"time":"2023-12-20T15:17:00.545Z"}},{"iob":-0.026,"basaliob":-0.055,"bolussnooze":0,"activity":-4.0E-4,"lastBolusTime":1703067675204,"time":"2023-12-20T15:22:00.545Z","iobWithZeroTemp":{"iob":-0.978,"basaliob":-1.007,"bolussnooze":0,"activity":-0.0111,"lastBolusTime":1703067675204,"time":"2023-12-20T15:22:00.545Z"}},{"iob":-0.024,"basaliob":-0.05,"bolussnooze":0,"activity":-4.0E-4,"lastBolusTime":1703067675204,"time":"2023-12-20T15:27:00.545Z","iobWithZeroTemp":{"iob":-0.972,"basaliob":-0.998,"bolussnooze":0,"activity":-0.0111,"lastBolusTime":1703067675204,"time":"2023-12-20T15:27:00.545Z"}},{"iob":-0.022,"basaliob":-0.045,"bolussnooze":0,"activity":-4.0E-4,"lastBolusTime":1703067675204,"time":"2023-12-20T15:32:00.545Z","iobWithZeroTemp":{"iob":-0.967,"basaliob":-0.99,"bolussnooze":0,"activity":-0.0111,"lastBolusTime":1703067675204,"time":"2023-12-20T15:32:00.545Z"}},{"iob":-0.02,"basaliob":-0.04,"bolussnooze":0,"activity":-3.0E-4,"lastBolusTime":1703067675204,"time":"2023-12-20T15:37:00.545Z","iobWithZeroTemp":{"iob":-0.961,"basaliob":-0.981,"bolussnooze":0,"activity":-0.011,"lastBolusTime":1703067675204,"time":"2023-12-20T15:37:00.545Z"}},{"iob":-0.018,"basaliob":-0.036,"bolussnooze":0,"activity":-4.0E-4,"lastBolusTime":1703067675204,"time":"2023-12-20T15:42:00.545Z","iobWithZeroTemp":{"iob":-0.956,"basaliob":-0.974,"bolussnooze":0,"activity":-0.0111,"lastBolusTime":1703067675204,"time":"2023-12-20T15:42:00.545Z"}},{"iob":-0.017,"basaliob":-0.033,"bolussnooze":0,"activity":-3.0E-4,"lastBolusTime":1703067675204,"time":"2023-12-20T15:47:00.545Z","iobWithZeroTemp":{"iob":-0.951,"basaliob":-0.967,"bolussnooze":0,"activity":-0.011,"lastBolusTime":1703067675204,"time":"2023-12-20T15:47:00.545Z"}},{"iob":-0.015,"basaliob":-0.029,"bolussnooze":0,"activity":-3.0E-4,"lastBolusTime":1703067675204,"time":"2023-12-20T15:52:00.545Z","iobWithZeroTemp":{"iob":-0.946,"basaliob":-0.96,"bolussnooze":0,"activity":-0.011,"lastBolusTime":1703067675204,"time":"2023-12-20T15:52:00.545Z"}},{"iob":-0.015,"basaliob":-0.027,"bolussnooze":0,"activity":-3.0E-4,"lastBolusTime":1703067675204,"time":"2023-12-20T15:57:00.545Z","iobWithZeroTemp":{"iob":-0.943,"basaliob":-0.955,"bolussnooze":0,"activity":-0.011,"lastBolusTime":1703067675204,"time":"2023-12-20T15:57:00.545Z"}},{"iob":-0.013,"basaliob":-0.024,"bolussnooze":0,"activity":-2.0E-4,"lastBolusTime":1703067675204,"time":"2023-12-20T16:02:00.545Z","iobWithZeroTemp":{"iob":-0.937,"basaliob":-0.948,"bolussnooze":0,"activity":-0.0108,"lastBolusTime":1703067675204,"time":"2023-12-20T16:02:00.545Z"}},{"iob":-0.011,"basaliob":-0.021,"bolussnooze":0,"activity":-3.0E-4,"lastBolusTime":1703067675204,"time":"2023-12-20T16:07:00.545Z","iobWithZeroTemp":{"iob":-0.932,"basaliob":-0.942,"bolussnooze":0,"activity":-0.0109,"lastBolusTime":1703067675204,"time":"2023-12-20T16:07:00.545Z"}},{"iob":-0.011,"basaliob":-0.019,"bolussnooze":0,"activity":-2.0E-4,"lastBolusTime":1703067675204,"time":"2023-12-20T16:12:00.545Z","iobWithZeroTemp":{"iob":-0.929,"basaliob":-0.937,"bolussnooze":0,"activity":-0.0108,"lastBolusTime":1703067675204,"time":"2023-12-20T16:12:00.545Z"}},{"iob":-0.01,"basaliob":-0.017,"bolussnooze":0,"activity":-2.0E-4,"lastBolusTime":1703067675204,"time":"2023-12-20T16:17:00.545Z","iobWithZeroTemp":{"iob":-0.926,"basaliob":-0.933,"bolussnooze":0,"activity":-0.0108,"lastBolusTime":1703067675204,"time":"2023-12-20T16:17:00.545Z"}}],"profile":{"max_iob":20,"type":"current","max_daily_basal":1.6,"max_basal":3.2,"min_bg":81,"max_bg":81,"target_bg":81,"carb_ratio":8,"sens":108,"max_daily_safety_multiplier":3,"current_basal_safety_multiplier":4,"high_temptarget_raises_sensitivity":false,"low_temptarget_lowers_sensitivity":false,"sensitivity_raises_target":false,"resistance_lowers_target":false,"adv_target_adjustments":false,"exercise_mode":false,"half_basal_exercise_target":160,"maxCOB":120,"skip_neutral_temps":false,"remainingCarbsCap":90,"enableUAM":true,"A52_risk_enable":false,"SMBInterval":3,"enableSMB_with_COB":false,"enableSMB_with_temptarget":false,"allowSMB_with_high_temptarget":true,"enableSMB_always":true,"enableSMB_after_carbs":false,"maxSMBBasalMinutes":120,"maxUAMSMBBasalMinutes":120,"bolus_increment":0.05,"carbsReqThreshold":1,"current_basal":0.8,"temptargetSet":true,"autosens_max":1.8,"out_units":"mmol\/L"},"autosens_data":{"ratio":1},"meal_data":{"carbs":45,"mealCOB":0.6859629629629793,"slopeFromMaxDeviation":-1.161,"slopeFromMinDeviation":1.8810000000000004,"lastBolusTime":1703067675204,"lastCarbTime":1703074649000},"microBolusAllowed":true,"currentTime":1703074921660,"flatBGsDetected":false},"output":{"temp":"absolute","bg":59,"tick":"+12","eventualBG":159,"targetBG":81,"insulinReq":0,"deliverAt":"2023-12-20T12:22:01.660Z","sensitivityRatio":1,"predBGs":{"IOB":[59,70,80,89,98,106,113,119,124,128,131,132,133,133,133,134,135,135,136,136,137,138,138,139,139,140,140,141,141,142,142,143,143,143,144,144,144,144,144,145,145,145,145,145,146],"ZT":[59,55,52,50,48,48,48,48,49,50,52,55,58,61,64,68,72,76,81],"COB":[59,57,54,52,50,49,48,48,47,47,47,48,48,48,49,49,50,51,51,52,52,53,54,54,55,55,56,56,57,57,58,58,58,59,59,59,59,60,60,60,60,61],"UAM":[59,70,80,90,100,108,116,123,130,135,139,143,145,146,146,147,148,148,149,149,150,151,151,152,152,153,153,154,154,155,155,155,156,156,156,157,157,157,157,158,158,158,158,158,159]},"COB":0.6859629629629793,"IOB":-0.029,"reason":"COB: 0.7, Dev: 5.3, BGI: -0.2, ISF: 6.0, CR: 8, Target: 4.5, minPredBG 7.6, minGuardBG 3.9, IOBpredBG 8.1, COBpredBG 3.4, UAMpredBG 8.8; maxDelta 0.7 > 20% of BG 3.3: SMB disabled; minGuardBG 3.9<3.4 45m left and 0 ~ req 0U\/hr: no temp required","timestamp":"2023-12-20T12:22:01.737Z"}}