{"algorithm":"OpenAPSSMBPlugin","input":{"glucoseStatus":{"glucose":44,"noise":0,"delta":-4,"short_avgdelta":-3.56,"long_avgdelta":-3.9,"date":1703140604219},"currenttemp":{"temp":"absolute","duration":60,"rate":0,"minutesrunning":60},"iob_data":[{"iob":0.309,"basaliob":-1.832,"bolussnooze":0.2537,"activity":0.0158,"lastBolusTime":1703136515248,"time":"2023-12-21T06:37:01.695Z","iobWithZeroTemp":{"iob":0.309,"basaliob":-1.832,"bolussnooze":0.2537,"activity":0.0158,"lastBolusTime":1703136515248,"time":"2023-12-21T06:37:01.695Z"}},{"iob":0.236,"basaliob":-1.729,"bolussnooze":0.2086,"activity":0.0133,"lastBolusTime":1703136515248,"time":"2023-12-21T06:42:01.695Z","iobWithZeroTemp":{"iob":0.153,"basaliob":-1.812,"bolussnooze":0.2086,"activity":0.0132,"lastBolusTime":1703136515248,"time":"2023-12-21T06:42:01.695Z"}},{"iob":0.176,"basaliob":-1.627,"bolussnooze":0.1711,"activity":0.0112,"lastBolusTime":1703136515248,"time":"2023-12-21T06:47:01.695Z","iobWithZeroTemp":{"iob":-0.01,"basaliob":-1.813,"bolussnooze":0.1711,"activity":0.0108,"lastBolusTime":1703136515248,"time":"2023-12-21T06:47:01.695Z"}},{"iob":0.124,"basaliob":-1.527,"bolussnooze":0.1399,"activity":0.0093,"lastBolusTime":1703136515248,"time":"2023-12-21T06:52:01.695Z","iobWithZeroTemp":{"iob":-0.164,"basaliob":-1.815,"bolussnooze":0.1399,"activity":0.0085,"lastBolusTime":1703136515248,"time":"2023-12-21T06:52:01.695Z"}},{"iob":0.082,"basaliob":-1.43,"bolussnooze":0.1141,"activity":0.0077,"lastBolusTime":1703136515248,"time":"2023-12-21T06:57:01.695Z","iobWithZeroTemp":{"iob":-0.304,"basaliob":-1.816,"bolussnooze":0.1141,"activity":0.0063,"lastBolusTime":1703136515248,"time":"2023-12-21T06:57:01.695Z"}},{"iob":0.046,"basaliob":-1.336,"bolussnooze":0.0927,"activity":0.0063,"lastBolusTime":1703136515248,"time":"2023-12-21T07:02:01.695Z","iobWithZeroTemp":{"iob":-0.436,"basaliob":-1.818,"bolussnooze":0.0927,"activity":0.0042,"lastBolusTime":1703136515248,"time":"2023-12-21T07:02:01.695Z"}},{"iob":0.018,"basaliob":-1.245,"bolussnooze":0.0752,"activity":0.0052,"lastBolusTime":1703136515248,"time":"2023-12-21T07:07:01.695Z","iobWithZeroTemp":{"iob":-0.551,"basaliob":-1.814,"bolussnooze":0.0752,"activity":0.0023,"lastBolusTime":1703136515248,"time":"2023-12-21T07:07:01.695Z"}},{"iob":-0.005,"basaliob":-1.158,"bolussnooze":0.0607,"activity":0.0042,"lastBolusTime":1703136515248,"time":"2023-12-21T07:12:01.695Z","iobWithZeroTemp":{"iob":-0.658,"basaliob":-1.811,"bolussnooze":0.0607,"activity":5.0E-4,"lastBolusTime":1703136515248,"time":"2023-12-21T07:12:01.695Z"}},{"iob":-0.024,"basaliob":-1.076,"bolussnooze":0.0489,"activity":0.0033,"lastBolusTime":1703136515248,"time":"2023-12-21T07:17:01.695Z","iobWithZeroTemp":{"iob":-0.757,"basaliob":-1.809,"bolussnooze":0.0489,"activity":-0.0012,"lastBolusTime":1703136515248,"time":"2023-12-21T07:17:01.695Z"}},{"iob":-0.039,"basaliob":-0.997,"bolussnooze":0.0393,"activity":0.0026,"lastBolusTime":1703136515248,"time":"2023-12-21T07:22:01.695Z","iobWithZeroTemp":{"iob":-0.843,"basaliob":-1.801,"bolussnooze":0.0393,"activity":-0.0027,"lastBolusTime":1703136515248,"time":"2023-12-21T07:22:01.695Z"}},{"iob":-0.05,"basaliob":-0.923,"bolussnooze":0.0315,"activity":0.002,"lastBolusTime":1703136515248,"time":"2023-12-21T07:27:01.695Z","iobWithZeroTemp":{"iob":-0.925,"basaliob":-1.798,"bolussnooze":0.0315,"activity":-0.0042,"lastBolusTime":1703136515248,"time":"2023-12-21T07:27:01.695Z"}},{"iob":-0.059,"basaliob":-0.853,"bolussnooze":0.0251,"activity":0.0016,"lastBolusTime":1703136515248,"time":"2023-12-21T07:32:01.695Z","iobWithZeroTemp":{"iob":-1.002,"basaliob":-1.796,"bolussnooze":0.0251,"activity":-0.0054,"lastBolusTime":1703136515248,"time":"2023-12-21T07:32:01.695Z"}},{"iob":-0.065,"basaliob":-0.787,"bolussnooze":0.02,"activity":0.0011,"lastBolusTime":1703136515248,"time":"2023-12-21T07:37:01.695Z","iobWithZeroTemp":{"iob":-1.071,"basaliob":-1.793,"bolussnooze":0.02,"activity":-0.0067,"lastBolusTime":1703136515248,"time":"2023-12-21T07:37:01.695Z"}},{"iob":-0.07,"basaliob":-0.726,"bolussnooze":0.0158,"activity":7.0E-4,"lastBolusTime":1703136515248,"time":"2023-12-21T07:42:01.695Z","iobWithZeroTemp":{"iob":-1.135,"basaliob":-1.791,"bolussnooze":0.0158,"activity":-0.0079,"lastBolusTime":1703136515248,"time":"2023-12-21T07:42:01.695Z"}},{"iob":-0.073,"basaliob":-0.668,"bolussnooze":0.0125,"activity":5.0E-4,"lastBolusTime":1703136515248,"time":"2023-12-21T07:47:01.695Z","iobWithZeroTemp":{"iob":-1.193,"basaliob":-1.788,"bolussnooze":0.0125,"activity":-0.0088,"lastBolusTime":1703136515248,"time":"2023-12-21T07:47:01.695Z"}},{"iob":-0.075,"basaliob":-0.615,"bolussnooze":0.0098,"activity":2.0E-4,"lastBolusTime":1703136515248,"time":"2023-12-21T07:52:01.695Z","iobWithZeroTemp":{"iob":-1.247,"basaliob":-1.787,"bolussnooze":0.0098,"activity":-0.0099,"lastBolusTime":1703136515248,"time":"2023-12-21T07:52:01.695Z"}},{"iob":-0.076,"basaliob":-0.565,"bolussnooze":0.0077,"activity":0,"lastBolusTime":1703136515248,"time":"2023-12-21T07:57:01.695Z","iobWithZeroTemp":{"iob":-1.295,"basaliob":-1.784,"bolussnooze":0.0077,"activity":-0.0108,"lastBolusTime":1703136515248,"time":"2023-12-21T07:57:01.695Z"}},{"iob":-0.075,"basaliob":-0.518,"bolussnooze":0.006,"activity":-2.0E-4,"lastBolusTime":1703136515248,"time":"2023-12-21T08:02:01.695Z","iobWithZeroTemp":{"iob":-1.339,"basaliob":-1.782,"bolussnooze":0.006,"activity":-0.0116,"lastBolusTime":1703136515248,"time":"2023-12-21T08:02:01.695Z"}},{"iob":-0.074,"basaliob":-0.475,"bolussnooze":0.0046,"activity":-3.0E-4,"lastBolusTime":1703136515248,"time":"2023-12-21T08:07:01.695Z","iobWithZeroTemp":{"iob":-1.371,"basaliob":-1.772,"bolussnooze":0.0046,"activity":-0.0123,"lastBolusTime":1703136515248,"time":"2023-12-21T08:07:01.695Z"}},{"iob":-0.072,"basaliob":-0.435,"bolussnooze":0.0036,"activity":-4.0E-4,"lastBolusTime":1703136515248,"time":"2023-12-21T08:12:01.695Z","iobWithZeroTemp":{"iob":-1.399,"basaliob":-1.762,"bolussnooze":0.0036,"activity":-0.013,"lastBolusTime":1703136515248,"time":"2023-12-21T08:12:01.695Z"}},{"iob":-0.07,"basaliob":-0.398,"bolussnooze":0.0027,"activity":-4.0E-4,"lastBolusTime":1703136515248,"time":"2023-12-21T08:17:01.695Z","iobWithZeroTemp":{"iob":-1.425,"basaliob":-1.753,"bolussnooze":0.0027,"activity":-0.0135,"lastBolusTime":1703136515248,"time":"2023-12-21T08:17:01.695Z"}},{"iob":-0.068,"basaliob":-0.364,"bolussnooze":0.0021,"activity":-5.0E-4,"lastBolusTime":1703136515248,"time":"2023-12-21T08:22:01.695Z","iobWithZeroTemp":{"iob":-1.448,"basaliob":-1.744,"bolussnooze":0.0021,"activity":-0.0141,"lastBolusTime":1703136515248,"time":"2023-12-21T08:22:01.695Z"}},{"iob":-0.065,"basaliob":-0.332,"bolussnooze":0.0016,"activity":-6.0E-4,"lastBolusTime":1703136515248,"time":"2023-12-21T08:27:01.695Z","iobWithZeroTemp":{"iob":-1.467,"basaliob":-1.734,"bolussnooze":0.0016,"activity":-0.0146,"lastBolusTime":1703136515248,"time":"2023-12-21T08:27:01.695Z"}},{"iob":-0.062,"basaliob":-0.303,"bolussnooze":0.0012,"activity":-6.0E-4,"lastBolusTime":1703136515248,"time":"2023-12-21T08:32:01.695Z","iobWithZeroTemp":{"iob":-1.485,"basaliob":-1.726,"bolussnooze":0.0012,"activity":-0.015,"lastBolusTime":1703136515248,"time":"2023-12-21T08:32:01.695Z"}},{"iob":-0.059,"basaliob":-0.276,"bolussnooze":9.0E-4,"activity":-6.0E-4,"lastBolusTime":1703136515248,"time":"2023-12-21T08:37:01.695Z","iobWithZeroTemp":{"iob":-1.5,"basaliob":-1.717,"bolussnooze":9.0E-4,"activity":-0.0154,"lastBolusTime":1703136515248,"time":"2023-12-21T08:37:01.695Z"}},{"iob":-0.056,"basaliob":-0.252,"bolussnooze":7.0E-4,"activity":-6.0E-4,"lastBolusTime":1703136515248,"time":"2023-12-21T08:42:01.695Z","iobWithZeroTemp":{"iob":-1.514,"basaliob":-1.71,"bolussnooze":7.0E-4,"activity":-0.0157,"lastBolusTime":1703136515248,"time":"2023-12-21T08:42:01.695Z"}},{"iob":-0.053,"basaliob":-0.229,"bolussnooze":5.0E-4,"activity":-6.0E-4,"lastBolusTime":1703136515248,"time":"2023-12-21T08:47:01.695Z","iobWithZeroTemp":{"iob":-1.527,"basaliob":-1.703,"bolussnooze":5.0E-4,"activity":-0.016,"lastBolusTime":1703136515248,"time":"2023-12-21T08:47:01.695Z"}},{"iob":-0.05,"basaliob":-0.208,"bolussnooze":3.0E-4,"activity":-6.0E-4,"lastBolusTime":1703136515248,"time":"2023-12-21T08:52:01.695Z","iobWithZeroTemp":{"iob":-1.537,"basaliob":-1.695,"bolussnooze":3.0E-4,"activity":-0.0163,"lastBolusTime":1703136515248,"time":"2023-12-21T08:52:01.695Z"}},{"iob":-0.047,"basaliob":-0.189,"bolussnooze":2.0E-4,"activity":-5.0E-4,"lastBolusTime":1703136515248,"time":"2023-12-21T08:57:01.695Z","iobWithZeroTemp":{"iob":-1.547,"basaliob":-1.689,"bolussnooze":2.0E-4,"activity":-0.0165,"lastBolusTime":1703136515248,"time":"2023-12-21T08:57:01.695Z"}},{"iob":-0.044,"basaliob":-0.172,"bolussnooze":2.0E-4,"activity":-5.0E-4,"lastBolusTime":1703136515248,"time":"2023-12-21T09:02:01.695Z","iobWithZeroTemp":{"iob":-1.555,"basaliob":-1.683,"bolussnooze":2.0E-4,"activity":-0.0167,"lastBolusTime":1703136515248,"time":"2023-12-21T09:02:01.695Z"}},{"iob":-0.041,"basaliob":-0.156,"bolussnooze":1.0E-4,"activity":-5.0E-4,"lastBolusTime":1703136515248,"time":"2023-12-21T09:07:01.695Z","iobWithZeroTemp":{"iob":-1.554,"basaliob":-1.669,"bolussnooze":1.0E-4,"activity":-0.0169,"lastBolusTime":1703136515248,"time":"2023-12-21T09:07:01.695Z"}},{"iob":-0.038,"basaliob":-0.141,"bolussnooze":1.0E-4,"activity":-5.0E-4,"lastBolusTime":1703136515248,"time":"2023-12-21T09:12:01.695Z","iobWithZeroTemp":{"iob":-1.552,"basaliob":-1.655,"bolussnooze":1.0E-4,"activity":-0.0171,"lastBolusTime":1703136515248,"time":"2023-12-21T09:12:01.695Z"}},{"iob":-0.036,"basaliob":-0.128,"bolussnooze":1.0E-4,"activity":-5.0E-4,"lastBolusTime":1703136515248,"time":"2023-12-21T09:17:01.695Z","iobWithZeroTemp":{"iob":-1.547,"basaliob":-1.639,"bolussnooze":1.0E-4,"activity":-0.0171,"lastBolusTime":1703136515248,"time":"2023-12-21T09:17:01.695Z"}},{"iob":-0.034,"basaliob":-0.116,"bolussnooze":0,"activity":-5.0E-4,"lastBolusTime":1703136515248,"time":"2023-12-21T09:22:01.695Z","iobWithZeroTemp":{"iob":-1.545,"basaliob":-1.627,"bolussnooze":0,"activity":-0.0172,"lastBolusTime":1703136515248,"time":"2023-12-21T09:22:01.695Z"}},{"iob":-0.031,"basaliob":-0.105,"bolussnooze":0,"activity":-4.0E-4,"lastBolusTime":1703136515248,"time":"2023-12-21T09:27:01.695Z","iobWithZeroTemp":{"iob":-1.541,"basaliob":-1.615,"bolussnooze":0,"activity":-0.0172,"lastBolusTime":1703136515248,"time":"2023-12-21T09:27:01.695Z"}},{"iob":-0.029,"basaliob":-0.095,"bolussnooze":0,"activity":-4.0E-4,"lastBolusTime":1703136515248,"time":"2023-12-21T09:32:01.695Z","iobWithZeroTemp":{"iob":-1.538,"basaliob":-1.604,"bolussnooze":0,"activity":-0.0173,"lastBolusTime":1703136515248,"time":"2023-12-21T09:32:01.695Z"}},{"iob":-0.027,"basaliob":-0.086,"bolussnooze":0,"activity":-4.0E-4,"lastBolusTime":1703136515248,"time":"2023-12-21T09:37:01.695Z","iobWithZeroTemp":{"iob":-1.535,"basaliob":-1.594,"bolussnooze":0,"activity":-0.0173,"lastBolusTime":1703136515248,"time":"2023-12-21T09:37:01.695Z"}},{"iob":-0.025,"basaliob":-0.077,"bolussnooze":0,"activity":-4.0E-4,"lastBolusTime":1703136515248,"time":"2023-12-21T09:42:01.695Z","iobWithZeroTemp":{"iob":-1.532,"basaliob":-1.584,"bolussnooze":0,"activity":-0.0174,"lastBolusTime":1703136515248,"time":"2023-12-21T09:42:01.695Z"}},{"iob":-0.023,"basaliob":-0.07,"bolussnooze":0,"activity":-3.0E-4,"lastBolusTime":1703136515248,"time":"2023-12-21T09:47:01.695Z","iobWithZeroTemp":{"iob":-1.528,"basaliob":-1.575,"bolussnooze":0,"activity":-0.0173,"lastBolusTime":1703136515248,"time":"2023-12-21T09:47:01.695Z"}},{"iob":-0.021,"basaliob":-0.063,"bolussnooze":0,"activity":-3.0E-4,"lastBolusTime":1703136515248,"time":"2023-12-21T09:52:01.695Z","iobWithZeroTemp":{"iob":-1.524,"basaliob":-1.566,"bolussnooze":0,"activity":-0.0173,"lastBolusTime":1703136515248,"time":"2023-12-21T09:52:01.695Z"}},{"iob":-0.02,"basaliob":-0.057,"bolussnooze":0,"activity":-3.0E-4,"lastBolusTime":1703136515248,"time":"2023-12-21T09:57:01.695Z","iobWithZeroTemp":{"iob":-1.522,"basaliob":-1.559,"bolussnooze":0,"activity":-0.0173,"lastBolusTime":1703136515248,"time":"2023-12-21T09:57:01.695Z"}},{"iob":-0.018,"basaliob":-0.051,"bolussnooze":0,"activity":-3.0E-4,"lastBolusTime":1703136515248,"time":"2023-12-21T10:02:01.695Z","iobWithZeroTemp":{"iob":-1.518,"basaliob":-1.551,"bolussnooze":0,"activity":-0.0174,"lastBolusTime":1703136515248,"time":"2023-12-21T10:02:01.695Z"}},{"iob":-0.017,"basaliob":-0.046,"bolussnooze":0,"activity":-3.0E-4,"lastBolusTime":1703136515248,"time":"2023-12-21T10:07:01.695Z","iobWithZeroTemp":{"iob":-1.507,"basaliob":-1.536,"bolussnooze":0,"activity":-0.0173,"lastBolusTime":1703136515248,"time":"2023-12-21T10:07:01.695Z"}},{"iob":-0.015,"basaliob":-0.041,"bolussnooze":0,"activity":-3.0E-4,"lastBolusTime":1703136515248,"time":"2023-12-21T10:12:01.695Z","iobWithZeroTemp":{"iob":-1.495,"basaliob":-1.521,"bolussnooze":0,"activity":-0.0173,"lastBolusTime":1703136515248,"time":"2023-12-21T10:12:01.695Z"}},{"iob":-0.014,"basaliob":-0.037,"bolussnooze":0,"activity":-2.0E-4,"lastBolusTime":1703136515248,"time":"2023-12-21T10:17:01.695Z","iobWithZeroTemp":{"iob":-1.484,"basaliob":-1.507,"bolussnooze":0,"activity":-0.0172,"lastBolusTime":1703136515248,"time":"2023-12-21T10:17:01.695Z"}},{"iob":-0.013,"basaliob":-0.033,"bolussnooze":0,"activity":-2.0E-4,"lastBolusTime":1703136515248,"time":"2023-12-21T10:22:01.695Z","iobWithZeroTemp":{"iob":-1.473,"basaliob":-1.493,"bolussnooze":0,"activity":-0.0171,"lastBolusTime":1703136515248,"time":"2023-12-21T10:22:01.695Z"}},{"iob":-0.012,"basaliob":-0.03,"bolussnooze":0,"activity":-3.0E-4,"lastBolusTime":1703136515248,"time":"2023-12-21T10:27:01.695Z","iobWithZeroTemp":{"iob":-1.463,"basaliob":-1.481,"bolussnooze":0,"activity":-0.0171,"lastBolusTime":1703136515248,"time":"2023-12-21T10:27:01.695Z"}},{"iob":-0.011,"basaliob":-0.027,"bolussnooze":0,"activity":-2.0E-4,"lastBolusTime":1703136515248,"time":"2023-12-21T10:32:01.695Z","iobWithZeroTemp":{"iob":-1.453,"basaliob":-1.469,"bolussnooze":0,"activity":-0.017,"lastBolusTime":1703136515248,"time":"2023-12-21T10:32:01.695Z"}}],"profile":{"max_iob":20,"type":"current","max_daily_basal":1.6,"max_basal":4.8,"min_bg":90,"max_bg":90,"target_bg":90,"carb_ratio":5.5,"sens":72,"max_daily_safety_multiplier":3,"current_basal_safety_multiplier":4,"high_temptarget_raises_sensitivity":false,"low_temptarget_lowers_sensitivity":false,"sensitivity_raises_target":false,"resistance_lowers_target":false,"adv_target_adjustments":false,"exercise_mode":false,"half_basal_exercise_target":160,"maxCOB":120,"skip_neutral_temps":false,"remainingCarbsCap":90,"enableUAM":true,"A52_risk_enable":false,"SMBInterval":3,"enableSMB_with_COB":false,"enableSMB_with_temptarget":false,"allowSMB_with_high_temptarget":true,"enableSMB_always":true,"enableSMB_after_carbs":false,"maxSMBBasalMinutes":120,"maxUAMSMBBasalMinutes":120,"bolus_increment":0.05,"carbsReqThreshold":1,"current_basal":1.25,"temptargetSet":false,"autosens_max":1.8,"out_units":"mmol\/L"},"autosens_data":{"ratio":1},"meal_data":{"carbs":20,"mealCOB":0,"slopeFromMaxDeviation":-0.6926363636363636,"slopeFromMinDeviation":0.043,"lastBolusTime":1703136515248,"lastCarbTime":1703127724000},"microBolusAllowed":true,"currentTime":1703140622359,"flatBGsDetected":false},"output":{"temp":"absolute","bg":44,"tick":-4,"eventualBG":39,"targetBG":90,"insulinReq":0,"deliverAt":"2023-12-21T06:37:02.359Z","sensitivityRatio":1,"predBGs":{"IOB":[44,40,39,39,39,39,39,39,39,39,39,39,39],"ZT":[44,39,39,39,39,39,39,39,39,39,39,39,39,39,39,39,39,43,47,51,56,61,66,71,76,82,88],"UAM":[44,39,39,39,39,39,39,39,39,39,39,39,39]},"COB":0,"IOB":0.309,"reason":"COB: 0, Dev: 0.6, BGI: -0.3, ISF: 4.0, CR: 5.5, Target: 5.0, minPredBG 1.3, minGuardBG 0.8, IOBpredBG 2.2, UAMpredBG 2.2; 4 add'l carbs req w\/in 0m; minGuardBG 0.8<3.6 60m left and 0 ~ req 0U\/hr: no temp required","carbsReq":4,"carbsReqWithin":0,"timestamp":"2023-12-21T06:37:02.396Z"}}