{"algorithm":"OpenAPSSMBPlugin","input":{"glucoseStatus":{"glucose":103,"noise":0,"delta":-1,"short_avgdelta":1.33,"long_avgdelta":6.03,"date":1703116303198},"currenttemp":{"temp":"absolute","duration":25,"rate":0,"minutesrunning":5},"iob_data":[{"iob":1.572,"basaliob":-1.109,"bolussnooze":1.7208,"activity":0.0024,"lastBolusTime":1703115699441,"time":"2023-12-20T23:52:02.658Z","iobWithZeroTemp":{"iob":1.572,"basaliob":-1.109,"bolussnooze":1.7208,"activity":0.0024,"lastBolusTime":1703115699441,"time":"2023-12-20T23:52:02.658Z"}},{"iob":1.552,"basaliob":-1.043,"bolussnooze":1.5657,"activity":0.0054,"lastBolusTime":1703115699441,"time":"2023-12-20T23:57:02.658Z","iobWithZeroTemp":{"iob":1.445,"basaliob":-1.15,"bolussnooze":1.5657,"activity":0.0053,"lastBolusTime":1703115699441,"time":"2023-12-20T23:57:02.658Z"}},{"iob":1.519,"basaliob":-0.978,"bolussnooze":1.4028,"activity":0.0078,"lastBolusTime":1703115699441,"time":"2023-12-21T00:02:02.658Z","iobWithZeroTemp":{"iob":1.28,"basaliob":-1.217,"bolussnooze":1.4028,"activity":0.0073,"lastBolusTime":1703115699441,"time":"2023-12-21T00:02:02.658Z"}},{"iob":1.474,"basaliob":-0.916,"bolussnooze":1.2415,"activity":0.0096,"lastBolusTime":1703115699441,"time":"2023-12-21T00:07:02.658Z","iobWithZeroTemp":{"iob":1.121,"basaliob":-1.269,"bolussnooze":1.2415,"activity":0.0086,"lastBolusTime":1703115699441,"time":"2023-12-21T00:07:02.658Z"}},{"iob":1.423,"basaliob":-0.855,"bolussnooze":1.0876,"activity":0.011,"lastBolusTime":1703115699441,"time":"2023-12-21T00:12:02.658Z","iobWithZeroTemp":{"iob":0.952,"basaliob":-1.326,"bolussnooze":1.0876,"activity":0.0092,"lastBolusTime":1703115699441,"time":"2023-12-21T00:12:02.658Z"}},{"iob":1.366,"basaliob":-0.797,"bolussnooze":0.9447,"activity":0.0119,"lastBolusTime":1703115699441,"time":"2023-12-21T00:17:02.658Z","iobWithZeroTemp":{"iob":0.781,"basaliob":-1.382,"bolussnooze":0.9447,"activity":0.0093,"lastBolusTime":1703115699441,"time":"2023-12-21T00:17:02.658Z"}},{"iob":1.305,"basaliob":-0.741,"bolussnooze":0.8146,"activity":0.0125,"lastBolusTime":1703115699441,"time":"2023-12-21T00:22:02.658Z","iobWithZeroTemp":{"iob":0.61,"basaliob":-1.436,"bolussnooze":0.8146,"activity":0.009,"lastBolusTime":1703115699441,"time":"2023-12-21T00:22:02.658Z"}},{"iob":1.241,"basaliob":-0.688,"bolussnooze":0.6979,"activity":0.0129,"lastBolusTime":1703115699441,"time":"2023-12-21T00:27:02.658Z","iobWithZeroTemp":{"iob":0.441,"basaliob":-1.488,"bolussnooze":0.6979,"activity":0.0084,"lastBolusTime":1703115699441,"time":"2023-12-21T00:27:02.658Z"}},{"iob":1.176,"basaliob":-0.638,"bolussnooze":0.5946,"activity":0.013,"lastBolusTime":1703115699441,"time":"2023-12-21T00:32:02.658Z","iobWithZeroTemp":{"iob":0.276,"basaliob":-1.538,"bolussnooze":0.5946,"activity":0.0075,"lastBolusTime":1703115699441,"time":"2023-12-21T00:32:02.658Z"}},{"iob":1.111,"basaliob":-0.59,"bolussnooze":0.5041,"activity":0.0131,"lastBolusTime":1703115699441,"time":"2023-12-21T00:37:02.658Z","iobWithZeroTemp":{"iob":0.116,"basaliob":-1.585,"bolussnooze":0.5041,"activity":0.0065,"lastBolusTime":1703115699441,"time":"2023-12-21T00:37:02.658Z"}},{"iob":1.046,"basaliob":-0.545,"bolussnooze":0.4254,"activity":0.0129,"lastBolusTime":1703115699441,"time":"2023-12-21T00:42:02.658Z","iobWithZeroTemp":{"iob":-0.038,"basaliob":-1.629,"bolussnooze":0.4254,"activity":0.0053,"lastBolusTime":1703115699441,"time":"2023-12-21T00:42:02.658Z"}},{"iob":0.982,"basaliob":-0.503,"bolussnooze":0.3575,"activity":0.0126,"lastBolusTime":1703115699441,"time":"2023-12-21T00:47:02.658Z","iobWithZeroTemp":{"iob":-0.187,"basaliob":-1.672,"bolussnooze":0.3575,"activity":0.004,"lastBolusTime":1703115699441,"time":"2023-12-21T00:47:02.658Z"}},{"iob":0.92,"basaliob":-0.464,"bolussnooze":0.2993,"activity":0.0123,"lastBolusTime":1703115699441,"time":"2023-12-21T00:52:02.658Z","iobWithZeroTemp":{"iob":-0.328,"basaliob":-1.712,"bolussnooze":0.2993,"activity":0.0026,"lastBolusTime":1703115699441,"time":"2023-12-21T00:52:02.658Z"}},{"iob":0.86,"basaliob":-0.427,"bolussnooze":0.2497,"activity":0.0118,"lastBolusTime":1703115699441,"time":"2023-12-21T00:57:02.658Z","iobWithZeroTemp":{"iob":-0.462,"basaliob":-1.749,"bolussnooze":0.2497,"activity":0.0012,"lastBolusTime":1703115699441,"time":"2023-12-21T00:57:02.658Z"}},{"iob":0.801,"basaliob":-0.393,"bolussnooze":0.2076,"activity":0.0114,"lastBolusTime":1703115699441,"time":"2023-12-21T01:02:02.658Z","iobWithZeroTemp":{"iob":-0.591,"basaliob":-1.785,"bolussnooze":0.2076,"activity":-2.0E-4,"lastBolusTime":1703115699441,"time":"2023-12-21T01:02:02.658Z"}},{"iob":0.746,"basaliob":-0.361,"bolussnooze":0.172,"activity":0.0108,"lastBolusTime":1703115699441,"time":"2023-12-21T01:07:02.658Z","iobWithZeroTemp":{"iob":-0.711,"basaliob":-1.818,"bolussnooze":0.172,"activity":-0.0017,"lastBolusTime":1703115699441,"time":"2023-12-21T01:07:02.658Z"}},{"iob":0.693,"basaliob":-0.331,"bolussnooze":0.1421,"activity":0.0103,"lastBolusTime":1703115699441,"time":"2023-12-21T01:12:02.658Z","iobWithZeroTemp":{"iob":-0.824,"basaliob":-1.848,"bolussnooze":0.1421,"activity":-0.0031,"lastBolusTime":1703115699441,"time":"2023-12-21T01:12:02.658Z"}},{"iob":0.643,"basaliob":-0.303,"bolussnooze":0.1171,"activity":0.0098,"lastBolusTime":1703115699441,"time":"2023-12-21T01:17:02.658Z","iobWithZeroTemp":{"iob":-0.93,"basaliob":-1.876,"bolussnooze":0.1171,"activity":-0.0044,"lastBolusTime":1703115699441,"time":"2023-12-21T01:17:02.658Z"}},{"iob":0.595,"basaliob":-0.278,"bolussnooze":0.0962,"activity":0.0092,"lastBolusTime":1703115699441,"time":"2023-12-21T01:22:02.658Z","iobWithZeroTemp":{"iob":-1.031,"basaliob":-1.904,"bolussnooze":0.0962,"activity":-0.0058,"lastBolusTime":1703115699441,"time":"2023-12-21T01:22:02.658Z"}},{"iob":0.551,"basaliob":-0.254,"bolussnooze":0.0788,"activity":0.0087,"lastBolusTime":1703115699441,"time":"2023-12-21T01:27:02.658Z","iobWithZeroTemp":{"iob":-1.123,"basaliob":-1.928,"bolussnooze":0.0788,"activity":-0.007,"lastBolusTime":1703115699441,"time":"2023-12-21T01:27:02.658Z"}},{"iob":0.509,"basaliob":-0.232,"bolussnooze":0.0643,"activity":0.0082,"lastBolusTime":1703115699441,"time":"2023-12-21T01:32:02.658Z","iobWithZeroTemp":{"iob":-1.21,"basaliob":-1.951,"bolussnooze":0.0643,"activity":-0.0082,"lastBolusTime":1703115699441,"time":"2023-12-21T01:32:02.658Z"}},{"iob":0.469,"basaliob":-0.212,"bolussnooze":0.0524,"activity":0.0076,"lastBolusTime":1703115699441,"time":"2023-12-21T01:37:02.658Z","iobWithZeroTemp":{"iob":-1.291,"basaliob":-1.972,"bolussnooze":0.0524,"activity":-0.0095,"lastBolusTime":1703115699441,"time":"2023-12-21T01:37:02.658Z"}},{"iob":0.433,"basaliob":-0.193,"bolussnooze":0.0426,"activity":0.0071,"lastBolusTime":1703115699441,"time":"2023-12-21T01:42:02.658Z","iobWithZeroTemp":{"iob":-1.365,"basaliob":-1.991,"bolussnooze":0.0426,"activity":-0.0106,"lastBolusTime":1703115699441,"time":"2023-12-21T01:42:02.658Z"}},{"iob":0.398,"basaliob":-0.176,"bolussnooze":0.0345,"activity":0.0066,"lastBolusTime":1703115699441,"time":"2023-12-21T01:47:02.658Z","iobWithZeroTemp":{"iob":-1.435,"basaliob":-2.009,"bolussnooze":0.0345,"activity":-0.0117,"lastBolusTime":1703115699441,"time":"2023-12-21T01:47:02.658Z"}},{"iob":0.365,"basaliob":-0.161,"bolussnooze":0.0278,"activity":0.0062,"lastBolusTime":1703115699441,"time":"2023-12-21T01:52:02.658Z","iobWithZeroTemp":{"iob":-1.5,"basaliob":-2.026,"bolussnooze":0.0278,"activity":-0.0126,"lastBolusTime":1703115699441,"time":"2023-12-21T01:52:02.658Z"}},{"iob":0.336,"basaliob":-0.146,"bolussnooze":0.0224,"activity":0.0057,"lastBolusTime":1703115699441,"time":"2023-12-21T01:57:02.658Z","iobWithZeroTemp":{"iob":-1.559,"basaliob":-2.041,"bolussnooze":0.0224,"activity":-0.0136,"lastBolusTime":1703115699441,"time":"2023-12-21T01:57:02.658Z"}},{"iob":0.308,"basaliob":-0.133,"bolussnooze":0.018,"activity":0.0054,"lastBolusTime":1703115699441,"time":"2023-12-21T02:02:02.658Z","iobWithZeroTemp":{"iob":-1.614,"basaliob":-2.055,"bolussnooze":0.018,"activity":-0.0144,"lastBolusTime":1703115699441,"time":"2023-12-21T02:02:02.658Z"}},{"iob":0.282,"basaliob":-0.121,"bolussnooze":0.0144,"activity":0.005,"lastBolusTime":1703115699441,"time":"2023-12-21T02:07:02.658Z","iobWithZeroTemp":{"iob":-1.649,"basaliob":-2.052,"bolussnooze":0.0144,"activity":-0.0152,"lastBolusTime":1703115699441,"time":"2023-12-21T02:07:02.658Z"}},{"iob":0.258,"basaliob":-0.11,"bolussnooze":0.0115,"activity":0.0046,"lastBolusTime":1703115699441,"time":"2023-12-21T02:12:02.658Z","iobWithZeroTemp":{"iob":-1.679,"basaliob":-2.047,"bolussnooze":0.0115,"activity":-0.016,"lastBolusTime":1703115699441,"time":"2023-12-21T02:12:02.658Z"}},{"iob":0.236,"basaliob":-0.1,"bolussnooze":0.0091,"activity":0.0043,"lastBolusTime":1703115699441,"time":"2023-12-21T02:17:02.658Z","iobWithZeroTemp":{"iob":-1.706,"basaliob":-2.042,"bolussnooze":0.0091,"activity":-0.0166,"lastBolusTime":1703115699441,"time":"2023-12-21T02:17:02.658Z"}},{"iob":0.216,"basaliob":-0.09,"bolussnooze":0.0072,"activity":0.0039,"lastBolusTime":1703115699441,"time":"2023-12-21T02:22:02.658Z","iobWithZeroTemp":{"iob":-1.73,"basaliob":-2.036,"bolussnooze":0.0072,"activity":-0.0172,"lastBolusTime":1703115699441,"time":"2023-12-21T02:22:02.658Z"}},{"iob":0.197,"basaliob":-0.082,"bolussnooze":0.0057,"activity":0.0036,"lastBolusTime":1703115699441,"time":"2023-12-21T02:27:02.658Z","iobWithZeroTemp":{"iob":-1.751,"basaliob":-2.03,"bolussnooze":0.0057,"activity":-0.0177,"lastBolusTime":1703115699441,"time":"2023-12-21T02:27:02.658Z"}},{"iob":0.18,"basaliob":-0.074,"bolussnooze":0.0044,"activity":0.0033,"lastBolusTime":1703115699441,"time":"2023-12-21T02:32:02.658Z","iobWithZeroTemp":{"iob":-1.77,"basaliob":-2.024,"bolussnooze":0.0044,"activity":-0.0182,"lastBolusTime":1703115699441,"time":"2023-12-21T02:32:02.658Z"}},{"iob":0.164,"basaliob":-0.067,"bolussnooze":0.0035,"activity":0.0031,"lastBolusTime":1703115699441,"time":"2023-12-21T02:37:02.658Z","iobWithZeroTemp":{"iob":-1.786,"basaliob":-2.017,"bolussnooze":0.0035,"activity":-0.0185,"lastBolusTime":1703115699441,"time":"2023-12-21T02:37:02.658Z"}},{"iob":0.149,"basaliob":-0.061,"bolussnooze":0.0027,"activity":0.0028,"lastBolusTime":1703115699441,"time":"2023-12-21T02:42:02.658Z","iobWithZeroTemp":{"iob":-1.802,"basaliob":-2.012,"bolussnooze":0.0027,"activity":-0.0189,"lastBolusTime":1703115699441,"time":"2023-12-21T02:42:02.658Z"}},{"iob":0.135,"basaliob":-0.055,"bolussnooze":0.0021,"activity":0.0026,"lastBolusTime":1703115699441,"time":"2023-12-21T02:47:02.658Z","iobWithZeroTemp":{"iob":-1.815,"basaliob":-2.005,"bolussnooze":0.0021,"activity":-0.0192,"lastBolusTime":1703115699441,"time":"2023-12-21T02:47:02.658Z"}},{"iob":0.124,"basaliob":-0.049,"bolussnooze":0.0016,"activity":0.0024,"lastBolusTime":1703115699441,"time":"2023-12-21T02:52:02.658Z","iobWithZeroTemp":{"iob":-1.825,"basaliob":-1.998,"bolussnooze":0.0016,"activity":-0.0195,"lastBolusTime":1703115699441,"time":"2023-12-21T02:52:02.658Z"}},{"iob":0.112,"basaliob":-0.045,"bolussnooze":0.0012,"activity":0.0022,"lastBolusTime":1703115699441,"time":"2023-12-21T02:57:02.658Z","iobWithZeroTemp":{"iob":-1.836,"basaliob":-1.993,"bolussnooze":0.0012,"activity":-0.0197,"lastBolusTime":1703115699441,"time":"2023-12-21T02:57:02.658Z"}},{"iob":0.102,"basaliob":-0.04,"bolussnooze":9.0E-4,"activity":0.002,"lastBolusTime":1703115699441,"time":"2023-12-21T03:02:02.658Z","iobWithZeroTemp":{"iob":-1.845,"basaliob":-1.987,"bolussnooze":9.0E-4,"activity":-0.02,"lastBolusTime":1703115699441,"time":"2023-12-21T03:02:02.658Z"}},{"iob":0.093,"basaliob":-0.036,"bolussnooze":7.0E-4,"activity":0.0018,"lastBolusTime":1703115699441,"time":"2023-12-21T03:07:02.658Z","iobWithZeroTemp":{"iob":-1.852,"basaliob":-1.981,"bolussnooze":7.0E-4,"activity":-0.0202,"lastBolusTime":1703115699441,"time":"2023-12-21T03:07:02.658Z"}},{"iob":0.083,"basaliob":-0.033,"bolussnooze":5.0E-4,"activity":0.0016,"lastBolusTime":1703115699441,"time":"2023-12-21T03:12:02.658Z","iobWithZeroTemp":{"iob":-1.861,"basaliob":-1.977,"bolussnooze":5.0E-4,"activity":-0.0204,"lastBolusTime":1703115699441,"time":"2023-12-21T03:12:02.658Z"}},{"iob":0.076,"basaliob":-0.029,"bolussnooze":4.0E-4,"activity":0.0015,"lastBolusTime":1703115699441,"time":"2023-12-21T03:17:02.658Z","iobWithZeroTemp":{"iob":-1.866,"basaliob":-1.971,"bolussnooze":4.0E-4,"activity":-0.0205,"lastBolusTime":1703115699441,"time":"2023-12-21T03:17:02.658Z"}},{"iob":0.069,"basaliob":-0.026,"bolussnooze":3.0E-4,"activity":0.0013,"lastBolusTime":1703115699441,"time":"2023-12-21T03:22:02.658Z","iobWithZeroTemp":{"iob":-1.871,"basaliob":-1.966,"bolussnooze":3.0E-4,"activity":-0.0208,"lastBolusTime":1703115699441,"time":"2023-12-21T03:22:02.658Z"}},{"iob":0.062,"basaliob":-0.024,"bolussnooze":2.0E-4,"activity":0.0013,"lastBolusTime":1703115699441,"time":"2023-12-21T03:27:02.658Z","iobWithZeroTemp":{"iob":-1.876,"basaliob":-1.962,"bolussnooze":2.0E-4,"activity":-0.0208,"lastBolusTime":1703115699441,"time":"2023-12-21T03:27:02.658Z"}},{"iob":0.056,"basaliob":-0.021,"bolussnooze":1.0E-4,"activity":0.0011,"lastBolusTime":1703115699441,"time":"2023-12-21T03:32:02.658Z","iobWithZeroTemp":{"iob":-1.88,"basaliob":-1.957,"bolussnooze":1.0E-4,"activity":-0.0209,"lastBolusTime":1703115699441,"time":"2023-12-21T03:32:02.658Z"}},{"iob":0.051,"basaliob":-0.019,"bolussnooze":1.0E-4,"activity":0.0011,"lastBolusTime":1703115699441,"time":"2023-12-21T03:37:02.658Z","iobWithZeroTemp":{"iob":-1.884,"basaliob":-1.954,"bolussnooze":1.0E-4,"activity":-0.0209,"lastBolusTime":1703115699441,"time":"2023-12-21T03:37:02.658Z"}},{"iob":0.046,"basaliob":-0.017,"bolussnooze":0,"activity":9.0E-4,"lastBolusTime":1703115699441,"time":"2023-12-21T03:42:02.658Z","iobWithZeroTemp":{"iob":-1.881,"basaliob":-1.944,"bolussnooze":0,"activity":-0.021,"lastBolusTime":1703115699441,"time":"2023-12-21T03:42:02.658Z"}},{"iob":0.042,"basaliob":-0.015,"bolussnooze":0,"activity":9.0E-4,"lastBolusTime":1703115699441,"time":"2023-12-21T03:47:02.658Z","iobWithZeroTemp":{"iob":-1.884,"basaliob":-1.941,"bolussnooze":0,"activity":-0.021,"lastBolusTime":1703115699441,"time":"2023-12-21T03:47:02.658Z"}}],"profile":{"max_iob":20,"type":"current","max_daily_basal":1.6,"max_basal":4.8,"min_bg":81,"max_bg":81,"target_bg":81,"carb_ratio":4.5,"sens":63,"max_daily_safety_multiplier":3,"current_basal_safety_multiplier":4,"high_temptarget_raises_sensitivity":false,"low_temptarget_lowers_sensitivity":false,"sensitivity_raises_target":false,"resistance_lowers_target":false,"adv_target_adjustments":false,"exercise_mode":false,"half_basal_exercise_target":160,"maxCOB":120,"skip_neutral_temps":false,"remainingCarbsCap":90,"enableUAM":true,"A52_risk_enable":false,"SMBInterval":3,"enableSMB_with_COB":false,"enableSMB_with_temptarget":false,"allowSMB_with_high_temptarget":true,"enableSMB_always":true,"enableSMB_after_carbs":false,"maxSMBBasalMinutes":120,"maxUAMSMBBasalMinutes":120,"bolus_increment":0.05,"carbsReqThreshold":1,"current_basal":1.6,"temptargetSet":true,"autosens_max":1.8,"out_units":"mmol\/L"},"autosens_data":{"ratio":1},"meal_data":{"carbs":0,"mealCOB":0,"slopeFromMaxDeviation":-0.3620000000000001,"slopeFromMinDeviation":1.1276363636363638,"lastBolusTime":1703115699441,"lastCarbTime":0},"microBolusAllowed":true,"currentTime":1703116324891,"flatBGsDetected":false},"output":{"temp":"absolute","bg":103,"tick":-1,"eventualBG":17,"targetBG":81,"insulinReq":0,"deliverAt":"2023-12-20T23:52:04.891Z","sensitivityRatio":1,"predBGs":{"IOB":[103,102,100,98,94,91,87,83,79,75,71,66,63,59,55,51,48,45,42,39],"ZT":[103,102,101,98,96,93,90,87,84,82,80,78,77,76,76,76,76,77,79,81]},"COB":0,"IOB":1.572,"reason":"COB: 0, Dev: 0.7, BGI: 0.0, ISF: 3.5, CR: 4.5, Target: 4.5, minPredBG 2.4, minGuardBG 0.3, IOBpredBG 2.2; minGuardBG 0.3<3.4","duration":60,"rate":0,"timestamp":"2023-12-20T23:52:04.948Z"}}