{"algorithm":"OpenAPSSMBPlugin","input":{"glucoseStatus":{"glucose":64,"noise":0,"delta":1,"short_avgdelta":0.89,"long_avgdelta":1.47,"date":1703147204699},"currenttemp":{"temp":"absolute","duration":10,"rate":0,"minutesrunning":20},"iob_data":[{"iob":-1.261,"basaliob":-1.528,"bolussnooze":0.0016,"activity":-0.0127,"lastBolusTime":1703136515248,"time":"2023-12-21T08:27:04.342Z","iobWithZeroTemp":{"iob":-1.261,"basaliob":-1.528,"bolussnooze":0.0016,"activity":-0.0127,"lastBolusTime":1703136515248,"time":"2023-12-21T08:27:04.342Z"}},{"iob":-1.197,"basaliob":-1.438,"bolussnooze":0.0012,"activity":-0.0129,"lastBolusTime":1703136515248,"time":"2023-12-21T08:32:04.342Z","iobWithZeroTemp":{"iob":-1.27,"basaliob":-1.511,"bolussnooze":0.0012,"activity":-0.013,"lastBolusTime":1703136515248,"time":"2023-12-21T08:32:04.342Z"}},{"iob":-1.132,"basaliob":-1.349,"bolussnooze":9.0E-4,"activity":-0.013,"lastBolusTime":1703136515248,"time":"2023-12-21T08:37:04.342Z","iobWithZeroTemp":{"iob":-1.296,"basaliob":-1.513,"bolussnooze":9.0E-4,"activity":-0.0133,"lastBolusTime":1703136515248,"time":"2023-12-21T08:37:04.342Z"}},{"iob":-1.067,"basaliob":-1.263,"bolussnooze":7.0E-4,"activity":-0.0129,"lastBolusTime":1703136515248,"time":"2023-12-21T08:42:04.342Z","iobWithZeroTemp":{"iob":-1.32,"basaliob":-1.516,"bolussnooze":7.0E-4,"activity":-0.0136,"lastBolusTime":1703136515248,"time":"2023-12-21T08:42:04.342Z"}},{"iob":-1.003,"basaliob":-1.179,"bolussnooze":5.0E-4,"activity":-0.0127,"lastBolusTime":1703136515248,"time":"2023-12-21T08:47:04.342Z","iobWithZeroTemp":{"iob":-1.343,"basaliob":-1.519,"bolussnooze":5.0E-4,"activity":-0.014,"lastBolusTime":1703136515248,"time":"2023-12-21T08:47:04.342Z"}},{"iob":-0.941,"basaliob":-1.099,"bolussnooze":3.0E-4,"activity":-0.0123,"lastBolusTime":1703136515248,"time":"2023-12-21T08:52:04.342Z","iobWithZeroTemp":{"iob":-1.365,"basaliob":-1.523,"bolussnooze":3.0E-4,"activity":-0.0142,"lastBolusTime":1703136515248,"time":"2023-12-21T08:52:04.342Z"}},{"iob":-0.88,"basaliob":-1.022,"bolussnooze":2.0E-4,"activity":-0.0119,"lastBolusTime":1703136515248,"time":"2023-12-21T08:57:04.342Z","iobWithZeroTemp":{"iob":-1.384,"basaliob":-1.526,"bolussnooze":2.0E-4,"activity":-0.0145,"lastBolusTime":1703136515248,"time":"2023-12-21T08:57:04.342Z"}},{"iob":-0.821,"basaliob":-0.949,"bolussnooze":2.0E-4,"activity":-0.0114,"lastBolusTime":1703136515248,"time":"2023-12-21T09:02:04.342Z","iobWithZeroTemp":{"iob":-1.403,"basaliob":-1.531,"bolussnooze":2.0E-4,"activity":-0.0147,"lastBolusTime":1703136515248,"time":"2023-12-21T09:02:04.342Z"}},{"iob":-0.765,"basaliob":-0.88,"bolussnooze":1.0E-4,"activity":-0.011,"lastBolusTime":1703136515248,"time":"2023-12-21T09:07:04.342Z","iobWithZeroTemp":{"iob":-1.412,"basaliob":-1.527,"bolussnooze":1.0E-4,"activity":-0.015,"lastBolusTime":1703136515248,"time":"2023-12-21T09:07:04.342Z"}},{"iob":-0.712,"basaliob":-0.815,"bolussnooze":1.0E-4,"activity":-0.0104,"lastBolusTime":1703136515248,"time":"2023-12-21T09:12:04.342Z","iobWithZeroTemp":{"iob":-1.421,"basaliob":-1.524,"bolussnooze":1.0E-4,"activity":-0.0151,"lastBolusTime":1703136515248,"time":"2023-12-21T09:12:04.342Z"}},{"iob":-0.661,"basaliob":-0.753,"bolussnooze":1.0E-4,"activity":-0.01,"lastBolusTime":1703136515248,"time":"2023-12-21T09:17:04.342Z","iobWithZeroTemp":{"iob":-1.428,"basaliob":-1.52,"bolussnooze":1.0E-4,"activity":-0.0155,"lastBolusTime":1703136515248,"time":"2023-12-21T09:17:04.342Z"}},{"iob":-0.613,"basaliob":-0.695,"bolussnooze":0,"activity":-0.0094,"lastBolusTime":1703136515248,"time":"2023-12-21T09:22:04.342Z","iobWithZeroTemp":{"iob":-1.434,"basaliob":-1.516,"bolussnooze":0,"activity":-0.0156,"lastBolusTime":1703136515248,"time":"2023-12-21T09:22:04.342Z"}},{"iob":-0.566,"basaliob":-0.64,"bolussnooze":0,"activity":-0.0088,"lastBolusTime":1703136515248,"time":"2023-12-21T09:27:04.342Z","iobWithZeroTemp":{"iob":-1.431,"basaliob":-1.505,"bolussnooze":0,"activity":-0.0156,"lastBolusTime":1703136515248,"time":"2023-12-21T09:27:04.342Z"}},{"iob":-0.524,"basaliob":-0.59,"bolussnooze":0,"activity":-0.0083,"lastBolusTime":1703136515248,"time":"2023-12-21T09:32:04.342Z","iobWithZeroTemp":{"iob":-1.437,"basaliob":-1.503,"bolussnooze":0,"activity":-0.0157,"lastBolusTime":1703136515248,"time":"2023-12-21T09:32:04.342Z"}},{"iob":-0.483,"basaliob":-0.542,"bolussnooze":0,"activity":-0.0079,"lastBolusTime":1703136515248,"time":"2023-12-21T09:37:04.342Z","iobWithZeroTemp":{"iob":-1.44,"basaliob":-1.499,"bolussnooze":0,"activity":-0.016,"lastBolusTime":1703136515248,"time":"2023-12-21T09:37:04.342Z"}},{"iob":-0.446,"basaliob":-0.498,"bolussnooze":0,"activity":-0.0073,"lastBolusTime":1703136515248,"time":"2023-12-21T09:42:04.342Z","iobWithZeroTemp":{"iob":-1.445,"basaliob":-1.497,"bolussnooze":0,"activity":-0.016,"lastBolusTime":1703136515248,"time":"2023-12-21T09:42:04.342Z"}},{"iob":-0.41,"basaliob":-0.457,"bolussnooze":0,"activity":-0.0068,"lastBolusTime":1703136515248,"time":"2023-12-21T09:47:04.342Z","iobWithZeroTemp":{"iob":-1.447,"basaliob":-1.494,"bolussnooze":0,"activity":-0.016,"lastBolusTime":1703136515248,"time":"2023-12-21T09:47:04.342Z"}},{"iob":-0.377,"basaliob":-0.419,"bolussnooze":0,"activity":-0.0063,"lastBolusTime":1703136515248,"time":"2023-12-21T09:52:04.342Z","iobWithZeroTemp":{"iob":-1.45,"basaliob":-1.492,"bolussnooze":0,"activity":-0.0161,"lastBolusTime":1703136515248,"time":"2023-12-21T09:52:04.342Z"}},{"iob":-0.346,"basaliob":-0.383,"bolussnooze":0,"activity":-0.0059,"lastBolusTime":1703136515248,"time":"2023-12-21T09:57:04.342Z","iobWithZeroTemp":{"iob":-1.452,"basaliob":-1.489,"bolussnooze":0,"activity":-0.0162,"lastBolusTime":1703136515248,"time":"2023-12-21T09:57:04.342Z"}},{"iob":-0.318,"basaliob":-0.351,"bolussnooze":0,"activity":-0.0055,"lastBolusTime":1703136515248,"time":"2023-12-21T10:02:04.342Z","iobWithZeroTemp":{"iob":-1.455,"basaliob":-1.488,"bolussnooze":0,"activity":-0.0163,"lastBolusTime":1703136515248,"time":"2023-12-21T10:02:04.342Z"}},{"iob":-0.291,"basaliob":-0.32,"bolussnooze":0,"activity":-0.0051,"lastBolusTime":1703136515248,"time":"2023-12-21T10:07:04.342Z","iobWithZeroTemp":{"iob":-1.448,"basaliob":-1.477,"bolussnooze":0,"activity":-0.0163,"lastBolusTime":1703136515248,"time":"2023-12-21T10:07:04.342Z"}},{"iob":-0.267,"basaliob":-0.293,"bolussnooze":0,"activity":-0.0047,"lastBolusTime":1703136515248,"time":"2023-12-21T10:12:04.342Z","iobWithZeroTemp":{"iob":-1.442,"basaliob":-1.468,"bolussnooze":0,"activity":-0.0163,"lastBolusTime":1703136515248,"time":"2023-12-21T10:12:04.342Z"}},{"iob":-0.244,"basaliob":-0.267,"bolussnooze":0,"activity":-0.0043,"lastBolusTime":1703136515248,"time":"2023-12-21T10:17:04.342Z","iobWithZeroTemp":{"iob":-1.435,"basaliob":-1.458,"bolussnooze":0,"activity":-0.0163,"lastBolusTime":1703136515248,"time":"2023-12-21T10:17:04.342Z"}},{"iob":-0.223,"basaliob":-0.243,"bolussnooze":0,"activity":-0.004,"lastBolusTime":1703136515248,"time":"2023-12-21T10:22:04.342Z","iobWithZeroTemp":{"iob":-1.428,"basaliob":-1.448,"bolussnooze":0,"activity":-0.0163,"lastBolusTime":1703136515248,"time":"2023-12-21T10:22:04.342Z"}},{"iob":-0.204,"basaliob":-0.222,"bolussnooze":0,"activity":-0.0038,"lastBolusTime":1703136515248,"time":"2023-12-21T10:27:04.342Z","iobWithZeroTemp":{"iob":-1.422,"basaliob":-1.44,"bolussnooze":0,"activity":-0.0164,"lastBolusTime":1703136515248,"time":"2023-12-21T10:27:04.342Z"}},{"iob":-0.186,"basaliob":-0.202,"bolussnooze":0,"activity":-0.0034,"lastBolusTime":1703136515248,"time":"2023-12-21T10:32:04.342Z","iobWithZeroTemp":{"iob":-1.416,"basaliob":-1.432,"bolussnooze":0,"activity":-0.0163,"lastBolusTime":1703136515248,"time":"2023-12-21T10:32:04.342Z"}},{"iob":-0.169,"basaliob":-0.183,"bolussnooze":0,"activity":-0.0031,"lastBolusTime":1703136515248,"time":"2023-12-21T10:37:04.342Z","iobWithZeroTemp":{"iob":-1.409,"basaliob":-1.423,"bolussnooze":0,"activity":-0.0162,"lastBolusTime":1703136515248,"time":"2023-12-21T10:37:04.342Z"}},{"iob":-0.155,"basaliob":-0.167,"bolussnooze":0,"activity":-0.0029,"lastBolusTime":1703136515248,"time":"2023-12-21T10:42:04.342Z","iobWithZeroTemp":{"iob":-1.404,"basaliob":-1.416,"bolussnooze":0,"activity":-0.0162,"lastBolusTime":1703136515248,"time":"2023-12-21T10:42:04.342Z"}},{"iob":-0.14,"basaliob":-0.151,"bolussnooze":0,"activity":-0.0026,"lastBolusTime":1703136515248,"time":"2023-12-21T10:47:04.342Z","iobWithZeroTemp":{"iob":-1.397,"basaliob":-1.408,"bolussnooze":0,"activity":-0.0161,"lastBolusTime":1703136515248,"time":"2023-12-21T10:47:04.342Z"}},{"iob":-0.128,"basaliob":-0.137,"bolussnooze":0,"activity":-0.0025,"lastBolusTime":1703136515248,"time":"2023-12-21T10:52:04.342Z","iobWithZeroTemp":{"iob":-1.392,"basaliob":-1.401,"bolussnooze":0,"activity":-0.0162,"lastBolusTime":1703136515248,"time":"2023-12-21T10:52:04.342Z"}},{"iob":-0.116,"basaliob":-0.124,"bolussnooze":0,"activity":-0.0022,"lastBolusTime":1703136515248,"time":"2023-12-21T10:57:04.342Z","iobWithZeroTemp":{"iob":-1.387,"basaliob":-1.395,"bolussnooze":0,"activity":-0.016,"lastBolusTime":1703136515248,"time":"2023-12-21T10:57:04.342Z"}},{"iob":-0.106,"basaliob":-0.113,"bolussnooze":0,"activity":-0.002,"lastBolusTime":1703136515248,"time":"2023-12-21T11:02:04.342Z","iobWithZeroTemp":{"iob":-1.382,"basaliob":-1.389,"bolussnooze":0,"activity":-0.0159,"lastBolusTime":1703136515248,"time":"2023-12-21T11:02:04.342Z"}},{"iob":-0.096,"basaliob":-0.102,"bolussnooze":0,"activity":-0.0018,"lastBolusTime":1703136515248,"time":"2023-12-21T11:07:04.342Z","iobWithZeroTemp":{"iob":-1.369,"basaliob":-1.375,"bolussnooze":0,"activity":-0.0158,"lastBolusTime":1703136515248,"time":"2023-12-21T11:07:04.342Z"}},{"iob":-0.087,"basaliob":-0.092,"bolussnooze":0,"activity":-0.0017,"lastBolusTime":1703136515248,"time":"2023-12-21T11:12:04.342Z","iobWithZeroTemp":{"iob":-1.352,"basaliob":-1.357,"bolussnooze":0,"activity":-0.0158,"lastBolusTime":1703136515248,"time":"2023-12-21T11:12:04.342Z"}},{"iob":-0.078,"basaliob":-0.083,"bolussnooze":0,"activity":-0.0016,"lastBolusTime":1703136515248,"time":"2023-12-21T11:17:04.342Z","iobWithZeroTemp":{"iob":-1.339,"basaliob":-1.344,"bolussnooze":0,"activity":-0.0157,"lastBolusTime":1703136515248,"time":"2023-12-21T11:17:04.342Z"}},{"iob":-0.071,"basaliob":-0.075,"bolussnooze":0,"activity":-0.0014,"lastBolusTime":1703136515248,"time":"2023-12-21T11:22:04.342Z","iobWithZeroTemp":{"iob":-1.328,"basaliob":-1.332,"bolussnooze":0,"activity":-0.0156,"lastBolusTime":1703136515248,"time":"2023-12-21T11:22:04.342Z"}},{"iob":-0.064,"basaliob":-0.068,"bolussnooze":0,"activity":-0.0013,"lastBolusTime":1703136515248,"time":"2023-12-21T11:27:04.342Z","iobWithZeroTemp":{"iob":-1.317,"basaliob":-1.321,"bolussnooze":0,"activity":-0.0155,"lastBolusTime":1703136515248,"time":"2023-12-21T11:27:04.342Z"}},{"iob":-0.058,"basaliob":-0.061,"bolussnooze":0,"activity":-0.0012,"lastBolusTime":1703136515248,"time":"2023-12-21T11:32:04.342Z","iobWithZeroTemp":{"iob":-1.307,"basaliob":-1.31,"bolussnooze":0,"activity":-0.0154,"lastBolusTime":1703136515248,"time":"2023-12-21T11:32:04.342Z"}},{"iob":-0.052,"basaliob":-0.055,"bolussnooze":0,"activity":-0.0011,"lastBolusTime":1703136515248,"time":"2023-12-21T11:37:04.342Z","iobWithZeroTemp":{"iob":-1.297,"basaliob":-1.3,"bolussnooze":0,"activity":-0.0153,"lastBolusTime":1703136515248,"time":"2023-12-21T11:37:04.342Z"}},{"iob":-0.048,"basaliob":-0.05,"bolussnooze":0,"activity":-9.0E-4,"lastBolusTime":1703136515248,"time":"2023-12-21T11:42:04.342Z","iobWithZeroTemp":{"iob":-1.289,"basaliob":-1.291,"bolussnooze":0,"activity":-0.0151,"lastBolusTime":1703136515248,"time":"2023-12-21T11:42:04.342Z"}},{"iob":-0.043,"basaliob":-0.045,"bolussnooze":0,"activity":-8.0E-4,"lastBolusTime":1703136515248,"time":"2023-12-21T11:47:04.342Z","iobWithZeroTemp":{"iob":-1.279,"basaliob":-1.281,"bolussnooze":0,"activity":-0.015,"lastBolusTime":1703136515248,"time":"2023-12-21T11:47:04.342Z"}},{"iob":-0.038,"basaliob":-0.04,"bolussnooze":0,"activity":-8.0E-4,"lastBolusTime":1703136515248,"time":"2023-12-21T11:52:04.342Z","iobWithZeroTemp":{"iob":-1.27,"basaliob":-1.272,"bolussnooze":0,"activity":-0.0149,"lastBolusTime":1703136515248,"time":"2023-12-21T11:52:04.342Z"}},{"iob":-0.035,"basaliob":-0.036,"bolussnooze":0,"activity":-8.0E-4,"lastBolusTime":1703136515248,"time":"2023-12-21T11:57:04.342Z","iobWithZeroTemp":{"iob":-1.264,"basaliob":-1.265,"bolussnooze":0,"activity":-0.0149,"lastBolusTime":1703136515248,"time":"2023-12-21T11:57:04.342Z"}},{"iob":-0.032,"basaliob":-0.033,"bolussnooze":0,"activity":-7.0E-4,"lastBolusTime":1703136515248,"time":"2023-12-21T12:02:04.342Z","iobWithZeroTemp":{"iob":-1.257,"basaliob":-1.258,"bolussnooze":0,"activity":-0.0148,"lastBolusTime":1703136515248,"time":"2023-12-21T12:02:04.342Z"}},{"iob":-0.028,"basaliob":-0.029,"bolussnooze":0,"activity":-6.0E-4,"lastBolusTime":1703136515248,"time":"2023-12-21T12:07:04.342Z","iobWithZeroTemp":{"iob":-1.249,"basaliob":-1.25,"bolussnooze":0,"activity":-0.0146,"lastBolusTime":1703136515248,"time":"2023-12-21T12:07:04.342Z"}},{"iob":-0.025,"basaliob":-0.026,"bolussnooze":0,"activity":-6.0E-4,"lastBolusTime":1703136515248,"time":"2023-12-21T12:12:04.342Z","iobWithZeroTemp":{"iob":-1.243,"basaliob":-1.244,"bolussnooze":0,"activity":-0.0146,"lastBolusTime":1703136515248,"time":"2023-12-21T12:12:04.342Z"}},{"iob":-0.022,"basaliob":-0.023,"bolussnooze":0,"activity":-5.0E-4,"lastBolusTime":1703136515248,"time":"2023-12-21T12:17:04.342Z","iobWithZeroTemp":{"iob":-1.236,"basaliob":-1.237,"bolussnooze":0,"activity":-0.0145,"lastBolusTime":1703136515248,"time":"2023-12-21T12:17:04.342Z"}},{"iob":-0.02,"basaliob":-0.021,"bolussnooze":0,"activity":-5.0E-4,"lastBolusTime":1703136515248,"time":"2023-12-21T12:22:04.342Z","iobWithZeroTemp":{"iob":-1.231,"basaliob":-1.232,"bolussnooze":0,"activity":-0.0144,"lastBolusTime":1703136515248,"time":"2023-12-21T12:22:04.342Z"}}],"profile":{"max_iob":20,"type":"current","max_daily_basal":1.6,"max_basal":4.4,"min_bg":111.60000000000001,"max_bg":111.60000000000001,"target_bg":111.60000000000001,"carb_ratio":5.5,"sens":72,"max_daily_safety_multiplier":3,"current_basal_safety_multiplier":4,"high_temptarget_raises_sensitivity":false,"low_temptarget_lowers_sensitivity":false,"sensitivity_raises_target":false,"resistance_lowers_target":false,"adv_target_adjustments":false,"exercise_mode":false,"half_basal_exercise_target":160,"maxCOB":120,"skip_neutral_temps":false,"remainingCarbsCap":90,"enableUAM":true,"A52_risk_enable":false,"SMBInterval":3,"enableSMB_with_COB":false,"enableSMB_with_temptarget":false,"allowSMB_with_high_temptarget":true,"enableSMB_always":true,"enableSMB_after_carbs":false,"maxSMBBasalMinutes":120,"maxUAMSMBBasalMinutes":120,"bolus_increment":0.05,"carbsReqThreshold":1,"current_basal":1.1,"temptargetSet":true,"autosens_max":1.8,"out_units":"mmol\/L"},"autosens_data":{"ratio":1},"meal_data":{"carbs":40,"mealCOB":20,"slopeFromMaxDeviation":-1.0699999999999998,"slopeFromMinDeviation":0.2244444444444444,"lastBolusTime":1703136515248,"lastCarbTime":1703147012000},"microBolusAllowed":true,"currentTime":1703147224893,"flatBGsDetected":false},"output":{"temp":"absolute","bg":64,"tick":"+1","eventualBG":397,"targetBG":111.60000000000001,"insulinReq":0,"deliverAt":"2023-12-21T08:27:04.893Z","sensitivityRatio":1,"predBGs":{"IOB":[64,65,67,69,71,73,76,79,81,84,88,91,94,97,100,103,106,108,111,113,115,117,118,120,121,123,124,125,126,127,128,129,129,130,131,131,132,132,133,133,133,134,134,134,134,135],"ZT":[64,69,73,78,83,88,93,98,104,109],"COB":[64,66,69,73,78,85,92,100,109,119,129,141,153,166,180,194,209,224,240,256,271,285,298,310,322,333,342,351,359,366,373,378,383,387,390,392,393,394,394,395,395,395,396,396,396,396,397],"UAM":[64,65,67,69,71,73,76,79,81,84,88,91,94,97,100,103,106,108,111,113,115,117,118,120,121,123,124,125,126,127,128,129,129,130,131,131,132,132,133,133,133,134,134,134,134,135]},"COB":20,"IOB":-1.261,"reason":"COB: 20, Dev: -1.1, BGI: 0.3, ISF: 4.0, CR: 5.5, Target: 6.2, minPredBG 13.3, minGuardBG 3.7, IOBpredBG 7.5, COBpredBG 22.1, UAMpredBG 7.5; minGuardBG 3.7<4.2","duration":30,"rate":0,"timestamp":"2023-12-21T08:27:04.942Z"}}