{"algorithm":"OpenAPSSMBPlugin","input":{"glucoseStatus":{"glucose":71,"noise":0,"delta":-2,"short_avgdelta":-2.28,"long_avgdelta":-2.94,"date":1703052702420},"currenttemp":{"temp":"absolute","duration":25,"rate":0,"minutesrunning":5},"iob_data":[{"iob":-0.368,"basaliob":-1.348,"bolussnooze":9.0E-4,"activity":2.0E-4,"lastBolusTime":1703050029109,"time":"2023-12-20T06:12:00.441Z","iobWithZeroTemp":{"iob":-0.368,"basaliob":-1.348,"bolussnooze":9.0E-4,"activity":2.0E-4,"lastBolusTime":1703050029109,"time":"2023-12-20T06:12:00.441Z"}},{"iob":-0.366,"basaliob":-1.274,"bolussnooze":7.0E-4,"activity":-7.0E-4,"lastBolusTime":1703050029109,"time":"2023-12-20T06:17:00.441Z","iobWithZeroTemp":{"iob":-0.449,"basaliob":-1.357,"bolussnooze":7.0E-4,"activity":-8.0E-4,"lastBolusTime":1703050029109,"time":"2023-12-20T06:17:00.441Z"}},{"iob":-0.361,"basaliob":-1.2,"bolussnooze":5.0E-4,"activity":-0.0014,"lastBolusTime":1703050029109,"time":"2023-12-20T06:22:00.441Z","iobWithZeroTemp":{"iob":-0.547,"basaliob":-1.386,"bolussnooze":5.0E-4,"activity":-0.0018,"lastBolusTime":1703050029109,"time":"2023-12-20T06:22:00.441Z"}},{"iob":-0.354,"basaliob":-1.128,"bolussnooze":4.0E-4,"activity":-0.0019,"lastBolusTime":1703050029109,"time":"2023-12-20T06:27:00.441Z","iobWithZeroTemp":{"iob":-0.642,"basaliob":-1.416,"bolussnooze":4.0E-4,"activity":-0.0027,"lastBolusTime":1703050029109,"time":"2023-12-20T06:27:00.441Z"}},{"iob":-0.343,"basaliob":-1.057,"bolussnooze":3.0E-4,"activity":-0.0023,"lastBolusTime":1703050029109,"time":"2023-12-20T06:32:00.441Z","iobWithZeroTemp":{"iob":-0.729,"basaliob":-1.443,"bolussnooze":3.0E-4,"activity":-0.0037,"lastBolusTime":1703050029109,"time":"2023-12-20T06:32:00.441Z"}},{"iob":-0.331,"basaliob":-0.988,"bolussnooze":2.0E-4,"activity":-0.0026,"lastBolusTime":1703050029109,"time":"2023-12-20T06:37:00.441Z","iobWithZeroTemp":{"iob":-0.813,"basaliob":-1.47,"bolussnooze":2.0E-4,"activity":-0.0047,"lastBolusTime":1703050029109,"time":"2023-12-20T06:37:00.441Z"}},{"iob":-0.317,"basaliob":-0.921,"bolussnooze":1.0E-4,"activity":-0.0028,"lastBolusTime":1703050029109,"time":"2023-12-20T06:42:00.441Z","iobWithZeroTemp":{"iob":-0.89,"basaliob":-1.494,"bolussnooze":1.0E-4,"activity":-0.0057,"lastBolusTime":1703050029109,"time":"2023-12-20T06:42:00.441Z"}},{"iob":-0.303,"basaliob":-0.858,"bolussnooze":1.0E-4,"activity":-0.0029,"lastBolusTime":1703050029109,"time":"2023-12-20T06:47:00.441Z","iobWithZeroTemp":{"iob":-0.964,"basaliob":-1.519,"bolussnooze":1.0E-4,"activity":-0.0066,"lastBolusTime":1703050029109,"time":"2023-12-20T06:47:00.441Z"}},{"iob":-0.287,"basaliob":-0.797,"bolussnooze":1.0E-4,"activity":-0.003,"lastBolusTime":1703050029109,"time":"2023-12-20T06:52:00.441Z","iobWithZeroTemp":{"iob":-1.032,"basaliob":-1.542,"bolussnooze":1.0E-4,"activity":-0.0076,"lastBolusTime":1703050029109,"time":"2023-12-20T06:52:00.441Z"}},{"iob":-0.272,"basaliob":-0.739,"bolussnooze":0,"activity":-0.003,"lastBolusTime":1703050029109,"time":"2023-12-20T06:57:00.441Z","iobWithZeroTemp":{"iob":-1.096,"basaliob":-1.563,"bolussnooze":0,"activity":-0.0084,"lastBolusTime":1703050029109,"time":"2023-12-20T06:57:00.441Z"}},{"iob":-0.257,"basaliob":-0.685,"bolussnooze":0,"activity":-0.003,"lastBolusTime":1703050029109,"time":"2023-12-20T07:02:00.441Z","iobWithZeroTemp":{"iob":-1.156,"basaliob":-1.584,"bolussnooze":0,"activity":-0.0093,"lastBolusTime":1703050029109,"time":"2023-12-20T07:02:00.441Z"}},{"iob":-0.242,"basaliob":-0.633,"bolussnooze":0,"activity":-0.003,"lastBolusTime":1703050029109,"time":"2023-12-20T07:07:00.441Z","iobWithZeroTemp":{"iob":-1.207,"basaliob":-1.598,"bolussnooze":0,"activity":-0.0101,"lastBolusTime":1703050029109,"time":"2023-12-20T07:07:00.441Z"}},{"iob":-0.227,"basaliob":-0.585,"bolussnooze":0,"activity":-0.0029,"lastBolusTime":1703050029109,"time":"2023-12-20T07:12:00.441Z","iobWithZeroTemp":{"iob":-1.255,"basaliob":-1.613,"bolussnooze":0,"activity":-0.0109,"lastBolusTime":1703050029109,"time":"2023-12-20T07:12:00.441Z"}},{"iob":-0.212,"basaliob":-0.539,"bolussnooze":0,"activity":-0.0028,"lastBolusTime":1703050029109,"time":"2023-12-20T07:17:00.441Z","iobWithZeroTemp":{"iob":-1.298,"basaliob":-1.625,"bolussnooze":0,"activity":-0.0116,"lastBolusTime":1703050029109,"time":"2023-12-20T07:17:00.441Z"}},{"iob":-0.199,"basaliob":-0.497,"bolussnooze":0,"activity":-0.0027,"lastBolusTime":1703050029109,"time":"2023-12-20T07:22:00.441Z","iobWithZeroTemp":{"iob":-1.339,"basaliob":-1.637,"bolussnooze":0,"activity":-0.0122,"lastBolusTime":1703050029109,"time":"2023-12-20T07:22:00.441Z"}},{"iob":-0.185,"basaliob":-0.457,"bolussnooze":0,"activity":-0.0026,"lastBolusTime":1703050029109,"time":"2023-12-20T07:27:00.441Z","iobWithZeroTemp":{"iob":-1.376,"basaliob":-1.648,"bolussnooze":0,"activity":-0.0129,"lastBolusTime":1703050029109,"time":"2023-12-20T07:27:00.441Z"}},{"iob":-0.173,"basaliob":-0.42,"bolussnooze":0,"activity":-0.0026,"lastBolusTime":1703050029109,"time":"2023-12-20T07:32:00.441Z","iobWithZeroTemp":{"iob":-1.411,"basaliob":-1.658,"bolussnooze":0,"activity":-0.0136,"lastBolusTime":1703050029109,"time":"2023-12-20T07:32:00.441Z"}},{"iob":-0.161,"basaliob":-0.386,"bolussnooze":0,"activity":-0.0023,"lastBolusTime":1703050029109,"time":"2023-12-20T07:37:00.441Z","iobWithZeroTemp":{"iob":-1.442,"basaliob":-1.667,"bolussnooze":0,"activity":-0.0139,"lastBolusTime":1703050029109,"time":"2023-12-20T07:37:00.441Z"}},{"iob":-0.149,"basaliob":-0.354,"bolussnooze":0,"activity":-0.0023,"lastBolusTime":1703050029109,"time":"2023-12-20T07:42:00.441Z","iobWithZeroTemp":{"iob":-1.471,"basaliob":-1.676,"bolussnooze":0,"activity":-0.0146,"lastBolusTime":1703050029109,"time":"2023-12-20T07:42:00.441Z"}},{"iob":-0.138,"basaliob":-0.324,"bolussnooze":0,"activity":-0.0021,"lastBolusTime":1703050029109,"time":"2023-12-20T07:47:00.441Z","iobWithZeroTemp":{"iob":-1.494,"basaliob":-1.68,"bolussnooze":0,"activity":-0.0149,"lastBolusTime":1703050029109,"time":"2023-12-20T07:47:00.441Z"}},{"iob":-0.127,"basaliob":-0.296,"bolussnooze":0,"activity":-0.002,"lastBolusTime":1703050029109,"time":"2023-12-20T07:52:00.441Z","iobWithZeroTemp":{"iob":-1.518,"basaliob":-1.687,"bolussnooze":0,"activity":-0.0154,"lastBolusTime":1703050029109,"time":"2023-12-20T07:52:00.441Z"}},{"iob":-0.118,"basaliob":-0.271,"bolussnooze":0,"activity":-0.0019,"lastBolusTime":1703050029109,"time":"2023-12-20T07:57:00.441Z","iobWithZeroTemp":{"iob":-1.541,"basaliob":-1.694,"bolussnooze":0,"activity":-0.0158,"lastBolusTime":1703050029109,"time":"2023-12-20T07:57:00.441Z"}},{"iob":-0.109,"basaliob":-0.248,"bolussnooze":0,"activity":-0.0018,"lastBolusTime":1703050029109,"time":"2023-12-20T08:02:00.441Z","iobWithZeroTemp":{"iob":-1.561,"basaliob":-1.7,"bolussnooze":0,"activity":-0.0162,"lastBolusTime":1703050029109,"time":"2023-12-20T08:02:00.441Z"}},{"iob":-0.1,"basaliob":-0.226,"bolussnooze":0,"activity":-0.0016,"lastBolusTime":1703050029109,"time":"2023-12-20T08:07:00.441Z","iobWithZeroTemp":{"iob":-1.571,"basaliob":-1.697,"bolussnooze":0,"activity":-0.0164,"lastBolusTime":1703050029109,"time":"2023-12-20T08:07:00.441Z"}},{"iob":-0.092,"basaliob":-0.206,"bolussnooze":0,"activity":-0.0015,"lastBolusTime":1703050029109,"time":"2023-12-20T08:12:00.441Z","iobWithZeroTemp":{"iob":-1.58,"basaliob":-1.694,"bolussnooze":0,"activity":-0.0167,"lastBolusTime":1703050029109,"time":"2023-12-20T08:12:00.441Z"}},{"iob":-0.085,"basaliob":-0.188,"bolussnooze":0,"activity":-0.0014,"lastBolusTime":1703050029109,"time":"2023-12-20T08:17:00.441Z","iobWithZeroTemp":{"iob":-1.588,"basaliob":-1.691,"bolussnooze":0,"activity":-0.017,"lastBolusTime":1703050029109,"time":"2023-12-20T08:17:00.441Z"}},{"iob":-0.078,"basaliob":-0.171,"bolussnooze":0,"activity":-0.0013,"lastBolusTime":1703050029109,"time":"2023-12-20T08:22:00.441Z","iobWithZeroTemp":{"iob":-1.594,"basaliob":-1.687,"bolussnooze":0,"activity":-0.0172,"lastBolusTime":1703050029109,"time":"2023-12-20T08:22:00.441Z"}},{"iob":-0.071,"basaliob":-0.155,"bolussnooze":0,"activity":-0.0013,"lastBolusTime":1703050029109,"time":"2023-12-20T08:27:00.441Z","iobWithZeroTemp":{"iob":-1.598,"basaliob":-1.682,"bolussnooze":0,"activity":-0.0175,"lastBolusTime":1703050029109,"time":"2023-12-20T08:27:00.441Z"}},{"iob":-0.065,"basaliob":-0.141,"bolussnooze":0,"activity":-0.0011,"lastBolusTime":1703050029109,"time":"2023-12-20T08:32:00.441Z","iobWithZeroTemp":{"iob":-1.603,"basaliob":-1.679,"bolussnooze":0,"activity":-0.0175,"lastBolusTime":1703050029109,"time":"2023-12-20T08:32:00.441Z"}},{"iob":-0.059,"basaliob":-0.128,"bolussnooze":0,"activity":-0.0011,"lastBolusTime":1703050029109,"time":"2023-12-20T08:37:00.441Z","iobWithZeroTemp":{"iob":-1.606,"basaliob":-1.675,"bolussnooze":0,"activity":-0.0177,"lastBolusTime":1703050029109,"time":"2023-12-20T08:37:00.441Z"}},{"iob":-0.054,"basaliob":-0.116,"bolussnooze":0,"activity":-0.001,"lastBolusTime":1703050029109,"time":"2023-12-20T08:42:00.441Z","iobWithZeroTemp":{"iob":-1.609,"basaliob":-1.671,"bolussnooze":0,"activity":-0.0178,"lastBolusTime":1703050029109,"time":"2023-12-20T08:42:00.441Z"}},{"iob":-0.05,"basaliob":-0.106,"bolussnooze":0,"activity":-9.0E-4,"lastBolusTime":1703050029109,"time":"2023-12-20T08:47:00.441Z","iobWithZeroTemp":{"iob":-1.612,"basaliob":-1.668,"bolussnooze":0,"activity":-0.0179,"lastBolusTime":1703050029109,"time":"2023-12-20T08:47:00.441Z"}},{"iob":-0.046,"basaliob":-0.096,"bolussnooze":0,"activity":-8.0E-4,"lastBolusTime":1703050029109,"time":"2023-12-20T08:52:00.441Z","iobWithZeroTemp":{"iob":-1.615,"basaliob":-1.665,"bolussnooze":0,"activity":-0.018,"lastBolusTime":1703050029109,"time":"2023-12-20T08:52:00.441Z"}},{"iob":-0.042,"basaliob":-0.087,"bolussnooze":0,"activity":-7.0E-4,"lastBolusTime":1703050029109,"time":"2023-12-20T08:57:00.441Z","iobWithZeroTemp":{"iob":-1.616,"basaliob":-1.661,"bolussnooze":0,"activity":-0.018,"lastBolusTime":1703050029109,"time":"2023-12-20T08:57:00.441Z"}},{"iob":-0.038,"basaliob":-0.078,"bolussnooze":0,"activity":-7.0E-4,"lastBolusTime":1703050029109,"time":"2023-12-20T09:02:00.441Z","iobWithZeroTemp":{"iob":-1.617,"basaliob":-1.657,"bolussnooze":0,"activity":-0.0181,"lastBolusTime":1703050029109,"time":"2023-12-20T09:02:00.441Z"}},{"iob":-0.035,"basaliob":-0.071,"bolussnooze":0,"activity":-6.0E-4,"lastBolusTime":1703050029109,"time":"2023-12-20T09:07:00.441Z","iobWithZeroTemp":{"iob":-1.61,"basaliob":-1.646,"bolussnooze":0,"activity":-0.0181,"lastBolusTime":1703050029109,"time":"2023-12-20T09:07:00.441Z"}},{"iob":-0.031,"basaliob":-0.064,"bolussnooze":0,"activity":-6.0E-4,"lastBolusTime":1703050029109,"time":"2023-12-20T09:12:00.441Z","iobWithZeroTemp":{"iob":-1.602,"basaliob":-1.635,"bolussnooze":0,"activity":-0.0182,"lastBolusTime":1703050029109,"time":"2023-12-20T09:12:00.441Z"}},{"iob":-0.029,"basaliob":-0.058,"bolussnooze":0,"activity":-6.0E-4,"lastBolusTime":1703050029109,"time":"2023-12-20T09:17:00.441Z","iobWithZeroTemp":{"iob":-1.595,"basaliob":-1.624,"bolussnooze":0,"activity":-0.0182,"lastBolusTime":1703050029109,"time":"2023-12-20T09:17:00.441Z"}},{"iob":-0.026,"basaliob":-0.052,"bolussnooze":0,"activity":-5.0E-4,"lastBolusTime":1703050029109,"time":"2023-12-20T09:22:00.441Z","iobWithZeroTemp":{"iob":-1.587,"basaliob":-1.613,"bolussnooze":0,"activity":-0.0182,"lastBolusTime":1703050029109,"time":"2023-12-20T09:22:00.441Z"}},{"iob":-0.024,"basaliob":-0.047,"bolussnooze":0,"activity":-5.0E-4,"lastBolusTime":1703050029109,"time":"2023-12-20T09:27:00.441Z","iobWithZeroTemp":{"iob":-1.58,"basaliob":-1.603,"bolussnooze":0,"activity":-0.0182,"lastBolusTime":1703050029109,"time":"2023-12-20T09:27:00.441Z"}},{"iob":-0.021,"basaliob":-0.042,"bolussnooze":0,"activity":-4.0E-4,"lastBolusTime":1703050029109,"time":"2023-12-20T09:32:00.441Z","iobWithZeroTemp":{"iob":-1.572,"basaliob":-1.593,"bolussnooze":0,"activity":-0.0181,"lastBolusTime":1703050029109,"time":"2023-12-20T09:32:00.441Z"}},{"iob":-0.019,"basaliob":-0.038,"bolussnooze":0,"activity":-4.0E-4,"lastBolusTime":1703050029109,"time":"2023-12-20T09:37:00.441Z","iobWithZeroTemp":{"iob":-1.562,"basaliob":-1.581,"bolussnooze":0,"activity":-0.018,"lastBolusTime":1703050029109,"time":"2023-12-20T09:37:00.441Z"}},{"iob":-0.017,"basaliob":-0.034,"bolussnooze":0,"activity":-3.0E-4,"lastBolusTime":1703050029109,"time":"2023-12-20T09:42:00.441Z","iobWithZeroTemp":{"iob":-1.556,"basaliob":-1.573,"bolussnooze":0,"activity":-0.0179,"lastBolusTime":1703050029109,"time":"2023-12-20T09:42:00.441Z"}},{"iob":-0.016,"basaliob":-0.031,"bolussnooze":0,"activity":-4.0E-4,"lastBolusTime":1703050029109,"time":"2023-12-20T09:47:00.441Z","iobWithZeroTemp":{"iob":-1.55,"basaliob":-1.565,"bolussnooze":0,"activity":-0.018,"lastBolusTime":1703050029109,"time":"2023-12-20T09:47:00.441Z"}},{"iob":-0.015,"basaliob":-0.028,"bolussnooze":0,"activity":-3.0E-4,"lastBolusTime":1703050029109,"time":"2023-12-20T09:52:00.441Z","iobWithZeroTemp":{"iob":-1.545,"basaliob":-1.558,"bolussnooze":0,"activity":-0.0178,"lastBolusTime":1703050029109,"time":"2023-12-20T09:52:00.441Z"}},{"iob":-0.013,"basaliob":-0.025,"bolussnooze":0,"activity":-2.0E-4,"lastBolusTime":1703050029109,"time":"2023-12-20T09:57:00.441Z","iobWithZeroTemp":{"iob":-1.539,"basaliob":-1.551,"bolussnooze":0,"activity":-0.0177,"lastBolusTime":1703050029109,"time":"2023-12-20T09:57:00.441Z"}},{"iob":-0.011,"basaliob":-0.022,"bolussnooze":0,"activity":-3.0E-4,"lastBolusTime":1703050029109,"time":"2023-12-20T10:02:00.441Z","iobWithZeroTemp":{"iob":-1.533,"basaliob":-1.544,"bolussnooze":0,"activity":-0.0178,"lastBolusTime":1703050029109,"time":"2023-12-20T10:02:00.441Z"}},{"iob":-0.011,"basaliob":-0.02,"bolussnooze":0,"activity":-2.0E-4,"lastBolusTime":1703050029109,"time":"2023-12-20T10:07:00.441Z","iobWithZeroTemp":{"iob":-1.52,"basaliob":-1.529,"bolussnooze":0,"activity":-0.0176,"lastBolusTime":1703050029109,"time":"2023-12-20T10:07:00.441Z"}}],"profile":{"max_iob":20,"type":"current","max_daily_basal":1.6,"max_basal":4.8,"min_bg":90,"max_bg":90,"target_bg":90,"carb_ratio":5.5,"sens":72,"max_daily_safety_multiplier":3,"current_basal_safety_multiplier":4,"high_temptarget_raises_sensitivity":false,"low_temptarget_lowers_sensitivity":false,"sensitivity_raises_target":false,"resistance_lowers_target":false,"adv_target_adjustments":false,"exercise_mode":false,"half_basal_exercise_target":160,"maxCOB":120,"skip_neutral_temps":false,"remainingCarbsCap":90,"enableUAM":true,"A52_risk_enable":false,"SMBInterval":3,"enableSMB_with_COB":false,"enableSMB_with_temptarget":false,"allowSMB_with_high_temptarget":true,"enableSMB_always":true,"enableSMB_after_carbs":false,"maxSMBBasalMinutes":120,"maxUAMSMBBasalMinutes":120,"bolus_increment":0.05,"carbsReqThreshold":1,"current_basal":1.25,"temptargetSet":false,"autosens_max":1.8,"out_units":"mmol\/L"},"autosens_data":{"ratio":1},"meal_data":{"carbs":30,"mealCOB":0.9401944444444554,"slopeFromMaxDeviation":-1.0008181818181818,"slopeFromMinDeviation":0.21199999999999997,"lastBolusTime":1703050029109,"lastCarbTime":1703039119000},"microBolusAllowed":true,"currentTime":1703052723501,"flatBGsDetected":false},"output":{"temp":"absolute","bg":71,"tick":-2,"eventualBG":90,"targetBG":90,"insulinReq":-0.21,"deliverAt":"2023-12-20T06:12:03.501Z","sensitivityRatio":1,"predBGs":{"IOB":[71,69,67,66,65,65,65,65,65,66,66,67,68,69,70,71,72,73,74,75,76,76,77,78,78,79,79,80,80,81,81,81,82,82,82,83,83,83,83,83,84],"ZT":[71,71,71,72,73,74,76,78,80,83,86,89],"COB":[71,69,67,66,65,65,65,65,65,66,67,68,69,70,71,72,73,74,75,76,77,77,78,79,80,80,81,82,82,83,83,84,84,85,85,85,86,86,87,87,87,88,88,88,89,89,89,90],"UAM":[71,69,67,66,65,65,65,65,65,66,66,67,68,69,70,71,72,73,74,75,76,76,77,78,78,79,79,80,80,81,81,81,82,82,82,83,83,83,83,83,84]},"COB":0.9401944444444554,"IOB":-0.368,"reason":"COB: 0.9, Dev: -0.9, BGI: 0.0, ISF: 4.0, CR: 5.5, Target: 5.0, minPredBG 4.2, minGuardBG 3.6, IOBpredBG 4.7, COBpredBG 5.0, UAMpredBG 4.7; Eventual BG 5.0 >= 5.0,  insulinReq -0.21; setting 30m low temp of 0.13U\/h. ","rate":0.13,"duration":30,"timestamp":"2023-12-20T06:12:03.637Z"}}