{"algorithm":"OpenAPSSMBPlugin","input":{"glucoseStatus":{"glucose":113,"noise":0,"delta":1,"short_avgdelta":0.89,"long_avgdelta":3.54,"date":1703150804831},"currenttemp":{"temp":"absolute","duration":90,"rate":0,"minutesrunning":30},"iob_data":[{"iob":4.082,"basaliob":-0.956,"bolussnooze":3.2056,"activity":0.0322,"lastBolusTime":1703150345373,"time":"2023-12-21T09:27:05.935Z","iobWithZeroTemp":{"iob":4.082,"basaliob":-0.956,"bolussnooze":3.2056,"activity":0.0322,"lastBolusTime":1703150345373,"time":"2023-12-21T09:27:05.935Z"}},{"iob":3.914,"basaliob":-0.899,"bolussnooze":2.8544,"activity":0.0348,"lastBolusTime":1703150345373,"time":"2023-12-21T09:32:05.935Z","iobWithZeroTemp":{"iob":3.847,"basaliob":-0.966,"bolussnooze":2.8544,"activity":0.0347,"lastBolusTime":1703150345373,"time":"2023-12-21T09:32:05.935Z"}},{"iob":3.735,"basaliob":-0.843,"bolussnooze":2.5133,"activity":0.0365,"lastBolusTime":1703150345373,"time":"2023-12-21T09:37:05.935Z","iobWithZeroTemp":{"iob":3.586,"basaliob":-0.992,"bolussnooze":2.5133,"activity":0.0362,"lastBolusTime":1703150345373,"time":"2023-12-21T09:37:05.935Z"}},{"iob":3.55,"basaliob":-0.789,"bolussnooze":2.1923,"activity":0.0374,"lastBolusTime":1703150345373,"time":"2023-12-21T09:42:05.935Z","iobWithZeroTemp":{"iob":3.32,"basaliob":-1.019,"bolussnooze":2.1923,"activity":0.0367,"lastBolusTime":1703150345373,"time":"2023-12-21T09:42:05.935Z"}},{"iob":3.362,"basaliob":-0.736,"bolussnooze":1.8972,"activity":0.0378,"lastBolusTime":1703150345373,"time":"2023-12-21T09:47:05.935Z","iobWithZeroTemp":{"iob":3.053,"basaliob":-1.045,"bolussnooze":1.8972,"activity":0.0367,"lastBolusTime":1703150345373,"time":"2023-12-21T09:47:05.935Z"}},{"iob":3.173,"basaliob":-0.686,"bolussnooze":1.6306,"activity":0.0377,"lastBolusTime":1703150345373,"time":"2023-12-21T09:52:05.935Z","iobWithZeroTemp":{"iob":2.788,"basaliob":-1.071,"bolussnooze":1.6306,"activity":0.036,"lastBolusTime":1703150345373,"time":"2023-12-21T09:52:05.935Z"}},{"iob":2.986,"basaliob":-0.638,"bolussnooze":1.3931,"activity":0.0371,"lastBolusTime":1703150345373,"time":"2023-12-21T09:57:05.935Z","iobWithZeroTemp":{"iob":2.527,"basaliob":-1.097,"bolussnooze":1.3931,"activity":0.0348,"lastBolusTime":1703150345373,"time":"2023-12-21T09:57:05.935Z"}},{"iob":2.802,"basaliob":-0.592,"bolussnooze":1.1839,"activity":0.0363,"lastBolusTime":1703150345373,"time":"2023-12-21T10:02:05.935Z","iobWithZeroTemp":{"iob":2.273,"basaliob":-1.121,"bolussnooze":1.1839,"activity":0.0333,"lastBolusTime":1703150345373,"time":"2023-12-21T10:02:05.935Z"}},{"iob":2.623,"basaliob":-0.549,"bolussnooze":1.0012,"activity":0.0352,"lastBolusTime":1703150345373,"time":"2023-12-21T10:07:05.935Z","iobWithZeroTemp":{"iob":2.035,"basaliob":-1.137,"bolussnooze":1.0012,"activity":0.0316,"lastBolusTime":1703150345373,"time":"2023-12-21T10:07:05.935Z"}},{"iob":2.451,"basaliob":-0.508,"bolussnooze":0.8431,"activity":0.0339,"lastBolusTime":1703150345373,"time":"2023-12-21T10:12:05.935Z","iobWithZeroTemp":{"iob":1.808,"basaliob":-1.151,"bolussnooze":0.8431,"activity":0.0296,"lastBolusTime":1703150345373,"time":"2023-12-21T10:12:05.935Z"}},{"iob":2.285,"basaliob":-0.469,"bolussnooze":0.7071,"activity":0.0325,"lastBolusTime":1703150345373,"time":"2023-12-21T10:17:05.935Z","iobWithZeroTemp":{"iob":1.59,"basaliob":-1.164,"bolussnooze":0.7071,"activity":0.0275,"lastBolusTime":1703150345373,"time":"2023-12-21T10:17:05.935Z"}},{"iob":2.126,"basaliob":-0.433,"bolussnooze":0.5908,"activity":0.0311,"lastBolusTime":1703150345373,"time":"2023-12-21T10:22:05.935Z","iobWithZeroTemp":{"iob":1.39,"basaliob":-1.169,"bolussnooze":0.5908,"activity":0.0256,"lastBolusTime":1703150345373,"time":"2023-12-21T10:22:05.935Z"}},{"iob":1.974,"basaliob":-0.399,"bolussnooze":0.492,"activity":0.0295,"lastBolusTime":1703150345373,"time":"2023-12-21T10:27:05.935Z","iobWithZeroTemp":{"iob":1.192,"basaliob":-1.181,"bolussnooze":0.492,"activity":0.0233,"lastBolusTime":1703150345373,"time":"2023-12-21T10:27:05.935Z"}},{"iob":1.831,"basaliob":-0.367,"bolussnooze":0.4083,"activity":0.028,"lastBolusTime":1703150345373,"time":"2023-12-21T10:32:05.935Z","iobWithZeroTemp":{"iob":1.006,"basaliob":-1.192,"bolussnooze":0.4083,"activity":0.0213,"lastBolusTime":1703150345373,"time":"2023-12-21T10:32:05.935Z"}},{"iob":1.695,"basaliob":-0.337,"bolussnooze":0.3378,"activity":0.0264,"lastBolusTime":1703150345373,"time":"2023-12-21T10:37:05.935Z","iobWithZeroTemp":{"iob":0.83,"basaliob":-1.202,"bolussnooze":0.3378,"activity":0.0191,"lastBolusTime":1703150345373,"time":"2023-12-21T10:37:05.935Z"}},{"iob":1.567,"basaliob":-0.31,"bolussnooze":0.2786,"activity":0.0249,"lastBolusTime":1703150345373,"time":"2023-12-21T10:42:05.935Z","iobWithZeroTemp":{"iob":0.665,"basaliob":-1.212,"bolussnooze":0.2786,"activity":0.0171,"lastBolusTime":1703150345373,"time":"2023-12-21T10:42:05.935Z"}},{"iob":1.447,"basaliob":-0.284,"bolussnooze":0.2291,"activity":0.0233,"lastBolusTime":1703150345373,"time":"2023-12-21T10:47:05.935Z","iobWithZeroTemp":{"iob":0.51,"basaliob":-1.221,"bolussnooze":0.2291,"activity":0.0149,"lastBolusTime":1703150345373,"time":"2023-12-21T10:47:05.935Z"}},{"iob":1.334,"basaliob":-0.26,"bolussnooze":0.1879,"activity":0.0218,"lastBolusTime":1703150345373,"time":"2023-12-21T10:52:05.935Z","iobWithZeroTemp":{"iob":0.365,"basaliob":-1.229,"bolussnooze":0.1879,"activity":0.013,"lastBolusTime":1703150345373,"time":"2023-12-21T10:52:05.935Z"}},{"iob":1.229,"basaliob":-0.238,"bolussnooze":0.1536,"activity":0.0204,"lastBolusTime":1703150345373,"time":"2023-12-21T10:57:05.935Z","iobWithZeroTemp":{"iob":0.231,"basaliob":-1.236,"bolussnooze":0.1536,"activity":0.0111,"lastBolusTime":1703150345373,"time":"2023-12-21T10:57:05.935Z"}},{"iob":1.13,"basaliob":-0.218,"bolussnooze":0.1253,"activity":0.019,"lastBolusTime":1703150345373,"time":"2023-12-21T11:02:05.935Z","iobWithZeroTemp":{"iob":0.104,"basaliob":-1.244,"bolussnooze":0.1253,"activity":0.0093,"lastBolusTime":1703150345373,"time":"2023-12-21T11:02:05.935Z"}},{"iob":1.038,"basaliob":-0.199,"bolussnooze":0.1018,"activity":0.0177,"lastBolusTime":1703150345373,"time":"2023-12-21T11:07:05.935Z","iobWithZeroTemp":{"iob":-0.005,"basaliob":-1.242,"bolussnooze":0.1018,"activity":0.0076,"lastBolusTime":1703150345373,"time":"2023-12-21T11:07:05.935Z"}},{"iob":0.952,"basaliob":-0.182,"bolussnooze":0.0826,"activity":0.0165,"lastBolusTime":1703150345373,"time":"2023-12-21T11:12:05.935Z","iobWithZeroTemp":{"iob":-0.106,"basaliob":-1.24,"bolussnooze":0.0826,"activity":0.006,"lastBolusTime":1703150345373,"time":"2023-12-21T11:12:05.935Z"}},{"iob":0.873,"basaliob":-0.166,"bolussnooze":0.0667,"activity":0.0152,"lastBolusTime":1703150345373,"time":"2023-12-21T11:17:05.935Z","iobWithZeroTemp":{"iob":-0.198,"basaliob":-1.237,"bolussnooze":0.0667,"activity":0.0044,"lastBolusTime":1703150345373,"time":"2023-12-21T11:17:05.935Z"}},{"iob":0.8,"basaliob":-0.151,"bolussnooze":0.0538,"activity":0.0141,"lastBolusTime":1703150345373,"time":"2023-12-21T11:22:05.935Z","iobWithZeroTemp":{"iob":-0.283,"basaliob":-1.234,"bolussnooze":0.0538,"activity":0.003,"lastBolusTime":1703150345373,"time":"2023-12-21T11:22:05.935Z"}},{"iob":0.732,"basaliob":-0.138,"bolussnooze":0.0432,"activity":0.013,"lastBolusTime":1703150345373,"time":"2023-12-21T11:27:05.935Z","iobWithZeroTemp":{"iob":-0.362,"basaliob":-1.232,"bolussnooze":0.0432,"activity":0.0017,"lastBolusTime":1703150345373,"time":"2023-12-21T11:27:05.935Z"}},{"iob":0.67,"basaliob":-0.125,"bolussnooze":0.0346,"activity":0.012,"lastBolusTime":1703150345373,"time":"2023-12-21T11:32:05.935Z","iobWithZeroTemp":{"iob":-0.433,"basaliob":-1.228,"bolussnooze":0.0346,"activity":4.0E-4,"lastBolusTime":1703150345373,"time":"2023-12-21T11:32:05.935Z"}},{"iob":0.611,"basaliob":-0.114,"bolussnooze":0.0276,"activity":0.0111,"lastBolusTime":1703150345373,"time":"2023-12-21T11:37:05.935Z","iobWithZeroTemp":{"iob":-0.501,"basaliob":-1.226,"bolussnooze":0.0276,"activity":-7.0E-4,"lastBolusTime":1703150345373,"time":"2023-12-21T11:37:05.935Z"}},{"iob":0.558,"basaliob":-0.103,"bolussnooze":0.022,"activity":0.0102,"lastBolusTime":1703150345373,"time":"2023-12-21T11:42:05.935Z","iobWithZeroTemp":{"iob":-0.561,"basaliob":-1.222,"bolussnooze":0.022,"activity":-0.0018,"lastBolusTime":1703150345373,"time":"2023-12-21T11:42:05.935Z"}},{"iob":0.509,"basaliob":-0.094,"bolussnooze":0.0174,"activity":0.0094,"lastBolusTime":1703150345373,"time":"2023-12-21T11:47:05.935Z","iobWithZeroTemp":{"iob":-0.617,"basaliob":-1.22,"bolussnooze":0.0174,"activity":-0.0027,"lastBolusTime":1703150345373,"time":"2023-12-21T11:47:05.935Z"}},{"iob":0.464,"basaliob":-0.085,"bolussnooze":0.0137,"activity":0.0086,"lastBolusTime":1703150345373,"time":"2023-12-21T11:52:05.935Z","iobWithZeroTemp":{"iob":-0.668,"basaliob":-1.217,"bolussnooze":0.0137,"activity":-0.0037,"lastBolusTime":1703150345373,"time":"2023-12-21T11:52:05.935Z"}},{"iob":0.422,"basaliob":-0.077,"bolussnooze":0.0108,"activity":0.008,"lastBolusTime":1703150345373,"time":"2023-12-21T11:57:05.935Z","iobWithZeroTemp":{"iob":-0.715,"basaliob":-1.214,"bolussnooze":0.0108,"activity":-0.0044,"lastBolusTime":1703150345373,"time":"2023-12-21T11:57:05.935Z"}},{"iob":0.384,"basaliob":-0.07,"bolussnooze":0.0084,"activity":0.0073,"lastBolusTime":1703150345373,"time":"2023-12-21T12:02:05.935Z","iobWithZeroTemp":{"iob":-0.752,"basaliob":-1.206,"bolussnooze":0.0084,"activity":-0.0051,"lastBolusTime":1703150345373,"time":"2023-12-21T12:02:05.935Z"}},{"iob":0.349,"basaliob":-0.063,"bolussnooze":0.0065,"activity":0.0066,"lastBolusTime":1703150345373,"time":"2023-12-21T12:07:05.935Z","iobWithZeroTemp":{"iob":-0.792,"basaliob":-1.204,"bolussnooze":0.0065,"activity":-0.0059,"lastBolusTime":1703150345373,"time":"2023-12-21T12:07:05.935Z"}},{"iob":0.317,"basaliob":-0.057,"bolussnooze":0.0051,"activity":0.0061,"lastBolusTime":1703150345373,"time":"2023-12-21T12:12:05.935Z","iobWithZeroTemp":{"iob":-0.828,"basaliob":-1.202,"bolussnooze":0.0051,"activity":-0.0065,"lastBolusTime":1703150345373,"time":"2023-12-21T12:12:05.935Z"}},{"iob":0.288,"basaliob":-0.052,"bolussnooze":0.0039,"activity":0.0056,"lastBolusTime":1703150345373,"time":"2023-12-21T12:17:05.935Z","iobWithZeroTemp":{"iob":-0.86,"basaliob":-1.2,"bolussnooze":0.0039,"activity":-0.0071,"lastBolusTime":1703150345373,"time":"2023-12-21T12:17:05.935Z"}},{"iob":0.261,"basaliob":-0.047,"bolussnooze":0.003,"activity":0.0051,"lastBolusTime":1703150345373,"time":"2023-12-21T12:22:05.935Z","iobWithZeroTemp":{"iob":-0.89,"basaliob":-1.198,"bolussnooze":0.003,"activity":-0.0077,"lastBolusTime":1703150345373,"time":"2023-12-21T12:22:05.935Z"}},{"iob":0.237,"basaliob":-0.042,"bolussnooze":0.0022,"activity":0.0046,"lastBolusTime":1703150345373,"time":"2023-12-21T12:27:05.935Z","iobWithZeroTemp":{"iob":-0.917,"basaliob":-1.196,"bolussnooze":0.0022,"activity":-0.0082,"lastBolusTime":1703150345373,"time":"2023-12-21T12:27:05.935Z"}},{"iob":0.214,"basaliob":-0.038,"bolussnooze":0.0017,"activity":0.0042,"lastBolusTime":1703150345373,"time":"2023-12-21T12:32:05.935Z","iobWithZeroTemp":{"iob":-0.942,"basaliob":-1.194,"bolussnooze":0.0017,"activity":-0.0087,"lastBolusTime":1703150345373,"time":"2023-12-21T12:32:05.935Z"}},{"iob":0.194,"basaliob":-0.034,"bolussnooze":0.0012,"activity":0.0039,"lastBolusTime":1703150345373,"time":"2023-12-21T12:37:05.935Z","iobWithZeroTemp":{"iob":-0.964,"basaliob":-1.192,"bolussnooze":0.0012,"activity":-0.0091,"lastBolusTime":1703150345373,"time":"2023-12-21T12:37:05.935Z"}},{"iob":0.175,"basaliob":-0.031,"bolussnooze":9.0E-4,"activity":0.0036,"lastBolusTime":1703150345373,"time":"2023-12-21T12:42:05.935Z","iobWithZeroTemp":{"iob":-0.985,"basaliob":-1.191,"bolussnooze":9.0E-4,"activity":-0.0094,"lastBolusTime":1703150345373,"time":"2023-12-21T12:42:05.935Z"}},{"iob":0.158,"basaliob":-0.028,"bolussnooze":7.0E-4,"activity":0.0032,"lastBolusTime":1703150345373,"time":"2023-12-21T12:47:05.935Z","iobWithZeroTemp":{"iob":-1.004,"basaliob":-1.19,"bolussnooze":7.0E-4,"activity":-0.0098,"lastBolusTime":1703150345373,"time":"2023-12-21T12:47:05.935Z"}},{"iob":0.143,"basaliob":-0.025,"bolussnooze":5.0E-4,"activity":0.003,"lastBolusTime":1703150345373,"time":"2023-12-21T12:52:05.935Z","iobWithZeroTemp":{"iob":-1.02,"basaliob":-1.188,"bolussnooze":5.0E-4,"activity":-0.0101,"lastBolusTime":1703150345373,"time":"2023-12-21T12:52:05.935Z"}},{"iob":0.13,"basaliob":-0.022,"bolussnooze":3.0E-4,"activity":0.0026,"lastBolusTime":1703150345373,"time":"2023-12-21T12:57:05.935Z","iobWithZeroTemp":{"iob":-1.034,"basaliob":-1.186,"bolussnooze":3.0E-4,"activity":-0.0105,"lastBolusTime":1703150345373,"time":"2023-12-21T12:57:05.935Z"}},{"iob":0.117,"basaliob":-0.02,"bolussnooze":2.0E-4,"activity":0.0025,"lastBolusTime":1703150345373,"time":"2023-12-21T13:02:05.935Z","iobWithZeroTemp":{"iob":-1.048,"basaliob":-1.185,"bolussnooze":2.0E-4,"activity":-0.0106,"lastBolusTime":1703150345373,"time":"2023-12-21T13:02:05.935Z"}},{"iob":0.105,"basaliob":-0.018,"bolussnooze":1.0E-4,"activity":0.0022,"lastBolusTime":1703150345373,"time":"2023-12-21T13:07:05.935Z","iobWithZeroTemp":{"iob":-1.053,"basaliob":-1.176,"bolussnooze":1.0E-4,"activity":-0.0109,"lastBolusTime":1703150345373,"time":"2023-12-21T13:07:05.935Z"}},{"iob":0.095,"basaliob":-0.016,"bolussnooze":1.0E-4,"activity":0.0019,"lastBolusTime":1703150345373,"time":"2023-12-21T13:12:05.935Z","iobWithZeroTemp":{"iob":-1.056,"basaliob":-1.167,"bolussnooze":1.0E-4,"activity":-0.0112,"lastBolusTime":1703150345373,"time":"2023-12-21T13:12:05.935Z"}},{"iob":0.086,"basaliob":-0.014,"bolussnooze":1.0E-4,"activity":0.0018,"lastBolusTime":1703150345373,"time":"2023-12-21T13:17:05.935Z","iobWithZeroTemp":{"iob":-1.057,"basaliob":-1.157,"bolussnooze":1.0E-4,"activity":-0.0113,"lastBolusTime":1703150345373,"time":"2023-12-21T13:17:05.935Z"}},{"iob":0.077,"basaliob":-0.013,"bolussnooze":0,"activity":0.0016,"lastBolusTime":1703150345373,"time":"2023-12-21T13:22:05.935Z","iobWithZeroTemp":{"iob":-1.059,"basaliob":-1.149,"bolussnooze":0,"activity":-0.0115,"lastBolusTime":1703150345373,"time":"2023-12-21T13:22:05.935Z"}}],"profile":{"max_iob":20,"type":"current","max_daily_basal":1.6,"max_basal":4,"min_bg":81,"max_bg":81,"target_bg":81,"carb_ratio":6,"sens":81,"max_daily_safety_multiplier":3,"current_basal_safety_multiplier":4,"high_temptarget_raises_sensitivity":false,"low_temptarget_lowers_sensitivity":false,"sensitivity_raises_target":false,"resistance_lowers_target":false,"adv_target_adjustments":false,"exercise_mode":false,"half_basal_exercise_target":160,"maxCOB":120,"skip_neutral_temps":false,"remainingCarbsCap":90,"enableUAM":true,"A52_risk_enable":false,"SMBInterval":3,"enableSMB_with_COB":false,"enableSMB_with_temptarget":false,"allowSMB_with_high_temptarget":true,"enableSMB_always":true,"enableSMB_after_carbs":false,"maxSMBBasalMinutes":120,"maxUAMSMBBasalMinutes":120,"bolus_increment":0.05,"carbsReqThreshold":1,"current_basal":1,"temptargetSet":true,"autosens_max":1.8,"out_units":"mmol\/L"},"autosens_data":{"ratio":1},"meal_data":{"carbs":20,"mealCOB":11.743129629629632,"slopeFromMaxDeviation":-0.25900000000000034,"slopeFromMinDeviation":1.855181818181818,"lastBolusTime":1703150345373,"lastCarbTime":1703147012000},"microBolusAllowed":true,"currentTime":1703150828298,"flatBGsDetected":false},"output":{"temp":"absolute","bg":113,"tick":"+1","eventualBG":39,"targetBG":81,"insulinReq":0,"deliverAt":"2023-12-21T09:27:08.298Z","sensitivityRatio":1,"predBGs":{"IOB":[113,113,110,106,100,93,84,75,65,54,43,39,39],"ZT":[113,100,86,71,56,42,39,39,39,39,39,39,39,39,39,39,39,39,39,39,39,39,39,39,39,39,39,39,39,39,39,39,39,39,39,39,39,39,39,39,39,39,39,39,39,39,39,39],"COB":[113,113,112,109,105,101,96,91,85,79,73,67,61,55,49,43,39],"UAM":[113,113,112,109,105,101,96,90,85,79,73,66,60,54,48,42,39]},"COB":11.743129629629632,"IOB":4.082,"reason":"COB: 11.7, Dev: 4.7, BGI: -0.7, ISF: 4.5, CR: 6, Target: 4.5, minPredBG -3.8, minGuardBG -3.7, IOBpredBG 2.2, COBpredBG 2.2, UAMpredBG 2.2; minGuardBG -3.7<3.4","duration":120,"rate":0,"timestamp":"2023-12-21T09:27:08.393Z"}}