{"algorithm":"OpenAPSSMBPlugin","input":{"glucoseStatus":{"glucose":66,"noise":0,"delta":6,"short_avgdelta":3.61,"long_avgdelta":0.7,"date":1703156505126},"currenttemp":{"temp":"absolute","duration":56,"rate":0,"minutesrunning":64},"iob_data":[{"iob":0.1,"basaliob":-1.249,"bolussnooze":0.1255,"activity":0.0091,"lastBolusTime":1703150345373,"time":"2023-12-21T11:02:03.148Z","iobWithZeroTemp":{"iob":0.1,"basaliob":-1.249,"bolussnooze":0.1255,"activity":0.0091,"lastBolusTime":1703150345373,"time":"2023-12-21T11:02:03.148Z"}},{"iob":0.058,"basaliob":-1.18,"bolussnooze":0.102,"activity":0.0075,"lastBolusTime":1703150345373,"time":"2023-12-21T11:07:03.148Z","iobWithZeroTemp":{"iob":0.005,"basaliob":-1.233,"bolussnooze":0.102,"activity":0.0074,"lastBolusTime":1703150345373,"time":"2023-12-21T11:07:03.148Z"}},{"iob":0.023,"basaliob":-1.112,"bolussnooze":0.0827,"activity":0.0062,"lastBolusTime":1703150345373,"time":"2023-12-21T11:12:03.148Z","iobWithZeroTemp":{"iob":-0.096,"basaliob":-1.231,"bolussnooze":0.0827,"activity":0.006,"lastBolusTime":1703150345373,"time":"2023-12-21T11:12:03.148Z"}},{"iob":-0.004,"basaliob":-1.044,"bolussnooze":0.0669,"activity":0.0049,"lastBolusTime":1703150345373,"time":"2023-12-21T11:17:03.148Z","iobWithZeroTemp":{"iob":-0.188,"basaliob":-1.228,"bolussnooze":0.0669,"activity":0.0044,"lastBolusTime":1703150345373,"time":"2023-12-21T11:17:03.148Z"}},{"iob":-0.026,"basaliob":-0.978,"bolussnooze":0.0539,"activity":0.004,"lastBolusTime":1703150345373,"time":"2023-12-21T11:22:03.148Z","iobWithZeroTemp":{"iob":-0.273,"basaliob":-1.225,"bolussnooze":0.0539,"activity":0.0031,"lastBolusTime":1703150345373,"time":"2023-12-21T11:22:03.148Z"}},{"iob":-0.044,"basaliob":-0.914,"bolussnooze":0.0433,"activity":0.0031,"lastBolusTime":1703150345373,"time":"2023-12-21T11:27:03.148Z","iobWithZeroTemp":{"iob":-0.352,"basaliob":-1.222,"bolussnooze":0.0433,"activity":0.0017,"lastBolusTime":1703150345373,"time":"2023-12-21T11:27:03.148Z"}},{"iob":-0.058,"basaliob":-0.853,"bolussnooze":0.0347,"activity":0.0023,"lastBolusTime":1703150345373,"time":"2023-12-21T11:32:03.148Z","iobWithZeroTemp":{"iob":-0.425,"basaliob":-1.22,"bolussnooze":0.0347,"activity":4.0E-4,"lastBolusTime":1703150345373,"time":"2023-12-21T11:32:03.148Z"}},{"iob":-0.068,"basaliob":-0.794,"bolussnooze":0.0277,"activity":0.0018,"lastBolusTime":1703150345373,"time":"2023-12-21T11:37:03.148Z","iobWithZeroTemp":{"iob":-0.491,"basaliob":-1.217,"bolussnooze":0.0277,"activity":-6.0E-4,"lastBolusTime":1703150345373,"time":"2023-12-21T11:37:03.148Z"}},{"iob":-0.075,"basaliob":-0.737,"bolussnooze":0.022,"activity":0.0012,"lastBolusTime":1703150345373,"time":"2023-12-21T11:42:03.148Z","iobWithZeroTemp":{"iob":-0.551,"basaliob":-1.213,"bolussnooze":0.022,"activity":-0.0017,"lastBolusTime":1703150345373,"time":"2023-12-21T11:42:03.148Z"}},{"iob":-0.081,"basaliob":-0.684,"bolussnooze":0.0174,"activity":9.0E-4,"lastBolusTime":1703150345373,"time":"2023-12-21T11:47:03.148Z","iobWithZeroTemp":{"iob":-0.608,"basaliob":-1.211,"bolussnooze":0.0174,"activity":-0.0026,"lastBolusTime":1703150345373,"time":"2023-12-21T11:47:03.148Z"}},{"iob":-0.084,"basaliob":-0.633,"bolussnooze":0.0138,"activity":5.0E-4,"lastBolusTime":1703150345373,"time":"2023-12-21T11:52:03.148Z","iobWithZeroTemp":{"iob":-0.659,"basaliob":-1.208,"bolussnooze":0.0138,"activity":-0.0035,"lastBolusTime":1703150345373,"time":"2023-12-21T11:52:03.148Z"}},{"iob":-0.086,"basaliob":-0.586,"bolussnooze":0.0108,"activity":2.0E-4,"lastBolusTime":1703150345373,"time":"2023-12-21T11:57:03.148Z","iobWithZeroTemp":{"iob":-0.706,"basaliob":-1.206,"bolussnooze":0.0108,"activity":-0.0044,"lastBolusTime":1703150345373,"time":"2023-12-21T11:57:03.148Z"}},{"iob":-0.087,"basaliob":-0.541,"bolussnooze":0.0084,"activity":0,"lastBolusTime":1703150345373,"time":"2023-12-21T12:02:03.148Z","iobWithZeroTemp":{"iob":-0.75,"basaliob":-1.204,"bolussnooze":0.0084,"activity":-0.0051,"lastBolusTime":1703150345373,"time":"2023-12-21T12:02:03.148Z"}},{"iob":-0.086,"basaliob":-0.499,"bolussnooze":0.0066,"activity":-1.0E-4,"lastBolusTime":1703150345373,"time":"2023-12-21T12:07:03.148Z","iobWithZeroTemp":{"iob":-0.789,"basaliob":-1.202,"bolussnooze":0.0066,"activity":-0.0057,"lastBolusTime":1703150345373,"time":"2023-12-21T12:07:03.148Z"}},{"iob":-0.084,"basaliob":-0.459,"bolussnooze":0.0051,"activity":-3.0E-4,"lastBolusTime":1703150345373,"time":"2023-12-21T12:12:03.148Z","iobWithZeroTemp":{"iob":-0.824,"basaliob":-1.199,"bolussnooze":0.0051,"activity":-0.0064,"lastBolusTime":1703150345373,"time":"2023-12-21T12:12:03.148Z"}},{"iob":-0.083,"basaliob":-0.423,"bolussnooze":0.0039,"activity":-5.0E-4,"lastBolusTime":1703150345373,"time":"2023-12-21T12:17:03.148Z","iobWithZeroTemp":{"iob":-0.858,"basaliob":-1.198,"bolussnooze":0.0039,"activity":-0.0071,"lastBolusTime":1703150345373,"time":"2023-12-21T12:17:03.148Z"}},{"iob":-0.08,"basaliob":-0.388,"bolussnooze":0.003,"activity":-5.0E-4,"lastBolusTime":1703150345373,"time":"2023-12-21T12:22:03.148Z","iobWithZeroTemp":{"iob":-0.887,"basaliob":-1.195,"bolussnooze":0.003,"activity":-0.0076,"lastBolusTime":1703150345373,"time":"2023-12-21T12:22:03.148Z"}},{"iob":-0.077,"basaliob":-0.356,"bolussnooze":0.0022,"activity":-6.0E-4,"lastBolusTime":1703150345373,"time":"2023-12-21T12:27:03.148Z","iobWithZeroTemp":{"iob":-0.914,"basaliob":-1.193,"bolussnooze":0.0022,"activity":-0.0081,"lastBolusTime":1703150345373,"time":"2023-12-21T12:27:03.148Z"}},{"iob":-0.074,"basaliob":-0.327,"bolussnooze":0.0017,"activity":-6.0E-4,"lastBolusTime":1703150345373,"time":"2023-12-21T12:32:03.148Z","iobWithZeroTemp":{"iob":-0.939,"basaliob":-1.192,"bolussnooze":0.0017,"activity":-0.0086,"lastBolusTime":1703150345373,"time":"2023-12-21T12:32:03.148Z"}},{"iob":-0.07,"basaliob":-0.299,"bolussnooze":0.0012,"activity":-7.0E-4,"lastBolusTime":1703150345373,"time":"2023-12-21T12:37:03.148Z","iobWithZeroTemp":{"iob":-0.961,"basaliob":-1.19,"bolussnooze":0.0012,"activity":-0.0091,"lastBolusTime":1703150345373,"time":"2023-12-21T12:37:03.148Z"}},{"iob":-0.067,"basaliob":-0.274,"bolussnooze":9.0E-4,"activity":-7.0E-4,"lastBolusTime":1703150345373,"time":"2023-12-21T12:42:03.148Z","iobWithZeroTemp":{"iob":-0.982,"basaliob":-1.189,"bolussnooze":9.0E-4,"activity":-0.0094,"lastBolusTime":1703150345373,"time":"2023-12-21T12:42:03.148Z"}},{"iob":-0.063,"basaliob":-0.25,"bolussnooze":7.0E-4,"activity":-7.0E-4,"lastBolusTime":1703150345373,"time":"2023-12-21T12:47:03.148Z","iobWithZeroTemp":{"iob":-1,"basaliob":-1.187,"bolussnooze":7.0E-4,"activity":-0.0098,"lastBolusTime":1703150345373,"time":"2023-12-21T12:47:03.148Z"}},{"iob":-0.061,"basaliob":-0.229,"bolussnooze":5.0E-4,"activity":-7.0E-4,"lastBolusTime":1703150345373,"time":"2023-12-21T12:52:03.148Z","iobWithZeroTemp":{"iob":-1.018,"basaliob":-1.186,"bolussnooze":5.0E-4,"activity":-0.0101,"lastBolusTime":1703150345373,"time":"2023-12-21T12:52:03.148Z"}},{"iob":-0.057,"basaliob":-0.209,"bolussnooze":3.0E-4,"activity":-7.0E-4,"lastBolusTime":1703150345373,"time":"2023-12-21T12:57:03.148Z","iobWithZeroTemp":{"iob":-1.033,"basaliob":-1.185,"bolussnooze":3.0E-4,"activity":-0.0104,"lastBolusTime":1703150345373,"time":"2023-12-21T12:57:03.148Z"}},{"iob":-0.053,"basaliob":-0.19,"bolussnooze":2.0E-4,"activity":-6.0E-4,"lastBolusTime":1703150345373,"time":"2023-12-21T13:02:03.148Z","iobWithZeroTemp":{"iob":-1.047,"basaliob":-1.184,"bolussnooze":2.0E-4,"activity":-0.0106,"lastBolusTime":1703150345373,"time":"2023-12-21T13:02:03.148Z"}},{"iob":-0.05,"basaliob":-0.173,"bolussnooze":1.0E-4,"activity":-6.0E-4,"lastBolusTime":1703150345373,"time":"2023-12-21T13:07:03.148Z","iobWithZeroTemp":{"iob":-1.051,"basaliob":-1.174,"bolussnooze":1.0E-4,"activity":-0.0109,"lastBolusTime":1703150345373,"time":"2023-12-21T13:07:03.148Z"}},{"iob":-0.047,"basaliob":-0.158,"bolussnooze":1.0E-4,"activity":-7.0E-4,"lastBolusTime":1703150345373,"time":"2023-12-21T13:12:03.148Z","iobWithZeroTemp":{"iob":-1.055,"basaliob":-1.166,"bolussnooze":1.0E-4,"activity":-0.0112,"lastBolusTime":1703150345373,"time":"2023-12-21T13:12:03.148Z"}},{"iob":-0.044,"basaliob":-0.144,"bolussnooze":1.0E-4,"activity":-6.0E-4,"lastBolusTime":1703150345373,"time":"2023-12-21T13:17:03.148Z","iobWithZeroTemp":{"iob":-1.057,"basaliob":-1.157,"bolussnooze":1.0E-4,"activity":-0.0113,"lastBolusTime":1703150345373,"time":"2023-12-21T13:17:03.148Z"}},{"iob":-0.041,"basaliob":-0.131,"bolussnooze":0,"activity":-6.0E-4,"lastBolusTime":1703150345373,"time":"2023-12-21T13:22:03.148Z","iobWithZeroTemp":{"iob":-1.059,"basaliob":-1.149,"bolussnooze":0,"activity":-0.0115,"lastBolusTime":1703150345373,"time":"2023-12-21T13:22:03.148Z"}},{"iob":-0.038,"basaliob":-0.119,"bolussnooze":0,"activity":-6.0E-4,"lastBolusTime":1703150345373,"time":"2023-12-21T13:27:03.148Z","iobWithZeroTemp":{"iob":-1.059,"basaliob":-1.14,"bolussnooze":0,"activity":-0.0116,"lastBolusTime":1703150345373,"time":"2023-12-21T13:27:03.148Z"}},{"iob":-0.036,"basaliob":-0.108,"bolussnooze":0,"activity":-5.0E-4,"lastBolusTime":1703150345373,"time":"2023-12-21T13:32:03.148Z","iobWithZeroTemp":{"iob":-1.06,"basaliob":-1.132,"bolussnooze":0,"activity":-0.0116,"lastBolusTime":1703150345373,"time":"2023-12-21T13:32:03.148Z"}},{"iob":-0.033,"basaliob":-0.098,"bolussnooze":0,"activity":-5.0E-4,"lastBolusTime":1703150345373,"time":"2023-12-21T13:37:03.148Z","iobWithZeroTemp":{"iob":-1.06,"basaliob":-1.125,"bolussnooze":0,"activity":-0.0117,"lastBolusTime":1703150345373,"time":"2023-12-21T13:37:03.148Z"}},{"iob":-0.03,"basaliob":-0.088,"bolussnooze":0,"activity":-4.0E-4,"lastBolusTime":1703150345373,"time":"2023-12-21T13:42:03.148Z","iobWithZeroTemp":{"iob":-1.059,"basaliob":-1.117,"bolussnooze":0,"activity":-0.0117,"lastBolusTime":1703150345373,"time":"2023-12-21T13:42:03.148Z"}},{"iob":-0.028,"basaliob":-0.08,"bolussnooze":0,"activity":-4.0E-4,"lastBolusTime":1703150345373,"time":"2023-12-21T13:47:03.148Z","iobWithZeroTemp":{"iob":-1.058,"basaliob":-1.11,"bolussnooze":0,"activity":-0.0118,"lastBolusTime":1703150345373,"time":"2023-12-21T13:47:03.148Z"}},{"iob":-0.026,"basaliob":-0.073,"bolussnooze":0,"activity":-5.0E-4,"lastBolusTime":1703150345373,"time":"2023-12-21T13:52:03.148Z","iobWithZeroTemp":{"iob":-1.058,"basaliob":-1.105,"bolussnooze":0,"activity":-0.012,"lastBolusTime":1703150345373,"time":"2023-12-21T13:52:03.148Z"}},{"iob":-0.024,"basaliob":-0.066,"bolussnooze":0,"activity":-4.0E-4,"lastBolusTime":1703150345373,"time":"2023-12-21T13:57:03.148Z","iobWithZeroTemp":{"iob":-1.057,"basaliob":-1.099,"bolussnooze":0,"activity":-0.0119,"lastBolusTime":1703150345373,"time":"2023-12-21T13:57:03.148Z"}},{"iob":-0.022,"basaliob":-0.059,"bolussnooze":0,"activity":-4.0E-4,"lastBolusTime":1703150345373,"time":"2023-12-21T14:02:03.148Z","iobWithZeroTemp":{"iob":-1.055,"basaliob":-1.092,"bolussnooze":0,"activity":-0.012,"lastBolusTime":1703150345373,"time":"2023-12-21T14:02:03.148Z"}},{"iob":-0.021,"basaliob":-0.054,"bolussnooze":0,"activity":-3.0E-4,"lastBolusTime":1703150345373,"time":"2023-12-21T14:07:03.148Z","iobWithZeroTemp":{"iob":-1.055,"basaliob":-1.088,"bolussnooze":0,"activity":-0.0119,"lastBolusTime":1703150345373,"time":"2023-12-21T14:07:03.148Z"}},{"iob":-0.018,"basaliob":-0.048,"bolussnooze":0,"activity":-3.0E-4,"lastBolusTime":1703150345373,"time":"2023-12-21T14:12:03.148Z","iobWithZeroTemp":{"iob":-1.052,"basaliob":-1.082,"bolussnooze":0,"activity":-0.0119,"lastBolusTime":1703150345373,"time":"2023-12-21T14:12:03.148Z"}},{"iob":-0.018,"basaliob":-0.044,"bolussnooze":0,"activity":-3.0E-4,"lastBolusTime":1703150345373,"time":"2023-12-21T14:17:03.148Z","iobWithZeroTemp":{"iob":-1.052,"basaliob":-1.078,"bolussnooze":0,"activity":-0.012,"lastBolusTime":1703150345373,"time":"2023-12-21T14:17:03.148Z"}},{"iob":-0.016,"basaliob":-0.039,"bolussnooze":0,"activity":-2.0E-4,"lastBolusTime":1703150345373,"time":"2023-12-21T14:22:03.148Z","iobWithZeroTemp":{"iob":-1.05,"basaliob":-1.073,"bolussnooze":0,"activity":-0.0119,"lastBolusTime":1703150345373,"time":"2023-12-21T14:22:03.148Z"}},{"iob":-0.014,"basaliob":-0.035,"bolussnooze":0,"activity":-2.0E-4,"lastBolusTime":1703150345373,"time":"2023-12-21T14:27:03.148Z","iobWithZeroTemp":{"iob":-1.048,"basaliob":-1.069,"bolussnooze":0,"activity":-0.0119,"lastBolusTime":1703150345373,"time":"2023-12-21T14:27:03.148Z"}},{"iob":-0.013,"basaliob":-0.032,"bolussnooze":0,"activity":-3.0E-4,"lastBolusTime":1703150345373,"time":"2023-12-21T14:32:03.148Z","iobWithZeroTemp":{"iob":-1.044,"basaliob":-1.063,"bolussnooze":0,"activity":-0.012,"lastBolusTime":1703150345373,"time":"2023-12-21T14:32:03.148Z"}},{"iob":-0.013,"basaliob":-0.029,"bolussnooze":0,"activity":-2.0E-4,"lastBolusTime":1703150345373,"time":"2023-12-21T14:37:03.148Z","iobWithZeroTemp":{"iob":-1.044,"basaliob":-1.06,"bolussnooze":0,"activity":-0.0119,"lastBolusTime":1703150345373,"time":"2023-12-21T14:37:03.148Z"}},{"iob":-0.011,"basaliob":-0.026,"bolussnooze":0,"activity":-1.0E-4,"lastBolusTime":1703150345373,"time":"2023-12-21T14:42:03.148Z","iobWithZeroTemp":{"iob":-1.042,"basaliob":-1.057,"bolussnooze":0,"activity":-0.0118,"lastBolusTime":1703150345373,"time":"2023-12-21T14:42:03.148Z"}},{"iob":-0.01,"basaliob":-0.023,"bolussnooze":0,"activity":-2.0E-4,"lastBolusTime":1703150345373,"time":"2023-12-21T14:47:03.148Z","iobWithZeroTemp":{"iob":-1.041,"basaliob":-1.054,"bolussnooze":0,"activity":-0.0119,"lastBolusTime":1703150345373,"time":"2023-12-21T14:47:03.148Z"}},{"iob":-0.01,"basaliob":-0.021,"bolussnooze":0,"activity":-1.0E-4,"lastBolusTime":1703150345373,"time":"2023-12-21T14:52:03.148Z","iobWithZeroTemp":{"iob":-1.041,"basaliob":-1.052,"bolussnooze":0,"activity":-0.0118,"lastBolusTime":1703150345373,"time":"2023-12-21T14:52:03.148Z"}},{"iob":-0.009,"basaliob":-0.019,"bolussnooze":0,"activity":-1.0E-4,"lastBolusTime":1703150345373,"time":"2023-12-21T14:57:03.148Z","iobWithZeroTemp":{"iob":-1.039,"basaliob":-1.049,"bolussnooze":0,"activity":-0.0118,"lastBolusTime":1703150345373,"time":"2023-12-21T14:57:03.148Z"}}],"profile":{"max_iob":20,"type":"current","max_daily_basal":1.6,"max_basal":3.2,"min_bg":90,"max_bg":90,"target_bg":90,"carb_ratio":8,"sens":108,"max_daily_safety_multiplier":3,"current_basal_safety_multiplier":4,"high_temptarget_raises_sensitivity":false,"low_temptarget_lowers_sensitivity":false,"sensitivity_raises_target":false,"resistance_lowers_target":false,"adv_target_adjustments":false,"exercise_mode":false,"half_basal_exercise_target":160,"maxCOB":120,"skip_neutral_temps":false,"remainingCarbsCap":90,"enableUAM":true,"A52_risk_enable":false,"SMBInterval":3,"enableSMB_with_COB":false,"enableSMB_with_temptarget":false,"allowSMB_with_high_temptarget":true,"enableSMB_always":true,"enableSMB_after_carbs":false,"maxSMBBasalMinutes":120,"maxUAMSMBBasalMinutes":120,"bolus_increment":0.05,"carbsReqThreshold":1,"current_basal":0.8,"temptargetSet":false,"autosens_max":1.8,"out_units":"mmol\/L"},"autosens_data":{"ratio":1},"meal_data":{"carbs":30,"mealCOB":8.885277777777784,"slopeFromMaxDeviation":-0.6103333333333334,"slopeFromMinDeviation":0,"lastBolusTime":1703150345373,"lastCarbTime":1703154952000},"microBolusAllowed":true,"currentTime":1703156524131,"flatBGsDetected":false},"output":{"temp":"absolute","bg":66,"tick":"+6","eventualBG":167,"targetBG":90,"insulinReq":0.32,"deliverAt":"2023-12-21T11:02:04.131Z","sensitivityRatio":1,"predBGs":{"IOB":[66,69,72,75,78,81,83,86,88,89,90,90,90,90,90,90,91,91,91,92,92,92,93,93,94,94,94,95,95,95,95,96,96,96,96,97,97,97,97,98],"ZT":[66,61,57,54,51,50,49,49,49,50,51,53,56,58,61,65,69,73,77,82,87],"COB":[66,69,73,77,82,87,92,97,102,107,112,117,122,127,131,135,139,143,146,149,152,155,157,159,160,162,163,163,164,164,164,165,165,165,165,166,166,166,166,166,167],"UAM":[66,69,72,76,79,82,85,88,91,93,95,97,98,98,99,99,99,99,100,100,100,101,101,101,102,102,102,103,103,103,104,104,104,104,105,105,105,105,106,106,106,106,106,106,106,106,107]},"COB":8.885277777777784,"IOB":0.1,"reason":"COB: 8.9, Dev: 2.8, BGI: -0.3, ISF: 6.0, CR: 8, Target: 5.0, minPredBG 6.9, minGuardBG 3.8, IOBpredBG 5.4, COBpredBG 9.3, UAMpredBG 5.9; Eventual BG 9.3 >= 5.0,  insulinReq 0.32; setting 30m low temp of 0.32U\/h. Microbolusing 0.15U. ","units":0.15,"rate":0.32,"duration":30,"timestamp":"2023-12-21T11:02:04.194Z"}}