{"algorithm":"OpenAPSSMBPlugin","input":{"glucoseStatus":{"glucose":87,"noise":0,"delta":3,"short_avgdelta":3,"long_avgdelta":2.85,"date":1703064101036},"currenttemp":{"temp":"absolute","duration":25,"rate":0.35,"minutesrunning":5},"iob_data":[{"iob":0.359,"basaliob":-1.213,"bolussnooze":0,"activity":0.0016,"lastBolusTime":1703063829430,"time":"2023-12-20T09:22:02.123Z","iobWithZeroTemp":{"iob":0.359,"basaliob":-1.213,"bolussnooze":0,"activity":0.0016,"lastBolusTime":1703063829430,"time":"2023-12-20T09:22:02.123Z"}},{"iob":0.349,"basaliob":-1.144,"bolussnooze":0,"activity":0.0021,"lastBolusTime":1703063829430,"time":"2023-12-20T09:27:02.123Z","iobWithZeroTemp":{"iob":0.282,"basaliob":-1.211,"bolussnooze":0,"activity":0.002,"lastBolusTime":1703063829430,"time":"2023-12-20T09:27:02.123Z"}},{"iob":0.339,"basaliob":-1.075,"bolussnooze":0,"activity":0.0024,"lastBolusTime":1703063829430,"time":"2023-12-20T09:32:02.123Z","iobWithZeroTemp":{"iob":0.19,"basaliob":-1.224,"bolussnooze":0,"activity":0.0021,"lastBolusTime":1703063829430,"time":"2023-12-20T09:32:02.123Z"}},{"iob":0.326,"basaliob":-1.008,"bolussnooze":0,"activity":0.0027,"lastBolusTime":1703063829430,"time":"2023-12-20T09:37:02.123Z","iobWithZeroTemp":{"iob":0.096,"basaliob":-1.238,"bolussnooze":0,"activity":0.002,"lastBolusTime":1703063829430,"time":"2023-12-20T09:37:02.123Z"}},{"iob":0.312,"basaliob":-0.943,"bolussnooze":0,"activity":0.0029,"lastBolusTime":1703063829430,"time":"2023-12-20T09:42:02.123Z","iobWithZeroTemp":{"iob":0.003,"basaliob":-1.252,"bolussnooze":0,"activity":0.0018,"lastBolusTime":1703063829430,"time":"2023-12-20T09:42:02.123Z"}},{"iob":0.297,"basaliob":-0.88,"bolussnooze":0,"activity":0.003,"lastBolusTime":1703063829430,"time":"2023-12-20T09:47:02.123Z","iobWithZeroTemp":{"iob":-0.088,"basaliob":-1.265,"bolussnooze":0,"activity":0.0013,"lastBolusTime":1703063829430,"time":"2023-12-20T09:47:02.123Z"}},{"iob":0.282,"basaliob":-0.82,"bolussnooze":0,"activity":0.003,"lastBolusTime":1703063829430,"time":"2023-12-20T09:52:02.123Z","iobWithZeroTemp":{"iob":-0.177,"basaliob":-1.279,"bolussnooze":0,"activity":7.0E-4,"lastBolusTime":1703063829430,"time":"2023-12-20T09:52:02.123Z"}},{"iob":0.267,"basaliob":-0.762,"bolussnooze":0,"activity":0.0031,"lastBolusTime":1703063829430,"time":"2023-12-20T09:57:02.123Z","iobWithZeroTemp":{"iob":-0.262,"basaliob":-1.291,"bolussnooze":0,"activity":1.0E-4,"lastBolusTime":1703063829430,"time":"2023-12-20T09:57:02.123Z"}},{"iob":0.252,"basaliob":-0.707,"bolussnooze":0,"activity":0.003,"lastBolusTime":1703063829430,"time":"2023-12-20T10:02:02.123Z","iobWithZeroTemp":{"iob":-0.344,"basaliob":-1.303,"bolussnooze":0,"activity":-6.0E-4,"lastBolusTime":1703063829430,"time":"2023-12-20T10:02:02.123Z"}},{"iob":0.237,"basaliob":-0.655,"bolussnooze":0,"activity":0.003,"lastBolusTime":1703063829430,"time":"2023-12-20T10:07:02.123Z","iobWithZeroTemp":{"iob":-0.414,"basaliob":-1.306,"bolussnooze":0,"activity":-0.0013,"lastBolusTime":1703063829430,"time":"2023-12-20T10:07:02.123Z"}},{"iob":0.222,"basaliob":-0.606,"bolussnooze":0,"activity":0.0029,"lastBolusTime":1703063829430,"time":"2023-12-20T10:12:02.123Z","iobWithZeroTemp":{"iob":-0.481,"basaliob":-1.309,"bolussnooze":0,"activity":-0.0021,"lastBolusTime":1703063829430,"time":"2023-12-20T10:12:02.123Z"}},{"iob":0.208,"basaliob":-0.56,"bolussnooze":0,"activity":0.0028,"lastBolusTime":1703063829430,"time":"2023-12-20T10:17:02.123Z","iobWithZeroTemp":{"iob":-0.543,"basaliob":-1.311,"bolussnooze":0,"activity":-0.0028,"lastBolusTime":1703063829430,"time":"2023-12-20T10:17:02.123Z"}},{"iob":0.194,"basaliob":-0.517,"bolussnooze":0,"activity":0.0027,"lastBolusTime":1703063829430,"time":"2023-12-20T10:22:02.123Z","iobWithZeroTemp":{"iob":-0.603,"basaliob":-1.314,"bolussnooze":0,"activity":-0.0036,"lastBolusTime":1703063829430,"time":"2023-12-20T10:22:02.123Z"}},{"iob":0.181,"basaliob":-0.476,"bolussnooze":0,"activity":0.0026,"lastBolusTime":1703063829430,"time":"2023-12-20T10:27:02.123Z","iobWithZeroTemp":{"iob":-0.658,"basaliob":-1.315,"bolussnooze":0,"activity":-0.0043,"lastBolusTime":1703063829430,"time":"2023-12-20T10:27:02.123Z"}},{"iob":0.168,"basaliob":-0.438,"bolussnooze":0,"activity":0.0025,"lastBolusTime":1703063829430,"time":"2023-12-20T10:32:02.123Z","iobWithZeroTemp":{"iob":-0.703,"basaliob":-1.309,"bolussnooze":0,"activity":-0.0049,"lastBolusTime":1703063829430,"time":"2023-12-20T10:32:02.123Z"}},{"iob":0.156,"basaliob":-0.403,"bolussnooze":0,"activity":0.0024,"lastBolusTime":1703063829430,"time":"2023-12-20T10:37:02.123Z","iobWithZeroTemp":{"iob":-0.752,"basaliob":-1.311,"bolussnooze":0,"activity":-0.0055,"lastBolusTime":1703063829430,"time":"2023-12-20T10:37:02.123Z"}},{"iob":0.144,"basaliob":-0.37,"bolussnooze":0,"activity":0.0022,"lastBolusTime":1703063829430,"time":"2023-12-20T10:42:02.123Z","iobWithZeroTemp":{"iob":-0.798,"basaliob":-1.312,"bolussnooze":0,"activity":-0.0062,"lastBolusTime":1703063829430,"time":"2023-12-20T10:42:02.123Z"}},{"iob":0.134,"basaliob":-0.339,"bolussnooze":0,"activity":0.0021,"lastBolusTime":1703063829430,"time":"2023-12-20T10:47:02.123Z","iobWithZeroTemp":{"iob":-0.84,"basaliob":-1.313,"bolussnooze":0,"activity":-0.0068,"lastBolusTime":1703063829430,"time":"2023-12-20T10:47:02.123Z"}},{"iob":0.123,"basaliob":-0.311,"bolussnooze":0,"activity":0.0019,"lastBolusTime":1703063829430,"time":"2023-12-20T10:52:02.123Z","iobWithZeroTemp":{"iob":-0.88,"basaliob":-1.314,"bolussnooze":0,"activity":-0.0075,"lastBolusTime":1703063829430,"time":"2023-12-20T10:52:02.123Z"}},{"iob":0.113,"basaliob":-0.285,"bolussnooze":0,"activity":0.0018,"lastBolusTime":1703063829430,"time":"2023-12-20T10:57:02.123Z","iobWithZeroTemp":{"iob":-0.918,"basaliob":-1.316,"bolussnooze":0,"activity":-0.008,"lastBolusTime":1703063829430,"time":"2023-12-20T10:57:02.123Z"}},{"iob":0.105,"basaliob":-0.26,"bolussnooze":0,"activity":0.0017,"lastBolusTime":1703063829430,"time":"2023-12-20T11:02:02.123Z","iobWithZeroTemp":{"iob":-0.951,"basaliob":-1.316,"bolussnooze":0,"activity":-0.0085,"lastBolusTime":1703063829430,"time":"2023-12-20T11:02:02.123Z"}},{"iob":0.096,"basaliob":-0.238,"bolussnooze":0,"activity":0.0016,"lastBolusTime":1703063829430,"time":"2023-12-20T11:07:02.123Z","iobWithZeroTemp":{"iob":-0.974,"basaliob":-1.308,"bolussnooze":0,"activity":-0.009,"lastBolusTime":1703063829430,"time":"2023-12-20T11:07:02.123Z"}},{"iob":0.089,"basaliob":-0.217,"bolussnooze":0,"activity":0.0015,"lastBolusTime":1703063829430,"time":"2023-12-20T11:12:02.123Z","iobWithZeroTemp":{"iob":-0.994,"basaliob":-1.3,"bolussnooze":0,"activity":-0.0094,"lastBolusTime":1703063829430,"time":"2023-12-20T11:12:02.123Z"}},{"iob":0.081,"basaliob":-0.198,"bolussnooze":0,"activity":0.0014,"lastBolusTime":1703063829430,"time":"2023-12-20T11:17:02.123Z","iobWithZeroTemp":{"iob":-1.014,"basaliob":-1.293,"bolussnooze":0,"activity":-0.0098,"lastBolusTime":1703063829430,"time":"2023-12-20T11:17:02.123Z"}},{"iob":0.075,"basaliob":-0.18,"bolussnooze":0,"activity":0.0013,"lastBolusTime":1703063829430,"time":"2023-12-20T11:22:02.123Z","iobWithZeroTemp":{"iob":-1.03,"basaliob":-1.285,"bolussnooze":0,"activity":-0.0102,"lastBolusTime":1703063829430,"time":"2023-12-20T11:22:02.123Z"}},{"iob":0.069,"basaliob":-0.164,"bolussnooze":0,"activity":0.0012,"lastBolusTime":1703063829430,"time":"2023-12-20T11:27:02.123Z","iobWithZeroTemp":{"iob":-1.045,"basaliob":-1.278,"bolussnooze":0,"activity":-0.0105,"lastBolusTime":1703063829430,"time":"2023-12-20T11:27:02.123Z"}},{"iob":0.063,"basaliob":-0.149,"bolussnooze":0,"activity":0.0011,"lastBolusTime":1703063829430,"time":"2023-12-20T11:32:02.123Z","iobWithZeroTemp":{"iob":-1.059,"basaliob":-1.271,"bolussnooze":0,"activity":-0.0108,"lastBolusTime":1703063829430,"time":"2023-12-20T11:32:02.123Z"}},{"iob":0.057,"basaliob":-0.136,"bolussnooze":0,"activity":0.001,"lastBolusTime":1703063829430,"time":"2023-12-20T11:37:02.123Z","iobWithZeroTemp":{"iob":-1.072,"basaliob":-1.265,"bolussnooze":0,"activity":-0.0111,"lastBolusTime":1703063829430,"time":"2023-12-20T11:37:02.123Z"}},{"iob":0.053,"basaliob":-0.123,"bolussnooze":0,"activity":9.0E-4,"lastBolusTime":1703063829430,"time":"2023-12-20T11:42:02.123Z","iobWithZeroTemp":{"iob":-1.082,"basaliob":-1.258,"bolussnooze":0,"activity":-0.0113,"lastBolusTime":1703063829430,"time":"2023-12-20T11:42:02.123Z"}},{"iob":0.048,"basaliob":-0.112,"bolussnooze":0,"activity":9.0E-4,"lastBolusTime":1703063829430,"time":"2023-12-20T11:47:02.123Z","iobWithZeroTemp":{"iob":-1.092,"basaliob":-1.252,"bolussnooze":0,"activity":-0.0115,"lastBolusTime":1703063829430,"time":"2023-12-20T11:47:02.123Z"}},{"iob":0.043,"basaliob":-0.102,"bolussnooze":0,"activity":8.0E-4,"lastBolusTime":1703063829430,"time":"2023-12-20T11:52:02.123Z","iobWithZeroTemp":{"iob":-1.102,"basaliob":-1.247,"bolussnooze":0,"activity":-0.0117,"lastBolusTime":1703063829430,"time":"2023-12-20T11:52:02.123Z"}},{"iob":0.04,"basaliob":-0.092,"bolussnooze":0,"activity":8.0E-4,"lastBolusTime":1703063829430,"time":"2023-12-20T11:57:02.123Z","iobWithZeroTemp":{"iob":-1.109,"basaliob":-1.241,"bolussnooze":0,"activity":-0.0118,"lastBolusTime":1703063829430,"time":"2023-12-20T11:57:02.123Z"}},{"iob":0.037,"basaliob":-0.083,"bolussnooze":0,"activity":6.0E-4,"lastBolusTime":1703063829430,"time":"2023-12-20T12:02:02.123Z","iobWithZeroTemp":{"iob":-1.115,"basaliob":-1.235,"bolussnooze":0,"activity":-0.0121,"lastBolusTime":1703063829430,"time":"2023-12-20T12:02:02.123Z"}},{"iob":0.033,"basaliob":-0.076,"bolussnooze":0,"activity":6.0E-4,"lastBolusTime":1703063829430,"time":"2023-12-20T12:07:02.123Z","iobWithZeroTemp":{"iob":-1.122,"basaliob":-1.231,"bolussnooze":0,"activity":-0.0122,"lastBolusTime":1703063829430,"time":"2023-12-20T12:07:02.123Z"}},{"iob":0.03,"basaliob":-0.068,"bolussnooze":0,"activity":5.0E-4,"lastBolusTime":1703063829430,"time":"2023-12-20T12:12:02.123Z","iobWithZeroTemp":{"iob":-1.128,"basaliob":-1.226,"bolussnooze":0,"activity":-0.0123,"lastBolusTime":1703063829430,"time":"2023-12-20T12:12:02.123Z"}},{"iob":0.027,"basaliob":-0.062,"bolussnooze":0,"activity":5.0E-4,"lastBolusTime":1703063829430,"time":"2023-12-20T12:17:02.123Z","iobWithZeroTemp":{"iob":-1.133,"basaliob":-1.222,"bolussnooze":0,"activity":-0.0124,"lastBolusTime":1703063829430,"time":"2023-12-20T12:17:02.123Z"}},{"iob":0.025,"basaliob":-0.056,"bolussnooze":0,"activity":5.0E-4,"lastBolusTime":1703063829430,"time":"2023-12-20T12:22:02.123Z","iobWithZeroTemp":{"iob":-1.133,"basaliob":-1.214,"bolussnooze":0,"activity":-0.0124,"lastBolusTime":1703063829430,"time":"2023-12-20T12:22:02.123Z"}},{"iob":0.023,"basaliob":-0.05,"bolussnooze":0,"activity":5.0E-4,"lastBolusTime":1703063829430,"time":"2023-12-20T12:27:02.123Z","iobWithZeroTemp":{"iob":-1.137,"basaliob":-1.21,"bolussnooze":0,"activity":-0.0125,"lastBolusTime":1703063829430,"time":"2023-12-20T12:27:02.123Z"}},{"iob":0.021,"basaliob":-0.045,"bolussnooze":0,"activity":4.0E-4,"lastBolusTime":1703063829430,"time":"2023-12-20T12:32:02.123Z","iobWithZeroTemp":{"iob":-1.141,"basaliob":-1.207,"bolussnooze":0,"activity":-0.0126,"lastBolusTime":1703063829430,"time":"2023-12-20T12:32:02.123Z"}},{"iob":0.018,"basaliob":-0.041,"bolussnooze":0,"activity":3.0E-4,"lastBolusTime":1703063829430,"time":"2023-12-20T12:37:02.123Z","iobWithZeroTemp":{"iob":-1.146,"basaliob":-1.205,"bolussnooze":0,"activity":-0.0128,"lastBolusTime":1703063829430,"time":"2023-12-20T12:37:02.123Z"}},{"iob":0.017,"basaliob":-0.037,"bolussnooze":0,"activity":3.0E-4,"lastBolusTime":1703063829430,"time":"2023-12-20T12:42:02.123Z","iobWithZeroTemp":{"iob":-1.148,"basaliob":-1.202,"bolussnooze":0,"activity":-0.0128,"lastBolusTime":1703063829430,"time":"2023-12-20T12:42:02.123Z"}},{"iob":0.015,"basaliob":-0.033,"bolussnooze":0,"activity":3.0E-4,"lastBolusTime":1703063829430,"time":"2023-12-20T12:47:02.123Z","iobWithZeroTemp":{"iob":-1.151,"basaliob":-1.199,"bolussnooze":0,"activity":-0.0128,"lastBolusTime":1703063829430,"time":"2023-12-20T12:47:02.123Z"}},{"iob":0.014,"basaliob":-0.03,"bolussnooze":0,"activity":3.0E-4,"lastBolusTime":1703063829430,"time":"2023-12-20T12:52:02.123Z","iobWithZeroTemp":{"iob":-1.153,"basaliob":-1.197,"bolussnooze":0,"activity":-0.0129,"lastBolusTime":1703063829430,"time":"2023-12-20T12:52:02.123Z"}},{"iob":0.012,"basaliob":-0.027,"bolussnooze":0,"activity":2.0E-4,"lastBolusTime":1703063829430,"time":"2023-12-20T12:57:02.123Z","iobWithZeroTemp":{"iob":-1.156,"basaliob":-1.195,"bolussnooze":0,"activity":-0.013,"lastBolusTime":1703063829430,"time":"2023-12-20T12:57:02.123Z"}},{"iob":0.011,"basaliob":-0.024,"bolussnooze":0,"activity":2.0E-4,"lastBolusTime":1703063829430,"time":"2023-12-20T13:02:02.123Z","iobWithZeroTemp":{"iob":-1.158,"basaliob":-1.193,"bolussnooze":0,"activity":-0.013,"lastBolusTime":1703063829430,"time":"2023-12-20T13:02:02.123Z"}},{"iob":0.01,"basaliob":-0.022,"bolussnooze":0,"activity":2.0E-4,"lastBolusTime":1703063829430,"time":"2023-12-20T13:07:02.123Z","iobWithZeroTemp":{"iob":-1.151,"basaliob":-1.183,"bolussnooze":0,"activity":-0.013,"lastBolusTime":1703063829430,"time":"2023-12-20T13:07:02.123Z"}},{"iob":0.009,"basaliob":-0.019,"bolussnooze":0,"activity":2.0E-4,"lastBolusTime":1703063829430,"time":"2023-12-20T13:12:02.123Z","iobWithZeroTemp":{"iob":-1.145,"basaliob":-1.173,"bolussnooze":0,"activity":-0.013,"lastBolusTime":1703063829430,"time":"2023-12-20T13:12:02.123Z"}},{"iob":0.009,"basaliob":-0.017,"bolussnooze":0,"activity":2.0E-4,"lastBolusTime":1703063829430,"time":"2023-12-20T13:17:02.123Z","iobWithZeroTemp":{"iob":-1.137,"basaliob":-1.163,"bolussnooze":0,"activity":-0.013,"lastBolusTime":1703063829430,"time":"2023-12-20T13:17:02.123Z"}}],"profile":{"max_iob":20,"type":"current","max_daily_basal":1.6,"max_basal":4,"min_bg":81,"max_bg":81,"target_bg":81,"carb_ratio":6,"sens":81,"max_daily_safety_multiplier":3,"current_basal_safety_multiplier":4,"high_temptarget_raises_sensitivity":false,"low_temptarget_lowers_sensitivity":false,"sensitivity_raises_target":false,"resistance_lowers_target":false,"adv_target_adjustments":false,"exercise_mode":false,"half_basal_exercise_target":160,"maxCOB":120,"skip_neutral_temps":false,"remainingCarbsCap":90,"enableUAM":true,"A52_risk_enable":false,"SMBInterval":3,"enableSMB_with_COB":false,"enableSMB_with_temptarget":false,"allowSMB_with_high_temptarget":true,"enableSMB_always":true,"enableSMB_after_carbs":false,"maxSMBBasalMinutes":120,"maxUAMSMBBasalMinutes":120,"bolus_increment":0.05,"carbsReqThreshold":1,"current_basal":1,"temptargetSet":true,"autosens_max":1.8,"out_units":"mmol\/L"},"autosens_data":{"ratio":1},"meal_data":{"carbs":30,"mealCOB":8.685185185185201,"slopeFromMaxDeviation":-0.008999999999999453,"slopeFromMinDeviation":1.5036000000000003,"lastBolusTime":1703063829430,"lastCarbTime":1703061548000},"microBolusAllowed":true,"currentTime":1703064125130,"flatBGsDetected":false},"output":{"temp":"absolute","bg":87,"tick":"+3","eventualBG":174,"targetBG":81,"insulinReq":0.23,"deliverAt":"2023-12-20T09:22:05.130Z","sensitivityRatio":1,"predBGs":{"IOB":[87,90,92,94,95,96,97,97,97,97,96,95,94,93,92,91,90,89,88,88,87,86,86,85,84,84,83,83,82,82,82,81,81,81,81,80,80,80,80,80,80,79],"ZT":[87,86,86,85,84,83,83,82,82,83,83],"COB":[87,90,93,95,98,100,103,105,107,109,111,114,116,118,120,122,125,127,129,131,134,136,139,141,143,146,148,150,152,154,156,158,160,161,163,164,166,167,168,169,170,171,172,172,173,173,174],"UAM":[87,90,91,93,93,93,93,92,90,89,88,87,86,85,84,83,82,81,80,79,78,78,77,76,76,75,75,74,74,74,73,73,73,72,72,72,72,72,71,71,71,71,71,71,71,71,71,70]},"COB":8.685185185185201,"IOB":0.359,"reason":"COB: 8.7, Dev: 1.2, BGI: 0.0, ISF: 4.5, CR: 6, Target: 4.5, minPredBG 5.6, minGuardBG 4.2, IOBpredBG 4.4, COBpredBG 9.7, UAMpredBG 3.9; Eventual BG 9.7 >= 4.5,  insulinReq 0.23; setting 30m low temp of 0.3U\/h. Microbolusing 0.1U. ","units":0.1,"rate":0.3,"duration":30,"timestamp":"2023-12-20T09:22:05.271Z"}}