{"algorithm":"OpenAPSSMBPlugin","input":{"glucoseStatus":{"glucose":65,"noise":0,"delta":-3,"short_avgdelta":-2.83,"long_avgdelta":1.69,"date":1703142704339},"currenttemp":{"temp":"absolute","duration":25,"rate":0,"minutesrunning":5},"iob_data":[{"iob":-0.577,"basaliob":-1.728,"bolussnooze":0.0605,"activity":6.0E-4,"lastBolusTime":1703136515248,"time":"2023-12-21T07:12:07.214Z","iobWithZeroTemp":{"iob":-0.577,"basaliob":-1.728,"bolussnooze":0.0605,"activity":6.0E-4,"lastBolusTime":1703136515248,"time":"2023-12-21T07:12:07.214Z"}},{"iob":-0.576,"basaliob":-1.626,"bolussnooze":0.0488,"activity":-8.0E-4,"lastBolusTime":1703136515248,"time":"2023-12-21T07:17:07.214Z","iobWithZeroTemp":{"iob":-0.656,"basaliob":-1.706,"bolussnooze":0.0488,"activity":-9.0E-4,"lastBolusTime":1703136515248,"time":"2023-12-21T07:17:07.214Z"}},{"iob":-0.569,"basaliob":-1.526,"bolussnooze":0.0392,"activity":-0.0018,"lastBolusTime":1703136515248,"time":"2023-12-21T07:22:07.214Z","iobWithZeroTemp":{"iob":-0.748,"basaliob":-1.705,"bolussnooze":0.0392,"activity":-0.0022,"lastBolusTime":1703136515248,"time":"2023-12-21T07:22:07.214Z"}},{"iob":-0.558,"basaliob":-1.429,"bolussnooze":0.0314,"activity":-0.0028,"lastBolusTime":1703136515248,"time":"2023-12-21T07:27:07.214Z","iobWithZeroTemp":{"iob":-0.834,"basaliob":-1.705,"bolussnooze":0.0314,"activity":-0.0036,"lastBolusTime":1703136515248,"time":"2023-12-21T07:27:07.214Z"}},{"iob":-0.543,"basaliob":-1.335,"bolussnooze":0.025,"activity":-0.0035,"lastBolusTime":1703136515248,"time":"2023-12-21T07:32:07.214Z","iobWithZeroTemp":{"iob":-0.914,"basaliob":-1.706,"bolussnooze":0.025,"activity":-0.0049,"lastBolusTime":1703136515248,"time":"2023-12-21T07:32:07.214Z"}},{"iob":-0.524,"basaliob":-1.244,"bolussnooze":0.0199,"activity":-0.0039,"lastBolusTime":1703136515248,"time":"2023-12-21T07:37:07.214Z","iobWithZeroTemp":{"iob":-0.986,"basaliob":-1.706,"bolussnooze":0.0199,"activity":-0.0059,"lastBolusTime":1703136515248,"time":"2023-12-21T07:37:07.214Z"}},{"iob":-0.503,"basaliob":-1.157,"bolussnooze":0.0158,"activity":-0.0043,"lastBolusTime":1703136515248,"time":"2023-12-21T07:42:07.214Z","iobWithZeroTemp":{"iob":-1.053,"basaliob":-1.707,"bolussnooze":0.0158,"activity":-0.0071,"lastBolusTime":1703136515248,"time":"2023-12-21T07:42:07.214Z"}},{"iob":-0.481,"basaliob":-1.075,"bolussnooze":0.0124,"activity":-0.0046,"lastBolusTime":1703136515248,"time":"2023-12-21T07:47:07.214Z","iobWithZeroTemp":{"iob":-1.116,"basaliob":-1.71,"bolussnooze":0.0124,"activity":-0.0082,"lastBolusTime":1703136515248,"time":"2023-12-21T07:47:07.214Z"}},{"iob":-0.458,"basaliob":-0.997,"bolussnooze":0.0098,"activity":-0.0046,"lastBolusTime":1703136515248,"time":"2023-12-21T07:52:07.214Z","iobWithZeroTemp":{"iob":-1.173,"basaliob":-1.712,"bolussnooze":0.0098,"activity":-0.009,"lastBolusTime":1703136515248,"time":"2023-12-21T07:52:07.214Z"}},{"iob":-0.435,"basaliob":-0.923,"bolussnooze":0.0077,"activity":-0.0048,"lastBolusTime":1703136515248,"time":"2023-12-21T07:57:07.214Z","iobWithZeroTemp":{"iob":-1.226,"basaliob":-1.714,"bolussnooze":0.0077,"activity":-0.01,"lastBolusTime":1703136515248,"time":"2023-12-21T07:57:07.214Z"}},{"iob":-0.411,"basaliob":-0.853,"bolussnooze":0.006,"activity":-0.0047,"lastBolusTime":1703136515248,"time":"2023-12-21T08:02:07.214Z","iobWithZeroTemp":{"iob":-1.274,"basaliob":-1.716,"bolussnooze":0.006,"activity":-0.0107,"lastBolusTime":1703136515248,"time":"2023-12-21T08:02:07.214Z"}},{"iob":-0.387,"basaliob":-0.787,"bolussnooze":0.0046,"activity":-0.0047,"lastBolusTime":1703136515248,"time":"2023-12-21T08:07:07.214Z","iobWithZeroTemp":{"iob":-1.309,"basaliob":-1.709,"bolussnooze":0.0046,"activity":-0.0116,"lastBolusTime":1703136515248,"time":"2023-12-21T08:07:07.214Z"}},{"iob":-0.364,"basaliob":-0.726,"bolussnooze":0.0036,"activity":-0.0046,"lastBolusTime":1703136515248,"time":"2023-12-21T08:12:07.214Z","iobWithZeroTemp":{"iob":-1.342,"basaliob":-1.704,"bolussnooze":0.0036,"activity":-0.0122,"lastBolusTime":1703136515248,"time":"2023-12-21T08:12:07.214Z"}},{"iob":-0.341,"basaliob":-0.668,"bolussnooze":0.0027,"activity":-0.0045,"lastBolusTime":1703136515248,"time":"2023-12-21T08:17:07.214Z","iobWithZeroTemp":{"iob":-1.371,"basaliob":-1.698,"bolussnooze":0.0027,"activity":-0.0129,"lastBolusTime":1703136515248,"time":"2023-12-21T08:17:07.214Z"}},{"iob":-0.318,"basaliob":-0.614,"bolussnooze":0.0021,"activity":-0.0044,"lastBolusTime":1703136515248,"time":"2023-12-21T08:22:07.214Z","iobWithZeroTemp":{"iob":-1.396,"basaliob":-1.692,"bolussnooze":0.0021,"activity":-0.0135,"lastBolusTime":1703136515248,"time":"2023-12-21T08:22:07.214Z"}},{"iob":-0.297,"basaliob":-0.564,"bolussnooze":0.0016,"activity":-0.0041,"lastBolusTime":1703136515248,"time":"2023-12-21T08:27:07.214Z","iobWithZeroTemp":{"iob":-1.42,"basaliob":-1.687,"bolussnooze":0.0016,"activity":-0.0139,"lastBolusTime":1703136515248,"time":"2023-12-21T08:27:07.214Z"}},{"iob":-0.277,"basaliob":-0.518,"bolussnooze":0.0012,"activity":-0.004,"lastBolusTime":1703136515248,"time":"2023-12-21T08:32:07.214Z","iobWithZeroTemp":{"iob":-1.434,"basaliob":-1.675,"bolussnooze":0.0012,"activity":-0.0143,"lastBolusTime":1703136515248,"time":"2023-12-21T08:32:07.214Z"}},{"iob":-0.258,"basaliob":-0.475,"bolussnooze":9.0E-4,"activity":-0.0038,"lastBolusTime":1703136515248,"time":"2023-12-21T08:37:07.214Z","iobWithZeroTemp":{"iob":-1.453,"basaliob":-1.67,"bolussnooze":9.0E-4,"activity":-0.0147,"lastBolusTime":1703136515248,"time":"2023-12-21T08:37:07.214Z"}},{"iob":-0.24,"basaliob":-0.435,"bolussnooze":7.0E-4,"activity":-0.0036,"lastBolusTime":1703136515248,"time":"2023-12-21T08:42:07.214Z","iobWithZeroTemp":{"iob":-1.471,"basaliob":-1.666,"bolussnooze":7.0E-4,"activity":-0.0151,"lastBolusTime":1703136515248,"time":"2023-12-21T08:42:07.214Z"}},{"iob":-0.222,"basaliob":-0.398,"bolussnooze":5.0E-4,"activity":-0.0034,"lastBolusTime":1703136515248,"time":"2023-12-21T08:47:07.214Z","iobWithZeroTemp":{"iob":-1.486,"basaliob":-1.662,"bolussnooze":5.0E-4,"activity":-0.0154,"lastBolusTime":1703136515248,"time":"2023-12-21T08:47:07.214Z"}},{"iob":-0.206,"basaliob":-0.364,"bolussnooze":3.0E-4,"activity":-0.0032,"lastBolusTime":1703136515248,"time":"2023-12-21T08:52:07.214Z","iobWithZeroTemp":{"iob":-1.5,"basaliob":-1.658,"bolussnooze":3.0E-4,"activity":-0.0157,"lastBolusTime":1703136515248,"time":"2023-12-21T08:52:07.214Z"}},{"iob":-0.19,"basaliob":-0.332,"bolussnooze":2.0E-4,"activity":-0.0031,"lastBolusTime":1703136515248,"time":"2023-12-21T08:57:07.214Z","iobWithZeroTemp":{"iob":-1.512,"basaliob":-1.654,"bolussnooze":2.0E-4,"activity":-0.0161,"lastBolusTime":1703136515248,"time":"2023-12-21T08:57:07.214Z"}},{"iob":-0.175,"basaliob":-0.303,"bolussnooze":2.0E-4,"activity":-0.0028,"lastBolusTime":1703136515248,"time":"2023-12-21T09:02:07.214Z","iobWithZeroTemp":{"iob":-1.523,"basaliob":-1.651,"bolussnooze":2.0E-4,"activity":-0.0162,"lastBolusTime":1703136515248,"time":"2023-12-21T09:02:07.214Z"}},{"iob":-0.162,"basaliob":-0.276,"bolussnooze":1.0E-4,"activity":-0.0026,"lastBolusTime":1703136515248,"time":"2023-12-21T09:07:07.214Z","iobWithZeroTemp":{"iob":-1.525,"basaliob":-1.639,"bolussnooze":1.0E-4,"activity":-0.0164,"lastBolusTime":1703136515248,"time":"2023-12-21T09:07:07.214Z"}},{"iob":-0.149,"basaliob":-0.252,"bolussnooze":1.0E-4,"activity":-0.0025,"lastBolusTime":1703136515248,"time":"2023-12-21T09:12:07.214Z","iobWithZeroTemp":{"iob":-1.526,"basaliob":-1.629,"bolussnooze":1.0E-4,"activity":-0.0167,"lastBolusTime":1703136515248,"time":"2023-12-21T09:12:07.214Z"}},{"iob":-0.137,"basaliob":-0.229,"bolussnooze":1.0E-4,"activity":-0.0023,"lastBolusTime":1703136515248,"time":"2023-12-21T09:17:07.214Z","iobWithZeroTemp":{"iob":-1.526,"basaliob":-1.618,"bolussnooze":1.0E-4,"activity":-0.0168,"lastBolusTime":1703136515248,"time":"2023-12-21T09:17:07.214Z"}},{"iob":-0.126,"basaliob":-0.208,"bolussnooze":0,"activity":-0.0022,"lastBolusTime":1703136515248,"time":"2023-12-21T09:22:07.214Z","iobWithZeroTemp":{"iob":-1.525,"basaliob":-1.607,"bolussnooze":0,"activity":-0.0169,"lastBolusTime":1703136515248,"time":"2023-12-21T09:22:07.214Z"}},{"iob":-0.115,"basaliob":-0.189,"bolussnooze":0,"activity":-0.002,"lastBolusTime":1703136515248,"time":"2023-12-21T09:27:07.214Z","iobWithZeroTemp":{"iob":-1.523,"basaliob":-1.597,"bolussnooze":0,"activity":-0.017,"lastBolusTime":1703136515248,"time":"2023-12-21T09:27:07.214Z"}},{"iob":-0.106,"basaliob":-0.172,"bolussnooze":0,"activity":-0.0018,"lastBolusTime":1703136515248,"time":"2023-12-21T09:32:07.214Z","iobWithZeroTemp":{"iob":-1.522,"basaliob":-1.588,"bolussnooze":0,"activity":-0.017,"lastBolusTime":1703136515248,"time":"2023-12-21T09:32:07.214Z"}},{"iob":-0.097,"basaliob":-0.156,"bolussnooze":0,"activity":-0.0017,"lastBolusTime":1703136515248,"time":"2023-12-21T09:37:07.214Z","iobWithZeroTemp":{"iob":-1.52,"basaliob":-1.579,"bolussnooze":0,"activity":-0.0171,"lastBolusTime":1703136515248,"time":"2023-12-21T09:37:07.214Z"}},{"iob":-0.089,"basaliob":-0.141,"bolussnooze":0,"activity":-0.0016,"lastBolusTime":1703136515248,"time":"2023-12-21T09:42:07.214Z","iobWithZeroTemp":{"iob":-1.518,"basaliob":-1.57,"bolussnooze":0,"activity":-0.0171,"lastBolusTime":1703136515248,"time":"2023-12-21T09:42:07.214Z"}},{"iob":-0.081,"basaliob":-0.128,"bolussnooze":0,"activity":-0.0014,"lastBolusTime":1703136515248,"time":"2023-12-21T09:47:07.214Z","iobWithZeroTemp":{"iob":-1.515,"basaliob":-1.562,"bolussnooze":0,"activity":-0.0171,"lastBolusTime":1703136515248,"time":"2023-12-21T09:47:07.214Z"}},{"iob":-0.074,"basaliob":-0.116,"bolussnooze":0,"activity":-0.0013,"lastBolusTime":1703136515248,"time":"2023-12-21T09:52:07.214Z","iobWithZeroTemp":{"iob":-1.513,"basaliob":-1.555,"bolussnooze":0,"activity":-0.0171,"lastBolusTime":1703136515248,"time":"2023-12-21T09:52:07.214Z"}},{"iob":-0.068,"basaliob":-0.105,"bolussnooze":0,"activity":-0.0012,"lastBolusTime":1703136515248,"time":"2023-12-21T09:57:07.214Z","iobWithZeroTemp":{"iob":-1.511,"basaliob":-1.548,"bolussnooze":0,"activity":-0.0171,"lastBolusTime":1703136515248,"time":"2023-12-21T09:57:07.214Z"}},{"iob":-0.062,"basaliob":-0.095,"bolussnooze":0,"activity":-0.0011,"lastBolusTime":1703136515248,"time":"2023-12-21T10:02:07.214Z","iobWithZeroTemp":{"iob":-1.509,"basaliob":-1.542,"bolussnooze":0,"activity":-0.0171,"lastBolusTime":1703136515248,"time":"2023-12-21T10:02:07.214Z"}},{"iob":-0.057,"basaliob":-0.086,"bolussnooze":0,"activity":-0.001,"lastBolusTime":1703136515248,"time":"2023-12-21T10:07:07.214Z","iobWithZeroTemp":{"iob":-1.494,"basaliob":-1.523,"bolussnooze":0,"activity":-0.017,"lastBolusTime":1703136515248,"time":"2023-12-21T10:07:07.214Z"}},{"iob":-0.051,"basaliob":-0.077,"bolussnooze":0,"activity":-0.001,"lastBolusTime":1703136515248,"time":"2023-12-21T10:12:07.214Z","iobWithZeroTemp":{"iob":-1.483,"basaliob":-1.509,"bolussnooze":0,"activity":-0.0171,"lastBolusTime":1703136515248,"time":"2023-12-21T10:12:07.214Z"}},{"iob":-0.047,"basaliob":-0.07,"bolussnooze":0,"activity":-8.0E-4,"lastBolusTime":1703136515248,"time":"2023-12-21T10:17:07.214Z","iobWithZeroTemp":{"iob":-1.473,"basaliob":-1.496,"bolussnooze":0,"activity":-0.0169,"lastBolusTime":1703136515248,"time":"2023-12-21T10:17:07.214Z"}},{"iob":-0.043,"basaliob":-0.063,"bolussnooze":0,"activity":-8.0E-4,"lastBolusTime":1703136515248,"time":"2023-12-21T10:22:07.214Z","iobWithZeroTemp":{"iob":-1.463,"basaliob":-1.483,"bolussnooze":0,"activity":-0.0169,"lastBolusTime":1703136515248,"time":"2023-12-21T10:22:07.214Z"}},{"iob":-0.039,"basaliob":-0.057,"bolussnooze":0,"activity":-8.0E-4,"lastBolusTime":1703136515248,"time":"2023-12-21T10:27:07.214Z","iobWithZeroTemp":{"iob":-1.454,"basaliob":-1.472,"bolussnooze":0,"activity":-0.0169,"lastBolusTime":1703136515248,"time":"2023-12-21T10:27:07.214Z"}},{"iob":-0.035,"basaliob":-0.051,"bolussnooze":0,"activity":-7.0E-4,"lastBolusTime":1703136515248,"time":"2023-12-21T10:32:07.214Z","iobWithZeroTemp":{"iob":-1.444,"basaliob":-1.46,"bolussnooze":0,"activity":-0.0168,"lastBolusTime":1703136515248,"time":"2023-12-21T10:32:07.214Z"}},{"iob":-0.032,"basaliob":-0.046,"bolussnooze":0,"activity":-6.0E-4,"lastBolusTime":1703136515248,"time":"2023-12-21T10:37:07.214Z","iobWithZeroTemp":{"iob":-1.436,"basaliob":-1.45,"bolussnooze":0,"activity":-0.0167,"lastBolusTime":1703136515248,"time":"2023-12-21T10:37:07.214Z"}},{"iob":-0.029,"basaliob":-0.041,"bolussnooze":0,"activity":-6.0E-4,"lastBolusTime":1703136515248,"time":"2023-12-21T10:42:07.214Z","iobWithZeroTemp":{"iob":-1.427,"basaliob":-1.439,"bolussnooze":0,"activity":-0.0167,"lastBolusTime":1703136515248,"time":"2023-12-21T10:42:07.214Z"}},{"iob":-0.026,"basaliob":-0.037,"bolussnooze":0,"activity":-5.0E-4,"lastBolusTime":1703136515248,"time":"2023-12-21T10:47:07.214Z","iobWithZeroTemp":{"iob":-1.419,"basaliob":-1.43,"bolussnooze":0,"activity":-0.0165,"lastBolusTime":1703136515248,"time":"2023-12-21T10:47:07.214Z"}},{"iob":-0.024,"basaliob":-0.033,"bolussnooze":0,"activity":-5.0E-4,"lastBolusTime":1703136515248,"time":"2023-12-21T10:52:07.214Z","iobWithZeroTemp":{"iob":-1.412,"basaliob":-1.421,"bolussnooze":0,"activity":-0.0165,"lastBolusTime":1703136515248,"time":"2023-12-21T10:52:07.214Z"}},{"iob":-0.022,"basaliob":-0.03,"bolussnooze":0,"activity":-5.0E-4,"lastBolusTime":1703136515248,"time":"2023-12-21T10:57:07.214Z","iobWithZeroTemp":{"iob":-1.406,"basaliob":-1.414,"bolussnooze":0,"activity":-0.0164,"lastBolusTime":1703136515248,"time":"2023-12-21T10:57:07.214Z"}},{"iob":-0.02,"basaliob":-0.027,"bolussnooze":0,"activity":-4.0E-4,"lastBolusTime":1703136515248,"time":"2023-12-21T11:02:07.214Z","iobWithZeroTemp":{"iob":-1.399,"basaliob":-1.406,"bolussnooze":0,"activity":-0.0163,"lastBolusTime":1703136515248,"time":"2023-12-21T11:02:07.214Z"}},{"iob":-0.018,"basaliob":-0.024,"bolussnooze":0,"activity":-3.0E-4,"lastBolusTime":1703136515248,"time":"2023-12-21T11:07:07.214Z","iobWithZeroTemp":{"iob":-1.384,"basaliob":-1.39,"bolussnooze":0,"activity":-0.0161,"lastBolusTime":1703136515248,"time":"2023-12-21T11:07:07.214Z"}}],"profile":{"max_iob":20,"type":"current","max_daily_basal":1.6,"max_basal":4.8,"min_bg":111.6,"max_bg":111.6,"target_bg":111.6,"carb_ratio":5.5,"sens":72,"max_daily_safety_multiplier":3,"current_basal_safety_multiplier":4,"high_temptarget_raises_sensitivity":false,"low_temptarget_lowers_sensitivity":false,"sensitivity_raises_target":false,"resistance_lowers_target":false,"adv_target_adjustments":false,"exercise_mode":false,"half_basal_exercise_target":160,"maxCOB":120,"skip_neutral_temps":false,"remainingCarbsCap":90,"enableUAM":true,"A52_risk_enable":false,"SMBInterval":3,"enableSMB_with_COB":false,"enableSMB_with_temptarget":false,"allowSMB_with_high_temptarget":true,"enableSMB_always":true,"enableSMB_after_carbs":false,"maxSMBBasalMinutes":120,"maxUAMSMBBasalMinutes":120,"bolus_increment":0.05,"carbsReqThreshold":1,"current_basal":1.2,"temptargetSet":true,"autosens_max":1.8,"out_units":"mmol\/L"},"autosens_data":{"ratio":1},"meal_data":{"carbs":20,"mealCOB":0,"slopeFromMaxDeviation":-2.952,"slopeFromMinDeviation":0,"lastBolusTime":1703136515248,"lastCarbTime":1703127724000},"microBolusAllowed":true,"currentTime":1703142728150,"flatBGsDetected":false},"output":{"temp":"absolute","bg":65,"tick":-3,"eventualBG":118,"targetBG":111.6,"insulinReq":0,"deliverAt":"2023-12-21T07:12:08.150Z","sensitivityRatio":1,"predBGs":{"IOB":[65,62,60,59,58,57,57,58,59,60,61,62,64,66,67,69,70,72,73,74,76,77,78,79,80,81,82,82,83,84,84,85,85,86,86,87,87,87,88,88,88,89,89,89,89,89,90],"ZT":[65,65,65,66,67,69,71,74,77,80,83,87,91,96,100,105,110]},"COB":0,"IOB":-0.577,"reason":"COB: 0, Dev: 0.6, BGI: 0.0, ISF: 4.0, CR: 5.5, Target: 6.2, minPredBG 3.6, minGuardBG 3.2, IOBpredBG 5.0; minGuardBG 3.2<4.2 25m left and 0 ~ req 0U\/hr: no temp required","timestamp":"2023-12-21T07:12:08.199Z"}}