{"algorithm":"OpenAPSSMBPlugin","input":{"glucoseStatus":{"glucose":70,"noise":0,"delta":-1,"short_avgdelta":-1.61,"long_avgdelta":-1.74,"date":1703111803069},"currenttemp":{"temp":"absolute","duration":25,"rate":0,"minutesrunning":5},"iob_data":[{"iob":-0.49,"basaliob":-0.711,"bolussnooze":0,"activity":-0.0027,"lastBolusTime":1703108234902,"time":"2023-12-20T22:37:03.756Z","iobWithZeroTemp":{"iob":-0.49,"basaliob":-0.711,"bolussnooze":0,"activity":-0.0027,"lastBolusTime":1703108234902,"time":"2023-12-20T22:37:03.756Z"}},{"iob":-0.476,"basaliob":-0.68,"bolussnooze":0,"activity":-0.0032,"lastBolusTime":1703108234902,"time":"2023-12-20T22:42:03.756Z","iobWithZeroTemp":{"iob":-0.576,"basaliob":-0.78,"bolussnooze":0,"activity":-0.0033,"lastBolusTime":1703108234902,"time":"2023-12-20T22:42:03.756Z"}},{"iob":-0.459,"basaliob":-0.647,"bolussnooze":0,"activity":-0.0037,"lastBolusTime":1703108234902,"time":"2023-12-20T22:47:03.756Z","iobWithZeroTemp":{"iob":-0.683,"basaliob":-0.871,"bolussnooze":0,"activity":-0.0041,"lastBolusTime":1703108234902,"time":"2023-12-20T22:47:03.756Z"}},{"iob":-0.439,"basaliob":-0.613,"bolussnooze":0,"activity":-0.004,"lastBolusTime":1703108234902,"time":"2023-12-20T22:52:03.756Z","iobWithZeroTemp":{"iob":-0.784,"basaliob":-0.958,"bolussnooze":0,"activity":-0.005,"lastBolusTime":1703108234902,"time":"2023-12-20T22:52:03.756Z"}},{"iob":-0.42,"basaliob":-0.58,"bolussnooze":0,"activity":-0.0041,"lastBolusTime":1703108234902,"time":"2023-12-20T22:57:03.756Z","iobWithZeroTemp":{"iob":-0.884,"basaliob":-1.044,"bolussnooze":0,"activity":-0.0058,"lastBolusTime":1703108234902,"time":"2023-12-20T22:57:03.756Z"}},{"iob":-0.399,"basaliob":-0.546,"bolussnooze":0,"activity":-0.0042,"lastBolusTime":1703108234902,"time":"2023-12-20T23:02:03.756Z","iobWithZeroTemp":{"iob":-0.977,"basaliob":-1.124,"bolussnooze":0,"activity":-0.0068,"lastBolusTime":1703108234902,"time":"2023-12-20T23:02:03.756Z"}},{"iob":-0.378,"basaliob":-0.513,"bolussnooze":0,"activity":-0.0042,"lastBolusTime":1703108234902,"time":"2023-12-20T23:07:03.756Z","iobWithZeroTemp":{"iob":-1.074,"basaliob":-1.209,"bolussnooze":0,"activity":-0.0077,"lastBolusTime":1703108234902,"time":"2023-12-20T23:07:03.756Z"}},{"iob":-0.357,"basaliob":-0.481,"bolussnooze":0,"activity":-0.0043,"lastBolusTime":1703108234902,"time":"2023-12-20T23:12:03.756Z","iobWithZeroTemp":{"iob":-1.166,"basaliob":-1.29,"bolussnooze":0,"activity":-0.0088,"lastBolusTime":1703108234902,"time":"2023-12-20T23:12:03.756Z"}},{"iob":-0.335,"basaliob":-0.449,"bolussnooze":0,"activity":-0.0042,"lastBolusTime":1703108234902,"time":"2023-12-20T23:17:03.756Z","iobWithZeroTemp":{"iob":-1.26,"basaliob":-1.374,"bolussnooze":0,"activity":-0.0098,"lastBolusTime":1703108234902,"time":"2023-12-20T23:17:03.756Z"}},{"iob":-0.315,"basaliob":-0.419,"bolussnooze":0,"activity":-0.0041,"lastBolusTime":1703108234902,"time":"2023-12-20T23:22:03.756Z","iobWithZeroTemp":{"iob":-1.343,"basaliob":-1.447,"bolussnooze":0,"activity":-0.0108,"lastBolusTime":1703108234902,"time":"2023-12-20T23:22:03.756Z"}},{"iob":-0.295,"basaliob":-0.39,"bolussnooze":0,"activity":-0.004,"lastBolusTime":1703108234902,"time":"2023-12-20T23:27:03.756Z","iobWithZeroTemp":{"iob":-1.42,"basaliob":-1.515,"bolussnooze":0,"activity":-0.0118,"lastBolusTime":1703108234902,"time":"2023-12-20T23:27:03.756Z"}},{"iob":-0.276,"basaliob":-0.363,"bolussnooze":0,"activity":-0.0038,"lastBolusTime":1703108234902,"time":"2023-12-20T23:32:03.756Z","iobWithZeroTemp":{"iob":-1.493,"basaliob":-1.58,"bolussnooze":0,"activity":-0.0127,"lastBolusTime":1703108234902,"time":"2023-12-20T23:32:03.756Z"}},{"iob":-0.256,"basaliob":-0.336,"bolussnooze":0,"activity":-0.0037,"lastBolusTime":1703108234902,"time":"2023-12-20T23:37:03.756Z","iobWithZeroTemp":{"iob":-1.559,"basaliob":-1.639,"bolussnooze":0,"activity":-0.0137,"lastBolusTime":1703108234902,"time":"2023-12-20T23:37:03.756Z"}},{"iob":-0.239,"basaliob":-0.312,"bolussnooze":0,"activity":-0.0035,"lastBolusTime":1703108234902,"time":"2023-12-20T23:42:03.756Z","iobWithZeroTemp":{"iob":-1.623,"basaliob":-1.696,"bolussnooze":0,"activity":-0.0145,"lastBolusTime":1703108234902,"time":"2023-12-20T23:42:03.756Z"}},{"iob":-0.222,"basaliob":-0.288,"bolussnooze":0,"activity":-0.0033,"lastBolusTime":1703108234902,"time":"2023-12-20T23:47:03.756Z","iobWithZeroTemp":{"iob":-1.682,"basaliob":-1.748,"bolussnooze":0,"activity":-0.0153,"lastBolusTime":1703108234902,"time":"2023-12-20T23:47:03.756Z"}},{"iob":-0.206,"basaliob":-0.266,"bolussnooze":0,"activity":-0.0032,"lastBolusTime":1703108234902,"time":"2023-12-20T23:52:03.756Z","iobWithZeroTemp":{"iob":-1.736,"basaliob":-1.796,"bolussnooze":0,"activity":-0.0162,"lastBolusTime":1703108234902,"time":"2023-12-20T23:52:03.756Z"}},{"iob":-0.19,"basaliob":-0.245,"bolussnooze":0,"activity":-0.003,"lastBolusTime":1703108234902,"time":"2023-12-20T23:57:03.756Z","iobWithZeroTemp":{"iob":-1.786,"basaliob":-1.841,"bolussnooze":0,"activity":-0.0169,"lastBolusTime":1703108234902,"time":"2023-12-20T23:57:03.756Z"}},{"iob":-0.176,"basaliob":-0.226,"bolussnooze":0,"activity":-0.0027,"lastBolusTime":1703108234902,"time":"2023-12-21T00:02:03.756Z","iobWithZeroTemp":{"iob":-1.834,"basaliob":-1.884,"bolussnooze":0,"activity":-0.0175,"lastBolusTime":1703108234902,"time":"2023-12-21T00:02:03.756Z"}},{"iob":-0.163,"basaliob":-0.208,"bolussnooze":0,"activity":-0.0026,"lastBolusTime":1703108234902,"time":"2023-12-21T00:07:03.756Z","iobWithZeroTemp":{"iob":-1.87,"basaliob":-1.915,"bolussnooze":0,"activity":-0.0183,"lastBolusTime":1703108234902,"time":"2023-12-21T00:07:03.756Z"}},{"iob":-0.15,"basaliob":-0.191,"bolussnooze":0,"activity":-0.0024,"lastBolusTime":1703108234902,"time":"2023-12-21T00:12:03.756Z","iobWithZeroTemp":{"iob":-1.901,"basaliob":-1.942,"bolussnooze":0,"activity":-0.0189,"lastBolusTime":1703108234902,"time":"2023-12-21T00:12:03.756Z"}},{"iob":-0.139,"basaliob":-0.176,"bolussnooze":0,"activity":-0.0023,"lastBolusTime":1703108234902,"time":"2023-12-21T00:17:03.756Z","iobWithZeroTemp":{"iob":-1.931,"basaliob":-1.968,"bolussnooze":0,"activity":-0.0195,"lastBolusTime":1703108234902,"time":"2023-12-21T00:17:03.756Z"}},{"iob":-0.127,"basaliob":-0.161,"bolussnooze":0,"activity":-0.0021,"lastBolusTime":1703108234902,"time":"2023-12-21T00:22:03.756Z","iobWithZeroTemp":{"iob":-1.957,"basaliob":-1.991,"bolussnooze":0,"activity":-0.02,"lastBolusTime":1703108234902,"time":"2023-12-21T00:22:03.756Z"}},{"iob":-0.116,"basaliob":-0.147,"bolussnooze":0,"activity":-0.002,"lastBolusTime":1703108234902,"time":"2023-12-21T00:27:03.756Z","iobWithZeroTemp":{"iob":-1.98,"basaliob":-2.011,"bolussnooze":0,"activity":-0.0205,"lastBolusTime":1703108234902,"time":"2023-12-21T00:27:03.756Z"}},{"iob":-0.107,"basaliob":-0.135,"bolussnooze":0,"activity":-0.0018,"lastBolusTime":1703108234902,"time":"2023-12-21T00:32:03.756Z","iobWithZeroTemp":{"iob":-2.002,"basaliob":-2.03,"bolussnooze":0,"activity":-0.0209,"lastBolusTime":1703108234902,"time":"2023-12-21T00:32:03.756Z"}},{"iob":-0.098,"basaliob":-0.123,"bolussnooze":0,"activity":-0.0017,"lastBolusTime":1703108234902,"time":"2023-12-21T00:37:03.756Z","iobWithZeroTemp":{"iob":-2.022,"basaliob":-2.047,"bolussnooze":0,"activity":-0.0213,"lastBolusTime":1703108234902,"time":"2023-12-21T00:37:03.756Z"}},{"iob":-0.09,"basaliob":-0.113,"bolussnooze":0,"activity":-0.0015,"lastBolusTime":1703108234902,"time":"2023-12-21T00:42:03.756Z","iobWithZeroTemp":{"iob":-2.04,"basaliob":-2.063,"bolussnooze":0,"activity":-0.0216,"lastBolusTime":1703108234902,"time":"2023-12-21T00:42:03.756Z"}},{"iob":-0.082,"basaliob":-0.103,"bolussnooze":0,"activity":-0.0015,"lastBolusTime":1703108234902,"time":"2023-12-21T00:47:03.756Z","iobWithZeroTemp":{"iob":-2.055,"basaliob":-2.076,"bolussnooze":0,"activity":-0.022,"lastBolusTime":1703108234902,"time":"2023-12-21T00:47:03.756Z"}},{"iob":-0.075,"basaliob":-0.094,"bolussnooze":0,"activity":-0.0013,"lastBolusTime":1703108234902,"time":"2023-12-21T00:52:03.756Z","iobWithZeroTemp":{"iob":-2.07,"basaliob":-2.089,"bolussnooze":0,"activity":-0.0222,"lastBolusTime":1703108234902,"time":"2023-12-21T00:52:03.756Z"}},{"iob":-0.069,"basaliob":-0.086,"bolussnooze":0,"activity":-0.0013,"lastBolusTime":1703108234902,"time":"2023-12-21T00:57:03.756Z","iobWithZeroTemp":{"iob":-2.084,"basaliob":-2.101,"bolussnooze":0,"activity":-0.0226,"lastBolusTime":1703108234902,"time":"2023-12-21T00:57:03.756Z"}},{"iob":-0.063,"basaliob":-0.078,"bolussnooze":0,"activity":-0.0012,"lastBolusTime":1703108234902,"time":"2023-12-21T01:02:03.756Z","iobWithZeroTemp":{"iob":-2.09,"basaliob":-2.105,"bolussnooze":0,"activity":-0.0228,"lastBolusTime":1703108234902,"time":"2023-12-21T01:02:03.756Z"}},{"iob":-0.057,"basaliob":-0.071,"bolussnooze":0,"activity":-0.001,"lastBolusTime":1703108234902,"time":"2023-12-21T01:07:03.756Z","iobWithZeroTemp":{"iob":-2.101,"basaliob":-2.115,"bolussnooze":0,"activity":-0.0229,"lastBolusTime":1703108234902,"time":"2023-12-21T01:07:03.756Z"}},{"iob":-0.052,"basaliob":-0.064,"bolussnooze":0,"activity":-9.0E-4,"lastBolusTime":1703108234902,"time":"2023-12-21T01:12:03.756Z","iobWithZeroTemp":{"iob":-2.111,"basaliob":-2.123,"bolussnooze":0,"activity":-0.0231,"lastBolusTime":1703108234902,"time":"2023-12-21T01:12:03.756Z"}},{"iob":-0.048,"basaliob":-0.059,"bolussnooze":0,"activity":-9.0E-4,"lastBolusTime":1703108234902,"time":"2023-12-21T01:17:03.756Z","iobWithZeroTemp":{"iob":-2.121,"basaliob":-2.132,"bolussnooze":0,"activity":-0.0233,"lastBolusTime":1703108234902,"time":"2023-12-21T01:17:03.756Z"}},{"iob":-0.043,"basaliob":-0.053,"bolussnooze":0,"activity":-8.0E-4,"lastBolusTime":1703108234902,"time":"2023-12-21T01:22:03.756Z","iobWithZeroTemp":{"iob":-2.128,"basaliob":-2.138,"bolussnooze":0,"activity":-0.0235,"lastBolusTime":1703108234902,"time":"2023-12-21T01:22:03.756Z"}},{"iob":-0.039,"basaliob":-0.048,"bolussnooze":0,"activity":-7.0E-4,"lastBolusTime":1703108234902,"time":"2023-12-21T01:27:03.756Z","iobWithZeroTemp":{"iob":-2.135,"basaliob":-2.144,"bolussnooze":0,"activity":-0.0236,"lastBolusTime":1703108234902,"time":"2023-12-21T01:27:03.756Z"}},{"iob":-0.036,"basaliob":-0.044,"bolussnooze":0,"activity":-7.0E-4,"lastBolusTime":1703108234902,"time":"2023-12-21T01:32:03.756Z","iobWithZeroTemp":{"iob":-2.142,"basaliob":-2.15,"bolussnooze":0,"activity":-0.0238,"lastBolusTime":1703108234902,"time":"2023-12-21T01:32:03.756Z"}},{"iob":-0.033,"basaliob":-0.04,"bolussnooze":0,"activity":-6.0E-4,"lastBolusTime":1703108234902,"time":"2023-12-21T01:37:03.756Z","iobWithZeroTemp":{"iob":-2.149,"basaliob":-2.156,"bolussnooze":0,"activity":-0.0239,"lastBolusTime":1703108234902,"time":"2023-12-21T01:37:03.756Z"}},{"iob":-0.03,"basaliob":-0.036,"bolussnooze":0,"activity":-6.0E-4,"lastBolusTime":1703108234902,"time":"2023-12-21T01:42:03.756Z","iobWithZeroTemp":{"iob":-2.154,"basaliob":-2.16,"bolussnooze":0,"activity":-0.024,"lastBolusTime":1703108234902,"time":"2023-12-21T01:42:03.756Z"}},{"iob":-0.026,"basaliob":-0.032,"bolussnooze":0,"activity":-6.0E-4,"lastBolusTime":1703108234902,"time":"2023-12-21T01:47:03.756Z","iobWithZeroTemp":{"iob":-2.158,"basaliob":-2.164,"bolussnooze":0,"activity":-0.0242,"lastBolusTime":1703108234902,"time":"2023-12-21T01:47:03.756Z"}},{"iob":-0.024,"basaliob":-0.029,"bolussnooze":0,"activity":-5.0E-4,"lastBolusTime":1703108234902,"time":"2023-12-21T01:52:03.756Z","iobWithZeroTemp":{"iob":-2.162,"basaliob":-2.167,"bolussnooze":0,"activity":-0.0242,"lastBolusTime":1703108234902,"time":"2023-12-21T01:52:03.756Z"}},{"iob":-0.021,"basaliob":-0.026,"bolussnooze":0,"activity":-4.0E-4,"lastBolusTime":1703108234902,"time":"2023-12-21T01:57:03.756Z","iobWithZeroTemp":{"iob":-2.166,"basaliob":-2.171,"bolussnooze":0,"activity":-0.0242,"lastBolusTime":1703108234902,"time":"2023-12-21T01:57:03.756Z"}},{"iob":-0.02,"basaliob":-0.024,"bolussnooze":0,"activity":-4.0E-4,"lastBolusTime":1703108234902,"time":"2023-12-21T02:02:03.756Z","iobWithZeroTemp":{"iob":-2.17,"basaliob":-2.174,"bolussnooze":0,"activity":-0.0244,"lastBolusTime":1703108234902,"time":"2023-12-21T02:02:03.756Z"}},{"iob":-0.018,"basaliob":-0.022,"bolussnooze":0,"activity":-3.0E-4,"lastBolusTime":1703108234902,"time":"2023-12-21T02:07:03.756Z","iobWithZeroTemp":{"iob":-2.157,"basaliob":-2.161,"bolussnooze":0,"activity":-0.0243,"lastBolusTime":1703108234902,"time":"2023-12-21T02:07:03.756Z"}},{"iob":-0.016,"basaliob":-0.019,"bolussnooze":0,"activity":-3.0E-4,"lastBolusTime":1703108234902,"time":"2023-12-21T02:12:03.756Z","iobWithZeroTemp":{"iob":-2.143,"basaliob":-2.146,"bolussnooze":0,"activity":-0.0244,"lastBolusTime":1703108234902,"time":"2023-12-21T02:12:03.756Z"}},{"iob":-0.014,"basaliob":-0.017,"bolussnooze":0,"activity":-3.0E-4,"lastBolusTime":1703108234902,"time":"2023-12-21T02:17:03.756Z","iobWithZeroTemp":{"iob":-2.129,"basaliob":-2.132,"bolussnooze":0,"activity":-0.0244,"lastBolusTime":1703108234902,"time":"2023-12-21T02:17:03.756Z"}},{"iob":-0.013,"basaliob":-0.016,"bolussnooze":0,"activity":-2.0E-4,"lastBolusTime":1703108234902,"time":"2023-12-21T02:22:03.756Z","iobWithZeroTemp":{"iob":-2.116,"basaliob":-2.119,"bolussnooze":0,"activity":-0.0243,"lastBolusTime":1703108234902,"time":"2023-12-21T02:22:03.756Z"}},{"iob":-0.012,"basaliob":-0.014,"bolussnooze":0,"activity":-2.0E-4,"lastBolusTime":1703108234902,"time":"2023-12-21T02:27:03.756Z","iobWithZeroTemp":{"iob":-2.103,"basaliob":-2.105,"bolussnooze":0,"activity":-0.0242,"lastBolusTime":1703108234902,"time":"2023-12-21T02:27:03.756Z"}},{"iob":-0.011,"basaliob":-0.013,"bolussnooze":0,"activity":-3.0E-4,"lastBolusTime":1703108234902,"time":"2023-12-21T02:32:03.756Z","iobWithZeroTemp":{"iob":-2.09,"basaliob":-2.092,"bolussnooze":0,"activity":-0.0243,"lastBolusTime":1703108234902,"time":"2023-12-21T02:32:03.756Z"}}],"profile":{"max_iob":20,"type":"current","max_daily_basal":1.6,"max_basal":4.8,"min_bg":111.6,"max_bg":111.6,"target_bg":111.6,"carb_ratio":4.5,"sens":63,"max_daily_safety_multiplier":3,"current_basal_safety_multiplier":4,"high_temptarget_raises_sensitivity":false,"low_temptarget_lowers_sensitivity":false,"sensitivity_raises_target":false,"resistance_lowers_target":false,"adv_target_adjustments":false,"exercise_mode":false,"half_basal_exercise_target":160,"maxCOB":120,"skip_neutral_temps":false,"remainingCarbsCap":90,"enableUAM":true,"A52_risk_enable":false,"SMBInterval":3,"enableSMB_with_COB":false,"enableSMB_with_temptarget":false,"allowSMB_with_high_temptarget":true,"enableSMB_always":true,"enableSMB_after_carbs":false,"maxSMBBasalMinutes":120,"maxUAMSMBBasalMinutes":120,"bolus_increment":0.05,"carbsReqThreshold":1,"current_basal":1.5,"temptargetSet":true,"autosens_max":1.8,"out_units":"mmol\/L"},"autosens_data":{"ratio":1},"meal_data":{"carbs":0,"mealCOB":0,"slopeFromMaxDeviation":-0.4864285714285715,"slopeFromMinDeviation":0.18374999999999997,"lastBolusTime":1703108234902,"lastCarbTime":0},"microBolusAllowed":true,"currentTime":1703111826111,"flatBGsDetected":false},"output":{"temp":"absolute","bg":70,"tick":-1,"eventualBG":85,"targetBG":111.6,"insulinReq":0,"deliverAt":"2023-12-20T22:37:06.111Z","sensitivityRatio":1,"predBGs":{"IOB":[70,69,67,67,66,66,66,67,67,68,69,70,71,72,73,74,75,76,77,78,79,79,80,81,81,82,82,83,83,83,84,84,84,85,85,85,85,86,86,86,86,86,86,86,87],"ZT":[70,71,72,73,75,77,79,81,84,87,90,94,98,102,107]},"COB":0,"IOB":-0.49,"reason":"COB: 0, Dev: -0.9, BGI: 0.0, ISF: 3.5, CR: 4.5, Target: 6.2, minPredBG 4.3, minGuardBG 3.7, IOBpredBG 4.8; minGuardBG 3.7<4.2 25m left and 0 ~ req 0U\/hr: no temp required","timestamp":"2023-12-20T22:37:06.219Z"}}