{"algorithm":"OpenAPSSMBPlugin","input":{"glucoseStatus":{"glucose":79,"noise":0,"delta":-2,"short_avgdelta":-2.67,"long_avgdelta":-1.61,"date":1703060800872},"currenttemp":{"temp":"absolute","duration":20,"rate":0,"minutesrunning":10},"iob_data":[{"iob":0.092,"basaliob":-1.189,"bolussnooze":0,"activity":0.0039,"lastBolusTime":1703059328687,"time":"2023-12-20T08:27:02.558Z","iobWithZeroTemp":{"iob":0.092,"basaliob":-1.189,"bolussnooze":0,"activity":0.0039,"lastBolusTime":1703059328687,"time":"2023-12-20T08:27:02.558Z"}},{"iob":0.074,"basaliob":-1.121,"bolussnooze":0,"activity":0.0033,"lastBolusTime":1703059328687,"time":"2023-12-20T08:32:02.558Z","iobWithZeroTemp":{"iob":0.001,"basaliob":-1.194,"bolussnooze":0,"activity":0.0032,"lastBolusTime":1703059328687,"time":"2023-12-20T08:32:02.558Z"}},{"iob":0.059,"basaliob":-1.054,"bolussnooze":0,"activity":0.0028,"lastBolusTime":1703059328687,"time":"2023-12-20T08:37:02.558Z","iobWithZeroTemp":{"iob":-0.105,"basaliob":-1.218,"bolussnooze":0,"activity":0.0025,"lastBolusTime":1703059328687,"time":"2023-12-20T08:37:02.558Z"}},{"iob":0.045,"basaliob":-0.989,"bolussnooze":0,"activity":0.0024,"lastBolusTime":1703059328687,"time":"2023-12-20T08:42:02.558Z","iobWithZeroTemp":{"iob":-0.208,"basaliob":-1.242,"bolussnooze":0,"activity":0.0017,"lastBolusTime":1703059328687,"time":"2023-12-20T08:42:02.558Z"}},{"iob":0.034,"basaliob":-0.925,"bolussnooze":0,"activity":0.002,"lastBolusTime":1703059328687,"time":"2023-12-20T08:47:02.558Z","iobWithZeroTemp":{"iob":-0.306,"basaliob":-1.265,"bolussnooze":0,"activity":7.0E-4,"lastBolusTime":1703059328687,"time":"2023-12-20T08:47:02.558Z"}},{"iob":0.025,"basaliob":-0.864,"bolussnooze":0,"activity":0.0016,"lastBolusTime":1703059328687,"time":"2023-12-20T08:52:02.558Z","iobWithZeroTemp":{"iob":-0.399,"basaliob":-1.288,"bolussnooze":0,"activity":-3.0E-4,"lastBolusTime":1703059328687,"time":"2023-12-20T08:52:02.558Z"}},{"iob":0.017,"basaliob":-0.805,"bolussnooze":0,"activity":0.0013,"lastBolusTime":1703059328687,"time":"2023-12-20T08:57:02.558Z","iobWithZeroTemp":{"iob":-0.487,"basaliob":-1.309,"bolussnooze":0,"activity":-0.0013,"lastBolusTime":1703059328687,"time":"2023-12-20T08:57:02.558Z"}},{"iob":0.011,"basaliob":-0.748,"bolussnooze":0,"activity":0.0012,"lastBolusTime":1703059328687,"time":"2023-12-20T09:02:02.558Z","iobWithZeroTemp":{"iob":-0.571,"basaliob":-1.33,"bolussnooze":0,"activity":-0.0021,"lastBolusTime":1703059328687,"time":"2023-12-20T09:02:02.558Z"}},{"iob":0.006,"basaliob":-0.694,"bolussnooze":0,"activity":9.0E-4,"lastBolusTime":1703059328687,"time":"2023-12-20T09:07:02.558Z","iobWithZeroTemp":{"iob":-0.641,"basaliob":-1.341,"bolussnooze":0,"activity":-0.0031,"lastBolusTime":1703059328687,"time":"2023-12-20T09:07:02.558Z"}},{"iob":0.001,"basaliob":-0.644,"bolussnooze":0,"activity":8.0E-4,"lastBolusTime":1703059328687,"time":"2023-12-20T09:12:02.558Z","iobWithZeroTemp":{"iob":-0.708,"basaliob":-1.353,"bolussnooze":0,"activity":-0.0039,"lastBolusTime":1703059328687,"time":"2023-12-20T09:12:02.558Z"}},{"iob":-0.001,"basaliob":-0.595,"bolussnooze":0,"activity":7.0E-4,"lastBolusTime":1703059328687,"time":"2023-12-20T09:17:02.558Z","iobWithZeroTemp":{"iob":-0.768,"basaliob":-1.362,"bolussnooze":0,"activity":-0.0048,"lastBolusTime":1703059328687,"time":"2023-12-20T09:17:02.558Z"}},{"iob":-0.004,"basaliob":-0.55,"bolussnooze":0,"activity":5.0E-4,"lastBolusTime":1703059328687,"time":"2023-12-20T09:22:02.558Z","iobWithZeroTemp":{"iob":-0.825,"basaliob":-1.371,"bolussnooze":0,"activity":-0.0057,"lastBolusTime":1703059328687,"time":"2023-12-20T09:22:02.558Z"}},{"iob":-0.007,"basaliob":-0.508,"bolussnooze":0,"activity":4.0E-4,"lastBolusTime":1703059328687,"time":"2023-12-20T09:27:02.558Z","iobWithZeroTemp":{"iob":-0.872,"basaliob":-1.373,"bolussnooze":0,"activity":-0.0064,"lastBolusTime":1703059328687,"time":"2023-12-20T09:27:02.558Z"}},{"iob":-0.009,"basaliob":-0.468,"bolussnooze":0,"activity":3.0E-4,"lastBolusTime":1703059328687,"time":"2023-12-20T09:32:02.558Z","iobWithZeroTemp":{"iob":-0.922,"basaliob":-1.381,"bolussnooze":0,"activity":-0.0071,"lastBolusTime":1703059328687,"time":"2023-12-20T09:32:02.558Z"}},{"iob":-0.01,"basaliob":-0.431,"bolussnooze":0,"activity":2.0E-4,"lastBolusTime":1703059328687,"time":"2023-12-20T09:37:02.558Z","iobWithZeroTemp":{"iob":-0.967,"basaliob":-1.388,"bolussnooze":0,"activity":-0.0079,"lastBolusTime":1703059328687,"time":"2023-12-20T09:37:02.558Z"}},{"iob":-0.011,"basaliob":-0.396,"bolussnooze":0,"activity":2.0E-4,"lastBolusTime":1703059328687,"time":"2023-12-20T09:42:02.558Z","iobWithZeroTemp":{"iob":-1.01,"basaliob":-1.395,"bolussnooze":0,"activity":-0.0085,"lastBolusTime":1703059328687,"time":"2023-12-20T09:42:02.558Z"}},{"iob":-0.011,"basaliob":-0.363,"bolussnooze":0,"activity":1.0E-4,"lastBolusTime":1703059328687,"time":"2023-12-20T09:47:02.558Z","iobWithZeroTemp":{"iob":-1.048,"basaliob":-1.4,"bolussnooze":0,"activity":-0.0091,"lastBolusTime":1703059328687,"time":"2023-12-20T09:47:02.558Z"}},{"iob":-0.011,"basaliob":-0.333,"bolussnooze":0,"activity":0,"lastBolusTime":1703059328687,"time":"2023-12-20T09:52:02.558Z","iobWithZeroTemp":{"iob":-1.084,"basaliob":-1.406,"bolussnooze":0,"activity":-0.0098,"lastBolusTime":1703059328687,"time":"2023-12-20T09:52:02.558Z"}},{"iob":-0.011,"basaliob":-0.305,"bolussnooze":0,"activity":0,"lastBolusTime":1703059328687,"time":"2023-12-20T09:57:02.558Z","iobWithZeroTemp":{"iob":-1.117,"basaliob":-1.411,"bolussnooze":0,"activity":-0.0103,"lastBolusTime":1703059328687,"time":"2023-12-20T09:57:02.558Z"}},{"iob":-0.012,"basaliob":-0.28,"bolussnooze":0,"activity":0,"lastBolusTime":1703059328687,"time":"2023-12-20T10:02:02.558Z","iobWithZeroTemp":{"iob":-1.149,"basaliob":-1.417,"bolussnooze":0,"activity":-0.0108,"lastBolusTime":1703059328687,"time":"2023-12-20T10:02:02.558Z"}},{"iob":-0.012,"basaliob":-0.256,"bolussnooze":0,"activity":0,"lastBolusTime":1703059328687,"time":"2023-12-20T10:07:02.558Z","iobWithZeroTemp":{"iob":-1.169,"basaliob":-1.413,"bolussnooze":0,"activity":-0.0112,"lastBolusTime":1703059328687,"time":"2023-12-20T10:07:02.558Z"}},{"iob":-0.012,"basaliob":-0.234,"bolussnooze":0,"activity":0,"lastBolusTime":1703059328687,"time":"2023-12-20T10:12:02.558Z","iobWithZeroTemp":{"iob":-1.187,"basaliob":-1.409,"bolussnooze":0,"activity":-0.0116,"lastBolusTime":1703059328687,"time":"2023-12-20T10:12:02.558Z"}},{"iob":-0.011,"basaliob":-0.213,"bolussnooze":0,"activity":-1.0E-4,"lastBolusTime":1703059328687,"time":"2023-12-20T10:17:02.558Z","iobWithZeroTemp":{"iob":-1.202,"basaliob":-1.404,"bolussnooze":0,"activity":-0.0121,"lastBolusTime":1703059328687,"time":"2023-12-20T10:17:02.558Z"}},{"iob":-0.011,"basaliob":-0.195,"bolussnooze":0,"activity":-1.0E-4,"lastBolusTime":1703059328687,"time":"2023-12-20T10:22:02.558Z","iobWithZeroTemp":{"iob":-1.216,"basaliob":-1.4,"bolussnooze":0,"activity":-0.0124,"lastBolusTime":1703059328687,"time":"2023-12-20T10:22:02.558Z"}},{"iob":-0.01,"basaliob":-0.177,"bolussnooze":0,"activity":-1.0E-4,"lastBolusTime":1703059328687,"time":"2023-12-20T10:27:02.558Z","iobWithZeroTemp":{"iob":-1.228,"basaliob":-1.395,"bolussnooze":0,"activity":-0.0127,"lastBolusTime":1703059328687,"time":"2023-12-20T10:27:02.558Z"}},{"iob":-0.011,"basaliob":-0.162,"bolussnooze":0,"activity":-1.0E-4,"lastBolusTime":1703059328687,"time":"2023-12-20T10:32:02.558Z","iobWithZeroTemp":{"iob":-1.241,"basaliob":-1.392,"bolussnooze":0,"activity":-0.013,"lastBolusTime":1703059328687,"time":"2023-12-20T10:32:02.558Z"}},{"iob":-0.01,"basaliob":-0.147,"bolussnooze":0,"activity":-1.0E-4,"lastBolusTime":1703059328687,"time":"2023-12-20T10:37:02.558Z","iobWithZeroTemp":{"iob":-1.25,"basaliob":-1.387,"bolussnooze":0,"activity":-0.0132,"lastBolusTime":1703059328687,"time":"2023-12-20T10:37:02.558Z"}},{"iob":-0.009,"basaliob":-0.134,"bolussnooze":0,"activity":-1.0E-4,"lastBolusTime":1703059328687,"time":"2023-12-20T10:42:02.558Z","iobWithZeroTemp":{"iob":-1.258,"basaliob":-1.383,"bolussnooze":0,"activity":-0.0134,"lastBolusTime":1703059328687,"time":"2023-12-20T10:42:02.558Z"}},{"iob":-0.008,"basaliob":-0.121,"bolussnooze":0,"activity":-1.0E-4,"lastBolusTime":1703059328687,"time":"2023-12-20T10:47:02.558Z","iobWithZeroTemp":{"iob":-1.265,"basaliob":-1.378,"bolussnooze":0,"activity":-0.0136,"lastBolusTime":1703059328687,"time":"2023-12-20T10:47:02.558Z"}},{"iob":-0.008,"basaliob":-0.11,"bolussnooze":0,"activity":-1.0E-4,"lastBolusTime":1703059328687,"time":"2023-12-20T10:52:02.558Z","iobWithZeroTemp":{"iob":-1.272,"basaliob":-1.374,"bolussnooze":0,"activity":-0.0138,"lastBolusTime":1703059328687,"time":"2023-12-20T10:52:02.558Z"}},{"iob":-0.008,"basaliob":-0.1,"bolussnooze":0,"activity":-1.0E-4,"lastBolusTime":1703059328687,"time":"2023-12-20T10:57:02.558Z","iobWithZeroTemp":{"iob":-1.279,"basaliob":-1.371,"bolussnooze":0,"activity":-0.0139,"lastBolusTime":1703059328687,"time":"2023-12-20T10:57:02.558Z"}},{"iob":-0.008,"basaliob":-0.091,"bolussnooze":0,"activity":-1.0E-4,"lastBolusTime":1703059328687,"time":"2023-12-20T11:02:02.558Z","iobWithZeroTemp":{"iob":-1.284,"basaliob":-1.367,"bolussnooze":0,"activity":-0.014,"lastBolusTime":1703059328687,"time":"2023-12-20T11:02:02.558Z"}},{"iob":-0.007,"basaliob":-0.082,"bolussnooze":0,"activity":-1.0E-4,"lastBolusTime":1703059328687,"time":"2023-12-20T11:07:02.558Z","iobWithZeroTemp":{"iob":-1.28,"basaliob":-1.355,"bolussnooze":0,"activity":-0.0141,"lastBolusTime":1703059328687,"time":"2023-12-20T11:07:02.558Z"}},{"iob":-0.006,"basaliob":-0.074,"bolussnooze":0,"activity":-1.0E-4,"lastBolusTime":1703059328687,"time":"2023-12-20T11:12:02.558Z","iobWithZeroTemp":{"iob":-1.275,"basaliob":-1.343,"bolussnooze":0,"activity":-0.0142,"lastBolusTime":1703059328687,"time":"2023-12-20T11:12:02.558Z"}},{"iob":-0.006,"basaliob":-0.067,"bolussnooze":0,"activity":-1.0E-4,"lastBolusTime":1703059328687,"time":"2023-12-20T11:17:02.558Z","iobWithZeroTemp":{"iob":-1.267,"basaliob":-1.328,"bolussnooze":0,"activity":-0.0142,"lastBolusTime":1703059328687,"time":"2023-12-20T11:17:02.558Z"}},{"iob":-0.006,"basaliob":-0.061,"bolussnooze":0,"activity":0,"lastBolusTime":1703059328687,"time":"2023-12-20T11:22:02.558Z","iobWithZeroTemp":{"iob":-1.263,"basaliob":-1.318,"bolussnooze":0,"activity":-0.0142,"lastBolusTime":1703059328687,"time":"2023-12-20T11:22:02.558Z"}},{"iob":-0.005,"basaliob":-0.055,"bolussnooze":0,"activity":-1.0E-4,"lastBolusTime":1703059328687,"time":"2023-12-20T11:27:02.558Z","iobWithZeroTemp":{"iob":-1.258,"basaliob":-1.308,"bolussnooze":0,"activity":-0.0143,"lastBolusTime":1703059328687,"time":"2023-12-20T11:27:02.558Z"}},{"iob":-0.005,"basaliob":-0.05,"bolussnooze":0,"activity":-1.0E-4,"lastBolusTime":1703059328687,"time":"2023-12-20T11:32:02.558Z","iobWithZeroTemp":{"iob":-1.254,"basaliob":-1.299,"bolussnooze":0,"activity":-0.0143,"lastBolusTime":1703059328687,"time":"2023-12-20T11:32:02.558Z"}},{"iob":-0.005,"basaliob":-0.045,"bolussnooze":0,"activity":0,"lastBolusTime":1703059328687,"time":"2023-12-20T11:37:02.558Z","iobWithZeroTemp":{"iob":-1.25,"basaliob":-1.29,"bolussnooze":0,"activity":-0.0142,"lastBolusTime":1703059328687,"time":"2023-12-20T11:37:02.558Z"}},{"iob":-0.004,"basaliob":-0.04,"bolussnooze":0,"activity":0,"lastBolusTime":1703059328687,"time":"2023-12-20T11:42:02.558Z","iobWithZeroTemp":{"iob":-1.245,"basaliob":-1.281,"bolussnooze":0,"activity":-0.0142,"lastBolusTime":1703059328687,"time":"2023-12-20T11:42:02.558Z"}},{"iob":-0.004,"basaliob":-0.036,"bolussnooze":0,"activity":-1.0E-4,"lastBolusTime":1703059328687,"time":"2023-12-20T11:47:02.558Z","iobWithZeroTemp":{"iob":-1.24,"basaliob":-1.272,"bolussnooze":0,"activity":-0.0143,"lastBolusTime":1703059328687,"time":"2023-12-20T11:47:02.558Z"}},{"iob":-0.004,"basaliob":-0.033,"bolussnooze":0,"activity":-1.0E-4,"lastBolusTime":1703059328687,"time":"2023-12-20T11:52:02.558Z","iobWithZeroTemp":{"iob":-1.236,"basaliob":-1.265,"bolussnooze":0,"activity":-0.0142,"lastBolusTime":1703059328687,"time":"2023-12-20T11:52:02.558Z"}},{"iob":-0.003,"basaliob":-0.029,"bolussnooze":0,"activity":0,"lastBolusTime":1703059328687,"time":"2023-12-20T11:57:02.558Z","iobWithZeroTemp":{"iob":-1.232,"basaliob":-1.258,"bolussnooze":0,"activity":-0.0141,"lastBolusTime":1703059328687,"time":"2023-12-20T11:57:02.558Z"}},{"iob":-0.003,"basaliob":-0.026,"bolussnooze":0,"activity":-1.0E-4,"lastBolusTime":1703059328687,"time":"2023-12-20T12:02:02.558Z","iobWithZeroTemp":{"iob":-1.228,"basaliob":-1.251,"bolussnooze":0,"activity":-0.0142,"lastBolusTime":1703059328687,"time":"2023-12-20T12:02:02.558Z"}},{"iob":-0.003,"basaliob":-0.024,"bolussnooze":0,"activity":0,"lastBolusTime":1703059328687,"time":"2023-12-20T12:07:02.558Z","iobWithZeroTemp":{"iob":-1.224,"basaliob":-1.245,"bolussnooze":0,"activity":-0.014,"lastBolusTime":1703059328687,"time":"2023-12-20T12:07:02.558Z"}},{"iob":-0.002,"basaliob":-0.021,"bolussnooze":0,"activity":-1.0E-4,"lastBolusTime":1703059328687,"time":"2023-12-20T12:12:02.558Z","iobWithZeroTemp":{"iob":-1.22,"basaliob":-1.239,"bolussnooze":0,"activity":-0.0141,"lastBolusTime":1703059328687,"time":"2023-12-20T12:12:02.558Z"}},{"iob":-0.002,"basaliob":-0.019,"bolussnooze":0,"activity":0,"lastBolusTime":1703059328687,"time":"2023-12-20T12:17:02.558Z","iobWithZeroTemp":{"iob":-1.216,"basaliob":-1.233,"bolussnooze":0,"activity":-0.014,"lastBolusTime":1703059328687,"time":"2023-12-20T12:17:02.558Z"}},{"iob":-0.002,"basaliob":-0.017,"bolussnooze":0,"activity":-1.0E-4,"lastBolusTime":1703059328687,"time":"2023-12-20T12:22:02.558Z","iobWithZeroTemp":{"iob":-1.213,"basaliob":-1.228,"bolussnooze":0,"activity":-0.014,"lastBolusTime":1703059328687,"time":"2023-12-20T12:22:02.558Z"}}],"profile":{"max_iob":20,"type":"current","max_daily_basal":1.6,"max_basal":4.4,"min_bg":81,"max_bg":81,"target_bg":81,"carb_ratio":5.5,"sens":72,"max_daily_safety_multiplier":3,"current_basal_safety_multiplier":4,"high_temptarget_raises_sensitivity":false,"low_temptarget_lowers_sensitivity":false,"sensitivity_raises_target":false,"resistance_lowers_target":false,"adv_target_adjustments":false,"exercise_mode":false,"half_basal_exercise_target":160,"maxCOB":120,"skip_neutral_temps":false,"remainingCarbsCap":90,"enableUAM":true,"A52_risk_enable":false,"SMBInterval":3,"enableSMB_with_COB":false,"enableSMB_with_temptarget":false,"allowSMB_with_high_temptarget":true,"enableSMB_always":true,"enableSMB_after_carbs":false,"maxSMBBasalMinutes":120,"maxUAMSMBBasalMinutes":120,"bolus_increment":0.05,"carbsReqThreshold":1,"current_basal":1.1,"temptargetSet":true,"autosens_max":1.8,"out_units":"mmol\/L"},"autosens_data":{"ratio":1},"meal_data":{"carbs":20,"mealCOB":5.333333333333343,"slopeFromMaxDeviation":-1.2027499999999998,"slopeFromMinDeviation":0,"lastBolusTime":1703059328687,"lastCarbTime":1703053023000},"microBolusAllowed":true,"currentTime":1703060823409,"flatBGsDetected":false},"output":{"temp":"absolute","bg":79,"tick":-2,"eventualBG":115,"targetBG":81,"insulinReq":-0.12,"deliverAt":"2023-12-20T08:27:03.409Z","sensitivityRatio":1,"predBGs":{"IOB":[79,76,74,72,70,69,68,67,66,65,65,64,64],"ZT":[79,78,76,76,75,75,75,75,76,77,79,80],"COB":[79,76,74,72,71,70,69,68,68,67,67,68,68,68,69,70,70,71,72,73,74,75,76,77,78,80,81,82,84,85,87,88,90,92,93,95,97,99,101,102,104,106,107,109,111,112,114,115],"UAM":[79,76,74,72,70,69,68,67,66,65,65,64,64]},"COB":5.333333333333343,"IOB":0.092,"reason":"COB: 5.3, Dev: -0.1, BGI: -0.1, ISF: 4.0, CR: 5.5, Target: 4.5, minPredBG 4.0, minGuardBG 3.6, IOBpredBG 3.6, COBpredBG 6.4, UAMpredBG 3.6; Eventual BG 6.4 >= 4.5,  insulinReq -0.12; setting 30m low temp of 0.37U\/h. ","rate":0.37,"duration":30,"timestamp":"2023-12-20T08:27:03.464Z"}}