{"algorithm":"OpenAPSSMBPlugin","input":{"glucoseStatus":{"glucose":83,"noise":0,"delta":0,"short_avgdelta":1,"long_avgdelta":2,"date":1703090502043},"currenttemp":{"temp":"absolute","duration":16,"rate":0.9,"minutesrunning":14},"iob_data":[{"iob":-0.271,"basaliob":-0.524,"bolussnooze":1.0E-4,"activity":-0.0063,"lastBolusTime":1703090233390,"time":"2023-12-20T16:42:03.529Z","iobWithZeroTemp":{"iob":-0.271,"basaliob":-0.524,"bolussnooze":1.0E-4,"activity":-0.0063,"lastBolusTime":1703090233390,"time":"2023-12-20T16:42:03.529Z"}},{"iob":-0.241,"basaliob":-0.484,"bolussnooze":0,"activity":-0.0056,"lastBolusTime":1703090233390,"time":"2023-12-20T16:47:03.529Z","iobWithZeroTemp":{"iob":-0.281,"basaliob":-0.524,"bolussnooze":0,"activity":-0.0056,"lastBolusTime":1703090233390,"time":"2023-12-20T16:47:03.529Z"}},{"iob":-0.214,"basaliob":-0.446,"bolussnooze":0,"activity":-0.005,"lastBolusTime":1703090233390,"time":"2023-12-20T16:52:03.529Z","iobWithZeroTemp":{"iob":-0.303,"basaliob":-0.535,"bolussnooze":0,"activity":-0.0052,"lastBolusTime":1703090233390,"time":"2023-12-20T16:52:03.529Z"}},{"iob":-0.191,"basaliob":-0.411,"bolussnooze":0,"activity":-0.0045,"lastBolusTime":1703090233390,"time":"2023-12-20T16:57:03.529Z","iobWithZeroTemp":{"iob":-0.329,"basaliob":-0.549,"bolussnooze":0,"activity":-0.0049,"lastBolusTime":1703090233390,"time":"2023-12-20T16:57:03.529Z"}},{"iob":-0.17,"basaliob":-0.378,"bolussnooze":0,"activity":-0.0039,"lastBolusTime":1703090233390,"time":"2023-12-20T17:02:03.529Z","iobWithZeroTemp":{"iob":-0.355,"basaliob":-0.563,"bolussnooze":0,"activity":-0.0046,"lastBolusTime":1703090233390,"time":"2023-12-20T17:02:03.529Z"}},{"iob":-0.15,"basaliob":-0.347,"bolussnooze":0,"activity":-0.0036,"lastBolusTime":1703090233390,"time":"2023-12-20T17:07:03.529Z","iobWithZeroTemp":{"iob":-0.381,"basaliob":-0.578,"bolussnooze":0,"activity":-0.0046,"lastBolusTime":1703090233390,"time":"2023-12-20T17:07:03.529Z"}},{"iob":-0.134,"basaliob":-0.319,"bolussnooze":0,"activity":-0.0032,"lastBolusTime":1703090233390,"time":"2023-12-20T17:12:03.529Z","iobWithZeroTemp":{"iob":-0.409,"basaliob":-0.594,"bolussnooze":0,"activity":-0.0046,"lastBolusTime":1703090233390,"time":"2023-12-20T17:12:03.529Z"}},{"iob":-0.118,"basaliob":-0.292,"bolussnooze":0,"activity":-0.0028,"lastBolusTime":1703090233390,"time":"2023-12-20T17:17:03.529Z","iobWithZeroTemp":{"iob":-0.435,"basaliob":-0.609,"bolussnooze":0,"activity":-0.0046,"lastBolusTime":1703090233390,"time":"2023-12-20T17:17:03.529Z"}},{"iob":-0.106,"basaliob":-0.268,"bolussnooze":0,"activity":-0.0025,"lastBolusTime":1703090233390,"time":"2023-12-20T17:22:03.529Z","iobWithZeroTemp":{"iob":-0.463,"basaliob":-0.625,"bolussnooze":0,"activity":-0.0047,"lastBolusTime":1703090233390,"time":"2023-12-20T17:22:03.529Z"}},{"iob":-0.093,"basaliob":-0.245,"bolussnooze":0,"activity":-0.0023,"lastBolusTime":1703090233390,"time":"2023-12-20T17:27:03.529Z","iobWithZeroTemp":{"iob":-0.488,"basaliob":-0.64,"bolussnooze":0,"activity":-0.0049,"lastBolusTime":1703090233390,"time":"2023-12-20T17:27:03.529Z"}},{"iob":-0.083,"basaliob":-0.224,"bolussnooze":0,"activity":-0.002,"lastBolusTime":1703090233390,"time":"2023-12-20T17:32:03.529Z","iobWithZeroTemp":{"iob":-0.514,"basaliob":-0.655,"bolussnooze":0,"activity":-0.005,"lastBolusTime":1703090233390,"time":"2023-12-20T17:32:03.529Z"}},{"iob":-0.073,"basaliob":-0.205,"bolussnooze":0,"activity":-0.0018,"lastBolusTime":1703090233390,"time":"2023-12-20T17:37:03.529Z","iobWithZeroTemp":{"iob":-0.538,"basaliob":-0.67,"bolussnooze":0,"activity":-0.0052,"lastBolusTime":1703090233390,"time":"2023-12-20T17:37:03.529Z"}},{"iob":-0.065,"basaliob":-0.187,"bolussnooze":0,"activity":-0.0016,"lastBolusTime":1703090233390,"time":"2023-12-20T17:42:03.529Z","iobWithZeroTemp":{"iob":-0.562,"basaliob":-0.684,"bolussnooze":0,"activity":-0.0054,"lastBolusTime":1703090233390,"time":"2023-12-20T17:42:03.529Z"}},{"iob":-0.057,"basaliob":-0.17,"bolussnooze":0,"activity":-0.0015,"lastBolusTime":1703090233390,"time":"2023-12-20T17:47:03.529Z","iobWithZeroTemp":{"iob":-0.584,"basaliob":-0.697,"bolussnooze":0,"activity":-0.0057,"lastBolusTime":1703090233390,"time":"2023-12-20T17:47:03.529Z"}},{"iob":-0.05,"basaliob":-0.155,"bolussnooze":0,"activity":-0.0013,"lastBolusTime":1703090233390,"time":"2023-12-20T17:52:03.529Z","iobWithZeroTemp":{"iob":-0.605,"basaliob":-0.71,"bolussnooze":0,"activity":-0.0059,"lastBolusTime":1703090233390,"time":"2023-12-20T17:52:03.529Z"}},{"iob":-0.044,"basaliob":-0.141,"bolussnooze":0,"activity":-0.0012,"lastBolusTime":1703090233390,"time":"2023-12-20T17:57:03.529Z","iobWithZeroTemp":{"iob":-0.625,"basaliob":-0.722,"bolussnooze":0,"activity":-0.0062,"lastBolusTime":1703090233390,"time":"2023-12-20T17:57:03.529Z"}},{"iob":-0.04,"basaliob":-0.129,"bolussnooze":0,"activity":-0.001,"lastBolusTime":1703090233390,"time":"2023-12-20T18:02:03.529Z","iobWithZeroTemp":{"iob":-0.645,"basaliob":-0.734,"bolussnooze":0,"activity":-0.0063,"lastBolusTime":1703090233390,"time":"2023-12-20T18:02:03.529Z"}},{"iob":-0.035,"basaliob":-0.117,"bolussnooze":0,"activity":-8.0E-4,"lastBolusTime":1703090233390,"time":"2023-12-20T18:07:03.529Z","iobWithZeroTemp":{"iob":-0.663,"basaliob":-0.745,"bolussnooze":0,"activity":-0.0065,"lastBolusTime":1703090233390,"time":"2023-12-20T18:07:03.529Z"}},{"iob":-0.03,"basaliob":-0.106,"bolussnooze":0,"activity":-8.0E-4,"lastBolusTime":1703090233390,"time":"2023-12-20T18:12:03.529Z","iobWithZeroTemp":{"iob":-0.679,"basaliob":-0.755,"bolussnooze":0,"activity":-0.0068,"lastBolusTime":1703090233390,"time":"2023-12-20T18:12:03.529Z"}},{"iob":-0.026,"basaliob":-0.096,"bolussnooze":0,"activity":-7.0E-4,"lastBolusTime":1703090233390,"time":"2023-12-20T18:17:03.529Z","iobWithZeroTemp":{"iob":-0.694,"basaliob":-0.764,"bolussnooze":0,"activity":-0.007,"lastBolusTime":1703090233390,"time":"2023-12-20T18:17:03.529Z"}},{"iob":-0.023,"basaliob":-0.087,"bolussnooze":0,"activity":-6.0E-4,"lastBolusTime":1703090233390,"time":"2023-12-20T18:22:03.529Z","iobWithZeroTemp":{"iob":-0.709,"basaliob":-0.773,"bolussnooze":0,"activity":-0.0072,"lastBolusTime":1703090233390,"time":"2023-12-20T18:22:03.529Z"}},{"iob":-0.02,"basaliob":-0.079,"bolussnooze":0,"activity":-6.0E-4,"lastBolusTime":1703090233390,"time":"2023-12-20T18:27:03.529Z","iobWithZeroTemp":{"iob":-0.723,"basaliob":-0.782,"bolussnooze":0,"activity":-0.0074,"lastBolusTime":1703090233390,"time":"2023-12-20T18:27:03.529Z"}},{"iob":-0.018,"basaliob":-0.072,"bolussnooze":0,"activity":-5.0E-4,"lastBolusTime":1703090233390,"time":"2023-12-20T18:32:03.529Z","iobWithZeroTemp":{"iob":-0.736,"basaliob":-0.79,"bolussnooze":0,"activity":-0.0076,"lastBolusTime":1703090233390,"time":"2023-12-20T18:32:03.529Z"}},{"iob":-0.016,"basaliob":-0.065,"bolussnooze":0,"activity":-4.0E-4,"lastBolusTime":1703090233390,"time":"2023-12-20T18:37:03.529Z","iobWithZeroTemp":{"iob":-0.748,"basaliob":-0.797,"bolussnooze":0,"activity":-0.0077,"lastBolusTime":1703090233390,"time":"2023-12-20T18:37:03.529Z"}},{"iob":-0.014,"basaliob":-0.059,"bolussnooze":0,"activity":-4.0E-4,"lastBolusTime":1703090233390,"time":"2023-12-20T18:42:03.529Z","iobWithZeroTemp":{"iob":-0.759,"basaliob":-0.804,"bolussnooze":0,"activity":-0.0079,"lastBolusTime":1703090233390,"time":"2023-12-20T18:42:03.529Z"}},{"iob":-0.012,"basaliob":-0.053,"bolussnooze":0,"activity":-4.0E-4,"lastBolusTime":1703090233390,"time":"2023-12-20T18:47:03.529Z","iobWithZeroTemp":{"iob":-0.769,"basaliob":-0.81,"bolussnooze":0,"activity":-0.0081,"lastBolusTime":1703090233390,"time":"2023-12-20T18:47:03.529Z"}},{"iob":-0.01,"basaliob":-0.048,"bolussnooze":0,"activity":-3.0E-4,"lastBolusTime":1703090233390,"time":"2023-12-20T18:52:03.529Z","iobWithZeroTemp":{"iob":-0.778,"basaliob":-0.816,"bolussnooze":0,"activity":-0.0082,"lastBolusTime":1703090233390,"time":"2023-12-20T18:52:03.529Z"}},{"iob":-0.009,"basaliob":-0.043,"bolussnooze":0,"activity":-3.0E-4,"lastBolusTime":1703090233390,"time":"2023-12-20T18:57:03.529Z","iobWithZeroTemp":{"iob":-0.787,"basaliob":-0.821,"bolussnooze":0,"activity":-0.0084,"lastBolusTime":1703090233390,"time":"2023-12-20T18:57:03.529Z"}},{"iob":-0.008,"basaliob":-0.039,"bolussnooze":0,"activity":-2.0E-4,"lastBolusTime":1703090233390,"time":"2023-12-20T19:02:03.529Z","iobWithZeroTemp":{"iob":-0.795,"basaliob":-0.826,"bolussnooze":0,"activity":-0.0084,"lastBolusTime":1703090233390,"time":"2023-12-20T19:02:03.529Z"}},{"iob":-0.007,"basaliob":-0.035,"bolussnooze":0,"activity":-2.0E-4,"lastBolusTime":1703090233390,"time":"2023-12-20T19:07:03.529Z","iobWithZeroTemp":{"iob":-0.803,"basaliob":-0.831,"bolussnooze":0,"activity":-0.0086,"lastBolusTime":1703090233390,"time":"2023-12-20T19:07:03.529Z"}},{"iob":-0.006,"basaliob":-0.032,"bolussnooze":0,"activity":-2.0E-4,"lastBolusTime":1703090233390,"time":"2023-12-20T19:12:03.529Z","iobWithZeroTemp":{"iob":-0.81,"basaliob":-0.836,"bolussnooze":0,"activity":-0.0087,"lastBolusTime":1703090233390,"time":"2023-12-20T19:12:03.529Z"}},{"iob":-0.005,"basaliob":-0.029,"bolussnooze":0,"activity":-2.0E-4,"lastBolusTime":1703090233390,"time":"2023-12-20T19:17:03.529Z","iobWithZeroTemp":{"iob":-0.816,"basaliob":-0.84,"bolussnooze":0,"activity":-0.0089,"lastBolusTime":1703090233390,"time":"2023-12-20T19:17:03.529Z"}},{"iob":-0.005,"basaliob":-0.026,"bolussnooze":0,"activity":-1.0E-4,"lastBolusTime":1703090233390,"time":"2023-12-20T19:22:03.529Z","iobWithZeroTemp":{"iob":-0.822,"basaliob":-0.843,"bolussnooze":0,"activity":-0.0089,"lastBolusTime":1703090233390,"time":"2023-12-20T19:22:03.529Z"}},{"iob":-0.004,"basaliob":-0.023,"bolussnooze":0,"activity":-1.0E-4,"lastBolusTime":1703090233390,"time":"2023-12-20T19:27:03.529Z","iobWithZeroTemp":{"iob":-0.827,"basaliob":-0.846,"bolussnooze":0,"activity":-0.009,"lastBolusTime":1703090233390,"time":"2023-12-20T19:27:03.529Z"}},{"iob":-0.003,"basaliob":-0.021,"bolussnooze":0,"activity":-1.0E-4,"lastBolusTime":1703090233390,"time":"2023-12-20T19:32:03.529Z","iobWithZeroTemp":{"iob":-0.831,"basaliob":-0.849,"bolussnooze":0,"activity":-0.0091,"lastBolusTime":1703090233390,"time":"2023-12-20T19:32:03.529Z"}},{"iob":-0.003,"basaliob":-0.019,"bolussnooze":0,"activity":-1.0E-4,"lastBolusTime":1703090233390,"time":"2023-12-20T19:37:03.529Z","iobWithZeroTemp":{"iob":-0.836,"basaliob":-0.852,"bolussnooze":0,"activity":-0.0092,"lastBolusTime":1703090233390,"time":"2023-12-20T19:37:03.529Z"}},{"iob":-0.003,"basaliob":-0.017,"bolussnooze":0,"activity":-1.0E-4,"lastBolusTime":1703090233390,"time":"2023-12-20T19:42:03.529Z","iobWithZeroTemp":{"iob":-0.841,"basaliob":-0.855,"bolussnooze":0,"activity":-0.0093,"lastBolusTime":1703090233390,"time":"2023-12-20T19:42:03.529Z"}},{"iob":-0.002,"basaliob":-0.015,"bolussnooze":0,"activity":0,"lastBolusTime":1703090233390,"time":"2023-12-20T19:47:03.529Z","iobWithZeroTemp":{"iob":-0.844,"basaliob":-0.857,"bolussnooze":0,"activity":-0.0092,"lastBolusTime":1703090233390,"time":"2023-12-20T19:47:03.529Z"}},{"iob":-0.001,"basaliob":-0.013,"bolussnooze":0,"activity":-1.0E-4,"lastBolusTime":1703090233390,"time":"2023-12-20T19:52:03.529Z","iobWithZeroTemp":{"iob":-0.846,"basaliob":-0.858,"bolussnooze":0,"activity":-0.0094,"lastBolusTime":1703090233390,"time":"2023-12-20T19:52:03.529Z"}},{"iob":-0.001,"basaliob":-0.012,"bolussnooze":0,"activity":-1.0E-4,"lastBolusTime":1703090233390,"time":"2023-12-20T19:57:03.529Z","iobWithZeroTemp":{"iob":-0.85,"basaliob":-0.861,"bolussnooze":0,"activity":-0.0095,"lastBolusTime":1703090233390,"time":"2023-12-20T19:57:03.529Z"}},{"iob":-0.001,"basaliob":-0.011,"bolussnooze":0,"activity":0,"lastBolusTime":1703090233390,"time":"2023-12-20T20:02:03.529Z","iobWithZeroTemp":{"iob":-0.853,"basaliob":-0.863,"bolussnooze":0,"activity":-0.0094,"lastBolusTime":1703090233390,"time":"2023-12-20T20:02:03.529Z"}},{"iob":-0.001,"basaliob":-0.01,"bolussnooze":0,"activity":0,"lastBolusTime":1703090233390,"time":"2023-12-20T20:07:03.529Z","iobWithZeroTemp":{"iob":-0.868,"basaliob":-0.877,"bolussnooze":0,"activity":-0.0095,"lastBolusTime":1703090233390,"time":"2023-12-20T20:07:03.529Z"}},{"iob":0,"basaliob":-0.008,"bolussnooze":0,"activity":0,"lastBolusTime":1703090233390,"time":"2023-12-20T20:12:03.529Z","iobWithZeroTemp":{"iob":-0.882,"basaliob":-0.89,"bolussnooze":0,"activity":-0.0096,"lastBolusTime":1703090233390,"time":"2023-12-20T20:12:03.529Z"}},{"iob":-0.001,"basaliob":-0.008,"bolussnooze":0,"activity":-1.0E-4,"lastBolusTime":1703090233390,"time":"2023-12-20T20:17:03.529Z","iobWithZeroTemp":{"iob":-0.897,"basaliob":-0.904,"bolussnooze":0,"activity":-0.0098,"lastBolusTime":1703090233390,"time":"2023-12-20T20:17:03.529Z"}},{"iob":-0.001,"basaliob":-0.007,"bolussnooze":0,"activity":-1.0E-4,"lastBolusTime":1703090233390,"time":"2023-12-20T20:22:03.529Z","iobWithZeroTemp":{"iob":-0.911,"basaliob":-0.917,"bolussnooze":0,"activity":-0.0099,"lastBolusTime":1703090233390,"time":"2023-12-20T20:22:03.529Z"}},{"iob":0,"basaliob":-0.006,"bolussnooze":0,"activity":0,"lastBolusTime":1703090233390,"time":"2023-12-20T20:27:03.529Z","iobWithZeroTemp":{"iob":-0.923,"basaliob":-0.929,"bolussnooze":0,"activity":-0.0099,"lastBolusTime":1703090233390,"time":"2023-12-20T20:27:03.529Z"}},{"iob":0,"basaliob":-0.005,"bolussnooze":0,"activity":0,"lastBolusTime":1703090233390,"time":"2023-12-20T20:32:03.529Z","iobWithZeroTemp":{"iob":-0.935,"basaliob":-0.94,"bolussnooze":0,"activity":-0.0101,"lastBolusTime":1703090233390,"time":"2023-12-20T20:32:03.529Z"}},{"iob":0,"basaliob":-0.005,"bolussnooze":0,"activity":0,"lastBolusTime":1703090233390,"time":"2023-12-20T20:37:03.529Z","iobWithZeroTemp":{"iob":-0.947,"basaliob":-0.952,"bolussnooze":0,"activity":-0.0102,"lastBolusTime":1703090233390,"time":"2023-12-20T20:37:03.529Z"}}],"profile":{"max_iob":20,"type":"current","max_daily_basal":1.6,"max_basal":2.4,"min_bg":90,"max_bg":90,"target_bg":90,"carb_ratio":8,"sens":108,"max_daily_safety_multiplier":3,"current_basal_safety_multiplier":4,"high_temptarget_raises_sensitivity":false,"low_temptarget_lowers_sensitivity":false,"sensitivity_raises_target":false,"resistance_lowers_target":false,"adv_target_adjustments":false,"exercise_mode":false,"half_basal_exercise_target":160,"maxCOB":120,"skip_neutral_temps":false,"remainingCarbsCap":90,"enableUAM":true,"A52_risk_enable":false,"SMBInterval":3,"enableSMB_with_COB":false,"enableSMB_with_temptarget":false,"allowSMB_with_high_temptarget":true,"enableSMB_always":true,"enableSMB_after_carbs":false,"maxSMBBasalMinutes":120,"maxUAMSMBBasalMinutes":120,"bolus_increment":0.05,"carbsReqThreshold":1,"current_basal":0.6,"temptargetSet":false,"autosens_max":1.8,"out_units":"mmol\/L"},"autosens_data":{"ratio":1},"meal_data":{"carbs":15,"mealCOB":0,"slopeFromMaxDeviation":0,"slopeFromMinDeviation":0.6327499999999998,"lastBolusTime":1703090233390,"lastCarbTime":1703074649000},"microBolusAllowed":true,"currentTime":1703090526767,"flatBGsDetected":false},"output":{"temp":"absolute","bg":83,"tick":"+0","eventualBG":104,"targetBG":90,"insulinReq":-0.02,"deliverAt":"2023-12-20T16:42:06.767Z","sensitivityRatio":1,"predBGs":{"IOB":[83,83,83,84,84,84,84,84,85,85,86,87,88,89,89,90,91,91,92,92,93,93,93,93,94,94,94,94,94,95],"ZT":[83,86,89,92,95,97,100]},"COB":0,"IOB":-0.271,"reason":"COB: 0, Dev: -0.4, BGI: 0.2, ISF: 6.0, CR: 8, Target: 5.0, minPredBG 4.9, minGuardBG 4.6, IOBpredBG 5.3; Eventual BG 5.8 >= 5.0,  insulinReq -0.02. 16m@0.90 > 2 * insulinReq. Setting temp basal of 0.56U\/hr. ","duration":30,"rate":0.5599999999999999,"timestamp":"2023-12-20T16:42:06.880Z"}}