{"algorithm":"OpenAPSSMBPlugin","input":{"glucoseStatus":{"glucose":70,"noise":0,"delta":-5,"short_avgdelta":-4.06,"long_avgdelta":-1.23,"date":1703030801575},"currenttemp":{"temp":"absolute","duration":24,"rate":0,"minutesrunning":6},"iob_data":[{"iob":-0.4,"basaliob":-1.074,"bolussnooze":0,"activity":-0.0069,"lastBolusTime":1703029330138,"time":"2023-12-20T00:07:53.897Z","iobWithZeroTemp":{"iob":-0.4,"basaliob":-1.074,"bolussnooze":0,"activity":-0.0069,"lastBolusTime":1703029330138,"time":"2023-12-20T00:07:53.897Z"}},{"iob":-0.367,"basaliob":-1.003,"bolussnooze":0,"activity":-0.0065,"lastBolusTime":1703029330138,"time":"2023-12-20T00:12:53.897Z","iobWithZeroTemp":{"iob":-0.467,"basaliob":-1.103,"bolussnooze":0,"activity":-0.0066,"lastBolusTime":1703029330138,"time":"2023-12-20T00:12:53.897Z"}},{"iob":-0.336,"basaliob":-0.934,"bolussnooze":0,"activity":-0.006,"lastBolusTime":1703029330138,"time":"2023-12-20T00:17:53.897Z","iobWithZeroTemp":{"iob":-0.56,"basaliob":-1.158,"bolussnooze":0,"activity":-0.0064,"lastBolusTime":1703029330138,"time":"2023-12-20T00:17:53.897Z"}},{"iob":-0.307,"basaliob":-0.868,"bolussnooze":0,"activity":-0.0055,"lastBolusTime":1703029330138,"time":"2023-12-20T00:22:53.897Z","iobWithZeroTemp":{"iob":-0.652,"basaliob":-1.213,"bolussnooze":0,"activity":-0.0065,"lastBolusTime":1703029330138,"time":"2023-12-20T00:22:53.897Z"}},{"iob":-0.28,"basaliob":-0.805,"bolussnooze":0,"activity":-0.0051,"lastBolusTime":1703029330138,"time":"2023-12-20T00:27:53.897Z","iobWithZeroTemp":{"iob":-0.744,"basaliob":-1.269,"bolussnooze":0,"activity":-0.0068,"lastBolusTime":1703029330138,"time":"2023-12-20T00:27:53.897Z"}},{"iob":-0.256,"basaliob":-0.746,"bolussnooze":0,"activity":-0.0047,"lastBolusTime":1703029330138,"time":"2023-12-20T00:32:53.897Z","iobWithZeroTemp":{"iob":-0.834,"basaliob":-1.324,"bolussnooze":0,"activity":-0.0073,"lastBolusTime":1703029330138,"time":"2023-12-20T00:32:53.897Z"}},{"iob":-0.233,"basaliob":-0.69,"bolussnooze":0,"activity":-0.0044,"lastBolusTime":1703029330138,"time":"2023-12-20T00:37:53.897Z","iobWithZeroTemp":{"iob":-0.921,"basaliob":-1.378,"bolussnooze":0,"activity":-0.0079,"lastBolusTime":1703029330138,"time":"2023-12-20T00:37:53.897Z"}},{"iob":-0.213,"basaliob":-0.638,"bolussnooze":0,"activity":-0.004,"lastBolusTime":1703029330138,"time":"2023-12-20T00:42:53.897Z","iobWithZeroTemp":{"iob":-1.006,"basaliob":-1.431,"bolussnooze":0,"activity":-0.0085,"lastBolusTime":1703029330138,"time":"2023-12-20T00:42:53.897Z"}},{"iob":-0.194,"basaliob":-0.588,"bolussnooze":0,"activity":-0.0037,"lastBolusTime":1703029330138,"time":"2023-12-20T00:47:53.897Z","iobWithZeroTemp":{"iob":-1.087,"basaliob":-1.481,"bolussnooze":0,"activity":-0.0092,"lastBolusTime":1703029330138,"time":"2023-12-20T00:47:53.897Z"}},{"iob":-0.176,"basaliob":-0.542,"bolussnooze":0,"activity":-0.0034,"lastBolusTime":1703029330138,"time":"2023-12-20T00:52:53.897Z","iobWithZeroTemp":{"iob":-1.165,"basaliob":-1.531,"bolussnooze":0,"activity":-0.0099,"lastBolusTime":1703029330138,"time":"2023-12-20T00:52:53.897Z"}},{"iob":-0.161,"basaliob":-0.499,"bolussnooze":0,"activity":-0.0031,"lastBolusTime":1703029330138,"time":"2023-12-20T00:57:53.897Z","iobWithZeroTemp":{"iob":-1.239,"basaliob":-1.577,"bolussnooze":0,"activity":-0.0106,"lastBolusTime":1703029330138,"time":"2023-12-20T00:57:53.897Z"}},{"iob":-0.145,"basaliob":-0.458,"bolussnooze":0,"activity":-0.0028,"lastBolusTime":1703029330138,"time":"2023-12-20T01:02:53.897Z","iobWithZeroTemp":{"iob":-1.308,"basaliob":-1.621,"bolussnooze":0,"activity":-0.0114,"lastBolusTime":1703029330138,"time":"2023-12-20T01:02:53.897Z"}},{"iob":-0.132,"basaliob":-0.421,"bolussnooze":0,"activity":-0.0025,"lastBolusTime":1703029330138,"time":"2023-12-20T01:07:53.897Z","iobWithZeroTemp":{"iob":-1.375,"basaliob":-1.664,"bolussnooze":0,"activity":-0.0121,"lastBolusTime":1703029330138,"time":"2023-12-20T01:07:53.897Z"}},{"iob":-0.12,"basaliob":-0.386,"bolussnooze":0,"activity":-0.0023,"lastBolusTime":1703029330138,"time":"2023-12-20T01:12:53.897Z","iobWithZeroTemp":{"iob":-1.438,"basaliob":-1.704,"bolussnooze":0,"activity":-0.0129,"lastBolusTime":1703029330138,"time":"2023-12-20T01:12:53.897Z"}},{"iob":-0.109,"basaliob":-0.354,"bolussnooze":0,"activity":-0.0021,"lastBolusTime":1703029330138,"time":"2023-12-20T01:17:53.897Z","iobWithZeroTemp":{"iob":-1.496,"basaliob":-1.741,"bolussnooze":0,"activity":-0.0136,"lastBolusTime":1703029330138,"time":"2023-12-20T01:17:53.897Z"}},{"iob":-0.099,"basaliob":-0.324,"bolussnooze":0,"activity":-0.002,"lastBolusTime":1703029330138,"time":"2023-12-20T01:22:53.897Z","iobWithZeroTemp":{"iob":-1.552,"basaliob":-1.777,"bolussnooze":0,"activity":-0.0144,"lastBolusTime":1703029330138,"time":"2023-12-20T01:22:53.897Z"}},{"iob":-0.089,"basaliob":-0.296,"bolussnooze":0,"activity":-0.0018,"lastBolusTime":1703029330138,"time":"2023-12-20T01:27:53.897Z","iobWithZeroTemp":{"iob":-1.602,"basaliob":-1.809,"bolussnooze":0,"activity":-0.0151,"lastBolusTime":1703029330138,"time":"2023-12-20T01:27:53.897Z"}},{"iob":-0.08,"basaliob":-0.27,"bolussnooze":0,"activity":-0.0016,"lastBolusTime":1703029330138,"time":"2023-12-20T01:32:53.897Z","iobWithZeroTemp":{"iob":-1.65,"basaliob":-1.84,"bolussnooze":0,"activity":-0.0157,"lastBolusTime":1703029330138,"time":"2023-12-20T01:32:53.897Z"}},{"iob":-0.073,"basaliob":-0.247,"bolussnooze":0,"activity":-0.0015,"lastBolusTime":1703029330138,"time":"2023-12-20T01:37:53.897Z","iobWithZeroTemp":{"iob":-1.695,"basaliob":-1.869,"bolussnooze":0,"activity":-0.0164,"lastBolusTime":1703029330138,"time":"2023-12-20T01:37:53.897Z"}},{"iob":-0.066,"basaliob":-0.225,"bolussnooze":0,"activity":-0.0014,"lastBolusTime":1703029330138,"time":"2023-12-20T01:42:53.897Z","iobWithZeroTemp":{"iob":-1.737,"basaliob":-1.896,"bolussnooze":0,"activity":-0.0171,"lastBolusTime":1703029330138,"time":"2023-12-20T01:42:53.897Z"}},{"iob":-0.059,"basaliob":-0.205,"bolussnooze":0,"activity":-0.0012,"lastBolusTime":1703029330138,"time":"2023-12-20T01:47:53.897Z","iobWithZeroTemp":{"iob":-1.774,"basaliob":-1.92,"bolussnooze":0,"activity":-0.0176,"lastBolusTime":1703029330138,"time":"2023-12-20T01:47:53.897Z"}},{"iob":-0.054,"basaliob":-0.187,"bolussnooze":0,"activity":-0.0011,"lastBolusTime":1703029330138,"time":"2023-12-20T01:52:53.897Z","iobWithZeroTemp":{"iob":-1.811,"basaliob":-1.944,"bolussnooze":0,"activity":-0.0181,"lastBolusTime":1703029330138,"time":"2023-12-20T01:52:53.897Z"}},{"iob":-0.048,"basaliob":-0.17,"bolussnooze":0,"activity":-0.001,"lastBolusTime":1703029330138,"time":"2023-12-20T01:57:53.897Z","iobWithZeroTemp":{"iob":-1.843,"basaliob":-1.965,"bolussnooze":0,"activity":-0.0187,"lastBolusTime":1703029330138,"time":"2023-12-20T01:57:53.897Z"}},{"iob":-0.043,"basaliob":-0.154,"bolussnooze":0,"activity":-0.001,"lastBolusTime":1703029330138,"time":"2023-12-20T02:02:53.897Z","iobWithZeroTemp":{"iob":-1.857,"basaliob":-1.968,"bolussnooze":0,"activity":-0.0192,"lastBolusTime":1703029330138,"time":"2023-12-20T02:02:53.897Z"}},{"iob":-0.039,"basaliob":-0.14,"bolussnooze":0,"activity":-8.0E-4,"lastBolusTime":1703029330138,"time":"2023-12-20T02:07:53.897Z","iobWithZeroTemp":{"iob":-1.869,"basaliob":-1.97,"bolussnooze":0,"activity":-0.0195,"lastBolusTime":1703029330138,"time":"2023-12-20T02:07:53.897Z"}},{"iob":-0.035,"basaliob":-0.127,"bolussnooze":0,"activity":-8.0E-4,"lastBolusTime":1703029330138,"time":"2023-12-20T02:12:53.897Z","iobWithZeroTemp":{"iob":-1.879,"basaliob":-1.971,"bolussnooze":0,"activity":-0.0199,"lastBolusTime":1703029330138,"time":"2023-12-20T02:12:53.897Z"}},{"iob":-0.031,"basaliob":-0.115,"bolussnooze":0,"activity":-7.0E-4,"lastBolusTime":1703029330138,"time":"2023-12-20T02:17:53.897Z","iobWithZeroTemp":{"iob":-1.887,"basaliob":-1.971,"bolussnooze":0,"activity":-0.0202,"lastBolusTime":1703029330138,"time":"2023-12-20T02:17:53.897Z"}},{"iob":-0.029,"basaliob":-0.105,"bolussnooze":0,"activity":-6.0E-4,"lastBolusTime":1703029330138,"time":"2023-12-20T02:22:53.897Z","iobWithZeroTemp":{"iob":-1.895,"basaliob":-1.971,"bolussnooze":0,"activity":-0.0204,"lastBolusTime":1703029330138,"time":"2023-12-20T02:22:53.897Z"}},{"iob":-0.026,"basaliob":-0.095,"bolussnooze":0,"activity":-6.0E-4,"lastBolusTime":1703029330138,"time":"2023-12-20T02:27:53.897Z","iobWithZeroTemp":{"iob":-1.9,"basaliob":-1.969,"bolussnooze":0,"activity":-0.0207,"lastBolusTime":1703029330138,"time":"2023-12-20T02:27:53.897Z"}},{"iob":-0.023,"basaliob":-0.086,"bolussnooze":0,"activity":-5.0E-4,"lastBolusTime":1703029330138,"time":"2023-12-20T02:32:53.897Z","iobWithZeroTemp":{"iob":-1.905,"basaliob":-1.968,"bolussnooze":0,"activity":-0.0209,"lastBolusTime":1703029330138,"time":"2023-12-20T02:32:53.897Z"}},{"iob":-0.021,"basaliob":-0.078,"bolussnooze":0,"activity":-5.0E-4,"lastBolusTime":1703029330138,"time":"2023-12-20T02:37:53.897Z","iobWithZeroTemp":{"iob":-1.909,"basaliob":-1.966,"bolussnooze":0,"activity":-0.0211,"lastBolusTime":1703029330138,"time":"2023-12-20T02:37:53.897Z"}},{"iob":-0.018,"basaliob":-0.07,"bolussnooze":0,"activity":-4.0E-4,"lastBolusTime":1703029330138,"time":"2023-12-20T02:42:53.897Z","iobWithZeroTemp":{"iob":-1.911,"basaliob":-1.963,"bolussnooze":0,"activity":-0.0212,"lastBolusTime":1703029330138,"time":"2023-12-20T02:42:53.897Z"}},{"iob":-0.016,"basaliob":-0.063,"bolussnooze":0,"activity":-4.0E-4,"lastBolusTime":1703029330138,"time":"2023-12-20T02:47:53.897Z","iobWithZeroTemp":{"iob":-1.913,"basaliob":-1.96,"bolussnooze":0,"activity":-0.0213,"lastBolusTime":1703029330138,"time":"2023-12-20T02:47:53.897Z"}},{"iob":-0.015,"basaliob":-0.057,"bolussnooze":0,"activity":-4.0E-4,"lastBolusTime":1703029330138,"time":"2023-12-20T02:52:53.897Z","iobWithZeroTemp":{"iob":-1.916,"basaliob":-1.958,"bolussnooze":0,"activity":-0.0214,"lastBolusTime":1703029330138,"time":"2023-12-20T02:52:53.897Z"}},{"iob":-0.014,"basaliob":-0.052,"bolussnooze":0,"activity":-3.0E-4,"lastBolusTime":1703029330138,"time":"2023-12-20T02:57:53.897Z","iobWithZeroTemp":{"iob":-1.918,"basaliob":-1.956,"bolussnooze":0,"activity":-0.0215,"lastBolusTime":1703029330138,"time":"2023-12-20T02:57:53.897Z"}},{"iob":-0.011,"basaliob":-0.046,"bolussnooze":0,"activity":-3.0E-4,"lastBolusTime":1703029330138,"time":"2023-12-20T03:02:53.897Z","iobWithZeroTemp":{"iob":-1.917,"basaliob":-1.952,"bolussnooze":0,"activity":-0.0216,"lastBolusTime":1703029330138,"time":"2023-12-20T03:02:53.897Z"}},{"iob":-0.011,"basaliob":-0.042,"bolussnooze":0,"activity":-3.0E-4,"lastBolusTime":1703029330138,"time":"2023-12-20T03:07:53.897Z","iobWithZeroTemp":{"iob":-1.919,"basaliob":-1.95,"bolussnooze":0,"activity":-0.0216,"lastBolusTime":1703029330138,"time":"2023-12-20T03:07:53.897Z"}},{"iob":-0.01,"basaliob":-0.038,"bolussnooze":0,"activity":-2.0E-4,"lastBolusTime":1703029330138,"time":"2023-12-20T03:12:53.897Z","iobWithZeroTemp":{"iob":-1.919,"basaliob":-1.947,"bolussnooze":0,"activity":-0.0216,"lastBolusTime":1703029330138,"time":"2023-12-20T03:12:53.897Z"}},{"iob":-0.008,"basaliob":-0.034,"bolussnooze":0,"activity":-2.0E-4,"lastBolusTime":1703029330138,"time":"2023-12-20T03:17:53.897Z","iobWithZeroTemp":{"iob":-1.918,"basaliob":-1.944,"bolussnooze":0,"activity":-0.0217,"lastBolusTime":1703029330138,"time":"2023-12-20T03:17:53.897Z"}},{"iob":-0.007,"basaliob":-0.03,"bolussnooze":0,"activity":-2.0E-4,"lastBolusTime":1703029330138,"time":"2023-12-20T03:22:53.897Z","iobWithZeroTemp":{"iob":-1.918,"basaliob":-1.941,"bolussnooze":0,"activity":-0.0217,"lastBolusTime":1703029330138,"time":"2023-12-20T03:22:53.897Z"}},{"iob":-0.006,"basaliob":-0.027,"bolussnooze":0,"activity":-2.0E-4,"lastBolusTime":1703029330138,"time":"2023-12-20T03:27:53.897Z","iobWithZeroTemp":{"iob":-1.918,"basaliob":-1.939,"bolussnooze":0,"activity":-0.0218,"lastBolusTime":1703029330138,"time":"2023-12-20T03:27:53.897Z"}},{"iob":-0.005,"basaliob":-0.024,"bolussnooze":0,"activity":-1.0E-4,"lastBolusTime":1703029330138,"time":"2023-12-20T03:32:53.897Z","iobWithZeroTemp":{"iob":-1.917,"basaliob":-1.936,"bolussnooze":0,"activity":-0.0217,"lastBolusTime":1703029330138,"time":"2023-12-20T03:32:53.897Z"}},{"iob":-0.005,"basaliob":-0.022,"bolussnooze":0,"activity":-1.0E-4,"lastBolusTime":1703029330138,"time":"2023-12-20T03:37:53.897Z","iobWithZeroTemp":{"iob":-1.918,"basaliob":-1.935,"bolussnooze":0,"activity":-0.0217,"lastBolusTime":1703029330138,"time":"2023-12-20T03:37:53.897Z"}},{"iob":-0.005,"basaliob":-0.02,"bolussnooze":0,"activity":-1.0E-4,"lastBolusTime":1703029330138,"time":"2023-12-20T03:42:53.897Z","iobWithZeroTemp":{"iob":-1.918,"basaliob":-1.933,"bolussnooze":0,"activity":-0.0218,"lastBolusTime":1703029330138,"time":"2023-12-20T03:42:53.897Z"}},{"iob":-0.004,"basaliob":-0.018,"bolussnooze":0,"activity":-1.0E-4,"lastBolusTime":1703029330138,"time":"2023-12-20T03:47:53.897Z","iobWithZeroTemp":{"iob":-1.917,"basaliob":-1.931,"bolussnooze":0,"activity":-0.0218,"lastBolusTime":1703029330138,"time":"2023-12-20T03:47:53.897Z"}},{"iob":-0.004,"basaliob":-0.016,"bolussnooze":0,"activity":-1.0E-4,"lastBolusTime":1703029330138,"time":"2023-12-20T03:52:53.897Z","iobWithZeroTemp":{"iob":-1.917,"basaliob":-1.929,"bolussnooze":0,"activity":-0.0218,"lastBolusTime":1703029330138,"time":"2023-12-20T03:52:53.897Z"}},{"iob":-0.003,"basaliob":-0.014,"bolussnooze":0,"activity":-1.0E-4,"lastBolusTime":1703029330138,"time":"2023-12-20T03:57:53.897Z","iobWithZeroTemp":{"iob":-1.916,"basaliob":-1.927,"bolussnooze":0,"activity":-0.0218,"lastBolusTime":1703029330138,"time":"2023-12-20T03:57:53.897Z"}},{"iob":-0.003,"basaliob":-0.013,"bolussnooze":0,"activity":-1.0E-4,"lastBolusTime":1703029330138,"time":"2023-12-20T04:02:53.897Z","iobWithZeroTemp":{"iob":-1.916,"basaliob":-1.926,"bolussnooze":0,"activity":-0.0218,"lastBolusTime":1703029330138,"time":"2023-12-20T04:02:53.897Z"}}],"profile":{"max_iob":20,"type":"current","max_daily_basal":1.6,"max_basal":4.8,"min_bg":90,"max_bg":90,"target_bg":90,"carb_ratio":4.5,"sens":63,"max_daily_safety_multiplier":3,"current_basal_safety_multiplier":4,"high_temptarget_raises_sensitivity":false,"low_temptarget_lowers_sensitivity":false,"sensitivity_raises_target":false,"resistance_lowers_target":false,"adv_target_adjustments":false,"exercise_mode":false,"half_basal_exercise_target":160,"maxCOB":120,"skip_neutral_temps":false,"remainingCarbsCap":90,"enableUAM":true,"A52_risk_enable":false,"SMBInterval":3,"enableSMB_with_COB":false,"enableSMB_with_temptarget":false,"allowSMB_with_high_temptarget":true,"enableSMB_always":true,"enableSMB_after_carbs":false,"maxSMBBasalMinutes":120,"maxUAMSMBBasalMinutes":120,"bolus_increment":0.05,"carbsReqThreshold":1,"current_basal":1.5,"temptargetSet":false,"autosens_max":1.8,"out_units":"mmol\/L"},"autosens_data":{"ratio":1},"meal_data":{"carbs":10,"mealCOB":9.428571428571429,"slopeFromMaxDeviation":0,"slopeFromMinDeviation":0,"lastBolusTime":1703029330138,"lastCarbTime":1703030390000},"microBolusAllowed":true,"currentTime":1703030874776,"flatBGsDetected":false},"output":{"temp":"absolute","bg":70,"tick":-5,"eventualBG":189,"targetBG":90,"insulinReq":0,"deliverAt":"2023-12-20T00:07:54.776Z","sensitivityRatio":1,"predBGs":{"IOB":[70,66,62,58,55,52,50,49,48,47,47,47,48,49,50,50,51,51,52,52,53,53,54,54,54,54,55,55,55,55,55,56,56,56,56,56,56,56,56,56,56,57],"ZT":[70,72,74,76,78,80,83,85,88],"COB":[70,66,63,60,59,58,58,59,60,63,67,71,76,81,87,93,100,106,113,120,127,134,140,146,152,157,161,166,170,173,176,179,182,184,185,187,188,188,188,188,188,189],"UAM":[70,66,62,58,55,52,50,49,48,47,47,47,48,49,50,50,51,51,52,52,53,53,54,54,54,54,55,55,55,55,55,56,56,56,56,56,56,56,56,56,56,57]},"COB":9.428571428571429,"IOB":-0.4,"reason":"COB: 9.4, Dev: -1.1, BGI: 0.1, ISF: 3.5, CR: 4.5, Target: 5.0, minPredBG 6.3, minGuardBG 3.2, IOBpredBG 3.2, COBpredBG 10.5, UAMpredBG 3.2; minGuardBG 3.2<3.6 24m left and 0 ~ req 0U\/hr: no temp required","timestamp":"2023-12-20T00:07:54.864Z"}}