{"algorithm":"OpenAPSSMBPlugin","input":{"glucoseStatus":{"glucose":72,"noise":0,"delta":-3,"short_avgdelta":-1.56,"long_avgdelta":-3.05,"date":1703153804813},"currenttemp":{"temp":"absolute","duration":101,"rate":0,"minutesrunning":19},"iob_data":[{"iob":1.587,"basaliob":-1.169,"bolussnooze":0.7083,"activity":0.0274,"lastBolusTime":1703150345373,"time":"2023-12-21T10:17:02.983Z","iobWithZeroTemp":{"iob":1.587,"basaliob":-1.169,"bolussnooze":0.7083,"activity":0.0274,"lastBolusTime":1703150345373,"time":"2023-12-21T10:17:02.983Z"}},{"iob":1.454,"basaliob":-1.106,"bolussnooze":0.5919,"activity":0.0255,"lastBolusTime":1703150345373,"time":"2023-12-21T10:22:02.983Z","iobWithZeroTemp":{"iob":1.394,"basaliob":-1.166,"bolussnooze":0.5919,"activity":0.0254,"lastBolusTime":1703150345373,"time":"2023-12-21T10:22:02.983Z"}},{"iob":1.332,"basaliob":-1.043,"bolussnooze":0.4929,"activity":0.0235,"lastBolusTime":1703150345373,"time":"2023-12-21T10:27:02.983Z","iobWithZeroTemp":{"iob":1.198,"basaliob":-1.177,"bolussnooze":0.4929,"activity":0.0232,"lastBolusTime":1703150345373,"time":"2023-12-21T10:27:02.983Z"}},{"iob":1.218,"basaliob":-0.981,"bolussnooze":0.4091,"activity":0.0218,"lastBolusTime":1703150345373,"time":"2023-12-21T10:32:02.983Z","iobWithZeroTemp":{"iob":1.011,"basaliob":-1.188,"bolussnooze":0.4091,"activity":0.0212,"lastBolusTime":1703150345373,"time":"2023-12-21T10:32:02.983Z"}},{"iob":1.114,"basaliob":-0.92,"bolussnooze":0.3384,"activity":0.0201,"lastBolusTime":1703150345373,"time":"2023-12-21T10:37:02.983Z","iobWithZeroTemp":{"iob":0.836,"basaliob":-1.198,"bolussnooze":0.3384,"activity":0.0191,"lastBolusTime":1703150345373,"time":"2023-12-21T10:37:02.983Z"}},{"iob":1.017,"basaliob":-0.861,"bolussnooze":0.2791,"activity":0.0185,"lastBolusTime":1703150345373,"time":"2023-12-21T10:42:02.983Z","iobWithZeroTemp":{"iob":0.67,"basaliob":-1.208,"bolussnooze":0.2791,"activity":0.017,"lastBolusTime":1703150345373,"time":"2023-12-21T10:42:02.983Z"}},{"iob":0.929,"basaliob":-0.803,"bolussnooze":0.2296,"activity":0.0171,"lastBolusTime":1703150345373,"time":"2023-12-21T10:47:02.983Z","iobWithZeroTemp":{"iob":0.516,"basaliob":-1.216,"bolussnooze":0.2296,"activity":0.015,"lastBolusTime":1703150345373,"time":"2023-12-21T10:47:02.983Z"}},{"iob":0.846,"basaliob":-0.749,"bolussnooze":0.1883,"activity":0.0156,"lastBolusTime":1703150345373,"time":"2023-12-21T10:52:02.983Z","iobWithZeroTemp":{"iob":0.37,"basaliob":-1.225,"bolussnooze":0.1883,"activity":0.0129,"lastBolusTime":1703150345373,"time":"2023-12-21T10:52:02.983Z"}},{"iob":0.772,"basaliob":-0.696,"bolussnooze":0.1539,"activity":0.0143,"lastBolusTime":1703150345373,"time":"2023-12-21T10:57:02.983Z","iobWithZeroTemp":{"iob":0.236,"basaliob":-1.232,"bolussnooze":0.1539,"activity":0.011,"lastBolusTime":1703150345373,"time":"2023-12-21T10:57:02.983Z"}},{"iob":0.703,"basaliob":-0.646,"bolussnooze":0.1255,"activity":0.0132,"lastBolusTime":1703150345373,"time":"2023-12-21T11:02:02.983Z","iobWithZeroTemp":{"iob":0.11,"basaliob":-1.239,"bolussnooze":0.1255,"activity":0.0093,"lastBolusTime":1703150345373,"time":"2023-12-21T11:02:02.983Z"}},{"iob":0.639,"basaliob":-0.599,"bolussnooze":0.1021,"activity":0.0121,"lastBolusTime":1703150345373,"time":"2023-12-21T11:07:02.983Z","iobWithZeroTemp":{"iob":0,"basaliob":-1.238,"bolussnooze":0.1021,"activity":0.0076,"lastBolusTime":1703150345373,"time":"2023-12-21T11:07:02.983Z"}},{"iob":0.581,"basaliob":-0.554,"bolussnooze":0.0827,"activity":0.0111,"lastBolusTime":1703150345373,"time":"2023-12-21T11:12:02.983Z","iobWithZeroTemp":{"iob":-0.101,"basaliob":-1.236,"bolussnooze":0.0827,"activity":0.006,"lastBolusTime":1703150345373,"time":"2023-12-21T11:12:02.983Z"}},{"iob":0.528,"basaliob":-0.512,"bolussnooze":0.0669,"activity":0.0101,"lastBolusTime":1703150345373,"time":"2023-12-21T11:17:02.983Z","iobWithZeroTemp":{"iob":-0.194,"basaliob":-1.234,"bolussnooze":0.0669,"activity":0.0044,"lastBolusTime":1703150345373,"time":"2023-12-21T11:17:02.983Z"}},{"iob":0.48,"basaliob":-0.472,"bolussnooze":0.0539,"activity":0.0093,"lastBolusTime":1703150345373,"time":"2023-12-21T11:22:02.983Z","iobWithZeroTemp":{"iob":-0.279,"basaliob":-1.231,"bolussnooze":0.0539,"activity":0.0031,"lastBolusTime":1703150345373,"time":"2023-12-21T11:22:02.983Z"}},{"iob":0.435,"basaliob":-0.435,"bolussnooze":0.0433,"activity":0.0085,"lastBolusTime":1703150345373,"time":"2023-12-21T11:27:02.983Z","iobWithZeroTemp":{"iob":-0.358,"basaliob":-1.228,"bolussnooze":0.0433,"activity":0.0018,"lastBolusTime":1703150345373,"time":"2023-12-21T11:27:02.983Z"}},{"iob":0.395,"basaliob":-0.4,"bolussnooze":0.0347,"activity":0.0077,"lastBolusTime":1703150345373,"time":"2023-12-21T11:32:02.983Z","iobWithZeroTemp":{"iob":-0.43,"basaliob":-1.225,"bolussnooze":0.0347,"activity":5.0E-4,"lastBolusTime":1703150345373,"time":"2023-12-21T11:32:02.983Z"}},{"iob":0.358,"basaliob":-0.368,"bolussnooze":0.0277,"activity":0.0071,"lastBolusTime":1703150345373,"time":"2023-12-21T11:37:02.983Z","iobWithZeroTemp":{"iob":-0.49,"basaliob":-1.216,"bolussnooze":0.0277,"activity":-5.0E-4,"lastBolusTime":1703150345373,"time":"2023-12-21T11:37:02.983Z"}},{"iob":0.324,"basaliob":-0.338,"bolussnooze":0.022,"activity":0.0064,"lastBolusTime":1703150345373,"time":"2023-12-21T11:42:02.983Z","iobWithZeroTemp":{"iob":-0.551,"basaliob":-1.213,"bolussnooze":0.022,"activity":-0.0016,"lastBolusTime":1703150345373,"time":"2023-12-21T11:42:02.983Z"}},{"iob":0.293,"basaliob":-0.31,"bolussnooze":0.0174,"activity":0.0059,"lastBolusTime":1703150345373,"time":"2023-12-21T11:47:02.983Z","iobWithZeroTemp":{"iob":-0.608,"basaliob":-1.211,"bolussnooze":0.0174,"activity":-0.0025,"lastBolusTime":1703150345373,"time":"2023-12-21T11:47:02.983Z"}},{"iob":0.265,"basaliob":-0.284,"bolussnooze":0.0138,"activity":0.0053,"lastBolusTime":1703150345373,"time":"2023-12-21T11:52:02.983Z","iobWithZeroTemp":{"iob":-0.659,"basaliob":-1.208,"bolussnooze":0.0138,"activity":-0.0035,"lastBolusTime":1703150345373,"time":"2023-12-21T11:52:02.983Z"}},{"iob":0.24,"basaliob":-0.26,"bolussnooze":0.0108,"activity":0.0049,"lastBolusTime":1703150345373,"time":"2023-12-21T11:57:02.983Z","iobWithZeroTemp":{"iob":-0.706,"basaliob":-1.206,"bolussnooze":0.0108,"activity":-0.0043,"lastBolusTime":1703150345373,"time":"2023-12-21T11:57:02.983Z"}},{"iob":0.216,"basaliob":-0.238,"bolussnooze":0.0084,"activity":0.0044,"lastBolusTime":1703150345373,"time":"2023-12-21T12:02:02.983Z","iobWithZeroTemp":{"iob":-0.75,"basaliob":-1.204,"bolussnooze":0.0084,"activity":-0.0051,"lastBolusTime":1703150345373,"time":"2023-12-21T12:02:02.983Z"}},{"iob":0.196,"basaliob":-0.217,"bolussnooze":0.0066,"activity":0.0041,"lastBolusTime":1703150345373,"time":"2023-12-21T12:07:02.983Z","iobWithZeroTemp":{"iob":-0.788,"basaliob":-1.201,"bolussnooze":0.0066,"activity":-0.0057,"lastBolusTime":1703150345373,"time":"2023-12-21T12:07:02.983Z"}},{"iob":0.177,"basaliob":-0.198,"bolussnooze":0.0051,"activity":0.0037,"lastBolusTime":1703150345373,"time":"2023-12-21T12:12:02.983Z","iobWithZeroTemp":{"iob":-0.824,"basaliob":-1.199,"bolussnooze":0.0051,"activity":-0.0064,"lastBolusTime":1703150345373,"time":"2023-12-21T12:12:02.983Z"}},{"iob":0.159,"basaliob":-0.181,"bolussnooze":0.0039,"activity":0.0034,"lastBolusTime":1703150345373,"time":"2023-12-21T12:17:02.983Z","iobWithZeroTemp":{"iob":-0.858,"basaliob":-1.198,"bolussnooze":0.0039,"activity":-0.007,"lastBolusTime":1703150345373,"time":"2023-12-21T12:17:02.983Z"}},{"iob":0.143,"basaliob":-0.165,"bolussnooze":0.003,"activity":0.003,"lastBolusTime":1703150345373,"time":"2023-12-21T12:22:02.983Z","iobWithZeroTemp":{"iob":-0.888,"basaliob":-1.196,"bolussnooze":0.003,"activity":-0.0076,"lastBolusTime":1703150345373,"time":"2023-12-21T12:22:02.983Z"}},{"iob":0.129,"basaliob":-0.15,"bolussnooze":0.0022,"activity":0.0027,"lastBolusTime":1703150345373,"time":"2023-12-21T12:27:02.983Z","iobWithZeroTemp":{"iob":-0.915,"basaliob":-1.194,"bolussnooze":0.0022,"activity":-0.0082,"lastBolusTime":1703150345373,"time":"2023-12-21T12:27:02.983Z"}},{"iob":0.116,"basaliob":-0.137,"bolussnooze":0.0017,"activity":0.0025,"lastBolusTime":1703150345373,"time":"2023-12-21T12:32:02.983Z","iobWithZeroTemp":{"iob":-0.94,"basaliob":-1.193,"bolussnooze":0.0017,"activity":-0.0086,"lastBolusTime":1703150345373,"time":"2023-12-21T12:32:02.983Z"}},{"iob":0.105,"basaliob":-0.124,"bolussnooze":0.0012,"activity":0.0022,"lastBolusTime":1703150345373,"time":"2023-12-21T12:37:02.983Z","iobWithZeroTemp":{"iob":-0.962,"basaliob":-1.191,"bolussnooze":0.0012,"activity":-0.0091,"lastBolusTime":1703150345373,"time":"2023-12-21T12:37:02.983Z"}},{"iob":0.094,"basaliob":-0.113,"bolussnooze":9.0E-4,"activity":0.002,"lastBolusTime":1703150345373,"time":"2023-12-21T12:42:02.983Z","iobWithZeroTemp":{"iob":-0.982,"basaliob":-1.189,"bolussnooze":9.0E-4,"activity":-0.0094,"lastBolusTime":1703150345373,"time":"2023-12-21T12:42:02.983Z"}},{"iob":0.085,"basaliob":-0.102,"bolussnooze":7.0E-4,"activity":0.0018,"lastBolusTime":1703150345373,"time":"2023-12-21T12:47:02.983Z","iobWithZeroTemp":{"iob":-1,"basaliob":-1.187,"bolussnooze":7.0E-4,"activity":-0.0098,"lastBolusTime":1703150345373,"time":"2023-12-21T12:47:02.983Z"}},{"iob":0.075,"basaliob":-0.093,"bolussnooze":5.0E-4,"activity":0.0017,"lastBolusTime":1703150345373,"time":"2023-12-21T12:52:02.983Z","iobWithZeroTemp":{"iob":-1.019,"basaliob":-1.187,"bolussnooze":5.0E-4,"activity":-0.0101,"lastBolusTime":1703150345373,"time":"2023-12-21T12:52:02.983Z"}},{"iob":0.068,"basaliob":-0.084,"bolussnooze":3.0E-4,"activity":0.0014,"lastBolusTime":1703150345373,"time":"2023-12-21T12:57:02.983Z","iobWithZeroTemp":{"iob":-1.033,"basaliob":-1.185,"bolussnooze":3.0E-4,"activity":-0.0105,"lastBolusTime":1703150345373,"time":"2023-12-21T12:57:02.983Z"}},{"iob":0.061,"basaliob":-0.076,"bolussnooze":2.0E-4,"activity":0.0014,"lastBolusTime":1703150345373,"time":"2023-12-21T13:02:02.983Z","iobWithZeroTemp":{"iob":-1.047,"basaliob":-1.184,"bolussnooze":2.0E-4,"activity":-0.0106,"lastBolusTime":1703150345373,"time":"2023-12-21T13:02:02.983Z"}},{"iob":0.054,"basaliob":-0.069,"bolussnooze":1.0E-4,"activity":0.0012,"lastBolusTime":1703150345373,"time":"2023-12-21T13:07:02.983Z","iobWithZeroTemp":{"iob":-1.052,"basaliob":-1.175,"bolussnooze":1.0E-4,"activity":-0.0109,"lastBolusTime":1703150345373,"time":"2023-12-21T13:07:02.983Z"}},{"iob":0.049,"basaliob":-0.062,"bolussnooze":1.0E-4,"activity":0.001,"lastBolusTime":1703150345373,"time":"2023-12-21T13:12:02.983Z","iobWithZeroTemp":{"iob":-1.054,"basaliob":-1.165,"bolussnooze":1.0E-4,"activity":-0.0112,"lastBolusTime":1703150345373,"time":"2023-12-21T13:12:02.983Z"}},{"iob":0.044,"basaliob":-0.056,"bolussnooze":1.0E-4,"activity":0.001,"lastBolusTime":1703150345373,"time":"2023-12-21T13:17:02.983Z","iobWithZeroTemp":{"iob":-1.057,"basaliob":-1.157,"bolussnooze":1.0E-4,"activity":-0.0113,"lastBolusTime":1703150345373,"time":"2023-12-21T13:17:02.983Z"}},{"iob":0.039,"basaliob":-0.051,"bolussnooze":0,"activity":9.0E-4,"lastBolusTime":1703150345373,"time":"2023-12-21T13:22:02.983Z","iobWithZeroTemp":{"iob":-1.058,"basaliob":-1.148,"bolussnooze":0,"activity":-0.0114,"lastBolusTime":1703150345373,"time":"2023-12-21T13:22:02.983Z"}},{"iob":0.035,"basaliob":-0.046,"bolussnooze":0,"activity":8.0E-4,"lastBolusTime":1703150345373,"time":"2023-12-21T13:27:02.983Z","iobWithZeroTemp":{"iob":-1.059,"basaliob":-1.14,"bolussnooze":0,"activity":-0.0116,"lastBolusTime":1703150345373,"time":"2023-12-21T13:27:02.983Z"}},{"iob":0.03,"basaliob":-0.042,"bolussnooze":0,"activity":7.0E-4,"lastBolusTime":1703150345373,"time":"2023-12-21T13:32:02.983Z","iobWithZeroTemp":{"iob":-1.061,"basaliob":-1.133,"bolussnooze":0,"activity":-0.0117,"lastBolusTime":1703150345373,"time":"2023-12-21T13:32:02.983Z"}},{"iob":0.028,"basaliob":-0.037,"bolussnooze":0,"activity":6.0E-4,"lastBolusTime":1703150345373,"time":"2023-12-21T13:37:02.983Z","iobWithZeroTemp":{"iob":-1.059,"basaliob":-1.124,"bolussnooze":0,"activity":-0.0118,"lastBolusTime":1703150345373,"time":"2023-12-21T13:37:02.983Z"}},{"iob":0.024,"basaliob":-0.034,"bolussnooze":0,"activity":6.0E-4,"lastBolusTime":1703150345373,"time":"2023-12-21T13:42:02.983Z","iobWithZeroTemp":{"iob":-1.06,"basaliob":-1.118,"bolussnooze":0,"activity":-0.0118,"lastBolusTime":1703150345373,"time":"2023-12-21T13:42:02.983Z"}},{"iob":0.022,"basaliob":-0.03,"bolussnooze":0,"activity":6.0E-4,"lastBolusTime":1703150345373,"time":"2023-12-21T13:47:02.983Z","iobWithZeroTemp":{"iob":-1.058,"basaliob":-1.11,"bolussnooze":0,"activity":-0.0118,"lastBolusTime":1703150345373,"time":"2023-12-21T13:47:02.983Z"}},{"iob":0.02,"basaliob":-0.027,"bolussnooze":0,"activity":4.0E-4,"lastBolusTime":1703150345373,"time":"2023-12-21T13:52:02.983Z","iobWithZeroTemp":{"iob":-1.057,"basaliob":-1.104,"bolussnooze":0,"activity":-0.0119,"lastBolusTime":1703150345373,"time":"2023-12-21T13:52:02.983Z"}},{"iob":0.017,"basaliob":-0.025,"bolussnooze":0,"activity":4.0E-4,"lastBolusTime":1703150345373,"time":"2023-12-21T13:57:02.983Z","iobWithZeroTemp":{"iob":-1.057,"basaliob":-1.099,"bolussnooze":0,"activity":-0.0119,"lastBolusTime":1703150345373,"time":"2023-12-21T13:57:02.983Z"}},{"iob":0.015,"basaliob":-0.022,"bolussnooze":0,"activity":3.0E-4,"lastBolusTime":1703150345373,"time":"2023-12-21T14:02:02.983Z","iobWithZeroTemp":{"iob":-1.056,"basaliob":-1.093,"bolussnooze":0,"activity":-0.012,"lastBolusTime":1703150345373,"time":"2023-12-21T14:02:02.983Z"}},{"iob":0.013,"basaliob":-0.02,"bolussnooze":0,"activity":4.0E-4,"lastBolusTime":1703150345373,"time":"2023-12-21T14:07:02.983Z","iobWithZeroTemp":{"iob":-1.055,"basaliob":-1.088,"bolussnooze":0,"activity":-0.0119,"lastBolusTime":1703150345373,"time":"2023-12-21T14:07:02.983Z"}},{"iob":0.012,"basaliob":-0.018,"bolussnooze":0,"activity":3.0E-4,"lastBolusTime":1703150345373,"time":"2023-12-21T14:12:02.983Z","iobWithZeroTemp":{"iob":-1.053,"basaliob":-1.083,"bolussnooze":0,"activity":-0.0119,"lastBolusTime":1703150345373,"time":"2023-12-21T14:12:02.983Z"}}],"profile":{"max_iob":20,"type":"current","max_daily_basal":1.6,"max_basal":3.6,"min_bg":90,"max_bg":90,"target_bg":90,"carb_ratio":6,"sens":81,"max_daily_safety_multiplier":3,"current_basal_safety_multiplier":4,"high_temptarget_raises_sensitivity":false,"low_temptarget_lowers_sensitivity":false,"sensitivity_raises_target":false,"resistance_lowers_target":false,"adv_target_adjustments":false,"exercise_mode":false,"half_basal_exercise_target":160,"maxCOB":120,"skip_neutral_temps":false,"remainingCarbsCap":90,"enableUAM":true,"A52_risk_enable":false,"SMBInterval":3,"enableSMB_with_COB":false,"enableSMB_with_temptarget":false,"allowSMB_with_high_temptarget":true,"enableSMB_always":true,"enableSMB_after_carbs":false,"maxSMBBasalMinutes":120,"maxUAMSMBBasalMinutes":120,"bolus_increment":0.05,"carbsReqThreshold":1,"current_basal":0.9,"temptargetSet":false,"autosens_max":1.8,"out_units":"mmol\/L"},"autosens_data":{"ratio":1},"meal_data":{"carbs":20,"mealCOB":4.2257962962962985,"slopeFromMaxDeviation":-0.6193636363636363,"slopeFromMinDeviation":1.857000000000001,"lastBolusTime":1703150345373,"lastCarbTime":1703147012000},"microBolusAllowed":true,"currentTime":1703153824302,"flatBGsDetected":false},"output":{"temp":"absolute","bg":72,"tick":-3,"eventualBG":39,"targetBG":90,"insulinReq":0,"deliverAt":"2023-12-21T10:17:04.302Z","sensitivityRatio":1,"predBGs":{"IOB":[72,68,65,61,58,54,51,47,44,40,39,39,39],"ZT":[72,61,51,41,39,39,39,39,39,39,39,39,39,39,39,39,39,39,39,39,39,39,39,39,39,39,39,39,39,39,39,39,39,39,39,42,47,51,56,61,65,70,75,80,85,89],"COB":[72,68,65,62,59,56,53,50,47,45,42,39,39],"UAM":[72,68,65,62,58,55,52,49,46,43,39,39,39]},"COB":4.2257962962962985,"IOB":1.587,"reason":"COB: 4.2, Dev: 2.7, BGI: -0.6, ISF: 4.5, CR: 6, Target: 5.0, minPredBG -0.6, minGuardBG -0.6, IOBpredBG 2.2, COBpredBG 2.2, UAMpredBG 2.2; 8 add'l carbs req w\/in 15m; minGuardBG -0.6<3.6 101m left and 0 ~ req 0U\/hr: no temp required","carbsReq":8,"carbsReqWithin":15,"timestamp":"2023-12-21T10:17:04.357Z"}}