{"algorithm":"OpenAPSSMBPlugin","input":{"glucoseStatus":{"glucose":64,"noise":0,"delta":1,"short_avgdelta":0.33,"long_avgdelta":0.36,"date":1703086601914},"currenttemp":{"temp":"absolute","duration":55,"rate":0,"minutesrunning":5},"iob_data":[{"iob":-0.672,"basaliob":-0.889,"bolussnooze":0.004,"activity":-0.0064,"lastBolusTime":1703076907848,"time":"2023-12-20T15:37:04.571Z","iobWithZeroTemp":{"iob":-0.672,"basaliob":-0.889,"bolussnooze":0.004,"activity":-0.0064,"lastBolusTime":1703076907848,"time":"2023-12-20T15:37:04.571Z"}},{"iob":-0.64,"basaliob":-0.837,"bolussnooze":0.0031,"activity":-0.0065,"lastBolusTime":1703076907848,"time":"2023-12-20T15:42:04.571Z","iobWithZeroTemp":{"iob":-0.68,"basaliob":-0.877,"bolussnooze":0.0031,"activity":-0.0065,"lastBolusTime":1703076907848,"time":"2023-12-20T15:42:04.571Z"}},{"iob":-0.607,"basaliob":-0.785,"bolussnooze":0.0024,"activity":-0.0067,"lastBolusTime":1703076907848,"time":"2023-12-20T15:47:04.571Z","iobWithZeroTemp":{"iob":-0.696,"basaliob":-0.874,"bolussnooze":0.0024,"activity":-0.0069,"lastBolusTime":1703076907848,"time":"2023-12-20T15:47:04.571Z"}},{"iob":-0.574,"basaliob":-0.735,"bolussnooze":0.0018,"activity":-0.0067,"lastBolusTime":1703076907848,"time":"2023-12-20T15:52:04.571Z","iobWithZeroTemp":{"iob":-0.712,"basaliob":-0.873,"bolussnooze":0.0018,"activity":-0.0071,"lastBolusTime":1703076907848,"time":"2023-12-20T15:52:04.571Z"}},{"iob":-0.54,"basaliob":-0.686,"bolussnooze":0.0014,"activity":-0.0066,"lastBolusTime":1703076907848,"time":"2023-12-20T15:57:04.571Z","iobWithZeroTemp":{"iob":-0.725,"basaliob":-0.871,"bolussnooze":0.0014,"activity":-0.0073,"lastBolusTime":1703076907848,"time":"2023-12-20T15:57:04.571Z"}},{"iob":-0.508,"basaliob":-0.64,"bolussnooze":0.0011,"activity":-0.0064,"lastBolusTime":1703076907848,"time":"2023-12-20T16:02:04.571Z","iobWithZeroTemp":{"iob":-0.739,"basaliob":-0.871,"bolussnooze":0.0011,"activity":-0.0074,"lastBolusTime":1703076907848,"time":"2023-12-20T16:02:04.571Z"}},{"iob":-0.476,"basaliob":-0.595,"bolussnooze":8.0E-4,"activity":-0.0063,"lastBolusTime":1703076907848,"time":"2023-12-20T16:07:04.571Z","iobWithZeroTemp":{"iob":-0.751,"basaliob":-0.87,"bolussnooze":8.0E-4,"activity":-0.0077,"lastBolusTime":1703076907848,"time":"2023-12-20T16:07:04.571Z"}},{"iob":-0.444,"basaliob":-0.552,"bolussnooze":6.0E-4,"activity":-0.0061,"lastBolusTime":1703076907848,"time":"2023-12-20T16:12:04.571Z","iobWithZeroTemp":{"iob":-0.761,"basaliob":-0.869,"bolussnooze":6.0E-4,"activity":-0.0079,"lastBolusTime":1703076907848,"time":"2023-12-20T16:12:04.571Z"}},{"iob":-0.415,"basaliob":-0.512,"bolussnooze":4.0E-4,"activity":-0.0058,"lastBolusTime":1703076907848,"time":"2023-12-20T16:17:04.571Z","iobWithZeroTemp":{"iob":-0.772,"basaliob":-0.869,"bolussnooze":4.0E-4,"activity":-0.008,"lastBolusTime":1703076907848,"time":"2023-12-20T16:17:04.571Z"}},{"iob":-0.386,"basaliob":-0.474,"bolussnooze":3.0E-4,"activity":-0.0056,"lastBolusTime":1703076907848,"time":"2023-12-20T16:22:04.571Z","iobWithZeroTemp":{"iob":-0.781,"basaliob":-0.869,"bolussnooze":3.0E-4,"activity":-0.0082,"lastBolusTime":1703076907848,"time":"2023-12-20T16:22:04.571Z"}},{"iob":-0.359,"basaliob":-0.438,"bolussnooze":2.0E-4,"activity":-0.0053,"lastBolusTime":1703076907848,"time":"2023-12-20T16:27:04.571Z","iobWithZeroTemp":{"iob":-0.79,"basaliob":-0.869,"bolussnooze":2.0E-4,"activity":-0.0083,"lastBolusTime":1703076907848,"time":"2023-12-20T16:27:04.571Z"}},{"iob":-0.333,"basaliob":-0.404,"bolussnooze":1.0E-4,"activity":-0.005,"lastBolusTime":1703076907848,"time":"2023-12-20T16:32:04.571Z","iobWithZeroTemp":{"iob":-0.798,"basaliob":-0.869,"bolussnooze":1.0E-4,"activity":-0.0084,"lastBolusTime":1703076907848,"time":"2023-12-20T16:32:04.571Z"}},{"iob":-0.309,"basaliob":-0.373,"bolussnooze":1.0E-4,"activity":-0.0047,"lastBolusTime":1703076907848,"time":"2023-12-20T16:37:04.571Z","iobWithZeroTemp":{"iob":-0.806,"basaliob":-0.87,"bolussnooze":1.0E-4,"activity":-0.0085,"lastBolusTime":1703076907848,"time":"2023-12-20T16:37:04.571Z"}},{"iob":-0.285,"basaliob":-0.343,"bolussnooze":1.0E-4,"activity":-0.0045,"lastBolusTime":1703076907848,"time":"2023-12-20T16:42:04.571Z","iobWithZeroTemp":{"iob":-0.812,"basaliob":-0.87,"bolussnooze":1.0E-4,"activity":-0.0087,"lastBolusTime":1703076907848,"time":"2023-12-20T16:42:04.571Z"}},{"iob":-0.263,"basaliob":-0.315,"bolussnooze":0,"activity":-0.0042,"lastBolusTime":1703076907848,"time":"2023-12-20T16:47:04.571Z","iobWithZeroTemp":{"iob":-0.818,"basaliob":-0.87,"bolussnooze":0,"activity":-0.0088,"lastBolusTime":1703076907848,"time":"2023-12-20T16:47:04.571Z"}},{"iob":-0.244,"basaliob":-0.29,"bolussnooze":0,"activity":-0.004,"lastBolusTime":1703076907848,"time":"2023-12-20T16:52:04.571Z","iobWithZeroTemp":{"iob":-0.825,"basaliob":-0.871,"bolussnooze":0,"activity":-0.009,"lastBolusTime":1703076907848,"time":"2023-12-20T16:52:04.571Z"}},{"iob":-0.224,"basaliob":-0.266,"bolussnooze":0,"activity":-0.0037,"lastBolusTime":1703076907848,"time":"2023-12-20T16:57:04.571Z","iobWithZeroTemp":{"iob":-0.829,"basaliob":-0.871,"bolussnooze":0,"activity":-0.009,"lastBolusTime":1703076907848,"time":"2023-12-20T16:57:04.571Z"}},{"iob":-0.207,"basaliob":-0.244,"bolussnooze":0,"activity":-0.0035,"lastBolusTime":1703076907848,"time":"2023-12-20T17:02:04.571Z","iobWithZeroTemp":{"iob":-0.835,"basaliob":-0.872,"bolussnooze":0,"activity":-0.0092,"lastBolusTime":1703076907848,"time":"2023-12-20T17:02:04.571Z"}},{"iob":-0.19,"basaliob":-0.223,"bolussnooze":0,"activity":-0.0033,"lastBolusTime":1703076907848,"time":"2023-12-20T17:07:04.571Z","iobWithZeroTemp":{"iob":-0.839,"basaliob":-0.872,"bolussnooze":0,"activity":-0.0093,"lastBolusTime":1703076907848,"time":"2023-12-20T17:07:04.571Z"}},{"iob":-0.174,"basaliob":-0.204,"bolussnooze":0,"activity":-0.003,"lastBolusTime":1703076907848,"time":"2023-12-20T17:12:04.571Z","iobWithZeroTemp":{"iob":-0.842,"basaliob":-0.872,"bolussnooze":0,"activity":-0.0093,"lastBolusTime":1703076907848,"time":"2023-12-20T17:12:04.571Z"}},{"iob":-0.159,"basaliob":-0.186,"bolussnooze":0,"activity":-0.0028,"lastBolusTime":1703076907848,"time":"2023-12-20T17:17:04.571Z","iobWithZeroTemp":{"iob":-0.845,"basaliob":-0.872,"bolussnooze":0,"activity":-0.0094,"lastBolusTime":1703076907848,"time":"2023-12-20T17:17:04.571Z"}},{"iob":-0.146,"basaliob":-0.17,"bolussnooze":0,"activity":-0.0026,"lastBolusTime":1703076907848,"time":"2023-12-20T17:22:04.571Z","iobWithZeroTemp":{"iob":-0.849,"basaliob":-0.873,"bolussnooze":0,"activity":-0.0094,"lastBolusTime":1703076907848,"time":"2023-12-20T17:22:04.571Z"}},{"iob":-0.134,"basaliob":-0.155,"bolussnooze":0,"activity":-0.0024,"lastBolusTime":1703076907848,"time":"2023-12-20T17:27:04.571Z","iobWithZeroTemp":{"iob":-0.852,"basaliob":-0.873,"bolussnooze":0,"activity":-0.0095,"lastBolusTime":1703076907848,"time":"2023-12-20T17:27:04.571Z"}},{"iob":-0.123,"basaliob":-0.142,"bolussnooze":0,"activity":-0.0022,"lastBolusTime":1703076907848,"time":"2023-12-20T17:32:04.571Z","iobWithZeroTemp":{"iob":-0.855,"basaliob":-0.874,"bolussnooze":0,"activity":-0.0095,"lastBolusTime":1703076907848,"time":"2023-12-20T17:32:04.571Z"}},{"iob":-0.112,"basaliob":-0.129,"bolussnooze":0,"activity":-0.002,"lastBolusTime":1703076907848,"time":"2023-12-20T17:37:04.571Z","iobWithZeroTemp":{"iob":-0.857,"basaliob":-0.874,"bolussnooze":0,"activity":-0.0095,"lastBolusTime":1703076907848,"time":"2023-12-20T17:37:04.571Z"}},{"iob":-0.102,"basaliob":-0.117,"bolussnooze":0,"activity":-0.0018,"lastBolusTime":1703076907848,"time":"2023-12-20T17:42:04.571Z","iobWithZeroTemp":{"iob":-0.859,"basaliob":-0.874,"bolussnooze":0,"activity":-0.0095,"lastBolusTime":1703076907848,"time":"2023-12-20T17:42:04.571Z"}},{"iob":-0.094,"basaliob":-0.107,"bolussnooze":0,"activity":-0.0017,"lastBolusTime":1703076907848,"time":"2023-12-20T17:47:04.571Z","iobWithZeroTemp":{"iob":-0.862,"basaliob":-0.875,"bolussnooze":0,"activity":-0.0096,"lastBolusTime":1703076907848,"time":"2023-12-20T17:47:04.571Z"}},{"iob":-0.085,"basaliob":-0.097,"bolussnooze":0,"activity":-0.0016,"lastBolusTime":1703076907848,"time":"2023-12-20T17:52:04.571Z","iobWithZeroTemp":{"iob":-0.863,"basaliob":-0.875,"bolussnooze":0,"activity":-0.0097,"lastBolusTime":1703076907848,"time":"2023-12-20T17:52:04.571Z"}},{"iob":-0.077,"basaliob":-0.088,"bolussnooze":0,"activity":-0.0014,"lastBolusTime":1703076907848,"time":"2023-12-20T17:57:04.571Z","iobWithZeroTemp":{"iob":-0.864,"basaliob":-0.875,"bolussnooze":0,"activity":-0.0096,"lastBolusTime":1703076907848,"time":"2023-12-20T17:57:04.571Z"}},{"iob":-0.071,"basaliob":-0.08,"bolussnooze":0,"activity":-0.0014,"lastBolusTime":1703076907848,"time":"2023-12-20T18:02:04.571Z","iobWithZeroTemp":{"iob":-0.867,"basaliob":-0.876,"bolussnooze":0,"activity":-0.0098,"lastBolusTime":1703076907848,"time":"2023-12-20T18:02:04.571Z"}},{"iob":-0.064,"basaliob":-0.072,"bolussnooze":0,"activity":-0.0012,"lastBolusTime":1703076907848,"time":"2023-12-20T18:07:04.571Z","iobWithZeroTemp":{"iob":-0.868,"basaliob":-0.876,"bolussnooze":0,"activity":-0.0097,"lastBolusTime":1703076907848,"time":"2023-12-20T18:07:04.571Z"}},{"iob":-0.059,"basaliob":-0.066,"bolussnooze":0,"activity":-0.0011,"lastBolusTime":1703076907848,"time":"2023-12-20T18:12:04.571Z","iobWithZeroTemp":{"iob":-0.87,"basaliob":-0.877,"bolussnooze":0,"activity":-0.0098,"lastBolusTime":1703076907848,"time":"2023-12-20T18:12:04.571Z"}},{"iob":-0.052,"basaliob":-0.059,"bolussnooze":0,"activity":-0.001,"lastBolusTime":1703076907848,"time":"2023-12-20T18:17:04.571Z","iobWithZeroTemp":{"iob":-0.869,"basaliob":-0.876,"bolussnooze":0,"activity":-0.0098,"lastBolusTime":1703076907848,"time":"2023-12-20T18:17:04.571Z"}},{"iob":-0.048,"basaliob":-0.054,"bolussnooze":0,"activity":-0.001,"lastBolusTime":1703076907848,"time":"2023-12-20T18:22:04.571Z","iobWithZeroTemp":{"iob":-0.871,"basaliob":-0.877,"bolussnooze":0,"activity":-0.0099,"lastBolusTime":1703076907848,"time":"2023-12-20T18:22:04.571Z"}},{"iob":-0.044,"basaliob":-0.049,"bolussnooze":0,"activity":-9.0E-4,"lastBolusTime":1703076907848,"time":"2023-12-20T18:27:04.571Z","iobWithZeroTemp":{"iob":-0.872,"basaliob":-0.877,"bolussnooze":0,"activity":-0.0099,"lastBolusTime":1703076907848,"time":"2023-12-20T18:27:04.571Z"}},{"iob":-0.04,"basaliob":-0.044,"bolussnooze":0,"activity":-8.0E-4,"lastBolusTime":1703076907848,"time":"2023-12-20T18:32:04.571Z","iobWithZeroTemp":{"iob":-0.873,"basaliob":-0.877,"bolussnooze":0,"activity":-0.0099,"lastBolusTime":1703076907848,"time":"2023-12-20T18:32:04.571Z"}},{"iob":-0.036,"basaliob":-0.04,"bolussnooze":0,"activity":-7.0E-4,"lastBolusTime":1703076907848,"time":"2023-12-20T18:37:04.571Z","iobWithZeroTemp":{"iob":-0.874,"basaliob":-0.878,"bolussnooze":0,"activity":-0.0099,"lastBolusTime":1703076907848,"time":"2023-12-20T18:37:04.571Z"}},{"iob":-0.033,"basaliob":-0.036,"bolussnooze":0,"activity":-6.0E-4,"lastBolusTime":1703076907848,"time":"2023-12-20T18:42:04.571Z","iobWithZeroTemp":{"iob":-0.875,"basaliob":-0.878,"bolussnooze":0,"activity":-0.0098,"lastBolusTime":1703076907848,"time":"2023-12-20T18:42:04.571Z"}},{"iob":-0.029,"basaliob":-0.032,"bolussnooze":0,"activity":-6.0E-4,"lastBolusTime":1703076907848,"time":"2023-12-20T18:47:04.571Z","iobWithZeroTemp":{"iob":-0.874,"basaliob":-0.877,"bolussnooze":0,"activity":-0.0099,"lastBolusTime":1703076907848,"time":"2023-12-20T18:47:04.571Z"}},{"iob":-0.026,"basaliob":-0.029,"bolussnooze":0,"activity":-5.0E-4,"lastBolusTime":1703076907848,"time":"2023-12-20T18:52:04.571Z","iobWithZeroTemp":{"iob":-0.875,"basaliob":-0.878,"bolussnooze":0,"activity":-0.0099,"lastBolusTime":1703076907848,"time":"2023-12-20T18:52:04.571Z"}},{"iob":-0.024,"basaliob":-0.026,"bolussnooze":0,"activity":-5.0E-4,"lastBolusTime":1703076907848,"time":"2023-12-20T18:57:04.571Z","iobWithZeroTemp":{"iob":-0.876,"basaliob":-0.878,"bolussnooze":0,"activity":-0.0099,"lastBolusTime":1703076907848,"time":"2023-12-20T18:57:04.571Z"}},{"iob":-0.021,"basaliob":-0.023,"bolussnooze":0,"activity":-4.0E-4,"lastBolusTime":1703076907848,"time":"2023-12-20T19:02:04.571Z","iobWithZeroTemp":{"iob":-0.875,"basaliob":-0.877,"bolussnooze":0,"activity":-0.0099,"lastBolusTime":1703076907848,"time":"2023-12-20T19:02:04.571Z"}},{"iob":-0.019,"basaliob":-0.021,"bolussnooze":0,"activity":-5.0E-4,"lastBolusTime":1703076907848,"time":"2023-12-20T19:07:04.571Z","iobWithZeroTemp":{"iob":-0.876,"basaliob":-0.878,"bolussnooze":0,"activity":-0.01,"lastBolusTime":1703076907848,"time":"2023-12-20T19:07:04.571Z"}},{"iob":-0.017,"basaliob":-0.019,"bolussnooze":0,"activity":-4.0E-4,"lastBolusTime":1703076907848,"time":"2023-12-20T19:12:04.571Z","iobWithZeroTemp":{"iob":-0.876,"basaliob":-0.878,"bolussnooze":0,"activity":-0.01,"lastBolusTime":1703076907848,"time":"2023-12-20T19:12:04.571Z"}},{"iob":-0.016,"basaliob":-0.017,"bolussnooze":0,"activity":-4.0E-4,"lastBolusTime":1703076907848,"time":"2023-12-20T19:17:04.571Z","iobWithZeroTemp":{"iob":-0.877,"basaliob":-0.878,"bolussnooze":0,"activity":-0.01,"lastBolusTime":1703076907848,"time":"2023-12-20T19:17:04.571Z"}},{"iob":-0.014,"basaliob":-0.015,"bolussnooze":0,"activity":-3.0E-4,"lastBolusTime":1703076907848,"time":"2023-12-20T19:22:04.571Z","iobWithZeroTemp":{"iob":-0.877,"basaliob":-0.878,"bolussnooze":0,"activity":-0.01,"lastBolusTime":1703076907848,"time":"2023-12-20T19:22:04.571Z"}},{"iob":-0.013,"basaliob":-0.014,"bolussnooze":0,"activity":-3.0E-4,"lastBolusTime":1703076907848,"time":"2023-12-20T19:27:04.571Z","iobWithZeroTemp":{"iob":-0.878,"basaliob":-0.879,"bolussnooze":0,"activity":-0.01,"lastBolusTime":1703076907848,"time":"2023-12-20T19:27:04.571Z"}},{"iob":-0.011,"basaliob":-0.012,"bolussnooze":0,"activity":-3.0E-4,"lastBolusTime":1703076907848,"time":"2023-12-20T19:32:04.571Z","iobWithZeroTemp":{"iob":-0.877,"basaliob":-0.878,"bolussnooze":0,"activity":-0.01,"lastBolusTime":1703076907848,"time":"2023-12-20T19:32:04.571Z"}}],"profile":{"max_iob":20,"type":"current","max_daily_basal":1.6,"max_basal":2.4,"min_bg":111.6,"max_bg":111.6,"target_bg":111.6,"carb_ratio":8,"sens":108,"max_daily_safety_multiplier":3,"current_basal_safety_multiplier":4,"high_temptarget_raises_sensitivity":false,"low_temptarget_lowers_sensitivity":false,"sensitivity_raises_target":false,"resistance_lowers_target":false,"adv_target_adjustments":false,"exercise_mode":false,"half_basal_exercise_target":160,"maxCOB":120,"skip_neutral_temps":false,"remainingCarbsCap":90,"enableUAM":true,"A52_risk_enable":false,"SMBInterval":3,"enableSMB_with_COB":false,"enableSMB_with_temptarget":false,"allowSMB_with_high_temptarget":true,"enableSMB_always":true,"enableSMB_after_carbs":false,"maxSMBBasalMinutes":120,"maxUAMSMBBasalMinutes":120,"bolus_increment":0.05,"carbsReqThreshold":1,"current_basal":0.6,"temptargetSet":true,"autosens_max":1.8,"out_units":"mmol\/L"},"autosens_data":{"ratio":1},"meal_data":{"carbs":35,"mealCOB":0,"slopeFromMaxDeviation":-1.272714285714286,"slopeFromMinDeviation":0.17099999999999982,"lastBolusTime":1703076907848,"lastCarbTime":1703074649000},"microBolusAllowed":true,"currentTime":1703086627271,"flatBGsDetected":false},"output":{"temp":"absolute","bg":64,"tick":"+1","eventualBG":118,"targetBG":111.6,"insulinReq":0,"deliverAt":"2023-12-20T15:37:07.271Z","sensitivityRatio":1,"predBGs":{"IOB":[64,65,66,67,68,70,72,74,76,79,81,84,87,89,92,94,96,98,100,102,103,105,106,107,109,110,111,112,113,113,114,115,115,116,116,117,117,118,118,118,119,119,119,119,120],"ZT":[64,67,71,75,79,82,86,91,95,99,104,108]},"COB":0,"IOB":-0.672,"reason":"COB: 0, Dev: -1.1, BGI: 0.2, ISF: 6.0, CR: 8, Target: 6.2, minPredBG 4.3, minGuardBG 3.6, IOBpredBG 6.7; minGuardBG 3.6<4.2 55m left and 0 ~ req 0U\/hr: no temp required","timestamp":"2023-12-20T15:37:07.367Z"}}