{"algorithm":"OpenAPSSMBPlugin","input":{"glucoseStatus":{"glucose":87,"noise":0,"delta":-1,"short_avgdelta":-1.5,"long_avgdelta":0.5,"date":1703159205187},"currenttemp":{"temp":"absolute","duration":25,"rate":0.3,"minutesrunning":5},"iob_data":[{"iob":0.018,"basaliob":-0.98,"bolussnooze":0.0174,"activity":0.0028,"lastBolusTime":1703157427946,"time":"2023-12-21T11:47:05.500Z","iobWithZeroTemp":{"iob":0.018,"basaliob":-0.98,"bolussnooze":0.0174,"activity":0.0028,"lastBolusTime":1703157427946,"time":"2023-12-21T11:47:05.500Z"}},{"iob":0.005,"basaliob":-0.918,"bolussnooze":0.0137,"activity":0.0022,"lastBolusTime":1703157427946,"time":"2023-12-21T11:52:05.500Z","iobWithZeroTemp":{"iob":-0.048,"basaliob":-0.971,"bolussnooze":0.0137,"activity":0.0021,"lastBolusTime":1703157427946,"time":"2023-12-21T11:52:05.500Z"}},{"iob":-0.005,"basaliob":-0.858,"bolussnooze":0.0108,"activity":0.0018,"lastBolusTime":1703157427946,"time":"2023-12-21T11:57:05.500Z","iobWithZeroTemp":{"iob":-0.124,"basaliob":-0.977,"bolussnooze":0.0108,"activity":0.0016,"lastBolusTime":1703157427946,"time":"2023-12-21T11:57:05.500Z"}},{"iob":-0.013,"basaliob":-0.8,"bolussnooze":0.0084,"activity":0.0015,"lastBolusTime":1703157427946,"time":"2023-12-21T12:02:05.500Z","iobWithZeroTemp":{"iob":-0.197,"basaliob":-0.984,"bolussnooze":0.0084,"activity":0.001,"lastBolusTime":1703157427946,"time":"2023-12-21T12:02:05.500Z"}},{"iob":-0.019,"basaliob":-0.745,"bolussnooze":0.0066,"activity":0.0011,"lastBolusTime":1703157427946,"time":"2023-12-21T12:07:05.500Z","iobWithZeroTemp":{"iob":-0.266,"basaliob":-0.992,"bolussnooze":0.0066,"activity":2.0E-4,"lastBolusTime":1703157427946,"time":"2023-12-21T12:07:05.500Z"}},{"iob":-0.024,"basaliob":-0.692,"bolussnooze":0.0051,"activity":9.0E-4,"lastBolusTime":1703157427946,"time":"2023-12-21T12:12:05.500Z","iobWithZeroTemp":{"iob":-0.332,"basaliob":-1,"bolussnooze":0.0051,"activity":-5.0E-4,"lastBolusTime":1703157427946,"time":"2023-12-21T12:12:05.500Z"}},{"iob":-0.028,"basaliob":-0.642,"bolussnooze":0.0039,"activity":6.0E-4,"lastBolusTime":1703157427946,"time":"2023-12-21T12:17:05.500Z","iobWithZeroTemp":{"iob":-0.395,"basaliob":-1.009,"bolussnooze":0.0039,"activity":-0.0013,"lastBolusTime":1703157427946,"time":"2023-12-21T12:17:05.500Z"}},{"iob":-0.03,"basaliob":-0.594,"bolussnooze":0.003,"activity":5.0E-4,"lastBolusTime":1703157427946,"time":"2023-12-21T12:22:05.500Z","iobWithZeroTemp":{"iob":-0.453,"basaliob":-1.017,"bolussnooze":0.003,"activity":-0.0019,"lastBolusTime":1703157427946,"time":"2023-12-21T12:22:05.500Z"}},{"iob":-0.033,"basaliob":-0.55,"bolussnooze":0.0022,"activity":3.0E-4,"lastBolusTime":1703157427946,"time":"2023-12-21T12:27:05.500Z","iobWithZeroTemp":{"iob":-0.51,"basaliob":-1.027,"bolussnooze":0.0022,"activity":-0.0026,"lastBolusTime":1703157427946,"time":"2023-12-21T12:27:05.500Z"}},{"iob":-0.034,"basaliob":-0.508,"bolussnooze":0.0017,"activity":1.0E-4,"lastBolusTime":1703157427946,"time":"2023-12-21T12:32:05.500Z","iobWithZeroTemp":{"iob":-0.561,"basaliob":-1.035,"bolussnooze":0.0017,"activity":-0.0034,"lastBolusTime":1703157427946,"time":"2023-12-21T12:32:05.500Z"}},{"iob":-0.034,"basaliob":-0.468,"bolussnooze":0.0012,"activity":1.0E-4,"lastBolusTime":1703157427946,"time":"2023-12-21T12:37:05.500Z","iobWithZeroTemp":{"iob":-0.609,"basaliob":-1.043,"bolussnooze":0.0012,"activity":-0.0039,"lastBolusTime":1703157427946,"time":"2023-12-21T12:37:05.500Z"}},{"iob":-0.034,"basaliob":-0.431,"bolussnooze":9.0E-4,"activity":0,"lastBolusTime":1703157427946,"time":"2023-12-21T12:42:05.500Z","iobWithZeroTemp":{"iob":-0.654,"basaliob":-1.051,"bolussnooze":9.0E-4,"activity":-0.0046,"lastBolusTime":1703157427946,"time":"2023-12-21T12:42:05.500Z"}},{"iob":-0.034,"basaliob":-0.397,"bolussnooze":7.0E-4,"activity":-1.0E-4,"lastBolusTime":1703157427946,"time":"2023-12-21T12:47:05.500Z","iobWithZeroTemp":{"iob":-0.697,"basaliob":-1.06,"bolussnooze":7.0E-4,"activity":-0.0052,"lastBolusTime":1703157427946,"time":"2023-12-21T12:47:05.500Z"}},{"iob":-0.033,"basaliob":-0.364,"bolussnooze":5.0E-4,"activity":-1.0E-4,"lastBolusTime":1703157427946,"time":"2023-12-21T12:52:05.500Z","iobWithZeroTemp":{"iob":-0.736,"basaliob":-1.067,"bolussnooze":5.0E-4,"activity":-0.0057,"lastBolusTime":1703157427946,"time":"2023-12-21T12:52:05.500Z"}},{"iob":-0.032,"basaliob":-0.334,"bolussnooze":3.0E-4,"activity":-2.0E-4,"lastBolusTime":1703157427946,"time":"2023-12-21T12:57:05.500Z","iobWithZeroTemp":{"iob":-0.772,"basaliob":-1.074,"bolussnooze":3.0E-4,"activity":-0.0063,"lastBolusTime":1703157427946,"time":"2023-12-21T12:57:05.500Z"}},{"iob":-0.032,"basaliob":-0.307,"bolussnooze":2.0E-4,"activity":-3.0E-4,"lastBolusTime":1703157427946,"time":"2023-12-21T13:02:05.500Z","iobWithZeroTemp":{"iob":-0.807,"basaliob":-1.082,"bolussnooze":2.0E-4,"activity":-0.0069,"lastBolusTime":1703157427946,"time":"2023-12-21T13:02:05.500Z"}},{"iob":-0.031,"basaliob":-0.281,"bolussnooze":1.0E-4,"activity":-3.0E-4,"lastBolusTime":1703157427946,"time":"2023-12-21T13:07:05.500Z","iobWithZeroTemp":{"iob":-0.83,"basaliob":-1.08,"bolussnooze":1.0E-4,"activity":-0.0074,"lastBolusTime":1703157427946,"time":"2023-12-21T13:07:05.500Z"}},{"iob":-0.029,"basaliob":-0.257,"bolussnooze":1.0E-4,"activity":-3.0E-4,"lastBolusTime":1703157427946,"time":"2023-12-21T13:12:05.500Z","iobWithZeroTemp":{"iob":-0.85,"basaliob":-1.078,"bolussnooze":1.0E-4,"activity":-0.0078,"lastBolusTime":1703157427946,"time":"2023-12-21T13:12:05.500Z"}},{"iob":-0.028,"basaliob":-0.235,"bolussnooze":1.0E-4,"activity":-2.0E-4,"lastBolusTime":1703157427946,"time":"2023-12-21T13:17:05.500Z","iobWithZeroTemp":{"iob":-0.869,"basaliob":-1.076,"bolussnooze":1.0E-4,"activity":-0.0081,"lastBolusTime":1703157427946,"time":"2023-12-21T13:17:05.500Z"}},{"iob":-0.027,"basaliob":-0.215,"bolussnooze":0,"activity":-3.0E-4,"lastBolusTime":1703157427946,"time":"2023-12-21T13:22:05.500Z","iobWithZeroTemp":{"iob":-0.886,"basaliob":-1.074,"bolussnooze":0,"activity":-0.0085,"lastBolusTime":1703157427946,"time":"2023-12-21T13:22:05.500Z"}},{"iob":-0.025,"basaliob":-0.196,"bolussnooze":0,"activity":-3.0E-4,"lastBolusTime":1703157427946,"time":"2023-12-21T13:27:05.500Z","iobWithZeroTemp":{"iob":-0.9,"basaliob":-1.071,"bolussnooze":0,"activity":-0.0089,"lastBolusTime":1703157427946,"time":"2023-12-21T13:27:05.500Z"}},{"iob":-0.024,"basaliob":-0.179,"bolussnooze":0,"activity":-3.0E-4,"lastBolusTime":1703157427946,"time":"2023-12-21T13:32:05.500Z","iobWithZeroTemp":{"iob":-0.914,"basaliob":-1.069,"bolussnooze":0,"activity":-0.0091,"lastBolusTime":1703157427946,"time":"2023-12-21T13:32:05.500Z"}},{"iob":-0.023,"basaliob":-0.163,"bolussnooze":0,"activity":-2.0E-4,"lastBolusTime":1703157427946,"time":"2023-12-21T13:37:05.500Z","iobWithZeroTemp":{"iob":-0.927,"basaliob":-1.067,"bolussnooze":0,"activity":-0.0093,"lastBolusTime":1703157427946,"time":"2023-12-21T13:37:05.500Z"}},{"iob":-0.021,"basaliob":-0.148,"bolussnooze":0,"activity":-3.0E-4,"lastBolusTime":1703157427946,"time":"2023-12-21T13:42:05.500Z","iobWithZeroTemp":{"iob":-0.937,"basaliob":-1.064,"bolussnooze":0,"activity":-0.0097,"lastBolusTime":1703157427946,"time":"2023-12-21T13:42:05.500Z"}},{"iob":-0.02,"basaliob":-0.135,"bolussnooze":0,"activity":-3.0E-4,"lastBolusTime":1703157427946,"time":"2023-12-21T13:47:05.500Z","iobWithZeroTemp":{"iob":-0.947,"basaliob":-1.062,"bolussnooze":0,"activity":-0.0099,"lastBolusTime":1703157427946,"time":"2023-12-21T13:47:05.500Z"}},{"iob":-0.018,"basaliob":-0.122,"bolussnooze":0,"activity":-2.0E-4,"lastBolusTime":1703157427946,"time":"2023-12-21T13:52:05.500Z","iobWithZeroTemp":{"iob":-0.949,"basaliob":-1.053,"bolussnooze":0,"activity":-0.0099,"lastBolusTime":1703157427946,"time":"2023-12-21T13:52:05.500Z"}},{"iob":-0.017,"basaliob":-0.111,"bolussnooze":0,"activity":-2.0E-4,"lastBolusTime":1703157427946,"time":"2023-12-21T13:57:05.500Z","iobWithZeroTemp":{"iob":-0.958,"basaliob":-1.052,"bolussnooze":0,"activity":-0.0101,"lastBolusTime":1703157427946,"time":"2023-12-21T13:57:05.500Z"}},{"iob":-0.016,"basaliob":-0.101,"bolussnooze":0,"activity":-3.0E-4,"lastBolusTime":1703157427946,"time":"2023-12-21T14:02:05.500Z","iobWithZeroTemp":{"iob":-0.965,"basaliob":-1.05,"bolussnooze":0,"activity":-0.0104,"lastBolusTime":1703157427946,"time":"2023-12-21T14:02:05.500Z"}},{"iob":-0.015,"basaliob":-0.092,"bolussnooze":0,"activity":-2.0E-4,"lastBolusTime":1703157427946,"time":"2023-12-21T14:07:05.500Z","iobWithZeroTemp":{"iob":-0.972,"basaliob":-1.049,"bolussnooze":0,"activity":-0.0104,"lastBolusTime":1703157427946,"time":"2023-12-21T14:07:05.500Z"}},{"iob":-0.014,"basaliob":-0.083,"bolussnooze":0,"activity":-2.0E-4,"lastBolusTime":1703157427946,"time":"2023-12-21T14:12:05.500Z","iobWithZeroTemp":{"iob":-0.978,"basaliob":-1.047,"bolussnooze":0,"activity":-0.0106,"lastBolusTime":1703157427946,"time":"2023-12-21T14:12:05.500Z"}},{"iob":-0.013,"basaliob":-0.075,"bolussnooze":0,"activity":-2.0E-4,"lastBolusTime":1703157427946,"time":"2023-12-21T14:17:05.500Z","iobWithZeroTemp":{"iob":-0.983,"basaliob":-1.045,"bolussnooze":0,"activity":-0.0107,"lastBolusTime":1703157427946,"time":"2023-12-21T14:17:05.500Z"}},{"iob":-0.012,"basaliob":-0.068,"bolussnooze":0,"activity":-2.0E-4,"lastBolusTime":1703157427946,"time":"2023-12-21T14:22:05.500Z","iobWithZeroTemp":{"iob":-0.988,"basaliob":-1.044,"bolussnooze":0,"activity":-0.0108,"lastBolusTime":1703157427946,"time":"2023-12-21T14:22:05.500Z"}},{"iob":-0.011,"basaliob":-0.061,"bolussnooze":0,"activity":-1.0E-4,"lastBolusTime":1703157427946,"time":"2023-12-21T14:27:05.500Z","iobWithZeroTemp":{"iob":-0.992,"basaliob":-1.042,"bolussnooze":0,"activity":-0.0108,"lastBolusTime":1703157427946,"time":"2023-12-21T14:27:05.500Z"}},{"iob":-0.011,"basaliob":-0.056,"bolussnooze":0,"activity":-1.0E-4,"lastBolusTime":1703157427946,"time":"2023-12-21T14:32:05.500Z","iobWithZeroTemp":{"iob":-0.997,"basaliob":-1.042,"bolussnooze":0,"activity":-0.0109,"lastBolusTime":1703157427946,"time":"2023-12-21T14:32:05.500Z"}},{"iob":-0.009,"basaliob":-0.05,"bolussnooze":0,"activity":-1.0E-4,"lastBolusTime":1703157427946,"time":"2023-12-21T14:37:05.500Z","iobWithZeroTemp":{"iob":-0.999,"basaliob":-1.04,"bolussnooze":0,"activity":-0.011,"lastBolusTime":1703157427946,"time":"2023-12-21T14:37:05.500Z"}},{"iob":-0.008,"basaliob":-0.045,"bolussnooze":0,"activity":-1.0E-4,"lastBolusTime":1703157427946,"time":"2023-12-21T14:42:05.500Z","iobWithZeroTemp":{"iob":-1.002,"basaliob":-1.039,"bolussnooze":0,"activity":-0.0111,"lastBolusTime":1703157427946,"time":"2023-12-21T14:42:05.500Z"}},{"iob":-0.008,"basaliob":-0.041,"bolussnooze":0,"activity":-1.0E-4,"lastBolusTime":1703157427946,"time":"2023-12-21T14:47:05.500Z","iobWithZeroTemp":{"iob":-1.005,"basaliob":-1.038,"bolussnooze":0,"activity":-0.0111,"lastBolusTime":1703157427946,"time":"2023-12-21T14:47:05.500Z"}},{"iob":-0.008,"basaliob":-0.037,"bolussnooze":0,"activity":-2.0E-4,"lastBolusTime":1703157427946,"time":"2023-12-21T14:52:05.500Z","iobWithZeroTemp":{"iob":-1.008,"basaliob":-1.037,"bolussnooze":0,"activity":-0.0113,"lastBolusTime":1703157427946,"time":"2023-12-21T14:52:05.500Z"}},{"iob":-0.007,"basaliob":-0.033,"bolussnooze":0,"activity":-1.0E-4,"lastBolusTime":1703157427946,"time":"2023-12-21T14:57:05.500Z","iobWithZeroTemp":{"iob":-1.01,"basaliob":-1.036,"bolussnooze":0,"activity":-0.0113,"lastBolusTime":1703157427946,"time":"2023-12-21T14:57:05.500Z"}},{"iob":-0.006,"basaliob":-0.03,"bolussnooze":0,"activity":-1.0E-4,"lastBolusTime":1703157427946,"time":"2023-12-21T15:02:05.500Z","iobWithZeroTemp":{"iob":-1.011,"basaliob":-1.035,"bolussnooze":0,"activity":-0.0113,"lastBolusTime":1703157427946,"time":"2023-12-21T15:02:05.500Z"}},{"iob":-0.006,"basaliob":-0.027,"bolussnooze":0,"activity":-1.0E-4,"lastBolusTime":1703157427946,"time":"2023-12-21T15:07:05.500Z","iobWithZeroTemp":{"iob":-1.005,"basaliob":-1.026,"bolussnooze":0,"activity":-0.0113,"lastBolusTime":1703157427946,"time":"2023-12-21T15:07:05.500Z"}},{"iob":-0.005,"basaliob":-0.024,"bolussnooze":0,"activity":-1.0E-4,"lastBolusTime":1703157427946,"time":"2023-12-21T15:12:05.500Z","iobWithZeroTemp":{"iob":-0.998,"basaliob":-1.017,"bolussnooze":0,"activity":-0.0114,"lastBolusTime":1703157427946,"time":"2023-12-21T15:12:05.500Z"}},{"iob":-0.005,"basaliob":-0.022,"bolussnooze":0,"activity":-1.0E-4,"lastBolusTime":1703157427946,"time":"2023-12-21T15:17:05.500Z","iobWithZeroTemp":{"iob":-0.992,"basaliob":-1.009,"bolussnooze":0,"activity":-0.0114,"lastBolusTime":1703157427946,"time":"2023-12-21T15:17:05.500Z"}},{"iob":-0.004,"basaliob":-0.019,"bolussnooze":0,"activity":-1.0E-4,"lastBolusTime":1703157427946,"time":"2023-12-21T15:22:05.500Z","iobWithZeroTemp":{"iob":-0.985,"basaliob":-1,"bolussnooze":0,"activity":-0.0113,"lastBolusTime":1703157427946,"time":"2023-12-21T15:22:05.500Z"}},{"iob":-0.004,"basaliob":-0.017,"bolussnooze":0,"activity":-1.0E-4,"lastBolusTime":1703157427946,"time":"2023-12-21T15:27:05.500Z","iobWithZeroTemp":{"iob":-0.978,"basaliob":-0.991,"bolussnooze":0,"activity":-0.0113,"lastBolusTime":1703157427946,"time":"2023-12-21T15:27:05.500Z"}},{"iob":-0.004,"basaliob":-0.016,"bolussnooze":0,"activity":0,"lastBolusTime":1703157427946,"time":"2023-12-21T15:32:05.500Z","iobWithZeroTemp":{"iob":-0.973,"basaliob":-0.985,"bolussnooze":0,"activity":-0.0112,"lastBolusTime":1703157427946,"time":"2023-12-21T15:32:05.500Z"}},{"iob":-0.003,"basaliob":-0.014,"bolussnooze":0,"activity":-1.0E-4,"lastBolusTime":1703157427946,"time":"2023-12-21T15:37:05.500Z","iobWithZeroTemp":{"iob":-0.966,"basaliob":-0.977,"bolussnooze":0,"activity":-0.0112,"lastBolusTime":1703157427946,"time":"2023-12-21T15:37:05.500Z"}},{"iob":-0.003,"basaliob":-0.012,"bolussnooze":0,"activity":-1.0E-4,"lastBolusTime":1703157427946,"time":"2023-12-21T15:42:05.500Z","iobWithZeroTemp":{"iob":-0.96,"basaliob":-0.969,"bolussnooze":0,"activity":-0.0112,"lastBolusTime":1703157427946,"time":"2023-12-21T15:42:05.500Z"}}],"profile":{"max_iob":20,"type":"current","max_daily_basal":1.6,"max_basal":3.2,"min_bg":90,"max_bg":90,"target_bg":90,"carb_ratio":8,"sens":108,"max_daily_safety_multiplier":3,"current_basal_safety_multiplier":4,"high_temptarget_raises_sensitivity":false,"low_temptarget_lowers_sensitivity":false,"sensitivity_raises_target":false,"resistance_lowers_target":false,"adv_target_adjustments":false,"exercise_mode":false,"half_basal_exercise_target":160,"maxCOB":120,"skip_neutral_temps":false,"remainingCarbsCap":90,"enableUAM":true,"A52_risk_enable":false,"SMBInterval":3,"enableSMB_with_COB":false,"enableSMB_with_temptarget":false,"allowSMB_with_high_temptarget":true,"enableSMB_always":true,"enableSMB_after_carbs":false,"maxSMBBasalMinutes":120,"maxUAMSMBBasalMinutes":120,"bolus_increment":0.05,"carbsReqThreshold":1,"current_basal":0.8,"temptargetSet":false,"autosens_max":1.8,"out_units":"mmol\/L"},"autosens_data":{"ratio":1},"meal_data":{"carbs":30,"mealCOB":2.277870370370376,"slopeFromMaxDeviation":-1.403857142857143,"slopeFromMinDeviation":0,"lastBolusTime":1703157427946,"lastCarbTime":1703154952000},"microBolusAllowed":true,"currentTime":1703159227825,"flatBGsDetected":false},"output":{"temp":"absolute","bg":87,"tick":-1,"eventualBG":113,"targetBG":90,"insulinReq":-0.04,"deliverAt":"2023-12-21T11:47:07.825Z","sensitivityRatio":1,"predBGs":{"IOB":[87,85,84,83,83,82,81,81,81,81,81,81,81,81,81,81,81,81,81,81,82,82,82,82,82,82,82,83,83,83,83,83,83,83,83,83,83,83,83,84],"ZT":[87,85,84,84,83,83,83,84,85,86,88,90],"COB":[87,86,84,84,83,82,82,82,82,82,83,83,83,84,85,85,86,87,88,88,89,90,91,92,93,94,95,97,98,99,100,101,102,103,104,105,106,107,107,108,109,110,110,111,111,112,112,113],"UAM":[87,85,84,83,83,82,81,81,81,81,81,81,81,81,81,81,81,81,81,81,82,82,82,82,82,82,82,83,83,83,83,83,83,83,83,83,83,83,83,84]},"COB":2.277870370370376,"IOB":0.018,"reason":"COB: 2.3, Dev: 0.0, BGI: -0.1, ISF: 6.0, CR: 8, Target: 5.0, minPredBG 4.8, minGuardBG 4.5, IOBpredBG 4.7, COBpredBG 6.3, UAMpredBG 4.7; Eventual BG 6.3 >= 5.0,  insulinReq -0.04; setting 30m low temp of 0.13U\/h. ","rate":0.13,"duration":30,"timestamp":"2023-12-21T11:47:07.870Z"}}