{"algorithm":"OpenAPSSMBPlugin","input":{"glucoseStatus":{"glucose":89,"noise":0,"delta":5,"short_avgdelta":2.67,"long_avgdelta":-0.56,"date":1703040702137},"currenttemp":{"temp":"absolute","duration":21,"rate":0,"minutesrunning":9},"iob_data":[{"iob":1.766,"basaliob":-1.149,"bolussnooze":0,"activity":0.0106,"lastBolusTime":1703040728641,"time":"2023-12-20T02:55:56.801Z","iobWithZeroTemp":{"iob":1.766,"basaliob":-1.149,"bolussnooze":0,"activity":0.0106,"lastBolusTime":1703040728641,"time":"2023-12-20T02:55:56.801Z"}},{"iob":1.708,"basaliob":-1.091,"bolussnooze":0,"activity":0.0123,"lastBolusTime":1703040728641,"time":"2023-12-20T03:00:56.801Z","iobWithZeroTemp":{"iob":1.621,"basaliob":-1.178,"bolussnooze":0,"activity":0.0122,"lastBolusTime":1703040728641,"time":"2023-12-20T03:00:56.801Z"}},{"iob":1.643,"basaliob":-1.032,"bolussnooze":0,"activity":0.0137,"lastBolusTime":1703040728641,"time":"2023-12-20T03:05:56.801Z","iobWithZeroTemp":{"iob":1.449,"basaliob":-1.226,"bolussnooze":0,"activity":0.0133,"lastBolusTime":1703040728641,"time":"2023-12-20T03:05:56.801Z"}},{"iob":1.572,"basaliob":-0.973,"bolussnooze":0,"activity":0.0146,"lastBolusTime":1703040728641,"time":"2023-12-20T03:10:56.801Z","iobWithZeroTemp":{"iob":1.273,"basaliob":-1.272,"bolussnooze":0,"activity":0.0137,"lastBolusTime":1703040728641,"time":"2023-12-20T03:10:56.801Z"}},{"iob":1.497,"basaliob":-0.915,"bolussnooze":0,"activity":0.0152,"lastBolusTime":1703040728641,"time":"2023-12-20T03:15:56.801Z","iobWithZeroTemp":{"iob":1.095,"basaliob":-1.317,"bolussnooze":0,"activity":0.0137,"lastBolusTime":1703040728641,"time":"2023-12-20T03:15:56.801Z"}},{"iob":1.421,"basaliob":-0.858,"bolussnooze":0,"activity":0.0155,"lastBolusTime":1703040728641,"time":"2023-12-20T03:20:56.801Z","iobWithZeroTemp":{"iob":0.92,"basaliob":-1.359,"bolussnooze":0,"activity":0.0133,"lastBolusTime":1703040728641,"time":"2023-12-20T03:20:56.801Z"}},{"iob":1.343,"basaliob":-0.803,"bolussnooze":0,"activity":0.0155,"lastBolusTime":1703040728641,"time":"2023-12-20T03:25:56.801Z","iobWithZeroTemp":{"iob":0.747,"basaliob":-1.399,"bolussnooze":0,"activity":0.0125,"lastBolusTime":1703040728641,"time":"2023-12-20T03:25:56.801Z"}},{"iob":1.266,"basaliob":-0.749,"bolussnooze":0,"activity":0.0153,"lastBolusTime":1703040728641,"time":"2023-12-20T03:30:56.801Z","iobWithZeroTemp":{"iob":0.579,"basaliob":-1.436,"bolussnooze":0,"activity":0.0114,"lastBolusTime":1703040728641,"time":"2023-12-20T03:30:56.801Z"}},{"iob":1.19,"basaliob":-0.698,"bolussnooze":0,"activity":0.0151,"lastBolusTime":1703040728641,"time":"2023-12-20T03:35:56.801Z","iobWithZeroTemp":{"iob":0.416,"basaliob":-1.472,"bolussnooze":0,"activity":0.0104,"lastBolusTime":1703040728641,"time":"2023-12-20T03:35:56.801Z"}},{"iob":1.116,"basaliob":-0.649,"bolussnooze":0,"activity":0.0146,"lastBolusTime":1703040728641,"time":"2023-12-20T03:40:56.801Z","iobWithZeroTemp":{"iob":0.259,"basaliob":-1.506,"bolussnooze":0,"activity":0.009,"lastBolusTime":1703040728641,"time":"2023-12-20T03:40:56.801Z"}},{"iob":1.044,"basaliob":-0.602,"bolussnooze":0,"activity":0.0142,"lastBolusTime":1703040728641,"time":"2023-12-20T03:45:56.801Z","iobWithZeroTemp":{"iob":0.109,"basaliob":-1.537,"bolussnooze":0,"activity":0.0077,"lastBolusTime":1703040728641,"time":"2023-12-20T03:45:56.801Z"}},{"iob":0.974,"basaliob":-0.558,"bolussnooze":0,"activity":0.0136,"lastBolusTime":1703040728641,"time":"2023-12-20T03:50:56.801Z","iobWithZeroTemp":{"iob":-0.034,"basaliob":-1.566,"bolussnooze":0,"activity":0.0062,"lastBolusTime":1703040728641,"time":"2023-12-20T03:50:56.801Z"}},{"iob":0.908,"basaliob":-0.516,"bolussnooze":0,"activity":0.0131,"lastBolusTime":1703040728641,"time":"2023-12-20T03:55:56.801Z","iobWithZeroTemp":{"iob":-0.169,"basaliob":-1.593,"bolussnooze":0,"activity":0.0048,"lastBolusTime":1703040728641,"time":"2023-12-20T03:55:56.801Z"}},{"iob":0.843,"basaliob":-0.477,"bolussnooze":0,"activity":0.0125,"lastBolusTime":1703040728641,"time":"2023-12-20T04:00:56.801Z","iobWithZeroTemp":{"iob":-0.299,"basaliob":-1.619,"bolussnooze":0,"activity":0.0033,"lastBolusTime":1703040728641,"time":"2023-12-20T04:00:56.801Z"}},{"iob":0.783,"basaliob":-0.44,"bolussnooze":0,"activity":0.0119,"lastBolusTime":1703040728641,"time":"2023-12-20T04:05:56.801Z","iobWithZeroTemp":{"iob":-0.419,"basaliob":-1.642,"bolussnooze":0,"activity":0.0019,"lastBolusTime":1703040728641,"time":"2023-12-20T04:05:56.801Z"}},{"iob":0.725,"basaliob":-0.406,"bolussnooze":0,"activity":0.0112,"lastBolusTime":1703040728641,"time":"2023-12-20T04:10:56.801Z","iobWithZeroTemp":{"iob":-0.534,"basaliob":-1.665,"bolussnooze":0,"activity":4.0E-4,"lastBolusTime":1703040728641,"time":"2023-12-20T04:10:56.801Z"}},{"iob":0.671,"basaliob":-0.373,"bolussnooze":0,"activity":0.0106,"lastBolusTime":1703040728641,"time":"2023-12-20T04:15:56.801Z","iobWithZeroTemp":{"iob":-0.641,"basaliob":-1.685,"bolussnooze":0,"activity":-9.0E-4,"lastBolusTime":1703040728641,"time":"2023-12-20T04:15:56.801Z"}},{"iob":0.62,"basaliob":-0.343,"bolussnooze":0,"activity":0.0099,"lastBolusTime":1703040728641,"time":"2023-12-20T04:20:56.801Z","iobWithZeroTemp":{"iob":-0.74,"basaliob":-1.703,"bolussnooze":0,"activity":-0.0024,"lastBolusTime":1703040728641,"time":"2023-12-20T04:20:56.801Z"}},{"iob":0.572,"basaliob":-0.315,"bolussnooze":0,"activity":0.0093,"lastBolusTime":1703040728641,"time":"2023-12-20T04:25:56.801Z","iobWithZeroTemp":{"iob":-0.834,"basaliob":-1.721,"bolussnooze":0,"activity":-0.0036,"lastBolusTime":1703040728641,"time":"2023-12-20T04:25:56.801Z"}},{"iob":0.527,"basaliob":-0.289,"bolussnooze":0,"activity":0.0087,"lastBolusTime":1703040728641,"time":"2023-12-20T04:30:56.801Z","iobWithZeroTemp":{"iob":-0.921,"basaliob":-1.737,"bolussnooze":0,"activity":-0.0049,"lastBolusTime":1703040728641,"time":"2023-12-20T04:30:56.801Z"}},{"iob":0.485,"basaliob":-0.265,"bolussnooze":0,"activity":0.0081,"lastBolusTime":1703040728641,"time":"2023-12-20T04:35:56.801Z","iobWithZeroTemp":{"iob":-1.002,"basaliob":-1.752,"bolussnooze":0,"activity":-0.0061,"lastBolusTime":1703040728641,"time":"2023-12-20T04:35:56.801Z"}},{"iob":0.445,"basaliob":-0.243,"bolussnooze":0,"activity":0.0076,"lastBolusTime":1703040728641,"time":"2023-12-20T04:40:56.801Z","iobWithZeroTemp":{"iob":-1.078,"basaliob":-1.766,"bolussnooze":0,"activity":-0.0072,"lastBolusTime":1703040728641,"time":"2023-12-20T04:40:56.801Z"}},{"iob":0.409,"basaliob":-0.222,"bolussnooze":0,"activity":0.007,"lastBolusTime":1703040728641,"time":"2023-12-20T04:45:56.801Z","iobWithZeroTemp":{"iob":-1.147,"basaliob":-1.778,"bolussnooze":0,"activity":-0.0083,"lastBolusTime":1703040728641,"time":"2023-12-20T04:45:56.801Z"}},{"iob":0.375,"basaliob":-0.203,"bolussnooze":0,"activity":0.0065,"lastBolusTime":1703040728641,"time":"2023-12-20T04:50:56.801Z","iobWithZeroTemp":{"iob":-1.212,"basaliob":-1.79,"bolussnooze":0,"activity":-0.0093,"lastBolusTime":1703040728641,"time":"2023-12-20T04:50:56.801Z"}},{"iob":0.344,"basaliob":-0.185,"bolussnooze":0,"activity":0.006,"lastBolusTime":1703040728641,"time":"2023-12-20T04:55:56.801Z","iobWithZeroTemp":{"iob":-1.271,"basaliob":-1.8,"bolussnooze":0,"activity":-0.0103,"lastBolusTime":1703040728641,"time":"2023-12-20T04:55:56.801Z"}},{"iob":0.315,"basaliob":-0.169,"bolussnooze":0,"activity":0.0056,"lastBolusTime":1703040728641,"time":"2023-12-20T05:00:56.801Z","iobWithZeroTemp":{"iob":-1.326,"basaliob":-1.81,"bolussnooze":0,"activity":-0.0111,"lastBolusTime":1703040728641,"time":"2023-12-20T05:00:56.801Z"}},{"iob":0.288,"basaliob":-0.154,"bolussnooze":0,"activity":0.0051,"lastBolusTime":1703040728641,"time":"2023-12-20T05:05:56.801Z","iobWithZeroTemp":{"iob":-1.376,"basaliob":-1.818,"bolussnooze":0,"activity":-0.012,"lastBolusTime":1703040728641,"time":"2023-12-20T05:05:56.801Z"}},{"iob":0.263,"basaliob":-0.14,"bolussnooze":0,"activity":0.0048,"lastBolusTime":1703040728641,"time":"2023-12-20T05:10:56.801Z","iobWithZeroTemp":{"iob":-1.423,"basaliob":-1.826,"bolussnooze":0,"activity":-0.0127,"lastBolusTime":1703040728641,"time":"2023-12-20T05:10:56.801Z"}},{"iob":0.241,"basaliob":-0.127,"bolussnooze":0,"activity":0.0044,"lastBolusTime":1703040728641,"time":"2023-12-20T05:15:56.801Z","iobWithZeroTemp":{"iob":-1.465,"basaliob":-1.833,"bolussnooze":0,"activity":-0.0135,"lastBolusTime":1703040728641,"time":"2023-12-20T05:15:56.801Z"}},{"iob":0.219,"basaliob":-0.116,"bolussnooze":0,"activity":0.0041,"lastBolusTime":1703040728641,"time":"2023-12-20T05:20:56.801Z","iobWithZeroTemp":{"iob":-1.505,"basaliob":-1.84,"bolussnooze":0,"activity":-0.0141,"lastBolusTime":1703040728641,"time":"2023-12-20T05:20:56.801Z"}},{"iob":0.2,"basaliob":-0.105,"bolussnooze":0,"activity":0.0037,"lastBolusTime":1703040728641,"time":"2023-12-20T05:25:56.801Z","iobWithZeroTemp":{"iob":-1.541,"basaliob":-1.846,"bolussnooze":0,"activity":-0.0148,"lastBolusTime":1703040728641,"time":"2023-12-20T05:25:56.801Z"}},{"iob":0.182,"basaliob":-0.096,"bolussnooze":0,"activity":0.0034,"lastBolusTime":1703040728641,"time":"2023-12-20T05:30:56.801Z","iobWithZeroTemp":{"iob":-1.575,"basaliob":-1.853,"bolussnooze":0,"activity":-0.0154,"lastBolusTime":1703040728641,"time":"2023-12-20T05:30:56.801Z"}},{"iob":0.165,"basaliob":-0.087,"bolussnooze":0,"activity":0.0031,"lastBolusTime":1703040728641,"time":"2023-12-20T05:35:56.801Z","iobWithZeroTemp":{"iob":-1.606,"basaliob":-1.858,"bolussnooze":0,"activity":-0.0159,"lastBolusTime":1703040728641,"time":"2023-12-20T05:35:56.801Z"}},{"iob":0.15,"basaliob":-0.079,"bolussnooze":0,"activity":0.0029,"lastBolusTime":1703040728641,"time":"2023-12-20T05:40:56.801Z","iobWithZeroTemp":{"iob":-1.633,"basaliob":-1.862,"bolussnooze":0,"activity":-0.0163,"lastBolusTime":1703040728641,"time":"2023-12-20T05:40:56.801Z"}},{"iob":0.137,"basaliob":-0.071,"bolussnooze":0,"activity":0.0026,"lastBolusTime":1703040728641,"time":"2023-12-20T05:45:56.801Z","iobWithZeroTemp":{"iob":-1.658,"basaliob":-1.866,"bolussnooze":0,"activity":-0.0169,"lastBolusTime":1703040728641,"time":"2023-12-20T05:45:56.801Z"}},{"iob":0.125,"basaliob":-0.064,"bolussnooze":0,"activity":0.0024,"lastBolusTime":1703040728641,"time":"2023-12-20T05:50:56.801Z","iobWithZeroTemp":{"iob":-1.68,"basaliob":-1.869,"bolussnooze":0,"activity":-0.0173,"lastBolusTime":1703040728641,"time":"2023-12-20T05:50:56.801Z"}},{"iob":0.113,"basaliob":-0.058,"bolussnooze":0,"activity":0.0022,"lastBolusTime":1703040728641,"time":"2023-12-20T05:55:56.801Z","iobWithZeroTemp":{"iob":-1.702,"basaliob":-1.873,"bolussnooze":0,"activity":-0.0176,"lastBolusTime":1703040728641,"time":"2023-12-20T05:55:56.801Z"}},{"iob":0.102,"basaliob":-0.053,"bolussnooze":0,"activity":0.002,"lastBolusTime":1703040728641,"time":"2023-12-20T06:00:56.801Z","iobWithZeroTemp":{"iob":-1.722,"basaliob":-1.877,"bolussnooze":0,"activity":-0.018,"lastBolusTime":1703040728641,"time":"2023-12-20T06:00:56.801Z"}},{"iob":0.092,"basaliob":-0.048,"bolussnooze":0,"activity":0.0018,"lastBolusTime":1703040728641,"time":"2023-12-20T06:05:56.801Z","iobWithZeroTemp":{"iob":-1.736,"basaliob":-1.876,"bolussnooze":0,"activity":-0.0184,"lastBolusTime":1703040728641,"time":"2023-12-20T06:05:56.801Z"}},{"iob":0.084,"basaliob":-0.043,"bolussnooze":0,"activity":0.0017,"lastBolusTime":1703040728641,"time":"2023-12-20T06:10:56.801Z","iobWithZeroTemp":{"iob":-1.747,"basaliob":-1.874,"bolussnooze":0,"activity":-0.0186,"lastBolusTime":1703040728641,"time":"2023-12-20T06:10:56.801Z"}},{"iob":0.076,"basaliob":-0.039,"bolussnooze":0,"activity":0.0015,"lastBolusTime":1703040728641,"time":"2023-12-20T06:15:56.801Z","iobWithZeroTemp":{"iob":-1.757,"basaliob":-1.872,"bolussnooze":0,"activity":-0.0189,"lastBolusTime":1703040728641,"time":"2023-12-20T06:15:56.801Z"}},{"iob":0.069,"basaliob":-0.035,"bolussnooze":0,"activity":0.0014,"lastBolusTime":1703040728641,"time":"2023-12-20T06:20:56.801Z","iobWithZeroTemp":{"iob":-1.766,"basaliob":-1.87,"bolussnooze":0,"activity":-0.0191,"lastBolusTime":1703040728641,"time":"2023-12-20T06:20:56.801Z"}},{"iob":0.062,"basaliob":-0.031,"bolussnooze":0,"activity":0.0012,"lastBolusTime":1703040728641,"time":"2023-12-20T06:25:56.801Z","iobWithZeroTemp":{"iob":-1.775,"basaliob":-1.868,"bolussnooze":0,"activity":-0.0194,"lastBolusTime":1703040728641,"time":"2023-12-20T06:25:56.801Z"}},{"iob":0.056,"basaliob":-0.028,"bolussnooze":0,"activity":0.0011,"lastBolusTime":1703040728641,"time":"2023-12-20T06:30:56.801Z","iobWithZeroTemp":{"iob":-1.782,"basaliob":-1.866,"bolussnooze":0,"activity":-0.0195,"lastBolusTime":1703040728641,"time":"2023-12-20T06:30:56.801Z"}},{"iob":0.051,"basaliob":-0.025,"bolussnooze":0,"activity":0.0011,"lastBolusTime":1703040728641,"time":"2023-12-20T06:35:56.801Z","iobWithZeroTemp":{"iob":-1.788,"basaliob":-1.864,"bolussnooze":0,"activity":-0.0196,"lastBolusTime":1703040728641,"time":"2023-12-20T06:35:56.801Z"}},{"iob":0.045,"basaliob":-0.023,"bolussnooze":0,"activity":9.0E-4,"lastBolusTime":1703040728641,"time":"2023-12-20T06:40:56.801Z","iobWithZeroTemp":{"iob":-1.795,"basaliob":-1.863,"bolussnooze":0,"activity":-0.0198,"lastBolusTime":1703040728641,"time":"2023-12-20T06:40:56.801Z"}},{"iob":0.041,"basaliob":-0.021,"bolussnooze":0,"activity":9.0E-4,"lastBolusTime":1703040728641,"time":"2023-12-20T06:45:56.801Z","iobWithZeroTemp":{"iob":-1.8,"basaliob":-1.862,"bolussnooze":0,"activity":-0.0199,"lastBolusTime":1703040728641,"time":"2023-12-20T06:45:56.801Z"}},{"iob":0.037,"basaliob":-0.018,"bolussnooze":0,"activity":8.0E-4,"lastBolusTime":1703040728641,"time":"2023-12-20T06:50:56.801Z","iobWithZeroTemp":{"iob":-1.804,"basaliob":-1.859,"bolussnooze":0,"activity":-0.02,"lastBolusTime":1703040728641,"time":"2023-12-20T06:50:56.801Z"}}],"profile":{"max_iob":20,"type":"current","max_daily_basal":1.6,"max_basal":4.8,"min_bg":81,"max_bg":81,"target_bg":81,"carb_ratio":4.5,"sens":72,"max_daily_safety_multiplier":3,"current_basal_safety_multiplier":4,"high_temptarget_raises_sensitivity":false,"low_temptarget_lowers_sensitivity":false,"sensitivity_raises_target":false,"resistance_lowers_target":false,"adv_target_adjustments":false,"exercise_mode":false,"half_basal_exercise_target":160,"maxCOB":120,"skip_neutral_temps":false,"remainingCarbsCap":90,"enableUAM":true,"A52_risk_enable":false,"SMBInterval":3,"enableSMB_with_COB":false,"enableSMB_with_temptarget":false,"allowSMB_with_high_temptarget":true,"enableSMB_always":true,"enableSMB_after_carbs":false,"maxSMBBasalMinutes":120,"maxUAMSMBBasalMinutes":120,"bolus_increment":0.05,"carbsReqThreshold":1,"current_basal":1.3,"temptargetSet":true,"autosens_max":1.8,"out_units":"mmol\/L"},"autosens_data":{"ratio":1},"meal_data":{"carbs":40,"mealCOB":24.49175,"slopeFromMaxDeviation":0,"slopeFromMinDeviation":1.3543333333333332,"lastBolusTime":1703040728641,"lastCarbTime":1703039119000},"microBolusAllowed":true,"currentTime":1703040959544,"flatBGsDetected":false},"output":{"temp":"absolute","bg":89,"tick":"+5","eventualBG":351,"targetBG":81,"insulinReq":0,"deliverAt":"2023-12-20T02:55:59.544Z","sensitivityRatio":1,"predBGs":{"IOB":[89,91,92,92,91,89,87,84,81,77,73,68,63,59,54,50,46,42,39],"ZT":[89,85,81,76,71,66,61,57,53,49,46,43,41,39,39,39,39,39,39,40,41,43,46,49,52,56,60,64,69,74,79],"COB":[89,92,95,97,100,102,105,109,112,116,121,126,131,137,144,151,159,167,176,185,195,205,216,227,238,249,259,268,277,286,294,302,309,315,321,327,332,336,340,344,346,349,350,352,352,352,352,351],"UAM":[89,91,92,93,92,91,89,87,84,81,78,74,71,67,62,58,54,50,47,43,40,39]},"COB":24.49175,"IOB":1.766,"reason":"COB: 24.5, Dev: 2.2, BGI: -0.2, ISF: 4.0, CR: 4.5, Target: 4.5, minPredBG 9.8, minGuardBG 3.3, IOBpredBG 2.2, COBpredBG 19.5, UAMpredBG 2.2; minGuardBG 3.3<3.4 21m left and 0 ~ req 0U\/hr: no temp required","timestamp":"2023-12-20T02:55:59.684Z"}}