{"algorithm":"OpenAPSSMBPlugin","input":{"glucoseStatus":{"glucose":112,"noise":0,"delta":-3,"short_avgdelta":1.83,"long_avgdelta":4.1,"date":1703150504662},"currenttemp":{"temp":"absolute","duration":95,"rate":0,"minutesrunning":25},"iob_data":[{"iob":4.317,"basaliob":-0.93,"bolussnooze":3.5492,"activity":0.0285,"lastBolusTime":1703150345373,"time":"2023-12-21T09:22:07.152Z","iobWithZeroTemp":{"iob":4.317,"basaliob":-0.93,"bolussnooze":3.5492,"activity":0.0285,"lastBolusTime":1703150345373,"time":"2023-12-21T09:22:07.152Z"}},{"iob":4.165,"basaliob":-0.872,"bolussnooze":3.2042,"activity":0.0323,"lastBolusTime":1703150345373,"time":"2023-12-21T09:27:07.152Z","iobWithZeroTemp":{"iob":4.098,"basaliob":-0.939,"bolussnooze":3.2042,"activity":0.0322,"lastBolusTime":1703150345373,"time":"2023-12-21T09:27:07.152Z"}},{"iob":3.996,"basaliob":-0.816,"bolussnooze":2.853,"activity":0.0351,"lastBolusTime":1703150345373,"time":"2023-12-21T09:32:07.152Z","iobWithZeroTemp":{"iob":3.847,"basaliob":-0.965,"bolussnooze":2.853,"activity":0.0348,"lastBolusTime":1703150345373,"time":"2023-12-21T09:32:07.152Z"}},{"iob":3.815,"basaliob":-0.762,"bolussnooze":2.5119,"activity":0.0369,"lastBolusTime":1703150345373,"time":"2023-12-21T09:37:07.152Z","iobWithZeroTemp":{"iob":3.585,"basaliob":-0.992,"bolussnooze":2.5119,"activity":0.0362,"lastBolusTime":1703150345373,"time":"2023-12-21T09:37:07.152Z"}},{"iob":3.628,"basaliob":-0.71,"bolussnooze":2.191,"activity":0.0379,"lastBolusTime":1703150345373,"time":"2023-12-21T09:42:07.152Z","iobWithZeroTemp":{"iob":3.319,"basaliob":-1.019,"bolussnooze":2.191,"activity":0.0368,"lastBolusTime":1703150345373,"time":"2023-12-21T09:42:07.152Z"}},{"iob":3.437,"basaliob":-0.66,"bolussnooze":1.896,"activity":0.0384,"lastBolusTime":1703150345373,"time":"2023-12-21T09:47:07.152Z","iobWithZeroTemp":{"iob":3.052,"basaliob":-1.045,"bolussnooze":1.896,"activity":0.0367,"lastBolusTime":1703150345373,"time":"2023-12-21T09:47:07.152Z"}},{"iob":3.245,"basaliob":-0.613,"bolussnooze":1.6296,"activity":0.0383,"lastBolusTime":1703150345373,"time":"2023-12-21T09:52:07.152Z","iobWithZeroTemp":{"iob":2.786,"basaliob":-1.072,"bolussnooze":1.6296,"activity":0.036,"lastBolusTime":1703150345373,"time":"2023-12-21T09:52:07.152Z"}},{"iob":3.055,"basaliob":-0.568,"bolussnooze":1.3922,"activity":0.0378,"lastBolusTime":1703150345373,"time":"2023-12-21T09:57:07.152Z","iobWithZeroTemp":{"iob":2.526,"basaliob":-1.097,"bolussnooze":1.3922,"activity":0.0348,"lastBolusTime":1703150345373,"time":"2023-12-21T09:57:07.152Z"}},{"iob":2.867,"basaliob":-0.526,"bolussnooze":1.1831,"activity":0.037,"lastBolusTime":1703150345373,"time":"2023-12-21T10:02:07.152Z","iobWithZeroTemp":{"iob":2.271,"basaliob":-1.122,"bolussnooze":1.1831,"activity":0.0334,"lastBolusTime":1703150345373,"time":"2023-12-21T10:02:07.152Z"}},{"iob":2.685,"basaliob":-0.486,"bolussnooze":1.0005,"activity":0.0358,"lastBolusTime":1703150345373,"time":"2023-12-21T10:07:07.152Z","iobWithZeroTemp":{"iob":2.034,"basaliob":-1.137,"bolussnooze":1.0005,"activity":0.0315,"lastBolusTime":1703150345373,"time":"2023-12-21T10:07:07.152Z"}},{"iob":2.51,"basaliob":-0.448,"bolussnooze":0.8425,"activity":0.0346,"lastBolusTime":1703150345373,"time":"2023-12-21T10:12:07.152Z","iobWithZeroTemp":{"iob":1.807,"basaliob":-1.151,"bolussnooze":0.8425,"activity":0.0296,"lastBolusTime":1703150345373,"time":"2023-12-21T10:12:07.152Z"}},{"iob":2.34,"basaliob":-0.413,"bolussnooze":0.7066,"activity":0.0332,"lastBolusTime":1703150345373,"time":"2023-12-21T10:17:07.152Z","iobWithZeroTemp":{"iob":1.589,"basaliob":-1.164,"bolussnooze":0.7066,"activity":0.0276,"lastBolusTime":1703150345373,"time":"2023-12-21T10:17:07.152Z"}},{"iob":2.178,"basaliob":-0.38,"bolussnooze":0.5904,"activity":0.0317,"lastBolusTime":1703150345373,"time":"2023-12-21T10:22:07.152Z","iobWithZeroTemp":{"iob":1.389,"basaliob":-1.169,"bolussnooze":0.5904,"activity":0.0255,"lastBolusTime":1703150345373,"time":"2023-12-21T10:22:07.152Z"}},{"iob":2.022,"basaliob":-0.35,"bolussnooze":0.4916,"activity":0.0302,"lastBolusTime":1703150345373,"time":"2023-12-21T10:27:07.152Z","iobWithZeroTemp":{"iob":1.19,"basaliob":-1.182,"bolussnooze":0.4916,"activity":0.0234,"lastBolusTime":1703150345373,"time":"2023-12-21T10:27:07.152Z"}},{"iob":1.876,"basaliob":-0.321,"bolussnooze":0.408,"activity":0.0286,"lastBolusTime":1703150345373,"time":"2023-12-21T10:32:07.152Z","iobWithZeroTemp":{"iob":1.005,"basaliob":-1.192,"bolussnooze":0.408,"activity":0.0212,"lastBolusTime":1703150345373,"time":"2023-12-21T10:32:07.152Z"}},{"iob":1.738,"basaliob":-0.294,"bolussnooze":0.3375,"activity":0.027,"lastBolusTime":1703150345373,"time":"2023-12-21T10:37:07.152Z","iobWithZeroTemp":{"iob":0.83,"basaliob":-1.202,"bolussnooze":0.3375,"activity":0.0191,"lastBolusTime":1703150345373,"time":"2023-12-21T10:37:07.152Z"}},{"iob":1.606,"basaliob":-0.27,"bolussnooze":0.2784,"activity":0.0254,"lastBolusTime":1703150345373,"time":"2023-12-21T10:42:07.152Z","iobWithZeroTemp":{"iob":0.664,"basaliob":-1.212,"bolussnooze":0.2784,"activity":0.017,"lastBolusTime":1703150345373,"time":"2023-12-21T10:42:07.152Z"}},{"iob":1.483,"basaliob":-0.247,"bolussnooze":0.2289,"activity":0.0238,"lastBolusTime":1703150345373,"time":"2023-12-21T10:47:07.152Z","iobWithZeroTemp":{"iob":0.509,"basaliob":-1.221,"bolussnooze":0.2289,"activity":0.0149,"lastBolusTime":1703150345373,"time":"2023-12-21T10:47:07.152Z"}},{"iob":1.368,"basaliob":-0.226,"bolussnooze":0.1877,"activity":0.0223,"lastBolusTime":1703150345373,"time":"2023-12-21T10:52:07.152Z","iobWithZeroTemp":{"iob":0.365,"basaliob":-1.229,"bolussnooze":0.1877,"activity":0.0129,"lastBolusTime":1703150345373,"time":"2023-12-21T10:52:07.152Z"}},{"iob":1.26,"basaliob":-0.206,"bolussnooze":0.1535,"activity":0.0209,"lastBolusTime":1703150345373,"time":"2023-12-21T10:57:07.152Z","iobWithZeroTemp":{"iob":0.229,"basaliob":-1.237,"bolussnooze":0.1535,"activity":0.0111,"lastBolusTime":1703150345373,"time":"2023-12-21T10:57:07.152Z"}},{"iob":1.159,"basaliob":-0.188,"bolussnooze":0.1252,"activity":0.0194,"lastBolusTime":1703150345373,"time":"2023-12-21T11:02:07.152Z","iobWithZeroTemp":{"iob":0.103,"basaliob":-1.244,"bolussnooze":0.1252,"activity":0.0092,"lastBolusTime":1703150345373,"time":"2023-12-21T11:02:07.152Z"}},{"iob":1.065,"basaliob":-0.172,"bolussnooze":0.1018,"activity":0.0181,"lastBolusTime":1703150345373,"time":"2023-12-21T11:07:07.152Z","iobWithZeroTemp":{"iob":-0.005,"basaliob":-1.242,"bolussnooze":0.1018,"activity":0.0075,"lastBolusTime":1703150345373,"time":"2023-12-21T11:07:07.152Z"}},{"iob":0.977,"basaliob":-0.157,"bolussnooze":0.0825,"activity":0.0169,"lastBolusTime":1703150345373,"time":"2023-12-21T11:12:07.152Z","iobWithZeroTemp":{"iob":-0.106,"basaliob":-1.24,"bolussnooze":0.0825,"activity":0.006,"lastBolusTime":1703150345373,"time":"2023-12-21T11:12:07.152Z"}},{"iob":0.896,"basaliob":-0.143,"bolussnooze":0.0667,"activity":0.0156,"lastBolusTime":1703150345373,"time":"2023-12-21T11:17:07.152Z","iobWithZeroTemp":{"iob":-0.199,"basaliob":-1.238,"bolussnooze":0.0667,"activity":0.0044,"lastBolusTime":1703150345373,"time":"2023-12-21T11:17:07.152Z"}},{"iob":0.821,"basaliob":-0.13,"bolussnooze":0.0537,"activity":0.0144,"lastBolusTime":1703150345373,"time":"2023-12-21T11:22:07.152Z","iobWithZeroTemp":{"iob":-0.284,"basaliob":-1.235,"bolussnooze":0.0537,"activity":0.0029,"lastBolusTime":1703150345373,"time":"2023-12-21T11:22:07.152Z"}},{"iob":0.751,"basaliob":-0.118,"bolussnooze":0.0432,"activity":0.0133,"lastBolusTime":1703150345373,"time":"2023-12-21T11:27:07.152Z","iobWithZeroTemp":{"iob":-0.363,"basaliob":-1.232,"bolussnooze":0.0432,"activity":0.0016,"lastBolusTime":1703150345373,"time":"2023-12-21T11:27:07.152Z"}},{"iob":0.687,"basaliob":-0.107,"bolussnooze":0.0346,"activity":0.0123,"lastBolusTime":1703150345373,"time":"2023-12-21T11:32:07.152Z","iobWithZeroTemp":{"iob":-0.435,"basaliob":-1.229,"bolussnooze":0.0346,"activity":4.0E-4,"lastBolusTime":1703150345373,"time":"2023-12-21T11:32:07.152Z"}},{"iob":0.628,"basaliob":-0.097,"bolussnooze":0.0276,"activity":0.0114,"lastBolusTime":1703150345373,"time":"2023-12-21T11:37:07.152Z","iobWithZeroTemp":{"iob":-0.501,"basaliob":-1.226,"bolussnooze":0.0276,"activity":-7.0E-4,"lastBolusTime":1703150345373,"time":"2023-12-21T11:37:07.152Z"}},{"iob":0.573,"basaliob":-0.088,"bolussnooze":0.0219,"activity":0.0105,"lastBolusTime":1703150345373,"time":"2023-12-21T11:42:07.152Z","iobWithZeroTemp":{"iob":-0.562,"basaliob":-1.223,"bolussnooze":0.0219,"activity":-0.0017,"lastBolusTime":1703150345373,"time":"2023-12-21T11:42:07.152Z"}},{"iob":0.523,"basaliob":-0.08,"bolussnooze":0.0174,"activity":0.0096,"lastBolusTime":1703150345373,"time":"2023-12-21T11:47:07.152Z","iobWithZeroTemp":{"iob":-0.617,"basaliob":-1.22,"bolussnooze":0.0174,"activity":-0.0028,"lastBolusTime":1703150345373,"time":"2023-12-21T11:47:07.152Z"}},{"iob":0.477,"basaliob":-0.072,"bolussnooze":0.0137,"activity":0.0089,"lastBolusTime":1703150345373,"time":"2023-12-21T11:52:07.152Z","iobWithZeroTemp":{"iob":-0.668,"basaliob":-1.217,"bolussnooze":0.0137,"activity":-0.0036,"lastBolusTime":1703150345373,"time":"2023-12-21T11:52:07.152Z"}},{"iob":0.434,"basaliob":-0.065,"bolussnooze":0.0108,"activity":0.0082,"lastBolusTime":1703150345373,"time":"2023-12-21T11:57:07.152Z","iobWithZeroTemp":{"iob":-0.709,"basaliob":-1.208,"bolussnooze":0.0108,"activity":-0.0043,"lastBolusTime":1703150345373,"time":"2023-12-21T11:57:07.152Z"}},{"iob":0.395,"basaliob":-0.059,"bolussnooze":0.0084,"activity":0.0075,"lastBolusTime":1703150345373,"time":"2023-12-21T12:02:07.152Z","iobWithZeroTemp":{"iob":-0.752,"basaliob":-1.206,"bolussnooze":0.0084,"activity":-0.0051,"lastBolusTime":1703150345373,"time":"2023-12-21T12:02:07.152Z"}},{"iob":0.359,"basaliob":-0.053,"bolussnooze":0.0065,"activity":0.0068,"lastBolusTime":1703150345373,"time":"2023-12-21T12:07:07.152Z","iobWithZeroTemp":{"iob":-0.792,"basaliob":-1.204,"bolussnooze":0.0065,"activity":-0.0059,"lastBolusTime":1703150345373,"time":"2023-12-21T12:07:07.152Z"}},{"iob":0.326,"basaliob":-0.048,"bolussnooze":0.0051,"activity":0.0063,"lastBolusTime":1703150345373,"time":"2023-12-21T12:12:07.152Z","iobWithZeroTemp":{"iob":-0.828,"basaliob":-1.202,"bolussnooze":0.0051,"activity":-0.0065,"lastBolusTime":1703150345373,"time":"2023-12-21T12:12:07.152Z"}},{"iob":0.295,"basaliob":-0.044,"bolussnooze":0.0039,"activity":0.0057,"lastBolusTime":1703150345373,"time":"2023-12-21T12:17:07.152Z","iobWithZeroTemp":{"iob":-0.861,"basaliob":-1.2,"bolussnooze":0.0039,"activity":-0.0072,"lastBolusTime":1703150345373,"time":"2023-12-21T12:17:07.152Z"}},{"iob":0.269,"basaliob":-0.039,"bolussnooze":0.003,"activity":0.0053,"lastBolusTime":1703150345373,"time":"2023-12-21T12:22:07.152Z","iobWithZeroTemp":{"iob":-0.889,"basaliob":-1.197,"bolussnooze":0.003,"activity":-0.0076,"lastBolusTime":1703150345373,"time":"2023-12-21T12:22:07.152Z"}},{"iob":0.244,"basaliob":-0.035,"bolussnooze":0.0022,"activity":0.0048,"lastBolusTime":1703150345373,"time":"2023-12-21T12:27:07.152Z","iobWithZeroTemp":{"iob":-0.916,"basaliob":-1.195,"bolussnooze":0.0022,"activity":-0.0082,"lastBolusTime":1703150345373,"time":"2023-12-21T12:27:07.152Z"}},{"iob":0.22,"basaliob":-0.032,"bolussnooze":0.0017,"activity":0.0043,"lastBolusTime":1703150345373,"time":"2023-12-21T12:32:07.152Z","iobWithZeroTemp":{"iob":-0.942,"basaliob":-1.194,"bolussnooze":0.0017,"activity":-0.0087,"lastBolusTime":1703150345373,"time":"2023-12-21T12:32:07.152Z"}},{"iob":0.199,"basaliob":-0.029,"bolussnooze":0.0012,"activity":0.004,"lastBolusTime":1703150345373,"time":"2023-12-21T12:37:07.152Z","iobWithZeroTemp":{"iob":-0.965,"basaliob":-1.193,"bolussnooze":0.0012,"activity":-0.0091,"lastBolusTime":1703150345373,"time":"2023-12-21T12:37:07.152Z"}},{"iob":0.18,"basaliob":-0.026,"bolussnooze":9.0E-4,"activity":0.0036,"lastBolusTime":1703150345373,"time":"2023-12-21T12:42:07.152Z","iobWithZeroTemp":{"iob":-0.985,"basaliob":-1.191,"bolussnooze":9.0E-4,"activity":-0.0095,"lastBolusTime":1703150345373,"time":"2023-12-21T12:42:07.152Z"}},{"iob":0.163,"basaliob":-0.023,"bolussnooze":7.0E-4,"activity":0.0033,"lastBolusTime":1703150345373,"time":"2023-12-21T12:47:07.152Z","iobWithZeroTemp":{"iob":-1.003,"basaliob":-1.189,"bolussnooze":7.0E-4,"activity":-0.0098,"lastBolusTime":1703150345373,"time":"2023-12-21T12:47:07.152Z"}},{"iob":0.147,"basaliob":-0.021,"bolussnooze":5.0E-4,"activity":0.003,"lastBolusTime":1703150345373,"time":"2023-12-21T12:52:07.152Z","iobWithZeroTemp":{"iob":-1.02,"basaliob":-1.188,"bolussnooze":5.0E-4,"activity":-0.0102,"lastBolusTime":1703150345373,"time":"2023-12-21T12:52:07.152Z"}},{"iob":0.133,"basaliob":-0.019,"bolussnooze":3.0E-4,"activity":0.0027,"lastBolusTime":1703150345373,"time":"2023-12-21T12:57:07.152Z","iobWithZeroTemp":{"iob":-1.035,"basaliob":-1.187,"bolussnooze":3.0E-4,"activity":-0.0105,"lastBolusTime":1703150345373,"time":"2023-12-21T12:57:07.152Z"}},{"iob":0.12,"basaliob":-0.017,"bolussnooze":2.0E-4,"activity":0.0024,"lastBolusTime":1703150345373,"time":"2023-12-21T13:02:07.152Z","iobWithZeroTemp":{"iob":-1.049,"basaliob":-1.186,"bolussnooze":2.0E-4,"activity":-0.0108,"lastBolusTime":1703150345373,"time":"2023-12-21T13:02:07.152Z"}},{"iob":0.108,"basaliob":-0.015,"bolussnooze":1.0E-4,"activity":0.0023,"lastBolusTime":1703150345373,"time":"2023-12-21T13:07:07.152Z","iobWithZeroTemp":{"iob":-1.053,"basaliob":-1.176,"bolussnooze":1.0E-4,"activity":-0.0109,"lastBolusTime":1703150345373,"time":"2023-12-21T13:07:07.152Z"}},{"iob":0.098,"basaliob":-0.013,"bolussnooze":1.0E-4,"activity":0.002,"lastBolusTime":1703150345373,"time":"2023-12-21T13:12:07.152Z","iobWithZeroTemp":{"iob":-1.056,"basaliob":-1.167,"bolussnooze":1.0E-4,"activity":-0.0112,"lastBolusTime":1703150345373,"time":"2023-12-21T13:12:07.152Z"}},{"iob":0.088,"basaliob":-0.012,"bolussnooze":1.0E-4,"activity":0.0018,"lastBolusTime":1703150345373,"time":"2023-12-21T13:17:07.152Z","iobWithZeroTemp":{"iob":-1.058,"basaliob":-1.158,"bolussnooze":1.0E-4,"activity":-0.0114,"lastBolusTime":1703150345373,"time":"2023-12-21T13:17:07.152Z"}}],"profile":{"max_iob":20,"type":"current","max_daily_basal":1.6,"max_basal":4,"min_bg":81,"max_bg":81,"target_bg":81,"carb_ratio":6,"sens":81,"max_daily_safety_multiplier":3,"current_basal_safety_multiplier":4,"high_temptarget_raises_sensitivity":false,"low_temptarget_lowers_sensitivity":false,"sensitivity_raises_target":false,"resistance_lowers_target":false,"adv_target_adjustments":false,"exercise_mode":false,"half_basal_exercise_target":160,"maxCOB":120,"skip_neutral_temps":false,"remainingCarbsCap":90,"enableUAM":true,"A52_risk_enable":false,"SMBInterval":3,"enableSMB_with_COB":false,"enableSMB_with_temptarget":false,"allowSMB_with_high_temptarget":true,"enableSMB_always":true,"enableSMB_after_carbs":false,"maxSMBBasalMinutes":120,"maxUAMSMBBasalMinutes":120,"bolus_increment":0.05,"carbsReqThreshold":1,"current_basal":1,"temptargetSet":true,"autosens_max":1.8,"out_units":"mmol\/L"},"autosens_data":{"ratio":1},"meal_data":{"carbs":20,"mealCOB":11.743129629629632,"slopeFromMaxDeviation":-0.25900000000000034,"slopeFromMinDeviation":1.855181818181818,"lastBolusTime":1703150345373,"lastCarbTime":1703147012000},"microBolusAllowed":true,"currentTime":1703150529612,"flatBGsDetected":false},"output":{"temp":"absolute","bg":112,"tick":-3,"eventualBG":39,"targetBG":81,"insulinReq":0,"deliverAt":"2023-12-21T09:22:09.612Z","sensitivityRatio":1,"predBGs":{"IOB":[112,108,102,94,85,75,63,51,39,39,39,39,39],"ZT":[112,100,87,73,59,44,39,39,39,39,39,39,39,39,39,39,39,39,39,39,39,39,39,39,39,39,39,39,39,39,39,39,39,39,39,39,39,39,39,39,39,39,39,39,39,39,39,39],"COB":[112,109,104,97,90,82,74,65,56,48,39,39,39],"UAM":[112,108,103,95,86,76,65,54,42,39,39,39,39]},"COB":11.743129629629632,"IOB":4.317,"reason":"COB: 11.7, Dev: 2.8, BGI: -0.6, ISF: 4.5, CR: 6, Target: 4.5, minPredBG -6.7, minGuardBG -6.8, IOBpredBG 2.2, COBpredBG 2.2, UAMpredBG 2.2; 11 add'l carbs req w\/in 40m; minGuardBG -6.8<3.4","carbsReq":11,"carbsReqWithin":40,"duration":120,"rate":0,"timestamp":"2023-12-21T09:22:09.691Z"}}