{"algorithm":"OpenAPSSMBPlugin","input":{"glucoseStatus":{"glucose":60,"noise":0,"delta":-5,"short_avgdelta":-4.33,"long_avgdelta":-0.09,"date":1703143004355},"currenttemp":{"temp":"absolute","duration":20,"rate":0,"minutesrunning":10},"iob_data":[{"iob":-0.676,"basaliob":-1.725,"bolussnooze":0.0487,"activity":-9.0E-4,"lastBolusTime":1703136515248,"time":"2023-12-21T07:17:10.001Z","iobWithZeroTemp":{"iob":-0.676,"basaliob":-1.725,"bolussnooze":0.0487,"activity":-9.0E-4,"lastBolusTime":1703136515248,"time":"2023-12-21T07:17:10.001Z"}},{"iob":-0.668,"basaliob":-1.624,"bolussnooze":0.0391,"activity":-0.0023,"lastBolusTime":1703136515248,"time":"2023-12-21T07:22:10.001Z","iobWithZeroTemp":{"iob":-0.748,"basaliob":-1.704,"bolussnooze":0.0391,"activity":-0.0024,"lastBolusTime":1703136515248,"time":"2023-12-21T07:22:10.001Z"}},{"iob":-0.655,"basaliob":-1.525,"bolussnooze":0.0313,"activity":-0.0032,"lastBolusTime":1703136515248,"time":"2023-12-21T07:27:10.001Z","iobWithZeroTemp":{"iob":-0.834,"basaliob":-1.704,"bolussnooze":0.0313,"activity":-0.0036,"lastBolusTime":1703136515248,"time":"2023-12-21T07:27:10.001Z"}},{"iob":-0.636,"basaliob":-1.428,"bolussnooze":0.025,"activity":-0.0041,"lastBolusTime":1703136515248,"time":"2023-12-21T07:32:10.001Z","iobWithZeroTemp":{"iob":-0.912,"basaliob":-1.704,"bolussnooze":0.025,"activity":-0.0049,"lastBolusTime":1703136515248,"time":"2023-12-21T07:32:10.001Z"}},{"iob":-0.614,"basaliob":-1.334,"bolussnooze":0.0199,"activity":-0.0046,"lastBolusTime":1703136515248,"time":"2023-12-21T07:37:10.001Z","iobWithZeroTemp":{"iob":-0.985,"basaliob":-1.705,"bolussnooze":0.0199,"activity":-0.006,"lastBolusTime":1703136515248,"time":"2023-12-21T07:37:10.001Z"}},{"iob":-0.59,"basaliob":-1.244,"bolussnooze":0.0157,"activity":-0.0051,"lastBolusTime":1703136515248,"time":"2023-12-21T07:42:10.001Z","iobWithZeroTemp":{"iob":-1.052,"basaliob":-1.706,"bolussnooze":0.0157,"activity":-0.0071,"lastBolusTime":1703136515248,"time":"2023-12-21T07:42:10.001Z"}},{"iob":-0.564,"basaliob":-1.158,"bolussnooze":0.0124,"activity":-0.0054,"lastBolusTime":1703136515248,"time":"2023-12-21T07:47:10.001Z","iobWithZeroTemp":{"iob":-1.114,"basaliob":-1.708,"bolussnooze":0.0124,"activity":-0.0082,"lastBolusTime":1703136515248,"time":"2023-12-21T07:47:10.001Z"}},{"iob":-0.537,"basaliob":-1.075,"bolussnooze":0.0098,"activity":-0.0055,"lastBolusTime":1703136515248,"time":"2023-12-21T07:52:10.001Z","iobWithZeroTemp":{"iob":-1.172,"basaliob":-1.71,"bolussnooze":0.0098,"activity":-0.0091,"lastBolusTime":1703136515248,"time":"2023-12-21T07:52:10.001Z"}},{"iob":-0.509,"basaliob":-0.997,"bolussnooze":0.0076,"activity":-0.0056,"lastBolusTime":1703136515248,"time":"2023-12-21T07:57:10.001Z","iobWithZeroTemp":{"iob":-1.224,"basaliob":-1.712,"bolussnooze":0.0076,"activity":-0.01,"lastBolusTime":1703136515248,"time":"2023-12-21T07:57:10.001Z"}},{"iob":-0.481,"basaliob":-0.923,"bolussnooze":0.0059,"activity":-0.0056,"lastBolusTime":1703136515248,"time":"2023-12-21T08:02:10.001Z","iobWithZeroTemp":{"iob":-1.272,"basaliob":-1.714,"bolussnooze":0.0059,"activity":-0.0108,"lastBolusTime":1703136515248,"time":"2023-12-21T08:02:10.001Z"}},{"iob":-0.454,"basaliob":-0.854,"bolussnooze":0.0046,"activity":-0.0055,"lastBolusTime":1703136515248,"time":"2023-12-21T08:07:10.001Z","iobWithZeroTemp":{"iob":-1.309,"basaliob":-1.709,"bolussnooze":0.0046,"activity":-0.0115,"lastBolusTime":1703136515248,"time":"2023-12-21T08:07:10.001Z"}},{"iob":-0.426,"basaliob":-0.788,"bolussnooze":0.0036,"activity":-0.0054,"lastBolusTime":1703136515248,"time":"2023-12-21T08:12:10.001Z","iobWithZeroTemp":{"iob":-1.34,"basaliob":-1.702,"bolussnooze":0.0036,"activity":-0.0122,"lastBolusTime":1703136515248,"time":"2023-12-21T08:12:10.001Z"}},{"iob":-0.4,"basaliob":-0.727,"bolussnooze":0.0027,"activity":-0.0053,"lastBolusTime":1703136515248,"time":"2023-12-21T08:17:10.001Z","iobWithZeroTemp":{"iob":-1.37,"basaliob":-1.697,"bolussnooze":0.0027,"activity":-0.0129,"lastBolusTime":1703136515248,"time":"2023-12-21T08:17:10.001Z"}},{"iob":-0.374,"basaliob":-0.669,"bolussnooze":0.0021,"activity":-0.0051,"lastBolusTime":1703136515248,"time":"2023-12-21T08:22:10.001Z","iobWithZeroTemp":{"iob":-1.389,"basaliob":-1.684,"bolussnooze":0.0021,"activity":-0.0134,"lastBolusTime":1703136515248,"time":"2023-12-21T08:22:10.001Z"}},{"iob":-0.348,"basaliob":-0.615,"bolussnooze":0.0016,"activity":-0.0049,"lastBolusTime":1703136515248,"time":"2023-12-21T08:27:10.001Z","iobWithZeroTemp":{"iob":-1.411,"basaliob":-1.678,"bolussnooze":0.0016,"activity":-0.0139,"lastBolusTime":1703136515248,"time":"2023-12-21T08:27:10.001Z"}},{"iob":-0.325,"basaliob":-0.565,"bolussnooze":0.0012,"activity":-0.0046,"lastBolusTime":1703136515248,"time":"2023-12-21T08:32:10.001Z","iobWithZeroTemp":{"iob":-1.433,"basaliob":-1.673,"bolussnooze":0.0012,"activity":-0.0142,"lastBolusTime":1703136515248,"time":"2023-12-21T08:32:10.001Z"}},{"iob":-0.302,"basaliob":-0.519,"bolussnooze":9.0E-4,"activity":-0.0045,"lastBolusTime":1703136515248,"time":"2023-12-21T08:37:10.001Z","iobWithZeroTemp":{"iob":-1.452,"basaliob":-1.669,"bolussnooze":9.0E-4,"activity":-0.0148,"lastBolusTime":1703136515248,"time":"2023-12-21T08:37:10.001Z"}},{"iob":-0.281,"basaliob":-0.476,"bolussnooze":6.0E-4,"activity":-0.0042,"lastBolusTime":1703136515248,"time":"2023-12-21T08:42:10.001Z","iobWithZeroTemp":{"iob":-1.47,"basaliob":-1.665,"bolussnooze":6.0E-4,"activity":-0.0151,"lastBolusTime":1703136515248,"time":"2023-12-21T08:42:10.001Z"}},{"iob":-0.26,"basaliob":-0.436,"bolussnooze":5.0E-4,"activity":-0.004,"lastBolusTime":1703136515248,"time":"2023-12-21T08:47:10.001Z","iobWithZeroTemp":{"iob":-1.485,"basaliob":-1.661,"bolussnooze":5.0E-4,"activity":-0.0154,"lastBolusTime":1703136515248,"time":"2023-12-21T08:47:10.001Z"}},{"iob":-0.241,"basaliob":-0.399,"bolussnooze":3.0E-4,"activity":-0.0037,"lastBolusTime":1703136515248,"time":"2023-12-21T08:52:10.001Z","iobWithZeroTemp":{"iob":-1.5,"basaliob":-1.658,"bolussnooze":3.0E-4,"activity":-0.0157,"lastBolusTime":1703136515248,"time":"2023-12-21T08:52:10.001Z"}},{"iob":-0.222,"basaliob":-0.364,"bolussnooze":2.0E-4,"activity":-0.0036,"lastBolusTime":1703136515248,"time":"2023-12-21T08:57:10.001Z","iobWithZeroTemp":{"iob":-1.511,"basaliob":-1.653,"bolussnooze":2.0E-4,"activity":-0.0161,"lastBolusTime":1703136515248,"time":"2023-12-21T08:57:10.001Z"}},{"iob":-0.206,"basaliob":-0.333,"bolussnooze":2.0E-4,"activity":-0.0033,"lastBolusTime":1703136515248,"time":"2023-12-21T09:02:10.001Z","iobWithZeroTemp":{"iob":-1.523,"basaliob":-1.65,"bolussnooze":2.0E-4,"activity":-0.0162,"lastBolusTime":1703136515248,"time":"2023-12-21T09:02:10.001Z"}},{"iob":-0.19,"basaliob":-0.304,"bolussnooze":1.0E-4,"activity":-0.0031,"lastBolusTime":1703136515248,"time":"2023-12-21T09:07:10.001Z","iobWithZeroTemp":{"iob":-1.525,"basaliob":-1.639,"bolussnooze":1.0E-4,"activity":-0.0165,"lastBolusTime":1703136515248,"time":"2023-12-21T09:07:10.001Z"}},{"iob":-0.175,"basaliob":-0.277,"bolussnooze":1.0E-4,"activity":-0.0029,"lastBolusTime":1703136515248,"time":"2023-12-21T09:12:10.001Z","iobWithZeroTemp":{"iob":-1.526,"basaliob":-1.628,"bolussnooze":1.0E-4,"activity":-0.0166,"lastBolusTime":1703136515248,"time":"2023-12-21T09:12:10.001Z"}},{"iob":-0.16,"basaliob":-0.252,"bolussnooze":1.0E-4,"activity":-0.0027,"lastBolusTime":1703136515248,"time":"2023-12-21T09:17:10.001Z","iobWithZeroTemp":{"iob":-1.525,"basaliob":-1.617,"bolussnooze":1.0E-4,"activity":-0.0168,"lastBolusTime":1703136515248,"time":"2023-12-21T09:17:10.001Z"}},{"iob":-0.148,"basaliob":-0.23,"bolussnooze":0,"activity":-0.0025,"lastBolusTime":1703136515248,"time":"2023-12-21T09:22:10.001Z","iobWithZeroTemp":{"iob":-1.525,"basaliob":-1.607,"bolussnooze":0,"activity":-0.0169,"lastBolusTime":1703136515248,"time":"2023-12-21T09:22:10.001Z"}},{"iob":-0.136,"basaliob":-0.209,"bolussnooze":0,"activity":-0.0024,"lastBolusTime":1703136515248,"time":"2023-12-21T09:27:10.001Z","iobWithZeroTemp":{"iob":-1.524,"basaliob":-1.597,"bolussnooze":0,"activity":-0.017,"lastBolusTime":1703136515248,"time":"2023-12-21T09:27:10.001Z"}},{"iob":-0.124,"basaliob":-0.19,"bolussnooze":0,"activity":-0.0021,"lastBolusTime":1703136515248,"time":"2023-12-21T09:32:10.001Z","iobWithZeroTemp":{"iob":-1.522,"basaliob":-1.588,"bolussnooze":0,"activity":-0.017,"lastBolusTime":1703136515248,"time":"2023-12-21T09:32:10.001Z"}},{"iob":-0.113,"basaliob":-0.172,"bolussnooze":0,"activity":-0.002,"lastBolusTime":1703136515248,"time":"2023-12-21T09:37:10.001Z","iobWithZeroTemp":{"iob":-1.519,"basaliob":-1.578,"bolussnooze":0,"activity":-0.0171,"lastBolusTime":1703136515248,"time":"2023-12-21T09:37:10.001Z"}},{"iob":-0.104,"basaliob":-0.156,"bolussnooze":0,"activity":-0.0018,"lastBolusTime":1703136515248,"time":"2023-12-21T09:42:10.001Z","iobWithZeroTemp":{"iob":-1.518,"basaliob":-1.57,"bolussnooze":0,"activity":-0.0171,"lastBolusTime":1703136515248,"time":"2023-12-21T09:42:10.001Z"}},{"iob":-0.095,"basaliob":-0.142,"bolussnooze":0,"activity":-0.0017,"lastBolusTime":1703136515248,"time":"2023-12-21T09:47:10.001Z","iobWithZeroTemp":{"iob":-1.51,"basaliob":-1.557,"bolussnooze":0,"activity":-0.0171,"lastBolusTime":1703136515248,"time":"2023-12-21T09:47:10.001Z"}},{"iob":-0.088,"basaliob":-0.129,"bolussnooze":0,"activity":-0.0015,"lastBolusTime":1703136515248,"time":"2023-12-21T09:52:10.001Z","iobWithZeroTemp":{"iob":-1.509,"basaliob":-1.55,"bolussnooze":0,"activity":-0.017,"lastBolusTime":1703136515248,"time":"2023-12-21T09:52:10.001Z"}},{"iob":-0.079,"basaliob":-0.116,"bolussnooze":0,"activity":-0.0014,"lastBolusTime":1703136515248,"time":"2023-12-21T09:57:10.001Z","iobWithZeroTemp":{"iob":-1.505,"basaliob":-1.542,"bolussnooze":0,"activity":-0.017,"lastBolusTime":1703136515248,"time":"2023-12-21T09:57:10.001Z"}},{"iob":-0.072,"basaliob":-0.105,"bolussnooze":0,"activity":-0.0013,"lastBolusTime":1703136515248,"time":"2023-12-21T10:02:10.001Z","iobWithZeroTemp":{"iob":-1.503,"basaliob":-1.536,"bolussnooze":0,"activity":-0.0171,"lastBolusTime":1703136515248,"time":"2023-12-21T10:02:10.001Z"}},{"iob":-0.066,"basaliob":-0.095,"bolussnooze":0,"activity":-0.0012,"lastBolusTime":1703136515248,"time":"2023-12-21T10:07:10.001Z","iobWithZeroTemp":{"iob":-1.493,"basaliob":-1.522,"bolussnooze":0,"activity":-0.0171,"lastBolusTime":1703136515248,"time":"2023-12-21T10:07:10.001Z"}},{"iob":-0.06,"basaliob":-0.086,"bolussnooze":0,"activity":-0.0012,"lastBolusTime":1703136515248,"time":"2023-12-21T10:12:10.001Z","iobWithZeroTemp":{"iob":-1.483,"basaliob":-1.509,"bolussnooze":0,"activity":-0.0171,"lastBolusTime":1703136515248,"time":"2023-12-21T10:12:10.001Z"}},{"iob":-0.055,"basaliob":-0.078,"bolussnooze":0,"activity":-0.001,"lastBolusTime":1703136515248,"time":"2023-12-21T10:17:10.001Z","iobWithZeroTemp":{"iob":-1.473,"basaliob":-1.496,"bolussnooze":0,"activity":-0.017,"lastBolusTime":1703136515248,"time":"2023-12-21T10:17:10.001Z"}},{"iob":-0.05,"basaliob":-0.07,"bolussnooze":0,"activity":-9.0E-4,"lastBolusTime":1703136515248,"time":"2023-12-21T10:22:10.001Z","iobWithZeroTemp":{"iob":-1.463,"basaliob":-1.483,"bolussnooze":0,"activity":-0.0169,"lastBolusTime":1703136515248,"time":"2023-12-21T10:22:10.001Z"}},{"iob":-0.045,"basaliob":-0.063,"bolussnooze":0,"activity":-9.0E-4,"lastBolusTime":1703136515248,"time":"2023-12-21T10:27:10.001Z","iobWithZeroTemp":{"iob":-1.454,"basaliob":-1.472,"bolussnooze":0,"activity":-0.0169,"lastBolusTime":1703136515248,"time":"2023-12-21T10:27:10.001Z"}},{"iob":-0.041,"basaliob":-0.057,"bolussnooze":0,"activity":-8.0E-4,"lastBolusTime":1703136515248,"time":"2023-12-21T10:32:10.001Z","iobWithZeroTemp":{"iob":-1.445,"basaliob":-1.461,"bolussnooze":0,"activity":-0.0168,"lastBolusTime":1703136515248,"time":"2023-12-21T10:32:10.001Z"}},{"iob":-0.037,"basaliob":-0.051,"bolussnooze":0,"activity":-7.0E-4,"lastBolusTime":1703136515248,"time":"2023-12-21T10:37:10.001Z","iobWithZeroTemp":{"iob":-1.436,"basaliob":-1.45,"bolussnooze":0,"activity":-0.0167,"lastBolusTime":1703136515248,"time":"2023-12-21T10:37:10.001Z"}},{"iob":-0.034,"basaliob":-0.046,"bolussnooze":0,"activity":-7.0E-4,"lastBolusTime":1703136515248,"time":"2023-12-21T10:42:10.001Z","iobWithZeroTemp":{"iob":-1.428,"basaliob":-1.44,"bolussnooze":0,"activity":-0.0167,"lastBolusTime":1703136515248,"time":"2023-12-21T10:42:10.001Z"}},{"iob":-0.03,"basaliob":-0.041,"bolussnooze":0,"activity":-6.0E-4,"lastBolusTime":1703136515248,"time":"2023-12-21T10:47:10.001Z","iobWithZeroTemp":{"iob":-1.419,"basaliob":-1.43,"bolussnooze":0,"activity":-0.0165,"lastBolusTime":1703136515248,"time":"2023-12-21T10:47:10.001Z"}},{"iob":-0.028,"basaliob":-0.037,"bolussnooze":0,"activity":-6.0E-4,"lastBolusTime":1703136515248,"time":"2023-12-21T10:52:10.001Z","iobWithZeroTemp":{"iob":-1.413,"basaliob":-1.422,"bolussnooze":0,"activity":-0.0165,"lastBolusTime":1703136515248,"time":"2023-12-21T10:52:10.001Z"}},{"iob":-0.025,"basaliob":-0.033,"bolussnooze":0,"activity":-5.0E-4,"lastBolusTime":1703136515248,"time":"2023-12-21T10:57:10.001Z","iobWithZeroTemp":{"iob":-1.405,"basaliob":-1.413,"bolussnooze":0,"activity":-0.0164,"lastBolusTime":1703136515248,"time":"2023-12-21T10:57:10.001Z"}},{"iob":-0.023,"basaliob":-0.03,"bolussnooze":0,"activity":-5.0E-4,"lastBolusTime":1703136515248,"time":"2023-12-21T11:02:10.001Z","iobWithZeroTemp":{"iob":-1.399,"basaliob":-1.406,"bolussnooze":0,"activity":-0.0163,"lastBolusTime":1703136515248,"time":"2023-12-21T11:02:10.001Z"}},{"iob":-0.021,"basaliob":-0.027,"bolussnooze":0,"activity":-4.0E-4,"lastBolusTime":1703136515248,"time":"2023-12-21T11:07:10.001Z","iobWithZeroTemp":{"iob":-1.385,"basaliob":-1.391,"bolussnooze":0,"activity":-0.0162,"lastBolusTime":1703136515248,"time":"2023-12-21T11:07:10.001Z"}},{"iob":-0.019,"basaliob":-0.024,"bolussnooze":0,"activity":-3.0E-4,"lastBolusTime":1703136515248,"time":"2023-12-21T11:12:10.001Z","iobWithZeroTemp":{"iob":-1.366,"basaliob":-1.371,"bolussnooze":0,"activity":-0.016,"lastBolusTime":1703136515248,"time":"2023-12-21T11:12:10.001Z"}}],"profile":{"max_iob":20,"type":"current","max_daily_basal":1.6,"max_basal":4.8,"min_bg":111.6,"max_bg":111.6,"target_bg":111.6,"carb_ratio":5.5,"sens":72,"max_daily_safety_multiplier":3,"current_basal_safety_multiplier":4,"high_temptarget_raises_sensitivity":false,"low_temptarget_lowers_sensitivity":false,"sensitivity_raises_target":false,"resistance_lowers_target":false,"adv_target_adjustments":false,"exercise_mode":false,"half_basal_exercise_target":160,"maxCOB":120,"skip_neutral_temps":false,"remainingCarbsCap":90,"enableUAM":true,"A52_risk_enable":false,"SMBInterval":3,"enableSMB_with_COB":false,"enableSMB_with_temptarget":false,"allowSMB_with_high_temptarget":true,"enableSMB_always":true,"enableSMB_after_carbs":false,"maxSMBBasalMinutes":120,"maxUAMSMBBasalMinutes":120,"bolus_increment":0.05,"carbsReqThreshold":1,"current_basal":1.2,"temptargetSet":true,"autosens_max":1.8,"out_units":"mmol\/L"},"autosens_data":{"ratio":1},"meal_data":{"carbs":20,"mealCOB":0,"slopeFromMaxDeviation":-2.862399999999999,"slopeFromMinDeviation":0,"lastBolusTime":1703136515248,"lastCarbTime":1703127724000},"microBolusAllowed":true,"currentTime":1703143033589,"flatBGsDetected":false},"output":{"temp":"absolute","bg":60,"tick":-5,"eventualBG":107,"targetBG":111.6,"insulinReq":0,"deliverAt":"2023-12-21T07:17:13.589Z","sensitivityRatio":1,"predBGs":{"IOB":[60,55,52,49,47,46,45,44,45,45,47,48,50,52,54,56,57,59,60,62,63,64,66,67,68,69,70,70,71,72,73,73,74,74,75,75,76,76,76,77,77,77,77,78],"ZT":[60,60,61,62,64,66,69,72,75,79,83,87,91,96,101,106,111]},"COB":0,"IOB":-0.676,"reason":"COB: 0, Dev: -0.1, BGI: 0.0, ISF: 4.0, CR: 5.5, Target: 6.2, minPredBG 3.1, minGuardBG 2.4, IOBpredBG 4.3; minGuardBG 2.4<4.2","duration":60,"rate":0,"timestamp":"2023-12-21T07:17:13.721Z"}}