{"algorithm":"OpenAPSSMBPlugin","input":{"glucoseStatus":{"glucose":39,"noise":0,"delta":0,"short_avgdelta":0,"long_avgdelta":-2.14,"date":1703080301701},"currenttemp":{"temp":"absolute","duration":80,"rate":0,"minutesrunning":40},"iob_data":[{"iob":0.316,"basaliob":-1.062,"bolussnooze":0.3363,"activity":0.0086,"lastBolusTime":1703076907848,"time":"2023-12-20T13:52:04.158Z","iobWithZeroTemp":{"iob":0.316,"basaliob":-1.062,"bolussnooze":0.3363,"activity":0.0086,"lastBolusTime":1703076907848,"time":"2023-12-20T13:52:04.158Z"}},{"iob":0.275,"basaliob":-1.001,"bolussnooze":0.2808,"activity":0.0076,"lastBolusTime":1703076907848,"time":"2023-12-20T13:57:04.158Z","iobWithZeroTemp":{"iob":0.228,"basaliob":-1.048,"bolussnooze":0.2808,"activity":0.0076,"lastBolusTime":1703076907848,"time":"2023-12-20T13:57:04.158Z"}},{"iob":0.24,"basaliob":-0.94,"bolussnooze":0.2337,"activity":0.0066,"lastBolusTime":1703076907848,"time":"2023-12-20T14:02:04.158Z","iobWithZeroTemp":{"iob":0.136,"basaliob":-1.044,"bolussnooze":0.2337,"activity":0.0064,"lastBolusTime":1703076907848,"time":"2023-12-20T14:02:04.158Z"}},{"iob":0.209,"basaliob":-0.881,"bolussnooze":0.1938,"activity":0.0059,"lastBolusTime":1703076907848,"time":"2023-12-20T14:07:04.158Z","iobWithZeroTemp":{"iob":0.048,"basaliob":-1.042,"bolussnooze":0.1938,"activity":0.0054,"lastBolusTime":1703076907848,"time":"2023-12-20T14:07:04.158Z"}},{"iob":0.181,"basaliob":-0.824,"bolussnooze":0.1603,"activity":0.0051,"lastBolusTime":1703076907848,"time":"2023-12-20T14:12:04.158Z","iobWithZeroTemp":{"iob":-0.035,"basaliob":-1.04,"bolussnooze":0.1603,"activity":0.0043,"lastBolusTime":1703076907848,"time":"2023-12-20T14:12:04.158Z"}},{"iob":0.157,"basaliob":-0.769,"bolussnooze":0.1321,"activity":0.0045,"lastBolusTime":1703076907848,"time":"2023-12-20T14:17:04.158Z","iobWithZeroTemp":{"iob":-0.113,"basaliob":-1.039,"bolussnooze":0.1321,"activity":0.0033,"lastBolusTime":1703076907848,"time":"2023-12-20T14:17:04.158Z"}},{"iob":0.136,"basaliob":-0.716,"bolussnooze":0.1086,"activity":0.0039,"lastBolusTime":1703076907848,"time":"2023-12-20T14:22:04.158Z","iobWithZeroTemp":{"iob":-0.185,"basaliob":-1.037,"bolussnooze":0.1086,"activity":0.0023,"lastBolusTime":1703076907848,"time":"2023-12-20T14:22:04.158Z"}},{"iob":0.118,"basaliob":-0.665,"bolussnooze":0.089,"activity":0.0034,"lastBolusTime":1703076907848,"time":"2023-12-20T14:27:04.158Z","iobWithZeroTemp":{"iob":-0.252,"basaliob":-1.035,"bolussnooze":0.089,"activity":0.0013,"lastBolusTime":1703076907848,"time":"2023-12-20T14:27:04.158Z"}},{"iob":0.101,"basaliob":-0.617,"bolussnooze":0.0728,"activity":0.003,"lastBolusTime":1703076907848,"time":"2023-12-20T14:32:04.158Z","iobWithZeroTemp":{"iob":-0.316,"basaliob":-1.034,"bolussnooze":0.0728,"activity":4.0E-4,"lastBolusTime":1703076907848,"time":"2023-12-20T14:32:04.158Z"}},{"iob":0.087,"basaliob":-0.572,"bolussnooze":0.0593,"activity":0.0027,"lastBolusTime":1703076907848,"time":"2023-12-20T14:37:04.158Z","iobWithZeroTemp":{"iob":-0.374,"basaliob":-1.033,"bolussnooze":0.0593,"activity":-3.0E-4,"lastBolusTime":1703076907848,"time":"2023-12-20T14:37:04.158Z"}},{"iob":0.074,"basaliob":-0.529,"bolussnooze":0.0482,"activity":0.0023,"lastBolusTime":1703076907848,"time":"2023-12-20T14:42:04.158Z","iobWithZeroTemp":{"iob":-0.429,"basaliob":-1.032,"bolussnooze":0.0482,"activity":-0.0012,"lastBolusTime":1703076907848,"time":"2023-12-20T14:42:04.158Z"}},{"iob":0.063,"basaliob":-0.489,"bolussnooze":0.0391,"activity":0.002,"lastBolusTime":1703076907848,"time":"2023-12-20T14:47:04.158Z","iobWithZeroTemp":{"iob":-0.48,"basaliob":-1.032,"bolussnooze":0.0391,"activity":-0.002,"lastBolusTime":1703076907848,"time":"2023-12-20T14:47:04.158Z"}},{"iob":0.054,"basaliob":-0.451,"bolussnooze":0.0316,"activity":0.0018,"lastBolusTime":1703076907848,"time":"2023-12-20T14:52:04.158Z","iobWithZeroTemp":{"iob":-0.526,"basaliob":-1.031,"bolussnooze":0.0316,"activity":-0.0027,"lastBolusTime":1703076907848,"time":"2023-12-20T14:52:04.158Z"}},{"iob":0.046,"basaliob":-0.415,"bolussnooze":0.0255,"activity":0.0015,"lastBolusTime":1703076907848,"time":"2023-12-20T14:57:04.158Z","iobWithZeroTemp":{"iob":-0.569,"basaliob":-1.03,"bolussnooze":0.0255,"activity":-0.0034,"lastBolusTime":1703076907848,"time":"2023-12-20T14:57:04.158Z"}},{"iob":0.039,"basaliob":-0.382,"bolussnooze":0.0204,"activity":0.0013,"lastBolusTime":1703076907848,"time":"2023-12-20T15:02:04.158Z","iobWithZeroTemp":{"iob":-0.608,"basaliob":-1.029,"bolussnooze":0.0204,"activity":-0.0041,"lastBolusTime":1703076907848,"time":"2023-12-20T15:02:04.158Z"}},{"iob":0.033,"basaliob":-0.351,"bolussnooze":0.0164,"activity":0.0011,"lastBolusTime":1703076907848,"time":"2023-12-20T15:07:04.158Z","iobWithZeroTemp":{"iob":-0.637,"basaliob":-1.021,"bolussnooze":0.0164,"activity":-0.0047,"lastBolusTime":1703076907848,"time":"2023-12-20T15:07:04.158Z"}},{"iob":0.028,"basaliob":-0.322,"bolussnooze":0.0131,"activity":0.001,"lastBolusTime":1703076907848,"time":"2023-12-20T15:12:04.158Z","iobWithZeroTemp":{"iob":-0.662,"basaliob":-1.012,"bolussnooze":0.0131,"activity":-0.0052,"lastBolusTime":1703076907848,"time":"2023-12-20T15:12:04.158Z"}},{"iob":0.023,"basaliob":-0.295,"bolussnooze":0.0104,"activity":9.0E-4,"lastBolusTime":1703076907848,"time":"2023-12-20T15:17:04.158Z","iobWithZeroTemp":{"iob":-0.685,"basaliob":-1.003,"bolussnooze":0.0104,"activity":-0.0056,"lastBolusTime":1703076907848,"time":"2023-12-20T15:17:04.158Z"}},{"iob":0.018,"basaliob":-0.271,"bolussnooze":0.0082,"activity":7.0E-4,"lastBolusTime":1703076907848,"time":"2023-12-20T15:22:04.158Z","iobWithZeroTemp":{"iob":-0.707,"basaliob":-0.996,"bolussnooze":0.0082,"activity":-0.0061,"lastBolusTime":1703076907848,"time":"2023-12-20T15:22:04.158Z"}},{"iob":0.015,"basaliob":-0.248,"bolussnooze":0.0065,"activity":6.0E-4,"lastBolusTime":1703076907848,"time":"2023-12-20T15:27:04.158Z","iobWithZeroTemp":{"iob":-0.725,"basaliob":-0.988,"bolussnooze":0.0065,"activity":-0.0065,"lastBolusTime":1703076907848,"time":"2023-12-20T15:27:04.158Z"}},{"iob":0.012,"basaliob":-0.227,"bolussnooze":0.0051,"activity":5.0E-4,"lastBolusTime":1703076907848,"time":"2023-12-20T15:32:04.158Z","iobWithZeroTemp":{"iob":-0.742,"basaliob":-0.981,"bolussnooze":0.0051,"activity":-0.0069,"lastBolusTime":1703076907848,"time":"2023-12-20T15:32:04.158Z"}},{"iob":0.01,"basaliob":-0.207,"bolussnooze":0.004,"activity":4.0E-4,"lastBolusTime":1703076907848,"time":"2023-12-20T15:37:04.158Z","iobWithZeroTemp":{"iob":-0.756,"basaliob":-0.973,"bolussnooze":0.004,"activity":-0.0072,"lastBolusTime":1703076907848,"time":"2023-12-20T15:37:04.158Z"}},{"iob":0.008,"basaliob":-0.189,"bolussnooze":0.0031,"activity":4.0E-4,"lastBolusTime":1703076907848,"time":"2023-12-20T15:42:04.158Z","iobWithZeroTemp":{"iob":-0.769,"basaliob":-0.966,"bolussnooze":0.0031,"activity":-0.0075,"lastBolusTime":1703076907848,"time":"2023-12-20T15:42:04.158Z"}},{"iob":0.006,"basaliob":-0.172,"bolussnooze":0.0024,"activity":3.0E-4,"lastBolusTime":1703076907848,"time":"2023-12-20T15:47:04.158Z","iobWithZeroTemp":{"iob":-0.782,"basaliob":-0.96,"bolussnooze":0.0024,"activity":-0.0078,"lastBolusTime":1703076907848,"time":"2023-12-20T15:47:04.158Z"}},{"iob":0.004,"basaliob":-0.157,"bolussnooze":0.0018,"activity":3.0E-4,"lastBolusTime":1703076907848,"time":"2023-12-20T15:52:04.158Z","iobWithZeroTemp":{"iob":-0.787,"basaliob":-0.948,"bolussnooze":0.0018,"activity":-0.0079,"lastBolusTime":1703076907848,"time":"2023-12-20T15:52:04.158Z"}},{"iob":0.003,"basaliob":-0.143,"bolussnooze":0.0014,"activity":2.0E-4,"lastBolusTime":1703076907848,"time":"2023-12-20T15:57:04.158Z","iobWithZeroTemp":{"iob":-0.797,"basaliob":-0.943,"bolussnooze":0.0014,"activity":-0.0082,"lastBolusTime":1703076907848,"time":"2023-12-20T15:57:04.158Z"}},{"iob":0.002,"basaliob":-0.13,"bolussnooze":0.0011,"activity":2.0E-4,"lastBolusTime":1703076907848,"time":"2023-12-20T16:02:04.158Z","iobWithZeroTemp":{"iob":-0.806,"basaliob":-0.938,"bolussnooze":0.0011,"activity":-0.0083,"lastBolusTime":1703076907848,"time":"2023-12-20T16:02:04.158Z"}},{"iob":0.001,"basaliob":-0.118,"bolussnooze":8.0E-4,"activity":1.0E-4,"lastBolusTime":1703076907848,"time":"2023-12-20T16:07:04.158Z","iobWithZeroTemp":{"iob":-0.814,"basaliob":-0.933,"bolussnooze":8.0E-4,"activity":-0.0086,"lastBolusTime":1703076907848,"time":"2023-12-20T16:07:04.158Z"}},{"iob":0.001,"basaliob":-0.107,"bolussnooze":6.0E-4,"activity":1.0E-4,"lastBolusTime":1703076907848,"time":"2023-12-20T16:12:04.158Z","iobWithZeroTemp":{"iob":-0.82,"basaliob":-0.928,"bolussnooze":6.0E-4,"activity":-0.0087,"lastBolusTime":1703076907848,"time":"2023-12-20T16:12:04.158Z"}},{"iob":0,"basaliob":-0.097,"bolussnooze":4.0E-4,"activity":1.0E-4,"lastBolusTime":1703076907848,"time":"2023-12-20T16:17:04.158Z","iobWithZeroTemp":{"iob":-0.827,"basaliob":-0.924,"bolussnooze":4.0E-4,"activity":-0.0088,"lastBolusTime":1703076907848,"time":"2023-12-20T16:17:04.158Z"}},{"iob":0,"basaliob":-0.088,"bolussnooze":3.0E-4,"activity":1.0E-4,"lastBolusTime":1703076907848,"time":"2023-12-20T16:22:04.158Z","iobWithZeroTemp":{"iob":-0.833,"basaliob":-0.921,"bolussnooze":3.0E-4,"activity":-0.0089,"lastBolusTime":1703076907848,"time":"2023-12-20T16:22:04.158Z"}},{"iob":-0.001,"basaliob":-0.08,"bolussnooze":2.0E-4,"activity":1.0E-4,"lastBolusTime":1703076907848,"time":"2023-12-20T16:27:04.158Z","iobWithZeroTemp":{"iob":-0.838,"basaliob":-0.917,"bolussnooze":2.0E-4,"activity":-0.009,"lastBolusTime":1703076907848,"time":"2023-12-20T16:27:04.158Z"}},{"iob":-0.002,"basaliob":-0.073,"bolussnooze":1.0E-4,"activity":1.0E-4,"lastBolusTime":1703076907848,"time":"2023-12-20T16:32:04.158Z","iobWithZeroTemp":{"iob":-0.844,"basaliob":-0.915,"bolussnooze":1.0E-4,"activity":-0.0091,"lastBolusTime":1703076907848,"time":"2023-12-20T16:32:04.158Z"}},{"iob":-0.002,"basaliob":-0.066,"bolussnooze":1.0E-4,"activity":1.0E-4,"lastBolusTime":1703076907848,"time":"2023-12-20T16:37:04.158Z","iobWithZeroTemp":{"iob":-0.848,"basaliob":-0.912,"bolussnooze":1.0E-4,"activity":-0.0092,"lastBolusTime":1703076907848,"time":"2023-12-20T16:37:04.158Z"}},{"iob":-0.001,"basaliob":-0.059,"bolussnooze":1.0E-4,"activity":0,"lastBolusTime":1703076907848,"time":"2023-12-20T16:42:04.158Z","iobWithZeroTemp":{"iob":-0.85,"basaliob":-0.908,"bolussnooze":1.0E-4,"activity":-0.0093,"lastBolusTime":1703076907848,"time":"2023-12-20T16:42:04.158Z"}},{"iob":-0.002,"basaliob":-0.054,"bolussnooze":0,"activity":0,"lastBolusTime":1703076907848,"time":"2023-12-20T16:47:04.158Z","iobWithZeroTemp":{"iob":-0.854,"basaliob":-0.906,"bolussnooze":0,"activity":-0.0094,"lastBolusTime":1703076907848,"time":"2023-12-20T16:47:04.158Z"}},{"iob":-0.002,"basaliob":-0.048,"bolussnooze":0,"activity":0,"lastBolusTime":1703076907848,"time":"2023-12-20T16:52:04.158Z","iobWithZeroTemp":{"iob":-0.857,"basaliob":-0.903,"bolussnooze":0,"activity":-0.0095,"lastBolusTime":1703076907848,"time":"2023-12-20T16:52:04.158Z"}},{"iob":-0.002,"basaliob":-0.044,"bolussnooze":0,"activity":0,"lastBolusTime":1703076907848,"time":"2023-12-20T16:57:04.158Z","iobWithZeroTemp":{"iob":-0.86,"basaliob":-0.902,"bolussnooze":0,"activity":-0.0095,"lastBolusTime":1703076907848,"time":"2023-12-20T16:57:04.158Z"}},{"iob":-0.002,"basaliob":-0.039,"bolussnooze":0,"activity":0,"lastBolusTime":1703076907848,"time":"2023-12-20T17:02:04.158Z","iobWithZeroTemp":{"iob":-0.862,"basaliob":-0.899,"bolussnooze":0,"activity":-0.0096,"lastBolusTime":1703076907848,"time":"2023-12-20T17:02:04.158Z"}},{"iob":-0.003,"basaliob":-0.036,"bolussnooze":0,"activity":0,"lastBolusTime":1703076907848,"time":"2023-12-20T17:07:04.158Z","iobWithZeroTemp":{"iob":-0.865,"basaliob":-0.898,"bolussnooze":0,"activity":-0.0096,"lastBolusTime":1703076907848,"time":"2023-12-20T17:07:04.158Z"}},{"iob":-0.002,"basaliob":-0.032,"bolussnooze":0,"activity":0,"lastBolusTime":1703076907848,"time":"2023-12-20T17:12:04.158Z","iobWithZeroTemp":{"iob":-0.866,"basaliob":-0.896,"bolussnooze":0,"activity":-0.0097,"lastBolusTime":1703076907848,"time":"2023-12-20T17:12:04.158Z"}},{"iob":-0.002,"basaliob":-0.029,"bolussnooze":0,"activity":0,"lastBolusTime":1703076907848,"time":"2023-12-20T17:17:04.158Z","iobWithZeroTemp":{"iob":-0.868,"basaliob":-0.895,"bolussnooze":0,"activity":-0.0097,"lastBolusTime":1703076907848,"time":"2023-12-20T17:17:04.158Z"}},{"iob":-0.002,"basaliob":-0.026,"bolussnooze":0,"activity":-1.0E-4,"lastBolusTime":1703076907848,"time":"2023-12-20T17:22:04.158Z","iobWithZeroTemp":{"iob":-0.869,"basaliob":-0.893,"bolussnooze":0,"activity":-0.0098,"lastBolusTime":1703076907848,"time":"2023-12-20T17:22:04.158Z"}},{"iob":-0.002,"basaliob":-0.023,"bolussnooze":0,"activity":0,"lastBolusTime":1703076907848,"time":"2023-12-20T17:27:04.158Z","iobWithZeroTemp":{"iob":-0.871,"basaliob":-0.892,"bolussnooze":0,"activity":-0.0098,"lastBolusTime":1703076907848,"time":"2023-12-20T17:27:04.158Z"}},{"iob":-0.002,"basaliob":-0.021,"bolussnooze":0,"activity":-1.0E-4,"lastBolusTime":1703076907848,"time":"2023-12-20T17:32:04.158Z","iobWithZeroTemp":{"iob":-0.872,"basaliob":-0.891,"bolussnooze":0,"activity":-0.0099,"lastBolusTime":1703076907848,"time":"2023-12-20T17:32:04.158Z"}},{"iob":-0.002,"basaliob":-0.019,"bolussnooze":0,"activity":0,"lastBolusTime":1703076907848,"time":"2023-12-20T17:37:04.158Z","iobWithZeroTemp":{"iob":-0.873,"basaliob":-0.89,"bolussnooze":0,"activity":-0.0098,"lastBolusTime":1703076907848,"time":"2023-12-20T17:37:04.158Z"}},{"iob":-0.002,"basaliob":-0.017,"bolussnooze":0,"activity":0,"lastBolusTime":1703076907848,"time":"2023-12-20T17:42:04.158Z","iobWithZeroTemp":{"iob":-0.874,"basaliob":-0.889,"bolussnooze":0,"activity":-0.0098,"lastBolusTime":1703076907848,"time":"2023-12-20T17:42:04.158Z"}},{"iob":-0.002,"basaliob":-0.015,"bolussnooze":0,"activity":0,"lastBolusTime":1703076907848,"time":"2023-12-20T17:47:04.158Z","iobWithZeroTemp":{"iob":-0.875,"basaliob":-0.888,"bolussnooze":0,"activity":-0.0098,"lastBolusTime":1703076907848,"time":"2023-12-20T17:47:04.158Z"}}],"profile":{"max_iob":20,"type":"current","max_daily_basal":1.6,"max_basal":2.8,"min_bg":81,"max_bg":81,"target_bg":81,"carb_ratio":8,"sens":108,"max_daily_safety_multiplier":3,"current_basal_safety_multiplier":4,"high_temptarget_raises_sensitivity":false,"low_temptarget_lowers_sensitivity":false,"sensitivity_raises_target":false,"resistance_lowers_target":false,"adv_target_adjustments":false,"exercise_mode":false,"half_basal_exercise_target":160,"maxCOB":120,"skip_neutral_temps":false,"remainingCarbsCap":90,"enableUAM":true,"A52_risk_enable":false,"SMBInterval":3,"enableSMB_with_COB":false,"enableSMB_with_temptarget":false,"allowSMB_with_high_temptarget":true,"enableSMB_always":true,"enableSMB_after_carbs":false,"maxSMBBasalMinutes":120,"maxUAMSMBBasalMinutes":120,"bolus_increment":0.05,"carbsReqThreshold":1,"current_basal":0.7,"temptargetSet":true,"autosens_max":1.8,"out_units":"mmol\/L"},"autosens_data":{"ratio":1},"meal_data":{"carbs":45,"mealCOB":0,"slopeFromMaxDeviation":-0.32770000000000016,"slopeFromMinDeviation":2.114,"lastBolusTime":1703076907848,"lastCarbTime":1703074649000},"microBolusAllowed":true,"currentTime":1703080327960,"flatBGsDetected":false},"output":{"temp":"absolute","bg":39,"tick":"+0","eventualBG":39,"targetBG":81,"insulinReq":0,"deliverAt":"2023-12-20T13:52:07.960Z","sensitivityRatio":1,"predBGs":{"IOB":[39,39,39,39,39,39,39,39,39,39,39,39,39],"ZT":[39,39,39,39,39,39,39,39,39,39,39,39,39,39,39,39,39,39,39,39,40,44,48,52,56,60,65,69,74,79],"UAM":[39,39,39,39,39,39,39,39,39,39,39,39,39]},"COB":0,"IOB":0.316,"reason":"COB: 0, Dev: 1.6, BGI: -0.3, ISF: 6.0, CR: 8, Target: 4.5, minPredBG 1.2, minGuardBG 0.8, IOBpredBG 2.2, UAMpredBG 2.2; 4 add'l carbs req w\/in 0m; minGuardBG 0.8<3.4 80m left and 0 ~ req 0U\/hr: no temp required","carbsReq":4,"carbsReqWithin":0,"timestamp":"2023-12-20T13:52:08.097Z"}}