{"algorithm":"OpenAPSSMBPlugin","input":{"glucoseStatus":{"glucose":94,"noise":0,"delta":15,"short_avgdelta":13.39,"long_avgdelta":5.2,"date":1703130103733},"currenttemp":{"temp":"absolute","duration":25,"rate":1.05,"minutesrunning":5},"iob_data":[{"iob":2.63,"basaliob":-1.197,"bolussnooze":1.4629,"activity":0.0077,"lastBolusTime":1703129865294,"time":"2023-12-21T03:42:02.221Z","iobWithZeroTemp":{"iob":2.63,"basaliob":-1.197,"bolussnooze":1.4629,"activity":0.0077,"lastBolusTime":1703129865294,"time":"2023-12-21T03:42:02.221Z"}},{"iob":2.58,"basaliob":-1.115,"bolussnooze":1.3443,"activity":0.012,"lastBolusTime":1703129865294,"time":"2023-12-21T03:47:02.221Z","iobWithZeroTemp":{"iob":2.493,"basaliob":-1.202,"bolussnooze":1.3443,"activity":0.0119,"lastBolusTime":1703129865294,"time":"2023-12-21T03:47:02.221Z"}},{"iob":2.511,"basaliob":-1.036,"bolussnooze":1.2137,"activity":0.0154,"lastBolusTime":1703129865294,"time":"2023-12-21T03:52:02.221Z","iobWithZeroTemp":{"iob":2.317,"basaliob":-1.23,"bolussnooze":1.2137,"activity":0.015,"lastBolusTime":1703129865294,"time":"2023-12-21T03:52:02.221Z"}},{"iob":2.429,"basaliob":-0.961,"bolussnooze":1.0807,"activity":0.0179,"lastBolusTime":1703129865294,"time":"2023-12-21T03:57:02.221Z","iobWithZeroTemp":{"iob":2.13,"basaliob":-1.26,"bolussnooze":1.0807,"activity":0.017,"lastBolusTime":1703129865294,"time":"2023-12-21T03:57:02.221Z"}},{"iob":2.334,"basaliob":-0.891,"bolussnooze":0.9515,"activity":0.0196,"lastBolusTime":1703129865294,"time":"2023-12-21T04:02:02.221Z","iobWithZeroTemp":{"iob":1.932,"basaliob":-1.293,"bolussnooze":0.9515,"activity":0.0181,"lastBolusTime":1703129865294,"time":"2023-12-21T04:02:02.221Z"}},{"iob":2.232,"basaliob":-0.824,"bolussnooze":0.83,"activity":0.0208,"lastBolusTime":1703129865294,"time":"2023-12-21T04:07:02.221Z","iobWithZeroTemp":{"iob":1.731,"basaliob":-1.325,"bolussnooze":0.83,"activity":0.0186,"lastBolusTime":1703129865294,"time":"2023-12-21T04:07:02.221Z"}},{"iob":2.126,"basaliob":-0.761,"bolussnooze":0.7182,"activity":0.0216,"lastBolusTime":1703129865294,"time":"2023-12-21T04:12:02.221Z","iobWithZeroTemp":{"iob":1.53,"basaliob":-1.357,"bolussnooze":0.7182,"activity":0.0186,"lastBolusTime":1703129865294,"time":"2023-12-21T04:12:02.221Z"}},{"iob":2.017,"basaliob":-0.702,"bolussnooze":0.6173,"activity":0.022,"lastBolusTime":1703129865294,"time":"2023-12-21T04:17:02.221Z","iobWithZeroTemp":{"iob":1.33,"basaliob":-1.389,"bolussnooze":0.6173,"activity":0.0181,"lastBolusTime":1703129865294,"time":"2023-12-21T04:17:02.221Z"}},{"iob":1.906,"basaliob":-0.647,"bolussnooze":0.5273,"activity":0.022,"lastBolusTime":1703129865294,"time":"2023-12-21T04:22:02.221Z","iobWithZeroTemp":{"iob":1.132,"basaliob":-1.421,"bolussnooze":0.5273,"activity":0.0173,"lastBolusTime":1703129865294,"time":"2023-12-21T04:22:02.221Z"}},{"iob":1.797,"basaliob":-0.595,"bolussnooze":0.4481,"activity":0.0218,"lastBolusTime":1703129865294,"time":"2023-12-21T04:27:02.221Z","iobWithZeroTemp":{"iob":0.94,"basaliob":-1.452,"bolussnooze":0.4481,"activity":0.0162,"lastBolusTime":1703129865294,"time":"2023-12-21T04:27:02.221Z"}},{"iob":1.688,"basaliob":-0.547,"bolussnooze":0.3789,"activity":0.0214,"lastBolusTime":1703129865294,"time":"2023-12-21T04:32:02.221Z","iobWithZeroTemp":{"iob":0.753,"basaliob":-1.482,"bolussnooze":0.3789,"activity":0.0149,"lastBolusTime":1703129865294,"time":"2023-12-21T04:32:02.221Z"}},{"iob":1.583,"basaliob":-0.502,"bolussnooze":0.319,"activity":0.0209,"lastBolusTime":1703129865294,"time":"2023-12-21T04:37:02.221Z","iobWithZeroTemp":{"iob":0.575,"basaliob":-1.51,"bolussnooze":0.319,"activity":0.0135,"lastBolusTime":1703129865294,"time":"2023-12-21T04:37:02.221Z"}},{"iob":1.48,"basaliob":-0.461,"bolussnooze":0.2675,"activity":0.0202,"lastBolusTime":1703129865294,"time":"2023-12-21T04:42:02.221Z","iobWithZeroTemp":{"iob":0.403,"basaliob":-1.538,"bolussnooze":0.2675,"activity":0.0119,"lastBolusTime":1703129865294,"time":"2023-12-21T04:42:02.221Z"}},{"iob":1.381,"basaliob":-0.422,"bolussnooze":0.2235,"activity":0.0194,"lastBolusTime":1703129865294,"time":"2023-12-21T04:47:02.221Z","iobWithZeroTemp":{"iob":0.239,"basaliob":-1.564,"bolussnooze":0.2235,"activity":0.0102,"lastBolusTime":1703129865294,"time":"2023-12-21T04:47:02.221Z"}},{"iob":1.286,"basaliob":-0.386,"bolussnooze":0.1861,"activity":0.0185,"lastBolusTime":1703129865294,"time":"2023-12-21T04:52:02.221Z","iobWithZeroTemp":{"iob":0.084,"basaliob":-1.588,"bolussnooze":0.1861,"activity":0.0085,"lastBolusTime":1703129865294,"time":"2023-12-21T04:52:02.221Z"}},{"iob":1.196,"basaliob":-0.353,"bolussnooze":0.1544,"activity":0.0177,"lastBolusTime":1703129865294,"time":"2023-12-21T04:57:02.221Z","iobWithZeroTemp":{"iob":-0.063,"basaliob":-1.612,"bolussnooze":0.1544,"activity":0.0069,"lastBolusTime":1703129865294,"time":"2023-12-21T04:57:02.221Z"}},{"iob":1.109,"basaliob":-0.323,"bolussnooze":0.1277,"activity":0.0167,"lastBolusTime":1703129865294,"time":"2023-12-21T05:02:02.221Z","iobWithZeroTemp":{"iob":-0.203,"basaliob":-1.635,"bolussnooze":0.1277,"activity":0.0052,"lastBolusTime":1703129865294,"time":"2023-12-21T05:02:02.221Z"}},{"iob":1.028,"basaliob":-0.295,"bolussnooze":0.1054,"activity":0.0159,"lastBolusTime":1703129865294,"time":"2023-12-21T05:07:02.221Z","iobWithZeroTemp":{"iob":-0.332,"basaliob":-1.655,"bolussnooze":0.1054,"activity":0.0036,"lastBolusTime":1703129865294,"time":"2023-12-21T05:07:02.221Z"}},{"iob":0.951,"basaliob":-0.269,"bolussnooze":0.0866,"activity":0.0149,"lastBolusTime":1703129865294,"time":"2023-12-21T05:12:02.221Z","iobWithZeroTemp":{"iob":-0.455,"basaliob":-1.675,"bolussnooze":0.0866,"activity":0.002,"lastBolusTime":1703129865294,"time":"2023-12-21T05:12:02.221Z"}},{"iob":0.878,"basaliob":-0.245,"bolussnooze":0.071,"activity":0.014,"lastBolusTime":1703129865294,"time":"2023-12-21T05:17:02.221Z","iobWithZeroTemp":{"iob":-0.57,"basaliob":-1.693,"bolussnooze":0.071,"activity":4.0E-4,"lastBolusTime":1703129865294,"time":"2023-12-21T05:17:02.221Z"}},{"iob":0.81,"basaliob":-0.223,"bolussnooze":0.0581,"activity":0.0132,"lastBolusTime":1703129865294,"time":"2023-12-21T05:22:02.221Z","iobWithZeroTemp":{"iob":-0.677,"basaliob":-1.71,"bolussnooze":0.0581,"activity":-0.001,"lastBolusTime":1703129865294,"time":"2023-12-21T05:22:02.221Z"}},{"iob":0.747,"basaliob":-0.203,"bolussnooze":0.0473,"activity":0.0124,"lastBolusTime":1703129865294,"time":"2023-12-21T05:27:02.221Z","iobWithZeroTemp":{"iob":-0.776,"basaliob":-1.726,"bolussnooze":0.0473,"activity":-0.0024,"lastBolusTime":1703129865294,"time":"2023-12-21T05:27:02.221Z"}},{"iob":0.688,"basaliob":-0.184,"bolussnooze":0.0385,"activity":0.0115,"lastBolusTime":1703129865294,"time":"2023-12-21T05:32:02.221Z","iobWithZeroTemp":{"iob":-0.868,"basaliob":-1.74,"bolussnooze":0.0385,"activity":-0.0038,"lastBolusTime":1703129865294,"time":"2023-12-21T05:32:02.221Z"}},{"iob":0.632,"basaliob":-0.167,"bolussnooze":0.0312,"activity":0.0107,"lastBolusTime":1703129865294,"time":"2023-12-21T05:37:02.221Z","iobWithZeroTemp":{"iob":-0.955,"basaliob":-1.754,"bolussnooze":0.0312,"activity":-0.0051,"lastBolusTime":1703129865294,"time":"2023-12-21T05:37:02.221Z"}},{"iob":0.58,"basaliob":-0.152,"bolussnooze":0.0252,"activity":0.0099,"lastBolusTime":1703129865294,"time":"2023-12-21T05:42:02.221Z","iobWithZeroTemp":{"iob":-1.035,"basaliob":-1.767,"bolussnooze":0.0252,"activity":-0.0064,"lastBolusTime":1703129865294,"time":"2023-12-21T05:42:02.221Z"}},{"iob":0.532,"basaliob":-0.138,"bolussnooze":0.0203,"activity":0.0092,"lastBolusTime":1703129865294,"time":"2023-12-21T05:47:02.221Z","iobWithZeroTemp":{"iob":-1.109,"basaliob":-1.779,"bolussnooze":0.0203,"activity":-0.0075,"lastBolusTime":1703129865294,"time":"2023-12-21T05:47:02.221Z"}},{"iob":0.488,"basaliob":-0.125,"bolussnooze":0.0163,"activity":0.0085,"lastBolusTime":1703129865294,"time":"2023-12-21T05:52:02.221Z","iobWithZeroTemp":{"iob":-1.176,"basaliob":-1.789,"bolussnooze":0.0163,"activity":-0.0086,"lastBolusTime":1703129865294,"time":"2023-12-21T05:52:02.221Z"}},{"iob":0.447,"basaliob":-0.113,"bolussnooze":0.0131,"activity":0.008,"lastBolusTime":1703129865294,"time":"2023-12-21T05:57:02.221Z","iobWithZeroTemp":{"iob":-1.239,"basaliob":-1.799,"bolussnooze":0.0131,"activity":-0.0095,"lastBolusTime":1703129865294,"time":"2023-12-21T05:57:02.221Z"}},{"iob":0.409,"basaliob":-0.102,"bolussnooze":0.0104,"activity":0.0073,"lastBolusTime":1703129865294,"time":"2023-12-21T06:02:02.221Z","iobWithZeroTemp":{"iob":-1.297,"basaliob":-1.808,"bolussnooze":0.0104,"activity":-0.0106,"lastBolusTime":1703129865294,"time":"2023-12-21T06:02:02.221Z"}},{"iob":0.373,"basaliob":-0.093,"bolussnooze":0.0083,"activity":0.0067,"lastBolusTime":1703129865294,"time":"2023-12-21T06:07:02.221Z","iobWithZeroTemp":{"iob":-1.347,"basaliob":-1.813,"bolussnooze":0.0083,"activity":-0.0115,"lastBolusTime":1703129865294,"time":"2023-12-21T06:07:02.221Z"}},{"iob":0.34,"basaliob":-0.084,"bolussnooze":0.0066,"activity":0.0062,"lastBolusTime":1703129865294,"time":"2023-12-21T06:12:02.221Z","iobWithZeroTemp":{"iob":-1.393,"basaliob":-1.817,"bolussnooze":0.0066,"activity":-0.0123,"lastBolusTime":1703129865294,"time":"2023-12-21T06:12:02.221Z"}},{"iob":0.31,"basaliob":-0.076,"bolussnooze":0.0052,"activity":0.0058,"lastBolusTime":1703129865294,"time":"2023-12-21T06:17:02.221Z","iobWithZeroTemp":{"iob":-1.434,"basaliob":-1.82,"bolussnooze":0.0052,"activity":-0.0129,"lastBolusTime":1703129865294,"time":"2023-12-21T06:17:02.221Z"}},{"iob":0.284,"basaliob":-0.068,"bolussnooze":0.0041,"activity":0.0053,"lastBolusTime":1703129865294,"time":"2023-12-21T06:22:02.221Z","iobWithZeroTemp":{"iob":-1.47,"basaliob":-1.822,"bolussnooze":0.0041,"activity":-0.0137,"lastBolusTime":1703129865294,"time":"2023-12-21T06:22:02.221Z"}},{"iob":0.258,"basaliob":-0.062,"bolussnooze":0.0032,"activity":0.0048,"lastBolusTime":1703129865294,"time":"2023-12-21T06:27:02.221Z","iobWithZeroTemp":{"iob":-1.505,"basaliob":-1.825,"bolussnooze":0.0032,"activity":-0.0144,"lastBolusTime":1703129865294,"time":"2023-12-21T06:27:02.221Z"}},{"iob":0.234,"basaliob":-0.056,"bolussnooze":0.0025,"activity":0.0044,"lastBolusTime":1703129865294,"time":"2023-12-21T06:32:02.221Z","iobWithZeroTemp":{"iob":-1.537,"basaliob":-1.827,"bolussnooze":0.0025,"activity":-0.0149,"lastBolusTime":1703129865294,"time":"2023-12-21T06:32:02.221Z"}},{"iob":0.214,"basaliob":-0.05,"bolussnooze":0.0019,"activity":0.004,"lastBolusTime":1703129865294,"time":"2023-12-21T06:37:02.221Z","iobWithZeroTemp":{"iob":-1.564,"basaliob":-1.828,"bolussnooze":0.0019,"activity":-0.0155,"lastBolusTime":1703129865294,"time":"2023-12-21T06:37:02.221Z"}},{"iob":0.194,"basaliob":-0.045,"bolussnooze":0.0015,"activity":0.0037,"lastBolusTime":1703129865294,"time":"2023-12-21T06:42:02.221Z","iobWithZeroTemp":{"iob":-1.591,"basaliob":-1.83,"bolussnooze":0.0015,"activity":-0.016,"lastBolusTime":1703129865294,"time":"2023-12-21T06:42:02.221Z"}},{"iob":0.177,"basaliob":-0.04,"bolussnooze":0.0011,"activity":0.0034,"lastBolusTime":1703129865294,"time":"2023-12-21T06:47:02.221Z","iobWithZeroTemp":{"iob":-1.613,"basaliob":-1.83,"bolussnooze":0.0011,"activity":-0.0164,"lastBolusTime":1703129865294,"time":"2023-12-21T06:47:02.221Z"}},{"iob":0.16,"basaliob":-0.036,"bolussnooze":9.0E-4,"activity":0.0031,"lastBolusTime":1703129865294,"time":"2023-12-21T06:52:02.221Z","iobWithZeroTemp":{"iob":-1.635,"basaliob":-1.831,"bolussnooze":9.0E-4,"activity":-0.0168,"lastBolusTime":1703129865294,"time":"2023-12-21T06:52:02.221Z"}},{"iob":0.145,"basaliob":-0.033,"bolussnooze":6.0E-4,"activity":0.0029,"lastBolusTime":1703129865294,"time":"2023-12-21T06:57:02.221Z","iobWithZeroTemp":{"iob":-1.655,"basaliob":-1.833,"bolussnooze":6.0E-4,"activity":-0.0171,"lastBolusTime":1703129865294,"time":"2023-12-21T06:57:02.221Z"}},{"iob":0.132,"basaliob":-0.029,"bolussnooze":5.0E-4,"activity":0.0026,"lastBolusTime":1703129865294,"time":"2023-12-21T07:02:02.221Z","iobWithZeroTemp":{"iob":-1.672,"basaliob":-1.833,"bolussnooze":5.0E-4,"activity":-0.0175,"lastBolusTime":1703129865294,"time":"2023-12-21T07:02:02.221Z"}},{"iob":0.119,"basaliob":-0.026,"bolussnooze":3.0E-4,"activity":0.0023,"lastBolusTime":1703129865294,"time":"2023-12-21T07:07:02.221Z","iobWithZeroTemp":{"iob":-1.684,"basaliob":-1.829,"bolussnooze":3.0E-4,"activity":-0.0179,"lastBolusTime":1703129865294,"time":"2023-12-21T07:07:02.221Z"}},{"iob":0.107,"basaliob":-0.024,"bolussnooze":3.0E-4,"activity":0.0022,"lastBolusTime":1703129865294,"time":"2023-12-21T07:12:02.221Z","iobWithZeroTemp":{"iob":-1.695,"basaliob":-1.826,"bolussnooze":3.0E-4,"activity":-0.018,"lastBolusTime":1703129865294,"time":"2023-12-21T07:12:02.221Z"}},{"iob":0.097,"basaliob":-0.021,"bolussnooze":2.0E-4,"activity":0.0019,"lastBolusTime":1703129865294,"time":"2023-12-21T07:17:02.221Z","iobWithZeroTemp":{"iob":-1.704,"basaliob":-1.822,"bolussnooze":2.0E-4,"activity":-0.0184,"lastBolusTime":1703129865294,"time":"2023-12-21T07:17:02.221Z"}},{"iob":0.088,"basaliob":-0.019,"bolussnooze":1.0E-4,"activity":0.0018,"lastBolusTime":1703129865294,"time":"2023-12-21T07:22:02.221Z","iobWithZeroTemp":{"iob":-1.711,"basaliob":-1.818,"bolussnooze":1.0E-4,"activity":-0.0185,"lastBolusTime":1703129865294,"time":"2023-12-21T07:22:02.221Z"}},{"iob":0.079,"basaliob":-0.017,"bolussnooze":1.0E-4,"activity":0.0016,"lastBolusTime":1703129865294,"time":"2023-12-21T07:27:02.221Z","iobWithZeroTemp":{"iob":-1.719,"basaliob":-1.815,"bolussnooze":1.0E-4,"activity":-0.0188,"lastBolusTime":1703129865294,"time":"2023-12-21T07:27:02.221Z"}},{"iob":0.072,"basaliob":-0.015,"bolussnooze":1.0E-4,"activity":0.0015,"lastBolusTime":1703129865294,"time":"2023-12-21T07:32:02.221Z","iobWithZeroTemp":{"iob":-1.724,"basaliob":-1.811,"bolussnooze":1.0E-4,"activity":-0.0189,"lastBolusTime":1703129865294,"time":"2023-12-21T07:32:02.221Z"}},{"iob":0.065,"basaliob":-0.013,"bolussnooze":0,"activity":0.0013,"lastBolusTime":1703129865294,"time":"2023-12-21T07:37:02.221Z","iobWithZeroTemp":{"iob":-1.729,"basaliob":-1.807,"bolussnooze":0,"activity":-0.0191,"lastBolusTime":1703129865294,"time":"2023-12-21T07:37:02.221Z"}}],"profile":{"max_iob":20,"type":"current","max_daily_basal":1.6,"max_basal":4.8,"min_bg":81,"max_bg":81,"target_bg":81,"carb_ratio":4.5,"sens":72,"max_daily_safety_multiplier":3,"current_basal_safety_multiplier":4,"high_temptarget_raises_sensitivity":false,"low_temptarget_lowers_sensitivity":false,"sensitivity_raises_target":false,"resistance_lowers_target":false,"adv_target_adjustments":false,"exercise_mode":false,"half_basal_exercise_target":160,"maxCOB":120,"skip_neutral_temps":false,"remainingCarbsCap":90,"enableUAM":true,"A52_risk_enable":false,"SMBInterval":3,"enableSMB_with_COB":false,"enableSMB_with_temptarget":false,"allowSMB_with_high_temptarget":true,"enableSMB_always":true,"enableSMB_after_carbs":false,"maxSMBBasalMinutes":120,"maxUAMSMBBasalMinutes":120,"bolus_increment":0.05,"carbsReqThreshold":1,"current_basal":1.3,"temptargetSet":true,"autosens_max":1.8,"out_units":"mmol\/L"},"autosens_data":{"ratio":1},"meal_data":{"carbs":20,"mealCOB":16.669,"slopeFromMaxDeviation":0,"slopeFromMinDeviation":1.8123999999999998,"lastBolusTime":1703129865294,"lastCarbTime":1703127724000},"microBolusAllowed":true,"currentTime":1703130124593,"flatBGsDetected":false},"output":{"temp":"absolute","bg":94,"tick":"+15","eventualBG":167,"targetBG":81,"insulinReq":1.07,"deliverAt":"2023-12-21T03:42:04.593Z","sensitivityRatio":1,"predBGs":{"IOB":[94,106,115,122,126,129,129,128,126,122,117,110,103,96,89,82,76,69,64,58,53,49,44,40,39],"ZT":[94,91,87,82,75,69,62,56,49,43,39,39,39,39,39,39,39,39,39,39,39,39,39,39,39,39,39,39,39,39,39,39,42,47,52,58,63,69,75,81],"COB":[94,107,118,127,135,141,147,152,157,160,164,167,170,172,175,177,179,181,182,184,185,186,187,188,188,189,189,189,188,187,186,185,184,182,180,178,177,176,174,173,172,171,170,170,169,168,168,167],"UAM":[94,107,118,126,134,140,145,149,153,155,158,160,161,162,163,163,164,163,163,162,162,160,159,157,155,152,150,147,144,141,139,136,134,132,131,129,128,126,125,124,123,122,121,120,120,119,118]},"COB":16.669,"IOB":2.63,"reason":"COB: 16.7, Dev: 5.4, BGI: -0.2, ISF: 4.0, CR: 4.5, Target: 4.5, minPredBG 8.8, minGuardBG 5.9, IOBpredBG 2.2, COBpredBG 9.3, UAMpredBG 6.6; Eventual BG 9.3 >= 4.5,  insulinReq 1.07; setting 60m low temp of 0U\/h. Microbolusing 0.5U. ","units":0.5,"rate":0,"duration":60,"timestamp":"2023-12-21T03:42:04.709Z"}}