{"algorithm":"OpenAPSSMBPlugin","input":{"glucoseStatus":{"glucose":71,"noise":0,"delta":0,"short_avgdelta":-0.89,"long_avgdelta":-2.37,"date":1703053002567},"currenttemp":{"temp":"absolute","duration":25,"rate":0.15,"minutesrunning":5},"iob_data":[{"iob":-0.458,"basaliob":-1.365,"bolussnooze":7.0E-4,"activity":-8.0E-4,"lastBolusTime":1703050029109,"time":"2023-12-20T06:17:00.981Z","iobWithZeroTemp":{"iob":-0.458,"basaliob":-1.365,"bolussnooze":7.0E-4,"activity":-8.0E-4,"lastBolusTime":1703050029109,"time":"2023-12-20T06:17:00.981Z"}},{"iob":-0.452,"basaliob":-1.291,"bolussnooze":5.0E-4,"activity":-0.0017,"lastBolusTime":1703050029109,"time":"2023-12-20T06:22:00.981Z","iobWithZeroTemp":{"iob":-0.535,"basaliob":-1.374,"bolussnooze":5.0E-4,"activity":-0.0018,"lastBolusTime":1703050029109,"time":"2023-12-20T06:22:00.981Z"}},{"iob":-0.442,"basaliob":-1.216,"bolussnooze":4.0E-4,"activity":-0.0023,"lastBolusTime":1703050029109,"time":"2023-12-20T06:27:00.981Z","iobWithZeroTemp":{"iob":-0.628,"basaliob":-1.402,"bolussnooze":4.0E-4,"activity":-0.0027,"lastBolusTime":1703050029109,"time":"2023-12-20T06:27:00.981Z"}},{"iob":-0.429,"basaliob":-1.143,"bolussnooze":3.0E-4,"activity":-0.0028,"lastBolusTime":1703050029109,"time":"2023-12-20T06:32:00.981Z","iobWithZeroTemp":{"iob":-0.717,"basaliob":-1.431,"bolussnooze":3.0E-4,"activity":-0.0036,"lastBolusTime":1703050029109,"time":"2023-12-20T06:32:00.981Z"}},{"iob":-0.414,"basaliob":-1.071,"bolussnooze":2.0E-4,"activity":-0.0033,"lastBolusTime":1703050029109,"time":"2023-12-20T06:37:00.981Z","iobWithZeroTemp":{"iob":-0.8,"basaliob":-1.457,"bolussnooze":2.0E-4,"activity":-0.0047,"lastBolusTime":1703050029109,"time":"2023-12-20T06:37:00.981Z"}},{"iob":-0.397,"basaliob":-1.001,"bolussnooze":1.0E-4,"activity":-0.0035,"lastBolusTime":1703050029109,"time":"2023-12-20T06:42:00.981Z","iobWithZeroTemp":{"iob":-0.879,"basaliob":-1.483,"bolussnooze":1.0E-4,"activity":-0.0056,"lastBolusTime":1703050029109,"time":"2023-12-20T06:42:00.981Z"}},{"iob":-0.379,"basaliob":-0.934,"bolussnooze":1.0E-4,"activity":-0.0037,"lastBolusTime":1703050029109,"time":"2023-12-20T06:47:00.981Z","iobWithZeroTemp":{"iob":-0.952,"basaliob":-1.507,"bolussnooze":1.0E-4,"activity":-0.0066,"lastBolusTime":1703050029109,"time":"2023-12-20T06:47:00.981Z"}},{"iob":-0.361,"basaliob":-0.87,"bolussnooze":1.0E-4,"activity":-0.0038,"lastBolusTime":1703050029109,"time":"2023-12-20T06:52:00.981Z","iobWithZeroTemp":{"iob":-1.022,"basaliob":-1.531,"bolussnooze":1.0E-4,"activity":-0.0075,"lastBolusTime":1703050029109,"time":"2023-12-20T06:52:00.981Z"}},{"iob":-0.341,"basaliob":-0.808,"bolussnooze":0,"activity":-0.0038,"lastBolusTime":1703050029109,"time":"2023-12-20T06:57:00.981Z","iobWithZeroTemp":{"iob":-1.086,"basaliob":-1.553,"bolussnooze":0,"activity":-0.0084,"lastBolusTime":1703050029109,"time":"2023-12-20T06:57:00.981Z"}},{"iob":-0.322,"basaliob":-0.75,"bolussnooze":0,"activity":-0.0038,"lastBolusTime":1703050029109,"time":"2023-12-20T07:02:00.981Z","iobWithZeroTemp":{"iob":-1.146,"basaliob":-1.574,"bolussnooze":0,"activity":-0.0092,"lastBolusTime":1703050029109,"time":"2023-12-20T07:02:00.981Z"}},{"iob":-0.304,"basaliob":-0.695,"bolussnooze":0,"activity":-0.0037,"lastBolusTime":1703050029109,"time":"2023-12-20T07:07:00.981Z","iobWithZeroTemp":{"iob":-1.199,"basaliob":-1.59,"bolussnooze":0,"activity":-0.01,"lastBolusTime":1703050029109,"time":"2023-12-20T07:07:00.981Z"}},{"iob":-0.285,"basaliob":-0.643,"bolussnooze":0,"activity":-0.0036,"lastBolusTime":1703050029109,"time":"2023-12-20T07:12:00.981Z","iobWithZeroTemp":{"iob":-1.246,"basaliob":-1.604,"bolussnooze":0,"activity":-0.0107,"lastBolusTime":1703050029109,"time":"2023-12-20T07:12:00.981Z"}},{"iob":-0.267,"basaliob":-0.593,"bolussnooze":0,"activity":-0.0035,"lastBolusTime":1703050029109,"time":"2023-12-20T07:17:00.981Z","iobWithZeroTemp":{"iob":-1.291,"basaliob":-1.617,"bolussnooze":0,"activity":-0.0115,"lastBolusTime":1703050029109,"time":"2023-12-20T07:17:00.981Z"}},{"iob":-0.249,"basaliob":-0.547,"bolussnooze":0,"activity":-0.0034,"lastBolusTime":1703050029109,"time":"2023-12-20T07:22:00.981Z","iobWithZeroTemp":{"iob":-1.331,"basaliob":-1.629,"bolussnooze":0,"activity":-0.0121,"lastBolusTime":1703050029109,"time":"2023-12-20T07:22:00.981Z"}},{"iob":-0.232,"basaliob":-0.504,"bolussnooze":0,"activity":-0.0032,"lastBolusTime":1703050029109,"time":"2023-12-20T07:27:00.981Z","iobWithZeroTemp":{"iob":-1.368,"basaliob":-1.64,"bolussnooze":0,"activity":-0.0127,"lastBolusTime":1703050029109,"time":"2023-12-20T07:27:00.981Z"}},{"iob":-0.217,"basaliob":-0.464,"bolussnooze":0,"activity":-0.0032,"lastBolusTime":1703050029109,"time":"2023-12-20T07:32:00.981Z","iobWithZeroTemp":{"iob":-1.404,"basaliob":-1.651,"bolussnooze":0,"activity":-0.0134,"lastBolusTime":1703050029109,"time":"2023-12-20T07:32:00.981Z"}},{"iob":-0.201,"basaliob":-0.426,"bolussnooze":0,"activity":-0.003,"lastBolusTime":1703050029109,"time":"2023-12-20T07:37:00.981Z","iobWithZeroTemp":{"iob":-1.435,"basaliob":-1.66,"bolussnooze":0,"activity":-0.0139,"lastBolusTime":1703050029109,"time":"2023-12-20T07:37:00.981Z"}},{"iob":-0.186,"basaliob":-0.391,"bolussnooze":0,"activity":-0.0028,"lastBolusTime":1703050029109,"time":"2023-12-20T07:42:00.981Z","iobWithZeroTemp":{"iob":-1.461,"basaliob":-1.666,"bolussnooze":0,"activity":-0.0144,"lastBolusTime":1703050029109,"time":"2023-12-20T07:42:00.981Z"}},{"iob":-0.173,"basaliob":-0.359,"bolussnooze":0,"activity":-0.0027,"lastBolusTime":1703050029109,"time":"2023-12-20T07:47:00.981Z","iobWithZeroTemp":{"iob":-1.489,"basaliob":-1.675,"bolussnooze":0,"activity":-0.0149,"lastBolusTime":1703050029109,"time":"2023-12-20T07:47:00.981Z"}},{"iob":-0.16,"basaliob":-0.329,"bolussnooze":0,"activity":-0.0025,"lastBolusTime":1703050029109,"time":"2023-12-20T07:52:00.981Z","iobWithZeroTemp":{"iob":-1.513,"basaliob":-1.682,"bolussnooze":0,"activity":-0.0153,"lastBolusTime":1703050029109,"time":"2023-12-20T07:52:00.981Z"}},{"iob":-0.148,"basaliob":-0.301,"bolussnooze":0,"activity":-0.0024,"lastBolusTime":1703050029109,"time":"2023-12-20T07:57:00.981Z","iobWithZeroTemp":{"iob":-1.536,"basaliob":-1.689,"bolussnooze":0,"activity":-0.0157,"lastBolusTime":1703050029109,"time":"2023-12-20T07:57:00.981Z"}},{"iob":-0.136,"basaliob":-0.275,"bolussnooze":0,"activity":-0.0023,"lastBolusTime":1703050029109,"time":"2023-12-20T08:02:00.981Z","iobWithZeroTemp":{"iob":-1.556,"basaliob":-1.695,"bolussnooze":0,"activity":-0.0161,"lastBolusTime":1703050029109,"time":"2023-12-20T08:02:00.981Z"}},{"iob":-0.125,"basaliob":-0.251,"bolussnooze":0,"activity":-0.0021,"lastBolusTime":1703050029109,"time":"2023-12-20T08:07:00.981Z","iobWithZeroTemp":{"iob":-1.566,"basaliob":-1.692,"bolussnooze":0,"activity":-0.0164,"lastBolusTime":1703050029109,"time":"2023-12-20T08:07:00.981Z"}},{"iob":-0.115,"basaliob":-0.229,"bolussnooze":0,"activity":-0.0019,"lastBolusTime":1703050029109,"time":"2023-12-20T08:12:00.981Z","iobWithZeroTemp":{"iob":-1.576,"basaliob":-1.69,"bolussnooze":0,"activity":-0.0167,"lastBolusTime":1703050029109,"time":"2023-12-20T08:12:00.981Z"}},{"iob":-0.106,"basaliob":-0.209,"bolussnooze":0,"activity":-0.0018,"lastBolusTime":1703050029109,"time":"2023-12-20T08:17:00.981Z","iobWithZeroTemp":{"iob":-1.584,"basaliob":-1.687,"bolussnooze":0,"activity":-0.0169,"lastBolusTime":1703050029109,"time":"2023-12-20T08:17:00.981Z"}},{"iob":-0.098,"basaliob":-0.191,"bolussnooze":0,"activity":-0.0017,"lastBolusTime":1703050029109,"time":"2023-12-20T08:22:00.981Z","iobWithZeroTemp":{"iob":-1.591,"basaliob":-1.684,"bolussnooze":0,"activity":-0.0172,"lastBolusTime":1703050029109,"time":"2023-12-20T08:22:00.981Z"}},{"iob":-0.09,"basaliob":-0.174,"bolussnooze":0,"activity":-0.0016,"lastBolusTime":1703050029109,"time":"2023-12-20T08:27:00.981Z","iobWithZeroTemp":{"iob":-1.596,"basaliob":-1.68,"bolussnooze":0,"activity":-0.0174,"lastBolusTime":1703050029109,"time":"2023-12-20T08:27:00.981Z"}},{"iob":-0.082,"basaliob":-0.158,"bolussnooze":0,"activity":-0.0014,"lastBolusTime":1703050029109,"time":"2023-12-20T08:32:00.981Z","iobWithZeroTemp":{"iob":-1.6,"basaliob":-1.676,"bolussnooze":0,"activity":-0.0175,"lastBolusTime":1703050029109,"time":"2023-12-20T08:32:00.981Z"}},{"iob":-0.074,"basaliob":-0.143,"bolussnooze":0,"activity":-0.0013,"lastBolusTime":1703050029109,"time":"2023-12-20T08:37:00.981Z","iobWithZeroTemp":{"iob":-1.603,"basaliob":-1.672,"bolussnooze":0,"activity":-0.0176,"lastBolusTime":1703050029109,"time":"2023-12-20T08:37:00.981Z"}},{"iob":-0.068,"basaliob":-0.13,"bolussnooze":0,"activity":-0.0012,"lastBolusTime":1703050029109,"time":"2023-12-20T08:42:00.981Z","iobWithZeroTemp":{"iob":-1.607,"basaliob":-1.669,"bolussnooze":0,"activity":-0.0177,"lastBolusTime":1703050029109,"time":"2023-12-20T08:42:00.981Z"}},{"iob":-0.062,"basaliob":-0.118,"bolussnooze":0,"activity":-0.0011,"lastBolusTime":1703050029109,"time":"2023-12-20T08:47:00.981Z","iobWithZeroTemp":{"iob":-1.609,"basaliob":-1.665,"bolussnooze":0,"activity":-0.0178,"lastBolusTime":1703050029109,"time":"2023-12-20T08:47:00.981Z"}},{"iob":-0.057,"basaliob":-0.107,"bolussnooze":0,"activity":-0.001,"lastBolusTime":1703050029109,"time":"2023-12-20T08:52:00.981Z","iobWithZeroTemp":{"iob":-1.612,"basaliob":-1.662,"bolussnooze":0,"activity":-0.0179,"lastBolusTime":1703050029109,"time":"2023-12-20T08:52:00.981Z"}},{"iob":-0.052,"basaliob":-0.097,"bolussnooze":0,"activity":-9.0E-4,"lastBolusTime":1703050029109,"time":"2023-12-20T08:57:00.981Z","iobWithZeroTemp":{"iob":-1.614,"basaliob":-1.659,"bolussnooze":0,"activity":-0.018,"lastBolusTime":1703050029109,"time":"2023-12-20T08:57:00.981Z"}},{"iob":-0.048,"basaliob":-0.088,"bolussnooze":0,"activity":-9.0E-4,"lastBolusTime":1703050029109,"time":"2023-12-20T09:02:00.981Z","iobWithZeroTemp":{"iob":-1.616,"basaliob":-1.656,"bolussnooze":0,"activity":-0.0181,"lastBolusTime":1703050029109,"time":"2023-12-20T09:02:00.981Z"}},{"iob":-0.044,"basaliob":-0.08,"bolussnooze":0,"activity":-8.0E-4,"lastBolusTime":1703050029109,"time":"2023-12-20T09:07:00.981Z","iobWithZeroTemp":{"iob":-1.609,"basaliob":-1.645,"bolussnooze":0,"activity":-0.0181,"lastBolusTime":1703050029109,"time":"2023-12-20T09:07:00.981Z"}},{"iob":-0.039,"basaliob":-0.072,"bolussnooze":0,"activity":-8.0E-4,"lastBolusTime":1703050029109,"time":"2023-12-20T09:12:00.981Z","iobWithZeroTemp":{"iob":-1.6,"basaliob":-1.633,"bolussnooze":0,"activity":-0.0182,"lastBolusTime":1703050029109,"time":"2023-12-20T09:12:00.981Z"}},{"iob":-0.036,"basaliob":-0.065,"bolussnooze":0,"activity":-7.0E-4,"lastBolusTime":1703050029109,"time":"2023-12-20T09:17:00.981Z","iobWithZeroTemp":{"iob":-1.594,"basaliob":-1.623,"bolussnooze":0,"activity":-0.0182,"lastBolusTime":1703050029109,"time":"2023-12-20T09:17:00.981Z"}},{"iob":-0.033,"basaliob":-0.059,"bolussnooze":0,"activity":-6.0E-4,"lastBolusTime":1703050029109,"time":"2023-12-20T09:22:00.981Z","iobWithZeroTemp":{"iob":-1.587,"basaliob":-1.613,"bolussnooze":0,"activity":-0.0181,"lastBolusTime":1703050029109,"time":"2023-12-20T09:22:00.981Z"}},{"iob":-0.03,"basaliob":-0.053,"bolussnooze":0,"activity":-6.0E-4,"lastBolusTime":1703050029109,"time":"2023-12-20T09:27:00.981Z","iobWithZeroTemp":{"iob":-1.579,"basaliob":-1.602,"bolussnooze":0,"activity":-0.0181,"lastBolusTime":1703050029109,"time":"2023-12-20T09:27:00.981Z"}},{"iob":-0.027,"basaliob":-0.048,"bolussnooze":0,"activity":-5.0E-4,"lastBolusTime":1703050029109,"time":"2023-12-20T09:32:00.981Z","iobWithZeroTemp":{"iob":-1.569,"basaliob":-1.59,"bolussnooze":0,"activity":-0.018,"lastBolusTime":1703050029109,"time":"2023-12-20T09:32:00.981Z"}},{"iob":-0.024,"basaliob":-0.043,"bolussnooze":0,"activity":-5.0E-4,"lastBolusTime":1703050029109,"time":"2023-12-20T09:37:00.981Z","iobWithZeroTemp":{"iob":-1.562,"basaliob":-1.581,"bolussnooze":0,"activity":-0.018,"lastBolusTime":1703050029109,"time":"2023-12-20T09:37:00.981Z"}},{"iob":-0.022,"basaliob":-0.039,"bolussnooze":0,"activity":-4.0E-4,"lastBolusTime":1703050029109,"time":"2023-12-20T09:42:00.981Z","iobWithZeroTemp":{"iob":-1.556,"basaliob":-1.573,"bolussnooze":0,"activity":-0.0179,"lastBolusTime":1703050029109,"time":"2023-12-20T09:42:00.981Z"}},{"iob":-0.02,"basaliob":-0.035,"bolussnooze":0,"activity":-4.0E-4,"lastBolusTime":1703050029109,"time":"2023-12-20T09:47:00.981Z","iobWithZeroTemp":{"iob":-1.549,"basaliob":-1.564,"bolussnooze":0,"activity":-0.0179,"lastBolusTime":1703050029109,"time":"2023-12-20T09:47:00.981Z"}},{"iob":-0.018,"basaliob":-0.031,"bolussnooze":0,"activity":-4.0E-4,"lastBolusTime":1703050029109,"time":"2023-12-20T09:52:00.981Z","iobWithZeroTemp":{"iob":-1.543,"basaliob":-1.556,"bolussnooze":0,"activity":-0.0179,"lastBolusTime":1703050029109,"time":"2023-12-20T09:52:00.981Z"}},{"iob":-0.016,"basaliob":-0.028,"bolussnooze":0,"activity":-3.0E-4,"lastBolusTime":1703050029109,"time":"2023-12-20T09:57:00.981Z","iobWithZeroTemp":{"iob":-1.538,"basaliob":-1.55,"bolussnooze":0,"activity":-0.0177,"lastBolusTime":1703050029109,"time":"2023-12-20T09:57:00.981Z"}},{"iob":-0.014,"basaliob":-0.025,"bolussnooze":0,"activity":-3.0E-4,"lastBolusTime":1703050029109,"time":"2023-12-20T10:02:00.981Z","iobWithZeroTemp":{"iob":-1.532,"basaliob":-1.543,"bolussnooze":0,"activity":-0.0177,"lastBolusTime":1703050029109,"time":"2023-12-20T10:02:00.981Z"}},{"iob":-0.014,"basaliob":-0.023,"bolussnooze":0,"activity":-3.0E-4,"lastBolusTime":1703050029109,"time":"2023-12-20T10:07:00.981Z","iobWithZeroTemp":{"iob":-1.52,"basaliob":-1.529,"bolussnooze":0,"activity":-0.0177,"lastBolusTime":1703050029109,"time":"2023-12-20T10:07:00.981Z"}},{"iob":-0.012,"basaliob":-0.02,"bolussnooze":0,"activity":-2.0E-4,"lastBolusTime":1703050029109,"time":"2023-12-20T10:12:00.981Z","iobWithZeroTemp":{"iob":-1.506,"basaliob":-1.514,"bolussnooze":0,"activity":-0.0175,"lastBolusTime":1703050029109,"time":"2023-12-20T10:12:00.981Z"}}],"profile":{"max_iob":20,"type":"current","max_daily_basal":1.6,"max_basal":4.8,"min_bg":81,"max_bg":81,"target_bg":81,"carb_ratio":5.5,"sens":72,"max_daily_safety_multiplier":3,"current_basal_safety_multiplier":4,"high_temptarget_raises_sensitivity":false,"low_temptarget_lowers_sensitivity":false,"sensitivity_raises_target":false,"resistance_lowers_target":false,"adv_target_adjustments":false,"exercise_mode":false,"half_basal_exercise_target":160,"maxCOB":120,"skip_neutral_temps":false,"remainingCarbsCap":90,"enableUAM":true,"A52_risk_enable":false,"SMBInterval":3,"enableSMB_with_COB":false,"enableSMB_with_temptarget":false,"allowSMB_with_high_temptarget":true,"enableSMB_always":true,"enableSMB_after_carbs":false,"maxSMBBasalMinutes":120,"maxUAMSMBBasalMinutes":120,"bolus_increment":0.05,"carbsReqThreshold":1,"current_basal":1.25,"temptargetSet":true,"autosens_max":1.8,"out_units":"mmol\/L"},"autosens_data":{"ratio":1},"meal_data":{"carbs":30,"mealCOB":0.3290833333333443,"slopeFromMaxDeviation":-0.8877272727272727,"slopeFromMinDeviation":0.25566666666666665,"lastBolusTime":1703050029109,"lastCarbTime":1703039119000},"microBolusAllowed":true,"currentTime":1703053022569,"flatBGsDetected":false},"output":{"temp":"absolute","bg":71,"tick":"+0","eventualBG":98,"targetBG":81,"insulinReq":0.06,"deliverAt":"2023-12-20T06:17:02.569Z","sensitivityRatio":1,"predBGs":{"IOB":[71,70,70,70,70,70,71,72,73,74,75,76,78,79,80,81,82,84,85,86,86,87,88,89,90,90,91,91,92,92,93,93,94,94,94,94,95,95,95,95,96,96,96,96,96,96,96,97],"ZT":[71,71,72,73,74,76,78,80],"COB":[71,70,70,70,70,70,71,72,73,74,75,76,78,79,80,81,83,84,85,86,87,88,88,89,90,91,91,92,92,93,93,94,94,95,95,95,96,96,96,97,97,97,97,98],"UAM":[71,70,70,70,70,70,71,72,73,74,75,76,78,79,80,81,82,84,85,86,86,87,88,89,90,90,91,91,92,92,93,93,94,94,94,94,95,95,95,95,96,96,96,96,96,96,96,97]},"COB":0.3290833333333443,"IOB":-0.458,"reason":"COB: 0.3, Dev: -0.9, BGI: 0.0, ISF: 4.0, CR: 5.5, Target: 4.5, minPredBG 4.7, minGuardBG 3.9, IOBpredBG 5.4, COBpredBG 5.4, UAMpredBG 5.4; Eventual BG 5.4 >= 4.5,  insulinReq 0.06. temp 0.15 < 1.37U\/hr. ","duration":30,"rate":1.37,"timestamp":"2023-12-20T06:17:02.629Z"}}