{"algorithm":"OpenAPSSMBPlugin","input":{"glucoseStatus":{"glucose":69,"noise":0,"delta":3,"short_avgdelta":2.72,"long_avgdelta":0.89,"date":1703071601173},"currenttemp":{"temp":"absolute","duration":100,"rate":0,"minutesrunning":20},"iob_data":[{"iob":1.667,"basaliob":-1.214,"bolussnooze":0.5263,"activity":0.0299,"lastBolusTime":1703067675204,"time":"2023-12-20T11:27:35.204Z","iobWithZeroTemp":{"iob":1.667,"basaliob":-1.214,"bolussnooze":0.5263,"activity":0.0299,"lastBolusTime":1703067675204,"time":"2023-12-20T11:27:35.204Z"}},{"iob":1.523,"basaliob":-1.145,"bolussnooze":0.4375,"activity":0.0275,"lastBolusTime":1703067675204,"time":"2023-12-20T11:32:35.204Z","iobWithZeroTemp":{"iob":1.47,"basaliob":-1.198,"bolussnooze":0.4375,"activity":0.0274,"lastBolusTime":1703067675204,"time":"2023-12-20T11:32:35.204Z"}},{"iob":1.391,"basaliob":-1.077,"bolussnooze":0.3626,"activity":0.0254,"lastBolusTime":1703067675204,"time":"2023-12-20T11:37:35.204Z","iobWithZeroTemp":{"iob":1.272,"basaliob":-1.196,"bolussnooze":0.3626,"activity":0.0252,"lastBolusTime":1703067675204,"time":"2023-12-20T11:37:35.204Z"}},{"iob":1.269,"basaliob":-1.01,"bolussnooze":0.2996,"activity":0.0234,"lastBolusTime":1703067675204,"time":"2023-12-20T11:42:35.204Z","iobWithZeroTemp":{"iob":1.085,"basaliob":-1.194,"bolussnooze":0.2996,"activity":0.0229,"lastBolusTime":1703067675204,"time":"2023-12-20T11:42:35.204Z"}},{"iob":1.157,"basaliob":-0.945,"bolussnooze":0.2468,"activity":0.0215,"lastBolusTime":1703067675204,"time":"2023-12-20T11:47:35.204Z","iobWithZeroTemp":{"iob":0.91,"basaliob":-1.192,"bolussnooze":0.2468,"activity":0.0206,"lastBolusTime":1703067675204,"time":"2023-12-20T11:47:35.204Z"}},{"iob":1.054,"basaliob":-0.882,"bolussnooze":0.2027,"activity":0.0197,"lastBolusTime":1703067675204,"time":"2023-12-20T11:52:35.204Z","iobWithZeroTemp":{"iob":0.746,"basaliob":-1.19,"bolussnooze":0.2027,"activity":0.0183,"lastBolusTime":1703067675204,"time":"2023-12-20T11:52:35.204Z"}},{"iob":0.959,"basaliob":-0.822,"bolussnooze":0.166,"activity":0.0181,"lastBolusTime":1703067675204,"time":"2023-12-20T11:57:35.204Z","iobWithZeroTemp":{"iob":0.592,"basaliob":-1.189,"bolussnooze":0.166,"activity":0.0162,"lastBolusTime":1703067675204,"time":"2023-12-20T11:57:35.204Z"}},{"iob":0.873,"basaliob":-0.764,"bolussnooze":0.1356,"activity":0.0166,"lastBolusTime":1703067675204,"time":"2023-12-20T12:02:35.204Z","iobWithZeroTemp":{"iob":0.45,"basaliob":-1.187,"bolussnooze":0.1356,"activity":0.0142,"lastBolusTime":1703067675204,"time":"2023-12-20T12:02:35.204Z"}},{"iob":0.793,"basaliob":-0.71,"bolussnooze":0.1104,"activity":0.0152,"lastBolusTime":1703067675204,"time":"2023-12-20T12:07:35.204Z","iobWithZeroTemp":{"iob":0.316,"basaliob":-1.187,"bolussnooze":0.1104,"activity":0.0123,"lastBolusTime":1703067675204,"time":"2023-12-20T12:07:35.204Z"}},{"iob":0.72,"basaliob":-0.658,"bolussnooze":0.0897,"activity":0.0139,"lastBolusTime":1703067675204,"time":"2023-12-20T12:12:35.204Z","iobWithZeroTemp":{"iob":0.193,"basaliob":-1.185,"bolussnooze":0.0897,"activity":0.0104,"lastBolusTime":1703067675204,"time":"2023-12-20T12:12:35.204Z"}},{"iob":0.655,"basaliob":-0.608,"bolussnooze":0.0726,"activity":0.0127,"lastBolusTime":1703067675204,"time":"2023-12-20T12:17:35.204Z","iobWithZeroTemp":{"iob":0.08,"basaliob":-1.183,"bolussnooze":0.0726,"activity":0.0087,"lastBolusTime":1703067675204,"time":"2023-12-20T12:17:35.204Z"}},{"iob":0.594,"basaliob":-0.562,"bolussnooze":0.0586,"activity":0.0116,"lastBolusTime":1703067675204,"time":"2023-12-20T12:22:35.204Z","iobWithZeroTemp":{"iob":-0.026,"basaliob":-1.182,"bolussnooze":0.0586,"activity":0.007,"lastBolusTime":1703067675204,"time":"2023-12-20T12:22:35.204Z"}},{"iob":0.538,"basaliob":-0.519,"bolussnooze":0.0472,"activity":0.0106,"lastBolusTime":1703067675204,"time":"2023-12-20T12:27:35.204Z","iobWithZeroTemp":{"iob":-0.125,"basaliob":-1.182,"bolussnooze":0.0472,"activity":0.0055,"lastBolusTime":1703067675204,"time":"2023-12-20T12:27:35.204Z"}},{"iob":0.488,"basaliob":-0.478,"bolussnooze":0.0379,"activity":0.0096,"lastBolusTime":1703067675204,"time":"2023-12-20T12:32:35.204Z","iobWithZeroTemp":{"iob":-0.215,"basaliob":-1.181,"bolussnooze":0.0379,"activity":0.004,"lastBolusTime":1703067675204,"time":"2023-12-20T12:32:35.204Z"}},{"iob":0.441,"basaliob":-0.44,"bolussnooze":0.0303,"activity":0.0088,"lastBolusTime":1703067675204,"time":"2023-12-20T12:37:35.204Z","iobWithZeroTemp":{"iob":-0.299,"basaliob":-1.18,"bolussnooze":0.0303,"activity":0.0027,"lastBolusTime":1703067675204,"time":"2023-12-20T12:37:35.204Z"}},{"iob":0.4,"basaliob":-0.404,"bolussnooze":0.0241,"activity":0.0081,"lastBolusTime":1703067675204,"time":"2023-12-20T12:42:35.204Z","iobWithZeroTemp":{"iob":-0.375,"basaliob":-1.179,"bolussnooze":0.0241,"activity":0.0015,"lastBolusTime":1703067675204,"time":"2023-12-20T12:42:35.204Z"}},{"iob":0.362,"basaliob":-0.371,"bolussnooze":0.0192,"activity":0.0073,"lastBolusTime":1703067675204,"time":"2023-12-20T12:47:35.204Z","iobWithZeroTemp":{"iob":-0.445,"basaliob":-1.178,"bolussnooze":0.0192,"activity":2.0E-4,"lastBolusTime":1703067675204,"time":"2023-12-20T12:47:35.204Z"}},{"iob":0.326,"basaliob":-0.341,"bolussnooze":0.0152,"activity":0.0066,"lastBolusTime":1703067675204,"time":"2023-12-20T12:52:35.204Z","iobWithZeroTemp":{"iob":-0.511,"basaliob":-1.178,"bolussnooze":0.0152,"activity":-9.0E-4,"lastBolusTime":1703067675204,"time":"2023-12-20T12:52:35.204Z"}},{"iob":0.295,"basaliob":-0.312,"bolussnooze":0.0119,"activity":0.006,"lastBolusTime":1703067675204,"time":"2023-12-20T12:57:35.204Z","iobWithZeroTemp":{"iob":-0.57,"basaliob":-1.177,"bolussnooze":0.0119,"activity":-0.002,"lastBolusTime":1703067675204,"time":"2023-12-20T12:57:35.204Z"}},{"iob":0.266,"basaliob":-0.286,"bolussnooze":0.0094,"activity":0.0055,"lastBolusTime":1703067675204,"time":"2023-12-20T13:02:35.204Z","iobWithZeroTemp":{"iob":-0.617,"basaliob":-1.169,"bolussnooze":0.0094,"activity":-0.0029,"lastBolusTime":1703067675204,"time":"2023-12-20T13:02:35.204Z"}},{"iob":0.24,"basaliob":-0.261,"bolussnooze":0.0073,"activity":0.005,"lastBolusTime":1703067675204,"time":"2023-12-20T13:07:35.204Z","iobWithZeroTemp":{"iob":-0.659,"basaliob":-1.16,"bolussnooze":0.0073,"activity":-0.0037,"lastBolusTime":1703067675204,"time":"2023-12-20T13:07:35.204Z"}},{"iob":0.216,"basaliob":-0.239,"bolussnooze":0.0057,"activity":0.0045,"lastBolusTime":1703067675204,"time":"2023-12-20T13:12:35.204Z","iobWithZeroTemp":{"iob":-0.697,"basaliob":-1.152,"bolussnooze":0.0057,"activity":-0.0045,"lastBolusTime":1703067675204,"time":"2023-12-20T13:12:35.204Z"}},{"iob":0.195,"basaliob":-0.218,"bolussnooze":0.0044,"activity":0.0041,"lastBolusTime":1703067675204,"time":"2023-12-20T13:17:35.204Z","iobWithZeroTemp":{"iob":-0.73,"basaliob":-1.143,"bolussnooze":0.0044,"activity":-0.0052,"lastBolusTime":1703067675204,"time":"2023-12-20T13:17:35.204Z"}},{"iob":0.175,"basaliob":-0.199,"bolussnooze":0.0033,"activity":0.0037,"lastBolusTime":1703067675204,"time":"2023-12-20T13:22:35.204Z","iobWithZeroTemp":{"iob":-0.762,"basaliob":-1.136,"bolussnooze":0.0033,"activity":-0.0059,"lastBolusTime":1703067675204,"time":"2023-12-20T13:22:35.204Z"}},{"iob":0.158,"basaliob":-0.181,"bolussnooze":0.0025,"activity":0.0033,"lastBolusTime":1703067675204,"time":"2023-12-20T13:27:35.204Z","iobWithZeroTemp":{"iob":-0.789,"basaliob":-1.128,"bolussnooze":0.0025,"activity":-0.0065,"lastBolusTime":1703067675204,"time":"2023-12-20T13:27:35.204Z"}},{"iob":0.142,"basaliob":-0.165,"bolussnooze":0.0019,"activity":0.003,"lastBolusTime":1703067675204,"time":"2023-12-20T13:32:35.204Z","iobWithZeroTemp":{"iob":-0.814,"basaliob":-1.121,"bolussnooze":0.0019,"activity":-0.007,"lastBolusTime":1703067675204,"time":"2023-12-20T13:32:35.204Z"}},{"iob":0.128,"basaliob":-0.15,"bolussnooze":0.0014,"activity":0.0028,"lastBolusTime":1703067675204,"time":"2023-12-20T13:37:35.204Z","iobWithZeroTemp":{"iob":-0.836,"basaliob":-1.114,"bolussnooze":0.0014,"activity":-0.0074,"lastBolusTime":1703067675204,"time":"2023-12-20T13:37:35.204Z"}},{"iob":0.114,"basaliob":-0.137,"bolussnooze":0.001,"activity":0.0025,"lastBolusTime":1703067675204,"time":"2023-12-20T13:42:35.204Z","iobWithZeroTemp":{"iob":-0.857,"basaliob":-1.108,"bolussnooze":0.001,"activity":-0.0078,"lastBolusTime":1703067675204,"time":"2023-12-20T13:42:35.204Z"}},{"iob":0.103,"basaliob":-0.124,"bolussnooze":8.0E-4,"activity":0.0022,"lastBolusTime":1703067675204,"time":"2023-12-20T13:47:35.204Z","iobWithZeroTemp":{"iob":-0.874,"basaliob":-1.101,"bolussnooze":8.0E-4,"activity":-0.0083,"lastBolusTime":1703067675204,"time":"2023-12-20T13:47:35.204Z"}},{"iob":0.092,"basaliob":-0.113,"bolussnooze":5.0E-4,"activity":0.002,"lastBolusTime":1703067675204,"time":"2023-12-20T13:52:35.204Z","iobWithZeroTemp":{"iob":-0.891,"basaliob":-1.096,"bolussnooze":5.0E-4,"activity":-0.0086,"lastBolusTime":1703067675204,"time":"2023-12-20T13:52:35.204Z"}},{"iob":0.083,"basaliob":-0.102,"bolussnooze":4.0E-4,"activity":0.0018,"lastBolusTime":1703067675204,"time":"2023-12-20T13:57:35.204Z","iobWithZeroTemp":{"iob":-0.905,"basaliob":-1.09,"bolussnooze":4.0E-4,"activity":-0.0089,"lastBolusTime":1703067675204,"time":"2023-12-20T13:57:35.204Z"}},{"iob":0.073,"basaliob":-0.093,"bolussnooze":3.0E-4,"activity":0.0017,"lastBolusTime":1703067675204,"time":"2023-12-20T14:02:35.204Z","iobWithZeroTemp":{"iob":-0.919,"basaliob":-1.085,"bolussnooze":3.0E-4,"activity":-0.0091,"lastBolusTime":1703067675204,"time":"2023-12-20T14:02:35.204Z"}},{"iob":0.066,"basaliob":-0.084,"bolussnooze":2.0E-4,"activity":0.0014,"lastBolusTime":1703067675204,"time":"2023-12-20T14:07:35.204Z","iobWithZeroTemp":{"iob":-0.93,"basaliob":-1.08,"bolussnooze":2.0E-4,"activity":-0.0095,"lastBolusTime":1703067675204,"time":"2023-12-20T14:07:35.204Z"}},{"iob":0.059,"basaliob":-0.076,"bolussnooze":1.0E-4,"activity":0.0013,"lastBolusTime":1703067675204,"time":"2023-12-20T14:12:35.204Z","iobWithZeroTemp":{"iob":-0.941,"basaliob":-1.076,"bolussnooze":1.0E-4,"activity":-0.0097,"lastBolusTime":1703067675204,"time":"2023-12-20T14:12:35.204Z"}},{"iob":0.052,"basaliob":-0.069,"bolussnooze":1.0E-4,"activity":0.0012,"lastBolusTime":1703067675204,"time":"2023-12-20T14:17:35.204Z","iobWithZeroTemp":{"iob":-0.951,"basaliob":-1.072,"bolussnooze":1.0E-4,"activity":-0.0099,"lastBolusTime":1703067675204,"time":"2023-12-20T14:17:35.204Z"}},{"iob":0.047,"basaliob":-0.062,"bolussnooze":0,"activity":0.001,"lastBolusTime":1703067675204,"time":"2023-12-20T14:22:35.204Z","iobWithZeroTemp":{"iob":-0.959,"basaliob":-1.068,"bolussnooze":0,"activity":-0.0102,"lastBolusTime":1703067675204,"time":"2023-12-20T14:22:35.204Z"}},{"iob":0.042,"basaliob":-0.056,"bolussnooze":0,"activity":0.001,"lastBolusTime":1703067675204,"time":"2023-12-20T14:27:35.204Z","iobWithZeroTemp":{"iob":-0.966,"basaliob":-1.064,"bolussnooze":0,"activity":-0.0102,"lastBolusTime":1703067675204,"time":"2023-12-20T14:27:35.204Z"}},{"iob":0.037,"basaliob":-0.051,"bolussnooze":0,"activity":9.0E-4,"lastBolusTime":1703067675204,"time":"2023-12-20T14:32:35.204Z","iobWithZeroTemp":{"iob":-0.974,"basaliob":-1.062,"bolussnooze":0,"activity":-0.0104,"lastBolusTime":1703067675204,"time":"2023-12-20T14:32:35.204Z"}},{"iob":0.033,"basaliob":-0.046,"bolussnooze":0,"activity":8.0E-4,"lastBolusTime":1703067675204,"time":"2023-12-20T14:37:35.204Z","iobWithZeroTemp":{"iob":-0.979,"basaliob":-1.058,"bolussnooze":0,"activity":-0.0105,"lastBolusTime":1703067675204,"time":"2023-12-20T14:37:35.204Z"}},{"iob":0.03,"basaliob":-0.041,"bolussnooze":0,"activity":7.0E-4,"lastBolusTime":1703067675204,"time":"2023-12-20T14:42:35.204Z","iobWithZeroTemp":{"iob":-0.984,"basaliob":-1.055,"bolussnooze":0,"activity":-0.0107,"lastBolusTime":1703067675204,"time":"2023-12-20T14:42:35.204Z"}},{"iob":0.026,"basaliob":-0.037,"bolussnooze":0,"activity":6.0E-4,"lastBolusTime":1703067675204,"time":"2023-12-20T14:47:35.204Z","iobWithZeroTemp":{"iob":-0.99,"basaliob":-1.053,"bolussnooze":0,"activity":-0.0108,"lastBolusTime":1703067675204,"time":"2023-12-20T14:47:35.204Z"}},{"iob":0.024,"basaliob":-0.033,"bolussnooze":0,"activity":6.0E-4,"lastBolusTime":1703067675204,"time":"2023-12-20T14:52:35.204Z","iobWithZeroTemp":{"iob":-0.993,"basaliob":-1.05,"bolussnooze":0,"activity":-0.0108,"lastBolusTime":1703067675204,"time":"2023-12-20T14:52:35.204Z"}},{"iob":0.021,"basaliob":-0.03,"bolussnooze":0,"activity":5.0E-4,"lastBolusTime":1703067675204,"time":"2023-12-20T14:57:35.204Z","iobWithZeroTemp":{"iob":-0.997,"basaliob":-1.048,"bolussnooze":0,"activity":-0.011,"lastBolusTime":1703067675204,"time":"2023-12-20T14:57:35.204Z"}},{"iob":0.018,"basaliob":-0.027,"bolussnooze":0,"activity":4.0E-4,"lastBolusTime":1703067675204,"time":"2023-12-20T15:02:35.204Z","iobWithZeroTemp":{"iob":-0.993,"basaliob":-1.038,"bolussnooze":0,"activity":-0.0111,"lastBolusTime":1703067675204,"time":"2023-12-20T15:02:35.204Z"}},{"iob":0.016,"basaliob":-0.024,"bolussnooze":0,"activity":4.0E-4,"lastBolusTime":1703067675204,"time":"2023-12-20T15:07:35.204Z","iobWithZeroTemp":{"iob":-0.988,"basaliob":-1.028,"bolussnooze":0,"activity":-0.0111,"lastBolusTime":1703067675204,"time":"2023-12-20T15:07:35.204Z"}},{"iob":0.014,"basaliob":-0.022,"bolussnooze":0,"activity":3.0E-4,"lastBolusTime":1703067675204,"time":"2023-12-20T15:12:35.204Z","iobWithZeroTemp":{"iob":-0.982,"basaliob":-1.018,"bolussnooze":0,"activity":-0.0111,"lastBolusTime":1703067675204,"time":"2023-12-20T15:12:35.204Z"}},{"iob":0.012,"basaliob":-0.02,"bolussnooze":0,"activity":3.0E-4,"lastBolusTime":1703067675204,"time":"2023-12-20T15:17:35.204Z","iobWithZeroTemp":{"iob":-0.977,"basaliob":-1.009,"bolussnooze":0,"activity":-0.0111,"lastBolusTime":1703067675204,"time":"2023-12-20T15:17:35.204Z"}},{"iob":0.011,"basaliob":-0.017,"bolussnooze":0,"activity":3.0E-4,"lastBolusTime":1703067675204,"time":"2023-12-20T15:22:35.204Z","iobWithZeroTemp":{"iob":-0.971,"basaliob":-0.999,"bolussnooze":0,"activity":-0.0111,"lastBolusTime":1703067675204,"time":"2023-12-20T15:22:35.204Z"}}],"profile":{"max_iob":20,"type":"current","max_daily_basal":1.6,"max_basal":3.2,"min_bg":90,"max_bg":90,"target_bg":90,"carb_ratio":8,"sens":108,"max_daily_safety_multiplier":3,"current_basal_safety_multiplier":4,"high_temptarget_raises_sensitivity":false,"low_temptarget_lowers_sensitivity":false,"sensitivity_raises_target":false,"resistance_lowers_target":false,"adv_target_adjustments":false,"exercise_mode":false,"half_basal_exercise_target":160,"maxCOB":120,"skip_neutral_temps":false,"remainingCarbsCap":90,"enableUAM":true,"A52_risk_enable":false,"SMBInterval":3,"enableSMB_with_COB":false,"enableSMB_with_temptarget":false,"allowSMB_with_high_temptarget":true,"enableSMB_always":true,"enableSMB_after_carbs":false,"maxSMBBasalMinutes":120,"maxUAMSMBBasalMinutes":120,"bolus_increment":0.05,"carbsReqThreshold":1,"current_basal":0.8,"temptargetSet":false,"autosens_max":1.8,"out_units":"mmol\/L"},"autosens_data":{"ratio":1},"meal_data":{"carbs":55,"mealCOB":2.629518518518535,"slopeFromMaxDeviation":-0.732,"slopeFromMinDeviation":1.5195000000000003,"lastBolusTime":1703067675204,"lastCarbTime":1703071632000},"microBolusAllowed":true,"currentTime":1703071656704,"flatBGsDetected":false},"output":{"temp":"absolute","bg":69,"tick":"+3","eventualBG":117,"targetBG":90,"insulinReq":0,"deliverAt":"2023-12-20T11:27:36.704Z","sensitivityRatio":1,"predBGs":{"IOB":[69,70,71,72,71,71,70,68,65,62,57,52,46,40,39],"ZT":[69,53,39,39,39,39,39,39,39,39,39,39,39,39,39,39,39,39,39,39,39,39,39,39,39,39,39,39,39,39,39,39,39,39,39,39,39,39,39,39,39,44,50,56,62,68,74,80],"COB":[69,67,61,51,39,39,39,39,39,39,39,39,39],"UAM":[69,71,74,77,80,84,87,91,96,100,104,108,112,115,119,122,125,127,130,131,133,134,134,134,133,132,131,129,128,127,125,124,124,123,122,121,121,120,120,119,119,119,118,118,118,118,118,117]},"COB":2.629518518518535,"IOB":1.667,"reason":"COB: 2.6, Dev: 6.3, BGI: -0.9, ISF: 6.0, CR: 8, Target: 5.0, minPredBG 2.2, minGuardBG 3.5, IOBpredBG 2.2, COBpredBG 2.2, UAMpredBG 6.5; 12 add'l carbs req w\/in 10m; minGuardBG 3.5<3.6 100m left and 0 ~ req 0U\/hr: no temp required","carbsReq":12,"carbsReqWithin":10,"timestamp":"2023-12-20T11:27:36.774Z"}}