{"algorithm":"OpenAPSSMBPlugin","input":{"glucoseStatus":{"glucose":110,"noise":0,"delta":2,"short_avgdelta":4.67,"long_avgdelta":4.18,"date":1703041602004},"currenttemp":{"temp":"absolute","duration":50,"rate":0,"minutesrunning":10},"iob_data":[{"iob":3.356,"basaliob":-1.256,"bolussnooze":0.954,"activity":0.0205,"lastBolusTime":1703041168572,"time":"2023-12-20T03:07:02.779Z","iobWithZeroTemp":{"iob":3.356,"basaliob":-1.256,"bolussnooze":0.954,"activity":0.0205,"lastBolusTime":1703041168572,"time":"2023-12-20T03:07:02.779Z"}},{"iob":3.245,"basaliob":-1.193,"bolussnooze":0.89,"activity":0.0239,"lastBolusTime":1703041168572,"time":"2023-12-20T03:12:02.779Z","iobWithZeroTemp":{"iob":3.158,"basaliob":-1.28,"bolussnooze":0.89,"activity":0.0238,"lastBolusTime":1703041168572,"time":"2023-12-20T03:12:02.779Z"}},{"iob":3.119,"basaliob":-1.129,"bolussnooze":0.8129,"activity":0.0263,"lastBolusTime":1703041168572,"time":"2023-12-20T03:17:02.779Z","iobWithZeroTemp":{"iob":2.925,"basaliob":-1.323,"bolussnooze":0.8129,"activity":0.0259,"lastBolusTime":1703041168572,"time":"2023-12-20T03:17:02.779Z"}},{"iob":2.984,"basaliob":-1.065,"bolussnooze":0.7306,"activity":0.028,"lastBolusTime":1703041168572,"time":"2023-12-20T03:22:02.779Z","iobWithZeroTemp":{"iob":2.685,"basaliob":-1.364,"bolussnooze":0.7306,"activity":0.0271,"lastBolusTime":1703041168572,"time":"2023-12-20T03:22:02.779Z"}},{"iob":2.841,"basaliob":-1.002,"bolussnooze":0.6482,"activity":0.029,"lastBolusTime":1703041168572,"time":"2023-12-20T03:27:02.779Z","iobWithZeroTemp":{"iob":2.439,"basaliob":-1.404,"bolussnooze":0.6482,"activity":0.0275,"lastBolusTime":1703041168572,"time":"2023-12-20T03:27:02.779Z"}},{"iob":2.695,"basaliob":-0.94,"bolussnooze":0.5691,"activity":0.0295,"lastBolusTime":1703041168572,"time":"2023-12-20T03:32:02.779Z","iobWithZeroTemp":{"iob":2.194,"basaliob":-1.441,"bolussnooze":0.5691,"activity":0.0273,"lastBolusTime":1703041168572,"time":"2023-12-20T03:32:02.779Z"}},{"iob":2.547,"basaliob":-0.88,"bolussnooze":0.4952,"activity":0.0294,"lastBolusTime":1703041168572,"time":"2023-12-20T03:37:02.779Z","iobWithZeroTemp":{"iob":1.951,"basaliob":-1.476,"bolussnooze":0.4952,"activity":0.0264,"lastBolusTime":1703041168572,"time":"2023-12-20T03:37:02.779Z"}},{"iob":2.4,"basaliob":-0.822,"bolussnooze":0.4276,"activity":0.0292,"lastBolusTime":1703041168572,"time":"2023-12-20T03:42:02.779Z","iobWithZeroTemp":{"iob":1.713,"basaliob":-1.509,"bolussnooze":0.4276,"activity":0.0253,"lastBolusTime":1703041168572,"time":"2023-12-20T03:42:02.779Z"}},{"iob":2.256,"basaliob":-0.766,"bolussnooze":0.3669,"activity":0.0286,"lastBolusTime":1703041168572,"time":"2023-12-20T03:47:02.779Z","iobWithZeroTemp":{"iob":1.482,"basaliob":-1.54,"bolussnooze":0.3669,"activity":0.0239,"lastBolusTime":1703041168572,"time":"2023-12-20T03:47:02.779Z"}},{"iob":2.114,"basaliob":-0.713,"bolussnooze":0.3129,"activity":0.0279,"lastBolusTime":1703041168572,"time":"2023-12-20T03:52:02.779Z","iobWithZeroTemp":{"iob":1.257,"basaliob":-1.57,"bolussnooze":0.3129,"activity":0.0223,"lastBolusTime":1703041168572,"time":"2023-12-20T03:52:02.779Z"}},{"iob":1.977,"basaliob":-0.662,"bolussnooze":0.2656,"activity":0.027,"lastBolusTime":1703041168572,"time":"2023-12-20T03:57:02.779Z","iobWithZeroTemp":{"iob":1.042,"basaliob":-1.597,"bolussnooze":0.2656,"activity":0.0205,"lastBolusTime":1703041168572,"time":"2023-12-20T03:57:02.779Z"}},{"iob":1.845,"basaliob":-0.613,"bolussnooze":0.2243,"activity":0.0259,"lastBolusTime":1703041168572,"time":"2023-12-20T04:02:02.779Z","iobWithZeroTemp":{"iob":0.837,"basaliob":-1.621,"bolussnooze":0.2243,"activity":0.0185,"lastBolusTime":1703041168572,"time":"2023-12-20T04:02:02.779Z"}},{"iob":1.718,"basaliob":-0.568,"bolussnooze":0.1887,"activity":0.0248,"lastBolusTime":1703041168572,"time":"2023-12-20T04:07:02.779Z","iobWithZeroTemp":{"iob":0.641,"basaliob":-1.645,"bolussnooze":0.1887,"activity":0.0165,"lastBolusTime":1703041168572,"time":"2023-12-20T04:07:02.779Z"}},{"iob":1.596,"basaliob":-0.525,"bolussnooze":0.1581,"activity":0.0237,"lastBolusTime":1703041168572,"time":"2023-12-20T04:12:02.779Z","iobWithZeroTemp":{"iob":0.454,"basaliob":-1.667,"bolussnooze":0.1581,"activity":0.0145,"lastBolusTime":1703041168572,"time":"2023-12-20T04:12:02.779Z"}},{"iob":1.482,"basaliob":-0.484,"bolussnooze":0.132,"activity":0.0224,"lastBolusTime":1703041168572,"time":"2023-12-20T04:17:02.779Z","iobWithZeroTemp":{"iob":0.28,"basaliob":-1.686,"bolussnooze":0.132,"activity":0.0124,"lastBolusTime":1703041168572,"time":"2023-12-20T04:17:02.779Z"}},{"iob":1.373,"basaliob":-0.446,"bolussnooze":0.1098,"activity":0.0212,"lastBolusTime":1703041168572,"time":"2023-12-20T04:22:02.779Z","iobWithZeroTemp":{"iob":0.114,"basaliob":-1.705,"bolussnooze":0.1098,"activity":0.0104,"lastBolusTime":1703041168572,"time":"2023-12-20T04:22:02.779Z"}},{"iob":1.27,"basaliob":-0.411,"bolussnooze":0.0911,"activity":0.02,"lastBolusTime":1703041168572,"time":"2023-12-20T04:27:02.779Z","iobWithZeroTemp":{"iob":-0.042,"basaliob":-1.723,"bolussnooze":0.0911,"activity":0.0085,"lastBolusTime":1703041168572,"time":"2023-12-20T04:27:02.779Z"}},{"iob":1.173,"basaliob":-0.378,"bolussnooze":0.0753,"activity":0.0187,"lastBolusTime":1703041168572,"time":"2023-12-20T04:32:02.779Z","iobWithZeroTemp":{"iob":-0.188,"basaliob":-1.739,"bolussnooze":0.0753,"activity":0.0064,"lastBolusTime":1703041168572,"time":"2023-12-20T04:32:02.779Z"}},{"iob":1.082,"basaliob":-0.347,"bolussnooze":0.0621,"activity":0.0176,"lastBolusTime":1703041168572,"time":"2023-12-20T04:37:02.779Z","iobWithZeroTemp":{"iob":-0.324,"basaliob":-1.753,"bolussnooze":0.0621,"activity":0.0047,"lastBolusTime":1703041168572,"time":"2023-12-20T04:37:02.779Z"}},{"iob":0.998,"basaliob":-0.318,"bolussnooze":0.051,"activity":0.0165,"lastBolusTime":1703041168572,"time":"2023-12-20T04:42:02.779Z","iobWithZeroTemp":{"iob":-0.45,"basaliob":-1.766,"bolussnooze":0.051,"activity":0.0029,"lastBolusTime":1703041168572,"time":"2023-12-20T04:42:02.779Z"}},{"iob":0.917,"basaliob":-0.292,"bolussnooze":0.0418,"activity":0.0154,"lastBolusTime":1703041168572,"time":"2023-12-20T04:47:02.779Z","iobWithZeroTemp":{"iob":-0.57,"basaliob":-1.779,"bolussnooze":0.0418,"activity":0.0012,"lastBolusTime":1703041168572,"time":"2023-12-20T04:47:02.779Z"}},{"iob":0.844,"basaliob":-0.267,"bolussnooze":0.0342,"activity":0.0143,"lastBolusTime":1703041168572,"time":"2023-12-20T04:52:02.779Z","iobWithZeroTemp":{"iob":-0.679,"basaliob":-1.79,"bolussnooze":0.0342,"activity":-5.0E-4,"lastBolusTime":1703041168572,"time":"2023-12-20T04:52:02.779Z"}},{"iob":0.775,"basaliob":-0.244,"bolussnooze":0.0279,"activity":0.0133,"lastBolusTime":1703041168572,"time":"2023-12-20T04:57:02.779Z","iobWithZeroTemp":{"iob":-0.781,"basaliob":-1.8,"bolussnooze":0.0279,"activity":-0.002,"lastBolusTime":1703041168572,"time":"2023-12-20T04:57:02.779Z"}},{"iob":0.711,"basaliob":-0.223,"bolussnooze":0.0226,"activity":0.0124,"lastBolusTime":1703041168572,"time":"2023-12-20T05:02:02.779Z","iobWithZeroTemp":{"iob":-0.876,"basaliob":-1.81,"bolussnooze":0.0226,"activity":-0.0034,"lastBolusTime":1703041168572,"time":"2023-12-20T05:02:02.779Z"}},{"iob":0.651,"basaliob":-0.204,"bolussnooze":0.0183,"activity":0.0115,"lastBolusTime":1703041168572,"time":"2023-12-20T05:07:02.779Z","iobWithZeroTemp":{"iob":-0.964,"basaliob":-1.819,"bolussnooze":0.0183,"activity":-0.0048,"lastBolusTime":1703041168572,"time":"2023-12-20T05:07:02.779Z"}},{"iob":0.596,"basaliob":-0.186,"bolussnooze":0.0148,"activity":0.0106,"lastBolusTime":1703041168572,"time":"2023-12-20T05:12:02.779Z","iobWithZeroTemp":{"iob":-1.045,"basaliob":-1.827,"bolussnooze":0.0148,"activity":-0.0061,"lastBolusTime":1703041168572,"time":"2023-12-20T05:12:02.779Z"}},{"iob":0.545,"basaliob":-0.17,"bolussnooze":0.0119,"activity":0.0097,"lastBolusTime":1703041168572,"time":"2023-12-20T05:17:02.779Z","iobWithZeroTemp":{"iob":-1.119,"basaliob":-1.834,"bolussnooze":0.0119,"activity":-0.0074,"lastBolusTime":1703041168572,"time":"2023-12-20T05:17:02.779Z"}},{"iob":0.499,"basaliob":-0.154,"bolussnooze":0.0096,"activity":0.009,"lastBolusTime":1703041168572,"time":"2023-12-20T05:22:02.779Z","iobWithZeroTemp":{"iob":-1.187,"basaliob":-1.84,"bolussnooze":0.0096,"activity":-0.0085,"lastBolusTime":1703041168572,"time":"2023-12-20T05:22:02.779Z"}},{"iob":0.454,"basaliob":-0.141,"bolussnooze":0.0077,"activity":0.0083,"lastBolusTime":1703041168572,"time":"2023-12-20T05:27:02.779Z","iobWithZeroTemp":{"iob":-1.252,"basaliob":-1.847,"bolussnooze":0.0077,"activity":-0.0096,"lastBolusTime":1703041168572,"time":"2023-12-20T05:27:02.779Z"}},{"iob":0.415,"basaliob":-0.128,"bolussnooze":0.0061,"activity":0.0077,"lastBolusTime":1703041168572,"time":"2023-12-20T05:32:02.779Z","iobWithZeroTemp":{"iob":-1.309,"basaliob":-1.852,"bolussnooze":0.0061,"activity":-0.0105,"lastBolusTime":1703041168572,"time":"2023-12-20T05:32:02.779Z"}},{"iob":0.378,"basaliob":-0.116,"bolussnooze":0.0049,"activity":0.0071,"lastBolusTime":1703041168572,"time":"2023-12-20T05:37:02.779Z","iobWithZeroTemp":{"iob":-1.363,"basaliob":-1.857,"bolussnooze":0.0049,"activity":-0.0114,"lastBolusTime":1703041168572,"time":"2023-12-20T05:37:02.779Z"}},{"iob":0.345,"basaliob":-0.105,"bolussnooze":0.0039,"activity":0.0065,"lastBolusTime":1703041168572,"time":"2023-12-20T05:42:02.779Z","iobWithZeroTemp":{"iob":-1.411,"basaliob":-1.861,"bolussnooze":0.0039,"activity":-0.0123,"lastBolusTime":1703041168572,"time":"2023-12-20T05:42:02.779Z"}},{"iob":0.313,"basaliob":-0.096,"bolussnooze":0.003,"activity":0.0059,"lastBolusTime":1703041168572,"time":"2023-12-20T05:47:02.779Z","iobWithZeroTemp":{"iob":-1.457,"basaliob":-1.866,"bolussnooze":0.003,"activity":-0.0131,"lastBolusTime":1703041168572,"time":"2023-12-20T05:47:02.779Z"}},{"iob":0.285,"basaliob":-0.087,"bolussnooze":0.0024,"activity":0.0054,"lastBolusTime":1703041168572,"time":"2023-12-20T05:52:02.779Z","iobWithZeroTemp":{"iob":-1.498,"basaliob":-1.87,"bolussnooze":0.0024,"activity":-0.0138,"lastBolusTime":1703041168572,"time":"2023-12-20T05:52:02.779Z"}},{"iob":0.259,"basaliob":-0.079,"bolussnooze":0.0019,"activity":0.0049,"lastBolusTime":1703041168572,"time":"2023-12-20T05:57:02.779Z","iobWithZeroTemp":{"iob":-1.536,"basaliob":-1.874,"bolussnooze":0.0019,"activity":-0.0146,"lastBolusTime":1703041168572,"time":"2023-12-20T05:57:02.779Z"}},{"iob":0.235,"basaliob":-0.071,"bolussnooze":0.0014,"activity":0.0046,"lastBolusTime":1703041168572,"time":"2023-12-20T06:02:02.779Z","iobWithZeroTemp":{"iob":-1.57,"basaliob":-1.876,"bolussnooze":0.0014,"activity":-0.0151,"lastBolusTime":1703041168572,"time":"2023-12-20T06:02:02.779Z"}},{"iob":0.214,"basaliob":-0.064,"bolussnooze":0.0011,"activity":0.0042,"lastBolusTime":1703041168572,"time":"2023-12-20T06:07:02.779Z","iobWithZeroTemp":{"iob":-1.597,"basaliob":-1.875,"bolussnooze":0.0011,"activity":-0.0156,"lastBolusTime":1703041168572,"time":"2023-12-20T06:07:02.779Z"}},{"iob":0.194,"basaliob":-0.058,"bolussnooze":9.0E-4,"activity":0.0038,"lastBolusTime":1703041168572,"time":"2023-12-20T06:12:02.779Z","iobWithZeroTemp":{"iob":-1.622,"basaliob":-1.874,"bolussnooze":9.0E-4,"activity":-0.0162,"lastBolusTime":1703041168572,"time":"2023-12-20T06:12:02.779Z"}},{"iob":0.175,"basaliob":-0.053,"bolussnooze":7.0E-4,"activity":0.0034,"lastBolusTime":1703041168572,"time":"2023-12-20T06:17:02.779Z","iobWithZeroTemp":{"iob":-1.645,"basaliob":-1.873,"bolussnooze":7.0E-4,"activity":-0.0167,"lastBolusTime":1703041168572,"time":"2023-12-20T06:17:02.779Z"}},{"iob":0.159,"basaliob":-0.047,"bolussnooze":5.0E-4,"activity":0.0031,"lastBolusTime":1703041168572,"time":"2023-12-20T06:22:02.779Z","iobWithZeroTemp":{"iob":-1.664,"basaliob":-1.87,"bolussnooze":5.0E-4,"activity":-0.0171,"lastBolusTime":1703041168572,"time":"2023-12-20T06:22:02.779Z"}},{"iob":0.143,"basaliob":-0.043,"bolussnooze":4.0E-4,"activity":0.0029,"lastBolusTime":1703041168572,"time":"2023-12-20T06:27:02.779Z","iobWithZeroTemp":{"iob":-1.683,"basaliob":-1.869,"bolussnooze":4.0E-4,"activity":-0.0174,"lastBolusTime":1703041168572,"time":"2023-12-20T06:27:02.779Z"}},{"iob":0.129,"basaliob":-0.039,"bolussnooze":3.0E-4,"activity":0.0026,"lastBolusTime":1703041168572,"time":"2023-12-20T06:32:02.779Z","iobWithZeroTemp":{"iob":-1.699,"basaliob":-1.867,"bolussnooze":3.0E-4,"activity":-0.0178,"lastBolusTime":1703041168572,"time":"2023-12-20T06:32:02.779Z"}},{"iob":0.117,"basaliob":-0.035,"bolussnooze":2.0E-4,"activity":0.0024,"lastBolusTime":1703041168572,"time":"2023-12-20T06:37:02.779Z","iobWithZeroTemp":{"iob":-1.713,"basaliob":-1.865,"bolussnooze":2.0E-4,"activity":-0.0181,"lastBolusTime":1703041168572,"time":"2023-12-20T06:37:02.779Z"}},{"iob":0.106,"basaliob":-0.031,"bolussnooze":1.0E-4,"activity":0.0021,"lastBolusTime":1703041168572,"time":"2023-12-20T06:42:02.779Z","iobWithZeroTemp":{"iob":-1.725,"basaliob":-1.862,"bolussnooze":1.0E-4,"activity":-0.0185,"lastBolusTime":1703041168572,"time":"2023-12-20T06:42:02.779Z"}},{"iob":0.096,"basaliob":-0.028,"bolussnooze":1.0E-4,"activity":0.002,"lastBolusTime":1703041168572,"time":"2023-12-20T06:47:02.779Z","iobWithZeroTemp":{"iob":-1.737,"basaliob":-1.861,"bolussnooze":1.0E-4,"activity":-0.0186,"lastBolusTime":1703041168572,"time":"2023-12-20T06:47:02.779Z"}},{"iob":0.086,"basaliob":-0.025,"bolussnooze":1.0E-4,"activity":0.0018,"lastBolusTime":1703041168572,"time":"2023-12-20T06:52:02.779Z","iobWithZeroTemp":{"iob":-1.748,"basaliob":-1.859,"bolussnooze":1.0E-4,"activity":-0.0189,"lastBolusTime":1703041168572,"time":"2023-12-20T06:52:02.779Z"}},{"iob":0.077,"basaliob":-0.023,"bolussnooze":0,"activity":0.0016,"lastBolusTime":1703041168572,"time":"2023-12-20T06:57:02.779Z","iobWithZeroTemp":{"iob":-1.758,"basaliob":-1.858,"bolussnooze":0,"activity":-0.0191,"lastBolusTime":1703041168572,"time":"2023-12-20T06:57:02.779Z"}},{"iob":0.07,"basaliob":-0.02,"bolussnooze":0,"activity":0.0015,"lastBolusTime":1703041168572,"time":"2023-12-20T07:02:02.779Z","iobWithZeroTemp":{"iob":-1.765,"basaliob":-1.855,"bolussnooze":0,"activity":-0.0192,"lastBolusTime":1703041168572,"time":"2023-12-20T07:02:02.779Z"}}],"profile":{"max_iob":20,"type":"current","max_daily_basal":1.6,"max_basal":4.8,"min_bg":81,"max_bg":81,"target_bg":81,"carb_ratio":4.5,"sens":72,"max_daily_safety_multiplier":3,"current_basal_safety_multiplier":4,"high_temptarget_raises_sensitivity":false,"low_temptarget_lowers_sensitivity":false,"sensitivity_raises_target":false,"resistance_lowers_target":false,"adv_target_adjustments":false,"exercise_mode":false,"half_basal_exercise_target":160,"maxCOB":120,"skip_neutral_temps":false,"remainingCarbsCap":90,"enableUAM":true,"A52_risk_enable":false,"SMBInterval":3,"enableSMB_with_COB":false,"enableSMB_with_temptarget":false,"allowSMB_with_high_temptarget":true,"enableSMB_always":true,"enableSMB_after_carbs":false,"maxSMBBasalMinutes":120,"maxUAMSMBBasalMinutes":120,"bolus_increment":0.05,"carbsReqThreshold":1,"current_basal":1.3,"temptargetSet":true,"autosens_max":1.8,"out_units":"mmol\/L"},"autosens_data":{"ratio":1},"meal_data":{"carbs":40,"mealCOB":22.699,"slopeFromMaxDeviation":0,"slopeFromMinDeviation":2.731,"lastBolusTime":1703041168572,"lastCarbTime":1703039119000},"microBolusAllowed":true,"currentTime":1703041626024,"flatBGsDetected":false},"output":{"temp":"absolute","bg":110,"tick":"+2","eventualBG":228,"targetBG":81,"insulinReq":0,"deliverAt":"2023-12-20T03:07:06.024Z","sensitivityRatio":1,"predBGs":{"IOB":[110,111,110,108,104,99,93,87,79,71,63,54,45,39],"ZT":[110,103,94,85,75,65,55,46,39,39,39,39,39,39,39,39,39,39,39,39,39,39,39,39,39,39,39,39,39,39,39,39,39,39,39,39,39,39,39,43,50,56,62,69,75],"COB":[110,112,113,113,112,111,110,109,108,108,107,107,108,109,110,112,114,117,120,123,127,132,137,142,147,153,159,164,170,175,180,185,190,194,199,203,206,210,213,216,219,221,223,225,226,227,228],"UAM":[110,111,110,107,103,97,91,83,75,66,56,46,39]},"COB":22.699,"IOB":3.356,"reason":"COB: 22.7, Dev: 3.1, BGI: -0.4, ISF: 4.0, CR: 4.5, Target: 4.5, minPredBG 5.1, minGuardBG 1.3, IOBpredBG 2.2, COBpredBG 12.7, UAMpredBG 2.2; minGuardBG 1.3<3.4 50m left and 0 ~ req 0U\/hr: no temp required","timestamp":"2023-12-20T03:07:06.184Z"}}