{"algorithm":"OpenAPSSMBPlugin","input":{"glucoseStatus":{"glucose":102,"noise":0,"delta":15,"short_avgdelta":12.89,"long_avgdelta":3.69,"date":1703066500993},"currenttemp":{"temp":"absolute","duration":59,"rate":0,"minutesrunning":1},"iob_data":[{"iob":3.062,"basaliob":-1.131,"bolussnooze":1.4837,"activity":0.0097,"lastBolusTime":1703066456515,"time":"2023-12-20T10:02:01.391Z","iobWithZeroTemp":{"iob":3.062,"basaliob":-1.131,"bolussnooze":1.4837,"activity":0.0097,"lastBolusTime":1703066456515,"time":"2023-12-20T10:02:01.391Z"}},{"iob":3.001,"basaliob":-1.065,"bolussnooze":1.4195,"activity":0.0146,"lastBolusTime":1703066456515,"time":"2023-12-20T10:07:01.391Z","iobWithZeroTemp":{"iob":2.941,"basaliob":-1.125,"bolussnooze":1.4195,"activity":0.0145,"lastBolusTime":1703066456515,"time":"2023-12-20T10:07:01.391Z"}},{"iob":2.918,"basaliob":-1,"bolussnooze":1.321,"activity":0.0184,"lastBolusTime":1703066456515,"time":"2023-12-20T10:12:01.391Z","iobWithZeroTemp":{"iob":2.784,"basaliob":-1.134,"bolussnooze":1.321,"activity":0.0181,"lastBolusTime":1703066456515,"time":"2023-12-20T10:12:01.391Z"}},{"iob":2.819,"basaliob":-0.937,"bolussnooze":1.2045,"activity":0.0211,"lastBolusTime":1703066456515,"time":"2023-12-20T10:17:01.391Z","iobWithZeroTemp":{"iob":2.612,"basaliob":-1.144,"bolussnooze":1.2045,"activity":0.0205,"lastBolusTime":1703066456515,"time":"2023-12-20T10:17:01.391Z"}},{"iob":2.707,"basaliob":-0.876,"bolussnooze":1.081,"activity":0.0232,"lastBolusTime":1703066456515,"time":"2023-12-20T10:22:01.391Z","iobWithZeroTemp":{"iob":2.429,"basaliob":-1.154,"bolussnooze":1.081,"activity":0.0222,"lastBolusTime":1703066456515,"time":"2023-12-20T10:22:01.391Z"}},{"iob":2.588,"basaliob":-0.817,"bolussnooze":0.958,"activity":0.0245,"lastBolusTime":1703066456515,"time":"2023-12-20T10:27:01.391Z","iobWithZeroTemp":{"iob":2.241,"basaliob":-1.164,"bolussnooze":0.958,"activity":0.023,"lastBolusTime":1703066456515,"time":"2023-12-20T10:27:01.391Z"}},{"iob":2.464,"basaliob":-0.76,"bolussnooze":0.8402,"activity":0.0254,"lastBolusTime":1703066456515,"time":"2023-12-20T10:32:01.391Z","iobWithZeroTemp":{"iob":2.051,"basaliob":-1.173,"bolussnooze":0.8402,"activity":0.0233,"lastBolusTime":1703066456515,"time":"2023-12-20T10:32:01.391Z"}},{"iob":2.336,"basaliob":-0.706,"bolussnooze":0.7305,"activity":0.0257,"lastBolusTime":1703066456515,"time":"2023-12-20T10:37:01.391Z","iobWithZeroTemp":{"iob":1.86,"basaliob":-1.182,"bolussnooze":0.7305,"activity":0.023,"lastBolusTime":1703066456515,"time":"2023-12-20T10:37:01.391Z"}},{"iob":2.207,"basaliob":-0.655,"bolussnooze":0.6304,"activity":0.0257,"lastBolusTime":1703066456515,"time":"2023-12-20T10:42:01.391Z","iobWithZeroTemp":{"iob":1.671,"basaliob":-1.191,"bolussnooze":0.6304,"activity":0.0224,"lastBolusTime":1703066456515,"time":"2023-12-20T10:42:01.391Z"}},{"iob":2.08,"basaliob":-0.606,"bolussnooze":0.5405,"activity":0.0254,"lastBolusTime":1703066456515,"time":"2023-12-20T10:47:01.391Z","iobWithZeroTemp":{"iob":1.487,"basaliob":-1.199,"bolussnooze":0.5405,"activity":0.0215,"lastBolusTime":1703066456515,"time":"2023-12-20T10:47:01.391Z"}},{"iob":1.953,"basaliob":-0.561,"bolussnooze":0.4608,"activity":0.0249,"lastBolusTime":1703066456515,"time":"2023-12-20T10:52:01.391Z","iobWithZeroTemp":{"iob":1.306,"basaliob":-1.208,"bolussnooze":0.4608,"activity":0.0204,"lastBolusTime":1703066456515,"time":"2023-12-20T10:52:01.391Z"}},{"iob":1.83,"basaliob":-0.518,"bolussnooze":0.3909,"activity":0.0243,"lastBolusTime":1703066456515,"time":"2023-12-20T10:57:01.391Z","iobWithZeroTemp":{"iob":1.132,"basaliob":-1.216,"bolussnooze":0.3909,"activity":0.0192,"lastBolusTime":1703066456515,"time":"2023-12-20T10:57:01.391Z"}},{"iob":1.711,"basaliob":-0.477,"bolussnooze":0.33,"activity":0.0234,"lastBolusTime":1703066456515,"time":"2023-12-20T11:02:01.391Z","iobWithZeroTemp":{"iob":0.965,"basaliob":-1.223,"bolussnooze":0.33,"activity":0.0176,"lastBolusTime":1703066456515,"time":"2023-12-20T11:02:01.391Z"}},{"iob":1.596,"basaliob":-0.44,"bolussnooze":0.2775,"activity":0.0225,"lastBolusTime":1703066456515,"time":"2023-12-20T11:07:01.391Z","iobWithZeroTemp":{"iob":0.814,"basaliob":-1.222,"bolussnooze":0.2775,"activity":0.0162,"lastBolusTime":1703066456515,"time":"2023-12-20T11:07:01.391Z"}},{"iob":1.487,"basaliob":-0.404,"bolussnooze":0.2324,"activity":0.0215,"lastBolusTime":1703066456515,"time":"2023-12-20T11:12:01.391Z","iobWithZeroTemp":{"iob":0.671,"basaliob":-1.22,"bolussnooze":0.2324,"activity":0.0146,"lastBolusTime":1703066456515,"time":"2023-12-20T11:12:01.391Z"}},{"iob":1.381,"basaliob":-0.372,"bolussnooze":0.194,"activity":0.0205,"lastBolusTime":1703066456515,"time":"2023-12-20T11:17:01.391Z","iobWithZeroTemp":{"iob":0.534,"basaliob":-1.219,"bolussnooze":0.194,"activity":0.0131,"lastBolusTime":1703066456515,"time":"2023-12-20T11:17:01.391Z"}},{"iob":1.281,"basaliob":-0.341,"bolussnooze":0.1613,"activity":0.0194,"lastBolusTime":1703066456515,"time":"2023-12-20T11:22:01.391Z","iobWithZeroTemp":{"iob":0.405,"basaliob":-1.217,"bolussnooze":0.1613,"activity":0.0115,"lastBolusTime":1703066456515,"time":"2023-12-20T11:22:01.391Z"}},{"iob":1.187,"basaliob":-0.313,"bolussnooze":0.1338,"activity":0.0183,"lastBolusTime":1703066456515,"time":"2023-12-20T11:27:01.391Z","iobWithZeroTemp":{"iob":0.285,"basaliob":-1.215,"bolussnooze":0.1338,"activity":0.01,"lastBolusTime":1703066456515,"time":"2023-12-20T11:27:01.391Z"}},{"iob":1.098,"basaliob":-0.286,"bolussnooze":0.1106,"activity":0.0173,"lastBolusTime":1703066456515,"time":"2023-12-20T11:32:01.391Z","iobWithZeroTemp":{"iob":0.172,"basaliob":-1.212,"bolussnooze":0.1106,"activity":0.0086,"lastBolusTime":1703066456515,"time":"2023-12-20T11:32:01.391Z"}},{"iob":1.014,"basaliob":-0.262,"bolussnooze":0.0911,"activity":0.0162,"lastBolusTime":1703066456515,"time":"2023-12-20T11:37:01.391Z","iobWithZeroTemp":{"iob":0.065,"basaliob":-1.211,"bolussnooze":0.0911,"activity":0.0071,"lastBolusTime":1703066456515,"time":"2023-12-20T11:37:01.391Z"}},{"iob":0.935,"basaliob":-0.24,"bolussnooze":0.0749,"activity":0.0152,"lastBolusTime":1703066456515,"time":"2023-12-20T11:42:01.391Z","iobWithZeroTemp":{"iob":-0.034,"basaliob":-1.209,"bolussnooze":0.0749,"activity":0.0057,"lastBolusTime":1703066456515,"time":"2023-12-20T11:42:01.391Z"}},{"iob":0.862,"basaliob":-0.219,"bolussnooze":0.0613,"activity":0.0142,"lastBolusTime":1703066456515,"time":"2023-12-20T11:47:01.391Z","iobWithZeroTemp":{"iob":-0.126,"basaliob":-1.207,"bolussnooze":0.0613,"activity":0.0044,"lastBolusTime":1703066456515,"time":"2023-12-20T11:47:01.391Z"}},{"iob":0.793,"basaliob":-0.2,"bolussnooze":0.0501,"activity":0.0133,"lastBolusTime":1703066456515,"time":"2023-12-20T11:52:01.391Z","iobWithZeroTemp":{"iob":-0.206,"basaliob":-1.199,"bolussnooze":0.0501,"activity":0.0033,"lastBolusTime":1703066456515,"time":"2023-12-20T11:52:01.391Z"}},{"iob":0.729,"basaliob":-0.182,"bolussnooze":0.0408,"activity":0.0124,"lastBolusTime":1703066456515,"time":"2023-12-20T11:57:01.391Z","iobWithZeroTemp":{"iob":-0.286,"basaliob":-1.197,"bolussnooze":0.0408,"activity":0.0021,"lastBolusTime":1703066456515,"time":"2023-12-20T11:57:01.391Z"}},{"iob":0.669,"basaliob":-0.166,"bolussnooze":0.0332,"activity":0.0115,"lastBolusTime":1703066456515,"time":"2023-12-20T12:02:01.391Z","iobWithZeroTemp":{"iob":-0.361,"basaliob":-1.196,"bolussnooze":0.0332,"activity":9.0E-4,"lastBolusTime":1703066456515,"time":"2023-12-20T12:02:01.391Z"}},{"iob":0.614,"basaliob":-0.151,"bolussnooze":0.0269,"activity":0.0106,"lastBolusTime":1703066456515,"time":"2023-12-20T12:07:01.391Z","iobWithZeroTemp":{"iob":-0.429,"basaliob":-1.194,"bolussnooze":0.0269,"activity":-2.0E-4,"lastBolusTime":1703066456515,"time":"2023-12-20T12:07:01.391Z"}},{"iob":0.563,"basaliob":-0.137,"bolussnooze":0.0217,"activity":0.0099,"lastBolusTime":1703066456515,"time":"2023-12-20T12:12:01.391Z","iobWithZeroTemp":{"iob":-0.492,"basaliob":-1.192,"bolussnooze":0.0217,"activity":-0.0011,"lastBolusTime":1703066456515,"time":"2023-12-20T12:12:01.391Z"}},{"iob":0.515,"basaliob":-0.125,"bolussnooze":0.0175,"activity":0.0091,"lastBolusTime":1703066456515,"time":"2023-12-20T12:17:01.391Z","iobWithZeroTemp":{"iob":-0.551,"basaliob":-1.191,"bolussnooze":0.0175,"activity":-0.0021,"lastBolusTime":1703066456515,"time":"2023-12-20T12:17:01.391Z"}},{"iob":0.471,"basaliob":-0.113,"bolussnooze":0.014,"activity":0.0084,"lastBolusTime":1703066456515,"time":"2023-12-20T12:22:01.391Z","iobWithZeroTemp":{"iob":-0.605,"basaliob":-1.189,"bolussnooze":0.014,"activity":-0.003,"lastBolusTime":1703066456515,"time":"2023-12-20T12:22:01.391Z"}},{"iob":0.43,"basaliob":-0.103,"bolussnooze":0.0112,"activity":0.0078,"lastBolusTime":1703066456515,"time":"2023-12-20T12:27:01.391Z","iobWithZeroTemp":{"iob":-0.655,"basaliob":-1.188,"bolussnooze":0.0112,"activity":-0.0038,"lastBolusTime":1703066456515,"time":"2023-12-20T12:27:01.391Z"}},{"iob":0.393,"basaliob":-0.093,"bolussnooze":0.009,"activity":0.0072,"lastBolusTime":1703066456515,"time":"2023-12-20T12:32:01.391Z","iobWithZeroTemp":{"iob":-0.701,"basaliob":-1.187,"bolussnooze":0.009,"activity":-0.0045,"lastBolusTime":1703066456515,"time":"2023-12-20T12:32:01.391Z"}},{"iob":0.358,"basaliob":-0.085,"bolussnooze":0.0071,"activity":0.0066,"lastBolusTime":1703066456515,"time":"2023-12-20T12:37:01.391Z","iobWithZeroTemp":{"iob":-0.743,"basaliob":-1.186,"bolussnooze":0.0071,"activity":-0.0053,"lastBolusTime":1703066456515,"time":"2023-12-20T12:37:01.391Z"}},{"iob":0.326,"basaliob":-0.077,"bolussnooze":0.0056,"activity":0.0061,"lastBolusTime":1703066456515,"time":"2023-12-20T12:42:01.391Z","iobWithZeroTemp":{"iob":-0.782,"basaliob":-1.185,"bolussnooze":0.0056,"activity":-0.0059,"lastBolusTime":1703066456515,"time":"2023-12-20T12:42:01.391Z"}},{"iob":0.298,"basaliob":-0.069,"bolussnooze":0.0044,"activity":0.0056,"lastBolusTime":1703066456515,"time":"2023-12-20T12:47:01.391Z","iobWithZeroTemp":{"iob":-0.816,"basaliob":-1.183,"bolussnooze":0.0044,"activity":-0.0065,"lastBolusTime":1703066456515,"time":"2023-12-20T12:47:01.391Z"}},{"iob":0.27,"basaliob":-0.063,"bolussnooze":0.0035,"activity":0.0051,"lastBolusTime":1703066456515,"time":"2023-12-20T12:52:01.391Z","iobWithZeroTemp":{"iob":-0.85,"basaliob":-1.183,"bolussnooze":0.0035,"activity":-0.0072,"lastBolusTime":1703066456515,"time":"2023-12-20T12:52:01.391Z"}},{"iob":0.246,"basaliob":-0.057,"bolussnooze":0.0027,"activity":0.0046,"lastBolusTime":1703066456515,"time":"2023-12-20T12:57:01.391Z","iobWithZeroTemp":{"iob":-0.879,"basaliob":-1.182,"bolussnooze":0.0027,"activity":-0.0078,"lastBolusTime":1703066456515,"time":"2023-12-20T12:57:01.391Z"}},{"iob":0.224,"basaliob":-0.051,"bolussnooze":0.0021,"activity":0.0043,"lastBolusTime":1703066456515,"time":"2023-12-20T13:02:01.391Z","iobWithZeroTemp":{"iob":-0.906,"basaliob":-1.181,"bolussnooze":0.0021,"activity":-0.0081,"lastBolusTime":1703066456515,"time":"2023-12-20T13:02:01.391Z"}},{"iob":0.203,"basaliob":-0.046,"bolussnooze":0.0016,"activity":0.0039,"lastBolusTime":1703066456515,"time":"2023-12-20T13:07:01.391Z","iobWithZeroTemp":{"iob":-0.923,"basaliob":-1.172,"bolussnooze":0.0016,"activity":-0.0086,"lastBolusTime":1703066456515,"time":"2023-12-20T13:07:01.391Z"}},{"iob":0.184,"basaliob":-0.042,"bolussnooze":0.0012,"activity":0.0036,"lastBolusTime":1703066456515,"time":"2023-12-20T13:12:01.391Z","iobWithZeroTemp":{"iob":-0.938,"basaliob":-1.164,"bolussnooze":0.0012,"activity":-0.009,"lastBolusTime":1703066456515,"time":"2023-12-20T13:12:01.391Z"}},{"iob":0.167,"basaliob":-0.037,"bolussnooze":9.0E-4,"activity":0.0033,"lastBolusTime":1703066456515,"time":"2023-12-20T13:17:01.391Z","iobWithZeroTemp":{"iob":-0.95,"basaliob":-1.154,"bolussnooze":9.0E-4,"activity":-0.0093,"lastBolusTime":1703066456515,"time":"2023-12-20T13:17:01.391Z"}},{"iob":0.151,"basaliob":-0.034,"bolussnooze":7.0E-4,"activity":0.003,"lastBolusTime":1703066456515,"time":"2023-12-20T13:22:01.391Z","iobWithZeroTemp":{"iob":-0.961,"basaliob":-1.146,"bolussnooze":7.0E-4,"activity":-0.0096,"lastBolusTime":1703066456515,"time":"2023-12-20T13:22:01.391Z"}},{"iob":0.137,"basaliob":-0.03,"bolussnooze":5.0E-4,"activity":0.0028,"lastBolusTime":1703066456515,"time":"2023-12-20T13:27:01.391Z","iobWithZeroTemp":{"iob":-0.971,"basaliob":-1.138,"bolussnooze":5.0E-4,"activity":-0.0098,"lastBolusTime":1703066456515,"time":"2023-12-20T13:27:01.391Z"}},{"iob":0.124,"basaliob":-0.027,"bolussnooze":4.0E-4,"activity":0.0025,"lastBolusTime":1703066456515,"time":"2023-12-20T13:32:01.391Z","iobWithZeroTemp":{"iob":-0.979,"basaliob":-1.13,"bolussnooze":4.0E-4,"activity":-0.0101,"lastBolusTime":1703066456515,"time":"2023-12-20T13:32:01.391Z"}},{"iob":0.111,"basaliob":-0.025,"bolussnooze":3.0E-4,"activity":0.0023,"lastBolusTime":1703066456515,"time":"2023-12-20T13:37:01.391Z","iobWithZeroTemp":{"iob":-0.987,"basaliob":-1.123,"bolussnooze":3.0E-4,"activity":-0.0103,"lastBolusTime":1703066456515,"time":"2023-12-20T13:37:01.391Z"}},{"iob":0.101,"basaliob":-0.022,"bolussnooze":2.0E-4,"activity":0.002,"lastBolusTime":1703066456515,"time":"2023-12-20T13:42:01.391Z","iobWithZeroTemp":{"iob":-0.993,"basaliob":-1.116,"bolussnooze":2.0E-4,"activity":-0.0106,"lastBolusTime":1703066456515,"time":"2023-12-20T13:42:01.391Z"}},{"iob":0.091,"basaliob":-0.02,"bolussnooze":1.0E-4,"activity":0.0019,"lastBolusTime":1703066456515,"time":"2023-12-20T13:47:01.391Z","iobWithZeroTemp":{"iob":-0.999,"basaliob":-1.11,"bolussnooze":1.0E-4,"activity":-0.0106,"lastBolusTime":1703066456515,"time":"2023-12-20T13:47:01.391Z"}},{"iob":0.082,"basaliob":-0.018,"bolussnooze":1.0E-4,"activity":0.0017,"lastBolusTime":1703066456515,"time":"2023-12-20T13:52:01.391Z","iobWithZeroTemp":{"iob":-1.003,"basaliob":-1.103,"bolussnooze":1.0E-4,"activity":-0.0108,"lastBolusTime":1703066456515,"time":"2023-12-20T13:52:01.391Z"}},{"iob":0.074,"basaliob":-0.016,"bolussnooze":1.0E-4,"activity":0.0015,"lastBolusTime":1703066456515,"time":"2023-12-20T13:57:01.391Z","iobWithZeroTemp":{"iob":-1.007,"basaliob":-1.097,"bolussnooze":1.0E-4,"activity":-0.011,"lastBolusTime":1703066456515,"time":"2023-12-20T13:57:01.391Z"}}],"profile":{"max_iob":20,"type":"current","max_daily_basal":1.6,"max_basal":3.6,"min_bg":81,"max_bg":81,"target_bg":81,"carb_ratio":6,"sens":81,"max_daily_safety_multiplier":3,"current_basal_safety_multiplier":4,"high_temptarget_raises_sensitivity":false,"low_temptarget_lowers_sensitivity":false,"sensitivity_raises_target":false,"resistance_lowers_target":false,"adv_target_adjustments":false,"exercise_mode":false,"half_basal_exercise_target":160,"maxCOB":120,"skip_neutral_temps":false,"remainingCarbsCap":90,"enableUAM":true,"A52_risk_enable":false,"SMBInterval":3,"enableSMB_with_COB":false,"enableSMB_with_temptarget":false,"allowSMB_with_high_temptarget":true,"enableSMB_always":true,"enableSMB_after_carbs":false,"maxSMBBasalMinutes":120,"maxUAMSMBBasalMinutes":120,"bolus_increment":0.05,"carbsReqThreshold":1,"current_basal":0.9,"temptargetSet":true,"autosens_max":1.8,"out_units":"mmol\/L"},"autosens_data":{"ratio":1},"meal_data":{"carbs":50,"mealCOB":23.427074074074092,"slopeFromMaxDeviation":0,"slopeFromMinDeviation":3.9654999999999996,"lastBolusTime":1703066456515,"lastCarbTime":1703065246000},"microBolusAllowed":true,"currentTime":1703066522245,"flatBGsDetected":false},"output":{"temp":"absolute","bg":102,"tick":"+15","eventualBG":167,"targetBG":81,"insulinReq":0,"deliverAt":"2023-12-20T10:02:02.245Z","sensitivityRatio":1,"predBGs":{"IOB":[102,113,122,127,129,130,128,125,120,114,106,98,88,78,69,61,52,44,39],"ZT":[102,98,92,85,77,68,58,49,40,39,39,39,39,39,39,39,39,39,39,39,39,39,39,39,39,39,39,39,39,39,39,39,39,39,39,39,39,39,39,39,39,39,39,39,39,39,39,39],"COB":[102,114,124,132,139,144,148,152,154,157,159,161,162,164,165,167,168,169,171,172,173,175,176,177,178,179,180,181,181,182,182,182,182,182,181,180,179,177,176,174,173,172,171,170,169,168,167],"UAM":[102,114,122,127,130,131,130,127,123,117,111,103,94,84,75,67,58,50,43,39]},"COB":23.427074074074092,"IOB":3.062,"reason":"COB: 23.4, Dev: 5.6, BGI: -0.2, ISF: 4.5, CR: 6, Target: 4.5, minPredBG 3.1, minGuardBG 1.7, IOBpredBG 2.2, COBpredBG 9.3, UAMpredBG 2.2; minGuardBG 1.7<3.4 59m left and 0 ~ req 0U\/hr: no temp required","timestamp":"2023-12-20T10:02:02.314Z"}}