{"algorithm":"OpenAPSSMBPlugin","input":{"glucoseStatus":{"glucose":136,"noise":0,"delta":3,"short_avgdelta":3.78,"long_avgdelta":4.71,"date":1703132503980},"currenttemp":{"temp":"absolute","duration":90,"rate":0,"minutesrunning":30},"iob_data":[{"iob":5.88,"basaliob":-1.438,"bolussnooze":3.9231,"activity":0.0539,"lastBolusTime":1703132270873,"time":"2023-12-21T04:22:03.973Z","iobWithZeroTemp":{"iob":5.88,"basaliob":-1.438,"bolussnooze":3.9231,"activity":0.0539,"lastBolusTime":1703132270873,"time":"2023-12-21T04:22:03.973Z"}},{"iob":5.604,"basaliob":-1.36,"bolussnooze":3.4907,"activity":0.0561,"lastBolusTime":1703132270873,"time":"2023-12-21T04:27:03.973Z","iobWithZeroTemp":{"iob":5.517,"basaliob":-1.447,"bolussnooze":3.4907,"activity":0.056,"lastBolusTime":1703132270873,"time":"2023-12-21T04:27:03.973Z"}},{"iob":5.321,"basaliob":-1.282,"bolussnooze":3.0716,"activity":0.0573,"lastBolusTime":1703132270873,"time":"2023-12-21T04:32:03.973Z","iobWithZeroTemp":{"iob":5.127,"basaliob":-1.476,"bolussnooze":3.0716,"activity":0.0569,"lastBolusTime":1703132270873,"time":"2023-12-21T04:32:03.973Z"}},{"iob":5.033,"basaliob":-1.205,"bolussnooze":2.6779,"activity":0.0576,"lastBolusTime":1703132270873,"time":"2023-12-21T04:37:03.973Z","iobWithZeroTemp":{"iob":4.734,"basaliob":-1.504,"bolussnooze":2.6779,"activity":0.0567,"lastBolusTime":1703132270873,"time":"2023-12-21T04:37:03.973Z"}},{"iob":4.746,"basaliob":-1.13,"bolussnooze":2.3163,"activity":0.0571,"lastBolusTime":1703132270873,"time":"2023-12-21T04:42:03.973Z","iobWithZeroTemp":{"iob":4.344,"basaliob":-1.532,"bolussnooze":2.3163,"activity":0.0556,"lastBolusTime":1703132270873,"time":"2023-12-21T04:42:03.973Z"}},{"iob":4.463,"basaliob":-1.057,"bolussnooze":1.99,"activity":0.0561,"lastBolusTime":1703132270873,"time":"2023-12-21T04:47:03.973Z","iobWithZeroTemp":{"iob":3.962,"basaliob":-1.558,"bolussnooze":1.99,"activity":0.0539,"lastBolusTime":1703132270873,"time":"2023-12-21T04:47:03.973Z"}},{"iob":4.186,"basaliob":-0.986,"bolussnooze":1.6995,"activity":0.0548,"lastBolusTime":1703132270873,"time":"2023-12-21T04:52:03.973Z","iobWithZeroTemp":{"iob":3.59,"basaliob":-1.582,"bolussnooze":1.6995,"activity":0.0518,"lastBolusTime":1703132270873,"time":"2023-12-21T04:52:03.973Z"}},{"iob":3.915,"basaliob":-0.919,"bolussnooze":1.4438,"activity":0.0531,"lastBolusTime":1703132270873,"time":"2023-12-21T04:57:03.973Z","iobWithZeroTemp":{"iob":3.228,"basaliob":-1.606,"bolussnooze":1.4438,"activity":0.0492,"lastBolusTime":1703132270873,"time":"2023-12-21T04:57:03.973Z"}},{"iob":3.656,"basaliob":-0.854,"bolussnooze":1.2207,"activity":0.051,"lastBolusTime":1703132270873,"time":"2023-12-21T05:02:03.973Z","iobWithZeroTemp":{"iob":2.882,"basaliob":-1.628,"bolussnooze":1.2207,"activity":0.0463,"lastBolusTime":1703132270873,"time":"2023-12-21T05:02:03.973Z"}},{"iob":3.406,"basaliob":-0.792,"bolussnooze":1.0276,"activity":0.0488,"lastBolusTime":1703132270873,"time":"2023-12-21T05:07:03.973Z","iobWithZeroTemp":{"iob":2.549,"basaliob":-1.649,"bolussnooze":1.0276,"activity":0.0432,"lastBolusTime":1703132270873,"time":"2023-12-21T05:07:03.973Z"}},{"iob":3.167,"basaliob":-0.734,"bolussnooze":0.8616,"activity":0.0466,"lastBolusTime":1703132270873,"time":"2023-12-21T05:12:03.973Z","iobWithZeroTemp":{"iob":2.232,"basaliob":-1.669,"bolussnooze":0.8616,"activity":0.0401,"lastBolusTime":1703132270873,"time":"2023-12-21T05:12:03.973Z"}},{"iob":2.94,"basaliob":-0.679,"bolussnooze":0.7197,"activity":0.0442,"lastBolusTime":1703132270873,"time":"2023-12-21T05:17:03.973Z","iobWithZeroTemp":{"iob":1.932,"basaliob":-1.687,"bolussnooze":0.7197,"activity":0.0368,"lastBolusTime":1703132270873,"time":"2023-12-21T05:17:03.973Z"}},{"iob":2.725,"basaliob":-0.627,"bolussnooze":0.5991,"activity":0.0419,"lastBolusTime":1703132270873,"time":"2023-12-21T05:22:03.973Z","iobWithZeroTemp":{"iob":1.648,"basaliob":-1.704,"bolussnooze":0.5991,"activity":0.0336,"lastBolusTime":1703132270873,"time":"2023-12-21T05:22:03.973Z"}},{"iob":2.521,"basaliob":-0.579,"bolussnooze":0.4971,"activity":0.0395,"lastBolusTime":1703132270873,"time":"2023-12-21T05:27:03.973Z","iobWithZeroTemp":{"iob":1.379,"basaliob":-1.721,"bolussnooze":0.4971,"activity":0.0303,"lastBolusTime":1703132270873,"time":"2023-12-21T05:27:03.973Z"}},{"iob":2.33,"basaliob":-0.533,"bolussnooze":0.4112,"activity":0.0371,"lastBolusTime":1703132270873,"time":"2023-12-21T05:32:03.973Z","iobWithZeroTemp":{"iob":1.128,"basaliob":-1.735,"bolussnooze":0.4112,"activity":0.0271,"lastBolusTime":1703132270873,"time":"2023-12-21T05:32:03.973Z"}},{"iob":2.15,"basaliob":-0.491,"bolussnooze":0.339,"activity":0.0348,"lastBolusTime":1703132270873,"time":"2023-12-21T05:37:03.973Z","iobWithZeroTemp":{"iob":0.891,"basaliob":-1.75,"bolussnooze":0.339,"activity":0.024,"lastBolusTime":1703132270873,"time":"2023-12-21T05:37:03.973Z"}},{"iob":1.982,"basaliob":-0.451,"bolussnooze":0.2788,"activity":0.0325,"lastBolusTime":1703132270873,"time":"2023-12-21T05:42:03.973Z","iobWithZeroTemp":{"iob":0.671,"basaliob":-1.762,"bolussnooze":0.2788,"activity":0.021,"lastBolusTime":1703132270873,"time":"2023-12-21T05:42:03.973Z"}},{"iob":1.824,"basaliob":-0.414,"bolussnooze":0.2285,"activity":0.0304,"lastBolusTime":1703132270873,"time":"2023-12-21T05:47:03.973Z","iobWithZeroTemp":{"iob":0.464,"basaliob":-1.774,"bolussnooze":0.2285,"activity":0.0181,"lastBolusTime":1703132270873,"time":"2023-12-21T05:47:03.973Z"}},{"iob":1.677,"basaliob":-0.38,"bolussnooze":0.1868,"activity":0.0284,"lastBolusTime":1703132270873,"time":"2023-12-21T05:52:03.973Z","iobWithZeroTemp":{"iob":0.271,"basaliob":-1.786,"bolussnooze":0.1868,"activity":0.0155,"lastBolusTime":1703132270873,"time":"2023-12-21T05:52:03.973Z"}},{"iob":1.541,"basaliob":-0.348,"bolussnooze":0.1523,"activity":0.0264,"lastBolusTime":1703132270873,"time":"2023-12-21T05:57:03.973Z","iobWithZeroTemp":{"iob":0.093,"basaliob":-1.796,"bolussnooze":0.1523,"activity":0.0128,"lastBolusTime":1703132270873,"time":"2023-12-21T05:57:03.973Z"}},{"iob":1.414,"basaliob":-0.318,"bolussnooze":0.1238,"activity":0.0245,"lastBolusTime":1703132270873,"time":"2023-12-21T06:02:03.973Z","iobWithZeroTemp":{"iob":-0.073,"basaliob":-1.805,"bolussnooze":0.1238,"activity":0.0103,"lastBolusTime":1703132270873,"time":"2023-12-21T06:02:03.973Z"}},{"iob":1.296,"basaliob":-0.291,"bolussnooze":0.1003,"activity":0.0227,"lastBolusTime":1703132270873,"time":"2023-12-21T06:07:03.973Z","iobWithZeroTemp":{"iob":-0.223,"basaliob":-1.81,"bolussnooze":0.1003,"activity":0.0079,"lastBolusTime":1703132270873,"time":"2023-12-21T06:07:03.973Z"}},{"iob":1.186,"basaliob":-0.266,"bolussnooze":0.0811,"activity":0.021,"lastBolusTime":1703132270873,"time":"2023-12-21T06:12:03.973Z","iobWithZeroTemp":{"iob":-0.362,"basaliob":-1.814,"bolussnooze":0.0811,"activity":0.0057,"lastBolusTime":1703132270873,"time":"2023-12-21T06:12:03.973Z"}},{"iob":1.085,"basaliob":-0.243,"bolussnooze":0.0653,"activity":0.0194,"lastBolusTime":1703132270873,"time":"2023-12-21T06:17:03.973Z","iobWithZeroTemp":{"iob":-0.489,"basaliob":-1.817,"bolussnooze":0.0653,"activity":0.0036,"lastBolusTime":1703132270873,"time":"2023-12-21T06:17:03.973Z"}},{"iob":0.991,"basaliob":-0.222,"bolussnooze":0.0525,"activity":0.0179,"lastBolusTime":1703132270873,"time":"2023-12-21T06:22:03.973Z","iobWithZeroTemp":{"iob":-0.607,"basaliob":-1.82,"bolussnooze":0.0525,"activity":0.0017,"lastBolusTime":1703132270873,"time":"2023-12-21T06:22:03.973Z"}},{"iob":0.906,"basaliob":-0.202,"bolussnooze":0.042,"activity":0.0165,"lastBolusTime":1703132270873,"time":"2023-12-21T06:27:03.973Z","iobWithZeroTemp":{"iob":-0.715,"basaliob":-1.823,"bolussnooze":0.042,"activity":-1.0E-4,"lastBolusTime":1703132270873,"time":"2023-12-21T06:27:03.973Z"}},{"iob":0.826,"basaliob":-0.184,"bolussnooze":0.0335,"activity":0.0152,"lastBolusTime":1703132270873,"time":"2023-12-21T06:32:03.973Z","iobWithZeroTemp":{"iob":-0.815,"basaliob":-1.825,"bolussnooze":0.0335,"activity":-0.0018,"lastBolusTime":1703132270873,"time":"2023-12-21T06:32:03.973Z"}},{"iob":0.754,"basaliob":-0.167,"bolussnooze":0.0267,"activity":0.014,"lastBolusTime":1703132270873,"time":"2023-12-21T06:37:03.973Z","iobWithZeroTemp":{"iob":-0.905,"basaliob":-1.826,"bolussnooze":0.0267,"activity":-0.0034,"lastBolusTime":1703132270873,"time":"2023-12-21T06:37:03.973Z"}},{"iob":0.686,"basaliob":-0.152,"bolussnooze":0.0211,"activity":0.0129,"lastBolusTime":1703132270873,"time":"2023-12-21T06:42:03.973Z","iobWithZeroTemp":{"iob":-0.99,"basaliob":-1.828,"bolussnooze":0.0211,"activity":-0.0048,"lastBolusTime":1703132270873,"time":"2023-12-21T06:42:03.973Z"}},{"iob":0.625,"basaliob":-0.138,"bolussnooze":0.0166,"activity":0.0118,"lastBolusTime":1703132270873,"time":"2023-12-21T06:47:03.973Z","iobWithZeroTemp":{"iob":-1.066,"basaliob":-1.829,"bolussnooze":0.0166,"activity":-0.0062,"lastBolusTime":1703132270873,"time":"2023-12-21T06:47:03.973Z"}},{"iob":0.569,"basaliob":-0.125,"bolussnooze":0.0131,"activity":0.0109,"lastBolusTime":1703132270873,"time":"2023-12-21T06:52:03.973Z","iobWithZeroTemp":{"iob":-1.136,"basaliob":-1.83,"bolussnooze":0.0131,"activity":-0.0073,"lastBolusTime":1703132270873,"time":"2023-12-21T06:52:03.973Z"}},{"iob":0.516,"basaliob":-0.114,"bolussnooze":0.0102,"activity":0.0099,"lastBolusTime":1703132270873,"time":"2023-12-21T06:57:03.973Z","iobWithZeroTemp":{"iob":-1.201,"basaliob":-1.831,"bolussnooze":0.0102,"activity":-0.0086,"lastBolusTime":1703132270873,"time":"2023-12-21T06:57:03.973Z"}},{"iob":0.469,"basaliob":-0.103,"bolussnooze":0.0079,"activity":0.0091,"lastBolusTime":1703132270873,"time":"2023-12-21T07:02:03.973Z","iobWithZeroTemp":{"iob":-1.259,"basaliob":-1.831,"bolussnooze":0.0079,"activity":-0.0096,"lastBolusTime":1703132270873,"time":"2023-12-21T07:02:03.973Z"}},{"iob":0.426,"basaliob":-0.093,"bolussnooze":0.0061,"activity":0.0083,"lastBolusTime":1703132270873,"time":"2023-12-21T07:07:03.973Z","iobWithZeroTemp":{"iob":-1.309,"basaliob":-1.828,"bolussnooze":0.0061,"activity":-0.0106,"lastBolusTime":1703132270873,"time":"2023-12-21T07:07:03.973Z"}},{"iob":0.386,"basaliob":-0.084,"bolussnooze":0.0047,"activity":0.0076,"lastBolusTime":1703132270873,"time":"2023-12-21T07:12:03.973Z","iobWithZeroTemp":{"iob":-1.352,"basaliob":-1.822,"bolussnooze":0.0047,"activity":-0.0114,"lastBolusTime":1703132270873,"time":"2023-12-21T07:12:03.973Z"}},{"iob":0.35,"basaliob":-0.076,"bolussnooze":0.0036,"activity":0.007,"lastBolusTime":1703132270873,"time":"2023-12-21T07:17:03.973Z","iobWithZeroTemp":{"iob":-1.392,"basaliob":-1.818,"bolussnooze":0.0036,"activity":-0.0122,"lastBolusTime":1703132270873,"time":"2023-12-21T07:17:03.973Z"}},{"iob":0.317,"basaliob":-0.069,"bolussnooze":0.0027,"activity":0.0063,"lastBolusTime":1703132270873,"time":"2023-12-21T07:22:03.973Z","iobWithZeroTemp":{"iob":-1.429,"basaliob":-1.815,"bolussnooze":0.0027,"activity":-0.013,"lastBolusTime":1703132270873,"time":"2023-12-21T07:22:03.973Z"}},{"iob":0.287,"basaliob":-0.062,"bolussnooze":0.002,"activity":0.0057,"lastBolusTime":1703132270873,"time":"2023-12-21T07:27:03.973Z","iobWithZeroTemp":{"iob":-1.462,"basaliob":-1.811,"bolussnooze":0.002,"activity":-0.0137,"lastBolusTime":1703132270873,"time":"2023-12-21T07:27:03.973Z"}},{"iob":0.259,"basaliob":-0.056,"bolussnooze":0.0015,"activity":0.0052,"lastBolusTime":1703132270873,"time":"2023-12-21T07:32:03.973Z","iobWithZeroTemp":{"iob":-1.493,"basaliob":-1.808,"bolussnooze":0.0015,"activity":-0.0143,"lastBolusTime":1703132270873,"time":"2023-12-21T07:32:03.973Z"}},{"iob":0.234,"basaliob":-0.051,"bolussnooze":0.0011,"activity":0.0047,"lastBolusTime":1703132270873,"time":"2023-12-21T07:37:03.973Z","iobWithZeroTemp":{"iob":-1.52,"basaliob":-1.805,"bolussnooze":0.0011,"activity":-0.0149,"lastBolusTime":1703132270873,"time":"2023-12-21T07:37:03.973Z"}},{"iob":0.211,"basaliob":-0.046,"bolussnooze":8.0E-4,"activity":0.0043,"lastBolusTime":1703132270873,"time":"2023-12-21T07:42:03.973Z","iobWithZeroTemp":{"iob":-1.545,"basaliob":-1.802,"bolussnooze":8.0E-4,"activity":-0.0154,"lastBolusTime":1703132270873,"time":"2023-12-21T07:42:03.973Z"}},{"iob":0.191,"basaliob":-0.041,"bolussnooze":6.0E-4,"activity":0.0039,"lastBolusTime":1703132270873,"time":"2023-12-21T07:47:03.973Z","iobWithZeroTemp":{"iob":-1.567,"basaliob":-1.799,"bolussnooze":6.0E-4,"activity":-0.0158,"lastBolusTime":1703132270873,"time":"2023-12-21T07:47:03.973Z"}},{"iob":0.172,"basaliob":-0.037,"bolussnooze":4.0E-4,"activity":0.0036,"lastBolusTime":1703132270873,"time":"2023-12-21T07:52:03.973Z","iobWithZeroTemp":{"iob":-1.587,"basaliob":-1.796,"bolussnooze":4.0E-4,"activity":-0.0162,"lastBolusTime":1703132270873,"time":"2023-12-21T07:52:03.973Z"}},{"iob":0.155,"basaliob":-0.033,"bolussnooze":3.0E-4,"activity":0.0033,"lastBolusTime":1703132270873,"time":"2023-12-21T07:57:03.973Z","iobWithZeroTemp":{"iob":-1.605,"basaliob":-1.793,"bolussnooze":3.0E-4,"activity":-0.0165,"lastBolusTime":1703132270873,"time":"2023-12-21T07:57:03.973Z"}},{"iob":0.139,"basaliob":-0.03,"bolussnooze":2.0E-4,"activity":0.003,"lastBolusTime":1703132270873,"time":"2023-12-21T08:02:03.973Z","iobWithZeroTemp":{"iob":-1.622,"basaliob":-1.791,"bolussnooze":2.0E-4,"activity":-0.0169,"lastBolusTime":1703132270873,"time":"2023-12-21T08:02:03.973Z"}},{"iob":0.125,"basaliob":-0.027,"bolussnooze":1.0E-4,"activity":0.0026,"lastBolusTime":1703132270873,"time":"2023-12-21T08:07:03.973Z","iobWithZeroTemp":{"iob":-1.628,"basaliob":-1.78,"bolussnooze":1.0E-4,"activity":-0.0173,"lastBolusTime":1703132270873,"time":"2023-12-21T08:07:03.973Z"}},{"iob":0.113,"basaliob":-0.024,"bolussnooze":1.0E-4,"activity":0.0024,"lastBolusTime":1703132270873,"time":"2023-12-21T08:12:03.973Z","iobWithZeroTemp":{"iob":-1.633,"basaliob":-1.77,"bolussnooze":1.0E-4,"activity":-0.0175,"lastBolusTime":1703132270873,"time":"2023-12-21T08:12:03.973Z"}},{"iob":0.101,"basaliob":-0.022,"bolussnooze":0,"activity":0.0022,"lastBolusTime":1703132270873,"time":"2023-12-21T08:17:03.973Z","iobWithZeroTemp":{"iob":-1.637,"basaliob":-1.76,"bolussnooze":0,"activity":-0.0177,"lastBolusTime":1703132270873,"time":"2023-12-21T08:17:03.973Z"}}],"profile":{"max_iob":20,"type":"current","max_daily_basal":1.6,"max_basal":4.8,"min_bg":81,"max_bg":81,"target_bg":81,"carb_ratio":5.5,"sens":72,"max_daily_safety_multiplier":3,"current_basal_safety_multiplier":4,"high_temptarget_raises_sensitivity":false,"low_temptarget_lowers_sensitivity":false,"sensitivity_raises_target":false,"resistance_lowers_target":false,"adv_target_adjustments":false,"exercise_mode":false,"half_basal_exercise_target":160,"maxCOB":120,"skip_neutral_temps":false,"remainingCarbsCap":90,"enableUAM":true,"A52_risk_enable":false,"SMBInterval":3,"enableSMB_with_COB":false,"enableSMB_with_temptarget":false,"allowSMB_with_high_temptarget":true,"enableSMB_always":true,"enableSMB_after_carbs":false,"maxSMBBasalMinutes":120,"maxUAMSMBBasalMinutes":120,"bolus_increment":0.05,"carbsReqThreshold":1,"current_basal":1.3,"temptargetSet":true,"autosens_max":1.8,"out_units":"mmol\/L"},"autosens_data":{"ratio":1},"meal_data":{"carbs":20,"mealCOB":6.418055555555558,"slopeFromMaxDeviation":0,"slopeFromMinDeviation":2.2571818181818184,"lastBolusTime":1703132270873,"lastCarbTime":1703127724000},"microBolusAllowed":true,"currentTime":1703132526036,"flatBGsDetected":false},"output":{"temp":"absolute","bg":136,"tick":"+3","eventualBG":39,"targetBG":81,"insulinReq":0,"deliverAt":"2023-12-21T04:22:06.036Z","sensitivityRatio":1,"predBGs":{"IOB":[136,137,136,132,126,118,109,99,87,75,61,46,39],"ZT":[136,117,96,76,56,39,39,39,39,39,39,39,39,39,39,39,39,39,39,39,39,39,39,39,39,39,39,39,39,39,39,39,39,39,39,39,39,39,39,39,39,39,39,39,39,39,39,39],"COB":[136,136,132,125,115,102,86,68,49,39,39,39,39],"UAM":[136,138,139,138,137,135,133,130,128,125,122,119,117,114,112,110,108,105,103,101,99,97,94,92,89,86,83,80,76,72,68,64,60,57,54,51,49,47,45,43,41,39]},"COB":6.418055555555558,"IOB":5.88,"reason":"COB: 6.4, Dev: 7.4, BGI: -1.1, ISF: 4.0, CR: 5.5, Target: 4.5, minPredBG -2.7, minGuardBG -2.7, IOBpredBG 2.2, COBpredBG 2.2, UAMpredBG 2.2; 20 add'l carbs req w\/in 40m; minGuardBG -2.7<3.4 90m left and 0 ~ req 0U\/hr: no temp required","carbsReq":20,"carbsReqWithin":40,"timestamp":"2023-12-21T04:22:06.179Z"}}