{"algorithm":"OpenAPSSMBPlugin","input":{"glucoseStatus":{"glucose":39,"noise":0,"delta":-3,"short_avgdelta":-4.5,"long_avgdelta":-4.46,"date":1703073701683},"currenttemp":{"temp":"absolute","duration":65,"rate":0,"minutesrunning":55},"iob_data":[{"iob":0.447,"basaliob":-1.205,"bolussnooze":0.1386,"activity":0.0142,"lastBolusTime":1703067675204,"time":"2023-12-20T12:02:02.936Z","iobWithZeroTemp":{"iob":0.447,"basaliob":-1.205,"bolussnooze":0.1386,"activity":0.0142,"lastBolusTime":1703067675204,"time":"2023-12-20T12:02:02.936Z"}},{"iob":0.381,"basaliob":-1.136,"bolussnooze":0.1129,"activity":0.0124,"lastBolusTime":1703067675204,"time":"2023-12-20T12:07:02.936Z","iobWithZeroTemp":{"iob":0.328,"basaliob":-1.189,"bolussnooze":0.1129,"activity":0.0123,"lastBolusTime":1703067675204,"time":"2023-12-20T12:07:02.936Z"}},{"iob":0.323,"basaliob":-1.068,"bolussnooze":0.0917,"activity":0.0107,"lastBolusTime":1703067675204,"time":"2023-12-20T12:12:02.936Z","iobWithZeroTemp":{"iob":0.204,"basaliob":-1.187,"bolussnooze":0.0917,"activity":0.0105,"lastBolusTime":1703067675204,"time":"2023-12-20T12:12:02.936Z"}},{"iob":0.274,"basaliob":-1.001,"bolussnooze":0.0743,"activity":0.0093,"lastBolusTime":1703067675204,"time":"2023-12-20T12:17:02.936Z","iobWithZeroTemp":{"iob":0.09,"basaliob":-1.185,"bolussnooze":0.0743,"activity":0.0088,"lastBolusTime":1703067675204,"time":"2023-12-20T12:17:02.936Z"}},{"iob":0.23,"basaliob":-0.937,"bolussnooze":0.06,"activity":0.008,"lastBolusTime":1703067675204,"time":"2023-12-20T12:22:02.936Z","iobWithZeroTemp":{"iob":-0.017,"basaliob":-1.184,"bolussnooze":0.06,"activity":0.0071,"lastBolusTime":1703067675204,"time":"2023-12-20T12:22:02.936Z"}},{"iob":0.193,"basaliob":-0.874,"bolussnooze":0.0483,"activity":0.007,"lastBolusTime":1703067675204,"time":"2023-12-20T12:27:02.936Z","iobWithZeroTemp":{"iob":-0.115,"basaliob":-1.182,"bolussnooze":0.0483,"activity":0.0056,"lastBolusTime":1703067675204,"time":"2023-12-20T12:27:02.936Z"}},{"iob":0.16,"basaliob":-0.815,"bolussnooze":0.0388,"activity":0.006,"lastBolusTime":1703067675204,"time":"2023-12-20T12:32:02.936Z","iobWithZeroTemp":{"iob":-0.207,"basaliob":-1.182,"bolussnooze":0.0388,"activity":0.0041,"lastBolusTime":1703067675204,"time":"2023-12-20T12:32:02.936Z"}},{"iob":0.133,"basaliob":-0.757,"bolussnooze":0.031,"activity":0.0051,"lastBolusTime":1703067675204,"time":"2023-12-20T12:37:02.936Z","iobWithZeroTemp":{"iob":-0.29,"basaliob":-1.18,"bolussnooze":0.031,"activity":0.0027,"lastBolusTime":1703067675204,"time":"2023-12-20T12:37:02.936Z"}},{"iob":0.109,"basaliob":-0.703,"bolussnooze":0.0247,"activity":0.0044,"lastBolusTime":1703067675204,"time":"2023-12-20T12:42:02.936Z","iobWithZeroTemp":{"iob":-0.368,"basaliob":-1.18,"bolussnooze":0.0247,"activity":0.0015,"lastBolusTime":1703067675204,"time":"2023-12-20T12:42:02.936Z"}},{"iob":0.089,"basaliob":-0.651,"bolussnooze":0.0197,"activity":0.0038,"lastBolusTime":1703067675204,"time":"2023-12-20T12:47:02.936Z","iobWithZeroTemp":{"iob":-0.438,"basaliob":-1.178,"bolussnooze":0.0197,"activity":3.0E-4,"lastBolusTime":1703067675204,"time":"2023-12-20T12:47:02.936Z"}},{"iob":0.071,"basaliob":-0.603,"bolussnooze":0.0155,"activity":0.0032,"lastBolusTime":1703067675204,"time":"2023-12-20T12:52:02.936Z","iobWithZeroTemp":{"iob":-0.504,"basaliob":-1.178,"bolussnooze":0.0155,"activity":-8.0E-4,"lastBolusTime":1703067675204,"time":"2023-12-20T12:52:02.936Z"}},{"iob":0.056,"basaliob":-0.557,"bolussnooze":0.0123,"activity":0.0027,"lastBolusTime":1703067675204,"time":"2023-12-20T12:57:02.936Z","iobWithZeroTemp":{"iob":-0.564,"basaliob":-1.177,"bolussnooze":0.0123,"activity":-0.0019,"lastBolusTime":1703067675204,"time":"2023-12-20T12:57:02.936Z"}},{"iob":0.043,"basaliob":-0.514,"bolussnooze":0.0096,"activity":0.0024,"lastBolusTime":1703067675204,"time":"2023-12-20T13:02:02.936Z","iobWithZeroTemp":{"iob":-0.62,"basaliob":-1.177,"bolussnooze":0.0096,"activity":-0.0027,"lastBolusTime":1703067675204,"time":"2023-12-20T13:02:02.936Z"}},{"iob":0.034,"basaliob":-0.473,"bolussnooze":0.0075,"activity":0.002,"lastBolusTime":1703067675204,"time":"2023-12-20T13:07:02.936Z","iobWithZeroTemp":{"iob":-0.661,"basaliob":-1.168,"bolussnooze":0.0075,"activity":-0.0036,"lastBolusTime":1703067675204,"time":"2023-12-20T13:07:02.936Z"}},{"iob":0.024,"basaliob":-0.436,"bolussnooze":0.0058,"activity":0.0016,"lastBolusTime":1703067675204,"time":"2023-12-20T13:12:02.936Z","iobWithZeroTemp":{"iob":-0.7,"basaliob":-1.16,"bolussnooze":0.0058,"activity":-0.0045,"lastBolusTime":1703067675204,"time":"2023-12-20T13:12:02.936Z"}},{"iob":0.017,"basaliob":-0.4,"bolussnooze":0.0045,"activity":0.0014,"lastBolusTime":1703067675204,"time":"2023-12-20T13:17:02.936Z","iobWithZeroTemp":{"iob":-0.733,"basaliob":-1.15,"bolussnooze":0.0045,"activity":-0.0052,"lastBolusTime":1703067675204,"time":"2023-12-20T13:17:02.936Z"}},{"iob":0.01,"basaliob":-0.368,"bolussnooze":0.0034,"activity":0.0011,"lastBolusTime":1703067675204,"time":"2023-12-20T13:22:02.936Z","iobWithZeroTemp":{"iob":-0.765,"basaliob":-1.143,"bolussnooze":0.0034,"activity":-0.0059,"lastBolusTime":1703067675204,"time":"2023-12-20T13:22:02.936Z"}},{"iob":0.006,"basaliob":-0.337,"bolussnooze":0.0026,"activity":9.0E-4,"lastBolusTime":1703067675204,"time":"2023-12-20T13:27:02.936Z","iobWithZeroTemp":{"iob":-0.792,"basaliob":-1.135,"bolussnooze":0.0026,"activity":-0.0065,"lastBolusTime":1703067675204,"time":"2023-12-20T13:27:02.936Z"}},{"iob":0.001,"basaliob":-0.309,"bolussnooze":0.002,"activity":8.0E-4,"lastBolusTime":1703067675204,"time":"2023-12-20T13:32:02.936Z","iobWithZeroTemp":{"iob":-0.817,"basaliob":-1.127,"bolussnooze":0.002,"activity":-0.0069,"lastBolusTime":1703067675204,"time":"2023-12-20T13:32:02.936Z"}},{"iob":-0.002,"basaliob":-0.283,"bolussnooze":0.0015,"activity":6.0E-4,"lastBolusTime":1703067675204,"time":"2023-12-20T13:37:02.936Z","iobWithZeroTemp":{"iob":-0.839,"basaliob":-1.12,"bolussnooze":0.0015,"activity":-0.0075,"lastBolusTime":1703067675204,"time":"2023-12-20T13:37:02.936Z"}},{"iob":-0.005,"basaliob":-0.259,"bolussnooze":0.0011,"activity":5.0E-4,"lastBolusTime":1703067675204,"time":"2023-12-20T13:42:02.936Z","iobWithZeroTemp":{"iob":-0.86,"basaliob":-1.114,"bolussnooze":0.0011,"activity":-0.0079,"lastBolusTime":1703067675204,"time":"2023-12-20T13:42:02.936Z"}},{"iob":-0.007,"basaliob":-0.236,"bolussnooze":8.0E-4,"activity":4.0E-4,"lastBolusTime":1703067675204,"time":"2023-12-20T13:47:02.936Z","iobWithZeroTemp":{"iob":-0.872,"basaliob":-1.101,"bolussnooze":8.0E-4,"activity":-0.0082,"lastBolusTime":1703067675204,"time":"2023-12-20T13:47:02.936Z"}},{"iob":-0.009,"basaliob":-0.216,"bolussnooze":6.0E-4,"activity":2.0E-4,"lastBolusTime":1703067675204,"time":"2023-12-20T13:52:02.936Z","iobWithZeroTemp":{"iob":-0.888,"basaliob":-1.095,"bolussnooze":6.0E-4,"activity":-0.0086,"lastBolusTime":1703067675204,"time":"2023-12-20T13:52:02.936Z"}},{"iob":-0.01,"basaliob":-0.197,"bolussnooze":4.0E-4,"activity":3.0E-4,"lastBolusTime":1703067675204,"time":"2023-12-20T13:57:02.936Z","iobWithZeroTemp":{"iob":-0.903,"basaliob":-1.09,"bolussnooze":4.0E-4,"activity":-0.0088,"lastBolusTime":1703067675204,"time":"2023-12-20T13:57:02.936Z"}},{"iob":-0.011,"basaliob":-0.179,"bolussnooze":3.0E-4,"activity":2.0E-4,"lastBolusTime":1703067675204,"time":"2023-12-20T14:02:02.936Z","iobWithZeroTemp":{"iob":-0.916,"basaliob":-1.084,"bolussnooze":3.0E-4,"activity":-0.0091,"lastBolusTime":1703067675204,"time":"2023-12-20T14:02:02.936Z"}},{"iob":-0.011,"basaliob":-0.163,"bolussnooze":2.0E-4,"activity":1.0E-4,"lastBolusTime":1703067675204,"time":"2023-12-20T14:07:02.936Z","iobWithZeroTemp":{"iob":-0.928,"basaliob":-1.08,"bolussnooze":2.0E-4,"activity":-0.0094,"lastBolusTime":1703067675204,"time":"2023-12-20T14:07:02.936Z"}},{"iob":-0.013,"basaliob":-0.149,"bolussnooze":1.0E-4,"activity":1.0E-4,"lastBolusTime":1703067675204,"time":"2023-12-20T14:12:02.936Z","iobWithZeroTemp":{"iob":-0.94,"basaliob":-1.076,"bolussnooze":1.0E-4,"activity":-0.0096,"lastBolusTime":1703067675204,"time":"2023-12-20T14:12:02.936Z"}},{"iob":-0.012,"basaliob":-0.135,"bolussnooze":1.0E-4,"activity":0,"lastBolusTime":1703067675204,"time":"2023-12-20T14:17:02.936Z","iobWithZeroTemp":{"iob":-0.948,"basaliob":-1.071,"bolussnooze":1.0E-4,"activity":-0.0099,"lastBolusTime":1703067675204,"time":"2023-12-20T14:17:02.936Z"}},{"iob":-0.013,"basaliob":-0.123,"bolussnooze":0,"activity":0,"lastBolusTime":1703067675204,"time":"2023-12-20T14:22:02.936Z","iobWithZeroTemp":{"iob":-0.958,"basaliob":-1.068,"bolussnooze":0,"activity":-0.01,"lastBolusTime":1703067675204,"time":"2023-12-20T14:22:02.936Z"}},{"iob":-0.013,"basaliob":-0.112,"bolussnooze":0,"activity":-1.0E-4,"lastBolusTime":1703067675204,"time":"2023-12-20T14:27:02.936Z","iobWithZeroTemp":{"iob":-0.966,"basaliob":-1.065,"bolussnooze":0,"activity":-0.0103,"lastBolusTime":1703067675204,"time":"2023-12-20T14:27:02.936Z"}},{"iob":-0.012,"basaliob":-0.101,"bolussnooze":0,"activity":-1.0E-4,"lastBolusTime":1703067675204,"time":"2023-12-20T14:32:02.936Z","iobWithZeroTemp":{"iob":-0.972,"basaliob":-1.061,"bolussnooze":0,"activity":-0.0104,"lastBolusTime":1703067675204,"time":"2023-12-20T14:32:02.936Z"}},{"iob":-0.012,"basaliob":-0.092,"bolussnooze":0,"activity":-1.0E-4,"lastBolusTime":1703067675204,"time":"2023-12-20T14:37:02.936Z","iobWithZeroTemp":{"iob":-0.978,"basaliob":-1.058,"bolussnooze":0,"activity":-0.0105,"lastBolusTime":1703067675204,"time":"2023-12-20T14:37:02.936Z"}},{"iob":-0.012,"basaliob":-0.083,"bolussnooze":0,"activity":0,"lastBolusTime":1703067675204,"time":"2023-12-20T14:42:02.936Z","iobWithZeroTemp":{"iob":-0.984,"basaliob":-1.055,"bolussnooze":0,"activity":-0.0106,"lastBolusTime":1703067675204,"time":"2023-12-20T14:42:02.936Z"}},{"iob":-0.011,"basaliob":-0.075,"bolussnooze":0,"activity":-1.0E-4,"lastBolusTime":1703067675204,"time":"2023-12-20T14:47:02.936Z","iobWithZeroTemp":{"iob":-0.988,"basaliob":-1.052,"bolussnooze":0,"activity":-0.0108,"lastBolusTime":1703067675204,"time":"2023-12-20T14:47:02.936Z"}},{"iob":-0.011,"basaliob":-0.068,"bolussnooze":0,"activity":-1.0E-4,"lastBolusTime":1703067675204,"time":"2023-12-20T14:52:02.936Z","iobWithZeroTemp":{"iob":-0.993,"basaliob":-1.05,"bolussnooze":0,"activity":-0.0109,"lastBolusTime":1703067675204,"time":"2023-12-20T14:52:02.936Z"}},{"iob":-0.01,"basaliob":-0.061,"bolussnooze":0,"activity":0,"lastBolusTime":1703067675204,"time":"2023-12-20T14:57:02.936Z","iobWithZeroTemp":{"iob":-0.997,"basaliob":-1.048,"bolussnooze":0,"activity":-0.0108,"lastBolusTime":1703067675204,"time":"2023-12-20T14:57:02.936Z"}},{"iob":-0.01,"basaliob":-0.056,"bolussnooze":0,"activity":-1.0E-4,"lastBolusTime":1703067675204,"time":"2023-12-20T15:02:02.936Z","iobWithZeroTemp":{"iob":-1.001,"basaliob":-1.047,"bolussnooze":0,"activity":-0.011,"lastBolusTime":1703067675204,"time":"2023-12-20T15:02:02.936Z"}},{"iob":-0.009,"basaliob":-0.05,"bolussnooze":0,"activity":-1.0E-4,"lastBolusTime":1703067675204,"time":"2023-12-20T15:07:02.936Z","iobWithZeroTemp":{"iob":-0.995,"basaliob":-1.036,"bolussnooze":0,"activity":-0.0111,"lastBolusTime":1703067675204,"time":"2023-12-20T15:07:02.936Z"}},{"iob":-0.009,"basaliob":-0.045,"bolussnooze":0,"activity":-1.0E-4,"lastBolusTime":1703067675204,"time":"2023-12-20T15:12:02.936Z","iobWithZeroTemp":{"iob":-0.99,"basaliob":-1.026,"bolussnooze":0,"activity":-0.0111,"lastBolusTime":1703067675204,"time":"2023-12-20T15:12:02.936Z"}},{"iob":-0.009,"basaliob":-0.041,"bolussnooze":0,"activity":0,"lastBolusTime":1703067675204,"time":"2023-12-20T15:17:02.936Z","iobWithZeroTemp":{"iob":-0.985,"basaliob":-1.017,"bolussnooze":0,"activity":-0.011,"lastBolusTime":1703067675204,"time":"2023-12-20T15:17:02.936Z"}},{"iob":-0.008,"basaliob":-0.037,"bolussnooze":0,"activity":-1.0E-4,"lastBolusTime":1703067675204,"time":"2023-12-20T15:22:02.936Z","iobWithZeroTemp":{"iob":-0.979,"basaliob":-1.008,"bolussnooze":0,"activity":-0.0111,"lastBolusTime":1703067675204,"time":"2023-12-20T15:22:02.936Z"}},{"iob":-0.007,"basaliob":-0.033,"bolussnooze":0,"activity":-1.0E-4,"lastBolusTime":1703067675204,"time":"2023-12-20T15:27:02.936Z","iobWithZeroTemp":{"iob":-0.972,"basaliob":-0.998,"bolussnooze":0,"activity":-0.0111,"lastBolusTime":1703067675204,"time":"2023-12-20T15:27:02.936Z"}},{"iob":-0.007,"basaliob":-0.03,"bolussnooze":0,"activity":-1.0E-4,"lastBolusTime":1703067675204,"time":"2023-12-20T15:32:02.936Z","iobWithZeroTemp":{"iob":-0.967,"basaliob":-0.99,"bolussnooze":0,"activity":-0.0111,"lastBolusTime":1703067675204,"time":"2023-12-20T15:32:02.936Z"}},{"iob":-0.007,"basaliob":-0.027,"bolussnooze":0,"activity":-1.0E-4,"lastBolusTime":1703067675204,"time":"2023-12-20T15:37:02.936Z","iobWithZeroTemp":{"iob":-0.962,"basaliob":-0.982,"bolussnooze":0,"activity":-0.0111,"lastBolusTime":1703067675204,"time":"2023-12-20T15:37:02.936Z"}},{"iob":-0.006,"basaliob":-0.024,"bolussnooze":0,"activity":-1.0E-4,"lastBolusTime":1703067675204,"time":"2023-12-20T15:42:02.936Z","iobWithZeroTemp":{"iob":-0.956,"basaliob":-0.974,"bolussnooze":0,"activity":-0.0111,"lastBolusTime":1703067675204,"time":"2023-12-20T15:42:02.936Z"}},{"iob":-0.006,"basaliob":-0.022,"bolussnooze":0,"activity":-1.0E-4,"lastBolusTime":1703067675204,"time":"2023-12-20T15:47:02.936Z","iobWithZeroTemp":{"iob":-0.952,"basaliob":-0.968,"bolussnooze":0,"activity":-0.011,"lastBolusTime":1703067675204,"time":"2023-12-20T15:47:02.936Z"}},{"iob":-0.005,"basaliob":-0.019,"bolussnooze":0,"activity":-1.0E-4,"lastBolusTime":1703067675204,"time":"2023-12-20T15:52:02.936Z","iobWithZeroTemp":{"iob":-0.946,"basaliob":-0.96,"bolussnooze":0,"activity":-0.011,"lastBolusTime":1703067675204,"time":"2023-12-20T15:52:02.936Z"}},{"iob":-0.005,"basaliob":-0.017,"bolussnooze":0,"activity":-1.0E-4,"lastBolusTime":1703067675204,"time":"2023-12-20T15:57:02.936Z","iobWithZeroTemp":{"iob":-0.942,"basaliob":-0.954,"bolussnooze":0,"activity":-0.011,"lastBolusTime":1703067675204,"time":"2023-12-20T15:57:02.936Z"}}],"profile":{"max_iob":20,"type":"current","max_daily_basal":1.6,"max_basal":3.2,"min_bg":90,"max_bg":90,"target_bg":90,"carb_ratio":8,"sens":108,"max_daily_safety_multiplier":3,"current_basal_safety_multiplier":4,"high_temptarget_raises_sensitivity":false,"low_temptarget_lowers_sensitivity":false,"sensitivity_raises_target":false,"resistance_lowers_target":false,"adv_target_adjustments":false,"exercise_mode":false,"half_basal_exercise_target":160,"maxCOB":120,"skip_neutral_temps":false,"remainingCarbsCap":90,"enableUAM":true,"A52_risk_enable":false,"SMBInterval":3,"enableSMB_with_COB":false,"enableSMB_with_temptarget":false,"allowSMB_with_high_temptarget":true,"enableSMB_always":true,"enableSMB_after_carbs":false,"maxSMBBasalMinutes":120,"maxUAMSMBBasalMinutes":120,"bolus_increment":0.05,"carbsReqThreshold":1,"current_basal":0.8,"temptargetSet":false,"autosens_max":1.8,"out_units":"mmol\/L"},"autosens_data":{"ratio":1},"meal_data":{"carbs":55,"mealCOB":3.4043333333333496,"slopeFromMaxDeviation":-1.8332727272727274,"slopeFromMinDeviation":0,"lastBolusTime":1703067675204,"lastCarbTime":1703071632000},"microBolusAllowed":true,"currentTime":1703073724592,"flatBGsDetected":false},"output":{"temp":"absolute","bg":39,"tick":-3,"eventualBG":39,"targetBG":90,"insulinReq":0,"deliverAt":"2023-12-20T12:02:04.592Z","sensitivityRatio":1,"predBGs":{"IOB":[39,39,39,39,39,39,39,39,39,39,39,39,39],"ZT":[39,39,39,39,39,39,39,39,39,39,39,39,39,39,39,39,39,39,39,39,39,39,39,41,45,50,55,61,66,71,77,83,88],"COB":[39,39,39,39,39,39,39,39,39,39,39,39,39],"UAM":[39,39,39,39,39,39,39,39,39,39,39,39,39]},"COB":3.4043333333333496,"IOB":0.447,"reason":"COB: 3.4, Dev: 1.1, BGI: -0.4, ISF: 6.0, CR: 8, Target: 5.0, minPredBG 0.2, minGuardBG -0.6, IOBpredBG 2.2, COBpredBG 2.2, UAMpredBG 2.2; 6 add'l carbs req w\/in 0m; minGuardBG -0.6<3.6 65m left and 0 ~ req 0U\/hr: no temp required","carbsReq":6,"carbsReqWithin":0,"timestamp":"2023-12-20T12:02:04.653Z"}}