{"algorithm":"OpenAPSSMBPlugin","input":{"glucoseStatus":{"glucose":40,"noise":0,"delta":-5,"short_avgdelta":-8.78,"long_avgdelta":-9.05,"date":1703078801564},"currenttemp":{"temp":"absolute","duration":105,"rate":0,"minutesrunning":15},"iob_data":[{"iob":0.883,"basaliob":-1.076,"bolussnooze":0.7688,"activity":0.0135,"lastBolusTime":1703076907848,"time":"2023-12-20T13:27:29.149Z","iobWithZeroTemp":{"iob":0.883,"basaliob":-1.076,"bolussnooze":0.7688,"activity":0.0135,"lastBolusTime":1703076907848,"time":"2023-12-20T13:27:29.149Z"}},{"iob":0.818,"basaliob":-1.013,"bolussnooze":0.6558,"activity":0.0128,"lastBolusTime":1703076907848,"time":"2023-12-20T13:32:29.149Z","iobWithZeroTemp":{"iob":0.771,"basaliob":-1.06,"bolussnooze":0.6558,"activity":0.0128,"lastBolusTime":1703076907848,"time":"2023-12-20T13:32:29.149Z"}},{"iob":0.757,"basaliob":-0.951,"bolussnooze":0.5566,"activity":0.012,"lastBolusTime":1703076907848,"time":"2023-12-20T13:37:29.149Z","iobWithZeroTemp":{"iob":0.653,"basaliob":-1.055,"bolussnooze":0.5566,"activity":0.0118,"lastBolusTime":1703076907848,"time":"2023-12-20T13:37:29.149Z"}},{"iob":0.698,"basaliob":-0.891,"bolussnooze":0.4701,"activity":0.0113,"lastBolusTime":1703076907848,"time":"2023-12-20T13:42:29.149Z","iobWithZeroTemp":{"iob":0.537,"basaliob":-1.052,"bolussnooze":0.4701,"activity":0.0108,"lastBolusTime":1703076907848,"time":"2023-12-20T13:42:29.149Z"}},{"iob":0.644,"basaliob":-0.833,"bolussnooze":0.3954,"activity":0.0106,"lastBolusTime":1703076907848,"time":"2023-12-20T13:47:29.149Z","iobWithZeroTemp":{"iob":0.428,"basaliob":-1.049,"bolussnooze":0.3954,"activity":0.0098,"lastBolusTime":1703076907848,"time":"2023-12-20T13:47:29.149Z"}},{"iob":0.592,"basaliob":-0.777,"bolussnooze":0.3313,"activity":0.0098,"lastBolusTime":1703076907848,"time":"2023-12-20T13:52:29.149Z","iobWithZeroTemp":{"iob":0.322,"basaliob":-1.047,"bolussnooze":0.3313,"activity":0.0086,"lastBolusTime":1703076907848,"time":"2023-12-20T13:52:29.149Z"}},{"iob":0.545,"basaliob":-0.723,"bolussnooze":0.2766,"activity":0.0092,"lastBolusTime":1703076907848,"time":"2023-12-20T13:57:29.149Z","iobWithZeroTemp":{"iob":0.224,"basaliob":-1.044,"bolussnooze":0.2766,"activity":0.0076,"lastBolusTime":1703076907848,"time":"2023-12-20T13:57:29.149Z"}},{"iob":0.501,"basaliob":-0.672,"bolussnooze":0.2301,"activity":0.0085,"lastBolusTime":1703076907848,"time":"2023-12-20T14:02:29.149Z","iobWithZeroTemp":{"iob":0.131,"basaliob":-1.042,"bolussnooze":0.2301,"activity":0.0064,"lastBolusTime":1703076907848,"time":"2023-12-20T14:02:29.149Z"}},{"iob":0.46,"basaliob":-0.623,"bolussnooze":0.1908,"activity":0.0079,"lastBolusTime":1703076907848,"time":"2023-12-20T14:07:29.149Z","iobWithZeroTemp":{"iob":0.043,"basaliob":-1.04,"bolussnooze":0.1908,"activity":0.0053,"lastBolusTime":1703076907848,"time":"2023-12-20T14:07:29.149Z"}},{"iob":0.421,"basaliob":-0.577,"bolussnooze":0.1577,"activity":0.0073,"lastBolusTime":1703076907848,"time":"2023-12-20T14:12:29.149Z","iobWithZeroTemp":{"iob":-0.04,"basaliob":-1.038,"bolussnooze":0.1577,"activity":0.0043,"lastBolusTime":1703076907848,"time":"2023-12-20T14:12:29.149Z"}},{"iob":0.385,"basaliob":-0.534,"bolussnooze":0.13,"activity":0.0069,"lastBolusTime":1703076907848,"time":"2023-12-20T14:17:29.149Z","iobWithZeroTemp":{"iob":-0.118,"basaliob":-1.037,"bolussnooze":0.13,"activity":0.0034,"lastBolusTime":1703076907848,"time":"2023-12-20T14:17:29.149Z"}},{"iob":0.353,"basaliob":-0.493,"bolussnooze":0.1069,"activity":0.0063,"lastBolusTime":1703076907848,"time":"2023-12-20T14:22:29.149Z","iobWithZeroTemp":{"iob":-0.19,"basaliob":-1.036,"bolussnooze":0.1069,"activity":0.0023,"lastBolusTime":1703076907848,"time":"2023-12-20T14:22:29.149Z"}},{"iob":0.322,"basaliob":-0.455,"bolussnooze":0.0876,"activity":0.0058,"lastBolusTime":1703076907848,"time":"2023-12-20T14:27:29.149Z","iobWithZeroTemp":{"iob":-0.258,"basaliob":-1.035,"bolussnooze":0.0876,"activity":0.0013,"lastBolusTime":1703076907848,"time":"2023-12-20T14:27:29.149Z"}},{"iob":0.294,"basaliob":-0.419,"bolussnooze":0.0716,"activity":0.0054,"lastBolusTime":1703076907848,"time":"2023-12-20T14:32:29.149Z","iobWithZeroTemp":{"iob":-0.321,"basaliob":-1.034,"bolussnooze":0.0716,"activity":5.0E-4,"lastBolusTime":1703076907848,"time":"2023-12-20T14:32:29.149Z"}},{"iob":0.269,"basaliob":-0.385,"bolussnooze":0.0583,"activity":0.0049,"lastBolusTime":1703076907848,"time":"2023-12-20T14:37:29.149Z","iobWithZeroTemp":{"iob":-0.378,"basaliob":-1.032,"bolussnooze":0.0583,"activity":-5.0E-4,"lastBolusTime":1703076907848,"time":"2023-12-20T14:37:29.149Z"}},{"iob":0.245,"basaliob":-0.354,"bolussnooze":0.0474,"activity":0.0046,"lastBolusTime":1703076907848,"time":"2023-12-20T14:42:29.149Z","iobWithZeroTemp":{"iob":-0.433,"basaliob":-1.032,"bolussnooze":0.0474,"activity":-0.0012,"lastBolusTime":1703076907848,"time":"2023-12-20T14:42:29.149Z"}},{"iob":0.223,"basaliob":-0.325,"bolussnooze":0.0384,"activity":0.0042,"lastBolusTime":1703076907848,"time":"2023-12-20T14:47:29.149Z","iobWithZeroTemp":{"iob":-0.483,"basaliob":-1.031,"bolussnooze":0.0384,"activity":-0.002,"lastBolusTime":1703076907848,"time":"2023-12-20T14:47:29.149Z"}},{"iob":0.203,"basaliob":-0.298,"bolussnooze":0.031,"activity":0.0038,"lastBolusTime":1703076907848,"time":"2023-12-20T14:52:29.149Z","iobWithZeroTemp":{"iob":-0.53,"basaliob":-1.031,"bolussnooze":0.031,"activity":-0.0028,"lastBolusTime":1703076907848,"time":"2023-12-20T14:52:29.149Z"}},{"iob":0.185,"basaliob":-0.273,"bolussnooze":0.025,"activity":0.0035,"lastBolusTime":1703076907848,"time":"2023-12-20T14:57:29.149Z","iobWithZeroTemp":{"iob":-0.572,"basaliob":-1.03,"bolussnooze":0.025,"activity":-0.0035,"lastBolusTime":1703076907848,"time":"2023-12-20T14:57:29.149Z"}},{"iob":0.167,"basaliob":-0.25,"bolussnooze":0.0201,"activity":0.0032,"lastBolusTime":1703076907848,"time":"2023-12-20T15:02:29.149Z","iobWithZeroTemp":{"iob":-0.604,"basaliob":-1.021,"bolussnooze":0.0201,"activity":-0.0041,"lastBolusTime":1703076907848,"time":"2023-12-20T15:02:29.149Z"}},{"iob":0.153,"basaliob":-0.228,"bolussnooze":0.0161,"activity":0.003,"lastBolusTime":1703076907848,"time":"2023-12-20T15:07:29.149Z","iobWithZeroTemp":{"iob":-0.631,"basaliob":-1.012,"bolussnooze":0.0161,"activity":-0.0046,"lastBolusTime":1703076907848,"time":"2023-12-20T15:07:29.149Z"}},{"iob":0.139,"basaliob":-0.208,"bolussnooze":0.0128,"activity":0.0027,"lastBolusTime":1703076907848,"time":"2023-12-20T15:12:29.149Z","iobWithZeroTemp":{"iob":-0.657,"basaliob":-1.004,"bolussnooze":0.0128,"activity":-0.0052,"lastBolusTime":1703076907848,"time":"2023-12-20T15:12:29.149Z"}},{"iob":0.126,"basaliob":-0.19,"bolussnooze":0.0102,"activity":0.0025,"lastBolusTime":1703076907848,"time":"2023-12-20T15:17:29.149Z","iobWithZeroTemp":{"iob":-0.68,"basaliob":-0.996,"bolussnooze":0.0102,"activity":-0.0056,"lastBolusTime":1703076907848,"time":"2023-12-20T15:17:29.149Z"}},{"iob":0.114,"basaliob":-0.173,"bolussnooze":0.0081,"activity":0.0023,"lastBolusTime":1703076907848,"time":"2023-12-20T15:22:29.149Z","iobWithZeroTemp":{"iob":-0.701,"basaliob":-0.988,"bolussnooze":0.0081,"activity":-0.006,"lastBolusTime":1703076907848,"time":"2023-12-20T15:22:29.149Z"}},{"iob":0.103,"basaliob":-0.158,"bolussnooze":0.0064,"activity":0.002,"lastBolusTime":1703076907848,"time":"2023-12-20T15:27:29.149Z","iobWithZeroTemp":{"iob":-0.72,"basaliob":-0.981,"bolussnooze":0.0064,"activity":-0.0065,"lastBolusTime":1703076907848,"time":"2023-12-20T15:27:29.149Z"}},{"iob":0.093,"basaliob":-0.144,"bolussnooze":0.005,"activity":0.0019,"lastBolusTime":1703076907848,"time":"2023-12-20T15:32:29.149Z","iobWithZeroTemp":{"iob":-0.737,"basaliob":-0.974,"bolussnooze":0.005,"activity":-0.0068,"lastBolusTime":1703076907848,"time":"2023-12-20T15:32:29.149Z"}},{"iob":0.084,"basaliob":-0.131,"bolussnooze":0.0039,"activity":0.0017,"lastBolusTime":1703076907848,"time":"2023-12-20T15:37:29.149Z","iobWithZeroTemp":{"iob":-0.752,"basaliob":-0.967,"bolussnooze":0.0039,"activity":-0.0071,"lastBolusTime":1703076907848,"time":"2023-12-20T15:37:29.149Z"}},{"iob":0.076,"basaliob":-0.119,"bolussnooze":0.003,"activity":0.0015,"lastBolusTime":1703076907848,"time":"2023-12-20T15:42:29.149Z","iobWithZeroTemp":{"iob":-0.765,"basaliob":-0.96,"bolussnooze":0.003,"activity":-0.0075,"lastBolusTime":1703076907848,"time":"2023-12-20T15:42:29.149Z"}},{"iob":0.069,"basaliob":-0.108,"bolussnooze":0.0023,"activity":0.0014,"lastBolusTime":1703076907848,"time":"2023-12-20T15:47:29.149Z","iobWithZeroTemp":{"iob":-0.777,"basaliob":-0.954,"bolussnooze":0.0023,"activity":-0.0077,"lastBolusTime":1703076907848,"time":"2023-12-20T15:47:29.149Z"}},{"iob":0.062,"basaliob":-0.098,"bolussnooze":0.0018,"activity":0.0013,"lastBolusTime":1703076907848,"time":"2023-12-20T15:52:29.149Z","iobWithZeroTemp":{"iob":-0.788,"basaliob":-0.948,"bolussnooze":0.0018,"activity":-0.0079,"lastBolusTime":1703076907848,"time":"2023-12-20T15:52:29.149Z"}},{"iob":0.056,"basaliob":-0.089,"bolussnooze":0.0014,"activity":0.0012,"lastBolusTime":1703076907848,"time":"2023-12-20T15:57:29.149Z","iobWithZeroTemp":{"iob":-0.798,"basaliob":-0.943,"bolussnooze":0.0014,"activity":-0.0081,"lastBolusTime":1703076907848,"time":"2023-12-20T15:57:29.149Z"}},{"iob":0.05,"basaliob":-0.081,"bolussnooze":0.001,"activity":0.001,"lastBolusTime":1703076907848,"time":"2023-12-20T16:02:29.149Z","iobWithZeroTemp":{"iob":-0.807,"basaliob":-0.938,"bolussnooze":0.001,"activity":-0.0084,"lastBolusTime":1703076907848,"time":"2023-12-20T16:02:29.149Z"}},{"iob":0.045,"basaliob":-0.073,"bolussnooze":8.0E-4,"activity":9.0E-4,"lastBolusTime":1703076907848,"time":"2023-12-20T16:07:29.149Z","iobWithZeroTemp":{"iob":-0.815,"basaliob":-0.933,"bolussnooze":8.0E-4,"activity":-0.0086,"lastBolusTime":1703076907848,"time":"2023-12-20T16:07:29.149Z"}},{"iob":0.041,"basaliob":-0.066,"bolussnooze":6.0E-4,"activity":9.0E-4,"lastBolusTime":1703076907848,"time":"2023-12-20T16:12:29.149Z","iobWithZeroTemp":{"iob":-0.822,"basaliob":-0.929,"bolussnooze":6.0E-4,"activity":-0.0086,"lastBolusTime":1703076907848,"time":"2023-12-20T16:12:29.149Z"}},{"iob":0.036,"basaliob":-0.06,"bolussnooze":4.0E-4,"activity":8.0E-4,"lastBolusTime":1703076907848,"time":"2023-12-20T16:17:29.149Z","iobWithZeroTemp":{"iob":-0.829,"basaliob":-0.925,"bolussnooze":4.0E-4,"activity":-0.0088,"lastBolusTime":1703076907848,"time":"2023-12-20T16:17:29.149Z"}},{"iob":0.033,"basaliob":-0.054,"bolussnooze":3.0E-4,"activity":7.0E-4,"lastBolusTime":1703076907848,"time":"2023-12-20T16:22:29.149Z","iobWithZeroTemp":{"iob":-0.834,"basaliob":-0.921,"bolussnooze":3.0E-4,"activity":-0.0089,"lastBolusTime":1703076907848,"time":"2023-12-20T16:22:29.149Z"}},{"iob":0.029,"basaliob":-0.049,"bolussnooze":2.0E-4,"activity":6.0E-4,"lastBolusTime":1703076907848,"time":"2023-12-20T16:27:29.149Z","iobWithZeroTemp":{"iob":-0.84,"basaliob":-0.918,"bolussnooze":2.0E-4,"activity":-0.0091,"lastBolusTime":1703076907848,"time":"2023-12-20T16:27:29.149Z"}},{"iob":0.026,"basaliob":-0.044,"bolussnooze":1.0E-4,"activity":6.0E-4,"lastBolusTime":1703076907848,"time":"2023-12-20T16:32:29.149Z","iobWithZeroTemp":{"iob":-0.844,"basaliob":-0.914,"bolussnooze":1.0E-4,"activity":-0.0091,"lastBolusTime":1703076907848,"time":"2023-12-20T16:32:29.149Z"}},{"iob":0.023,"basaliob":-0.04,"bolussnooze":1.0E-4,"activity":5.0E-4,"lastBolusTime":1703076907848,"time":"2023-12-20T16:37:29.149Z","iobWithZeroTemp":{"iob":-0.849,"basaliob":-0.912,"bolussnooze":1.0E-4,"activity":-0.0093,"lastBolusTime":1703076907848,"time":"2023-12-20T16:37:29.149Z"}},{"iob":0.021,"basaliob":-0.036,"bolussnooze":1.0E-4,"activity":5.0E-4,"lastBolusTime":1703076907848,"time":"2023-12-20T16:42:29.149Z","iobWithZeroTemp":{"iob":-0.852,"basaliob":-0.909,"bolussnooze":1.0E-4,"activity":-0.0093,"lastBolusTime":1703076907848,"time":"2023-12-20T16:42:29.149Z"}},{"iob":0.019,"basaliob":-0.032,"bolussnooze":0,"activity":4.0E-4,"lastBolusTime":1703076907848,"time":"2023-12-20T16:47:29.149Z","iobWithZeroTemp":{"iob":-0.855,"basaliob":-0.906,"bolussnooze":0,"activity":-0.0094,"lastBolusTime":1703076907848,"time":"2023-12-20T16:47:29.149Z"}},{"iob":0.017,"basaliob":-0.029,"bolussnooze":0,"activity":4.0E-4,"lastBolusTime":1703076907848,"time":"2023-12-20T16:52:29.149Z","iobWithZeroTemp":{"iob":-0.858,"basaliob":-0.904,"bolussnooze":0,"activity":-0.0094,"lastBolusTime":1703076907848,"time":"2023-12-20T16:52:29.149Z"}},{"iob":0.015,"basaliob":-0.026,"bolussnooze":0,"activity":3.0E-4,"lastBolusTime":1703076907848,"time":"2023-12-20T16:57:29.149Z","iobWithZeroTemp":{"iob":-0.86,"basaliob":-0.901,"bolussnooze":0,"activity":-0.0096,"lastBolusTime":1703076907848,"time":"2023-12-20T16:57:29.149Z"}},{"iob":0.014,"basaliob":-0.023,"bolussnooze":0,"activity":3.0E-4,"lastBolusTime":1703076907848,"time":"2023-12-20T17:02:29.149Z","iobWithZeroTemp":{"iob":-0.862,"basaliob":-0.899,"bolussnooze":0,"activity":-0.0096,"lastBolusTime":1703076907848,"time":"2023-12-20T17:02:29.149Z"}},{"iob":0.012,"basaliob":-0.021,"bolussnooze":0,"activity":2.0E-4,"lastBolusTime":1703076907848,"time":"2023-12-20T17:07:29.149Z","iobWithZeroTemp":{"iob":-0.865,"basaliob":-0.898,"bolussnooze":0,"activity":-0.0097,"lastBolusTime":1703076907848,"time":"2023-12-20T17:07:29.149Z"}},{"iob":0.011,"basaliob":-0.019,"bolussnooze":0,"activity":3.0E-4,"lastBolusTime":1703076907848,"time":"2023-12-20T17:12:29.149Z","iobWithZeroTemp":{"iob":-0.866,"basaliob":-0.896,"bolussnooze":0,"activity":-0.0096,"lastBolusTime":1703076907848,"time":"2023-12-20T17:12:29.149Z"}},{"iob":0.009,"basaliob":-0.017,"bolussnooze":0,"activity":2.0E-4,"lastBolusTime":1703076907848,"time":"2023-12-20T17:17:29.149Z","iobWithZeroTemp":{"iob":-0.869,"basaliob":-0.895,"bolussnooze":0,"activity":-0.0097,"lastBolusTime":1703076907848,"time":"2023-12-20T17:17:29.149Z"}},{"iob":0.009,"basaliob":-0.015,"bolussnooze":0,"activity":2.0E-4,"lastBolusTime":1703076907848,"time":"2023-12-20T17:22:29.149Z","iobWithZeroTemp":{"iob":-0.869,"basaliob":-0.893,"bolussnooze":0,"activity":-0.0097,"lastBolusTime":1703076907848,"time":"2023-12-20T17:22:29.149Z"}}],"profile":{"max_iob":20,"type":"current","max_daily_basal":1.6,"max_basal":2.8,"min_bg":81,"max_bg":81,"target_bg":81,"carb_ratio":8,"sens":108,"max_daily_safety_multiplier":3,"current_basal_safety_multiplier":4,"high_temptarget_raises_sensitivity":false,"low_temptarget_lowers_sensitivity":false,"sensitivity_raises_target":false,"resistance_lowers_target":false,"adv_target_adjustments":false,"exercise_mode":false,"half_basal_exercise_target":160,"maxCOB":120,"skip_neutral_temps":false,"remainingCarbsCap":90,"enableUAM":true,"A52_risk_enable":false,"SMBInterval":3,"enableSMB_with_COB":false,"enableSMB_with_temptarget":false,"allowSMB_with_high_temptarget":true,"enableSMB_always":true,"enableSMB_after_carbs":false,"maxSMBBasalMinutes":120,"maxUAMSMBBasalMinutes":120,"bolus_increment":0.05,"carbsReqThreshold":1,"current_basal":0.7,"temptargetSet":true,"autosens_max":1.8,"out_units":"mmol\/L"},"autosens_data":{"ratio":1},"meal_data":{"carbs":45,"mealCOB":0.5342222222222235,"slopeFromMaxDeviation":-1.7930909090909088,"slopeFromMinDeviation":1.2889999999999997,"lastBolusTime":1703076907848,"lastCarbTime":1703074649000},"microBolusAllowed":true,"currentTime":1703078852437,"flatBGsDetected":false},"output":{"temp":"absolute","bg":40,"tick":-5,"eventualBG":39,"targetBG":81,"insulinReq":0,"deliverAt":"2023-12-20T13:27:32.437Z","sensitivityRatio":1,"predBGs":{"IOB":[40,39,39,39,39,39,39,39,39,39,39,39,39],"ZT":[40,39,39,39,39,39,39,39,39,39,39,39,39,39,39,39,39,39,39,39,39,39,39,39,39,39,39,39,39,39,39,39,39,43,48,52,57,62,67,72,77],"COB":[40,39,39,39,39,39,39,39,39,39,39,39,39],"UAM":[40,39,39,39,39,39,39,39,39,39,39,39,39]},"COB":0.5342222222222235,"IOB":0.883,"reason":"COB: 0.5, Dev: -0.6, BGI: -0.4, ISF: 6.0, CR: 8, Target: 4.5, minPredBG -0.7, minGuardBG -3.7, IOBpredBG 2.2, COBpredBG 2.2, UAMpredBG 2.2; 9 add'l carbs req w\/in 0m; minGuardBG -3.7<3.4","carbsReq":9,"carbsReqWithin":0,"duration":120,"rate":0,"timestamp":"2023-12-20T13:27:32.548Z"}}