{"algorithm":"OpenAPSSMBPlugin","input":{"glucoseStatus":{"glucose":94,"noise":0,"delta":3,"short_avgdelta":2.11,"long_avgdelta":6.69,"date":1703076401538},"currenttemp":{"temp":"absolute","duration":115,"rate":0,"minutesrunning":5},"iob_data":[{"iob":1.537,"basaliob":-1.103,"bolussnooze":1.6242,"activity":0.011,"lastBolusTime":1703076100409,"time":"2023-12-20T12:47:05.550Z","iobWithZeroTemp":{"iob":1.537,"basaliob":-1.103,"bolussnooze":1.6242,"activity":0.011,"lastBolusTime":1703076100409,"time":"2023-12-20T12:47:05.550Z"}},{"iob":1.479,"basaliob":-1.037,"bolussnooze":1.4751,"activity":0.0122,"lastBolusTime":1703076100409,"time":"2023-12-20T12:52:05.550Z","iobWithZeroTemp":{"iob":1.426,"basaliob":-1.09,"bolussnooze":1.4751,"activity":0.0121,"lastBolusTime":1703076100409,"time":"2023-12-20T12:52:05.550Z"}},{"iob":1.415,"basaliob":-0.973,"bolussnooze":1.3198,"activity":0.013,"lastBolusTime":1703076100409,"time":"2023-12-20T12:57:05.550Z","iobWithZeroTemp":{"iob":1.296,"basaliob":-1.092,"bolussnooze":1.3198,"activity":0.0128,"lastBolusTime":1703076100409,"time":"2023-12-20T12:57:05.550Z"}},{"iob":1.349,"basaliob":-0.91,"bolussnooze":1.1665,"activity":0.0136,"lastBolusTime":1703076100409,"time":"2023-12-20T13:02:05.550Z","iobWithZeroTemp":{"iob":1.165,"basaliob":-1.094,"bolussnooze":1.1665,"activity":0.0131,"lastBolusTime":1703076100409,"time":"2023-12-20T13:02:05.550Z"}},{"iob":1.28,"basaliob":-0.85,"bolussnooze":1.0209,"activity":0.0138,"lastBolusTime":1703076100409,"time":"2023-12-20T13:07:05.550Z","iobWithZeroTemp":{"iob":1.041,"basaliob":-1.089,"bolussnooze":1.0209,"activity":0.0129,"lastBolusTime":1703076100409,"time":"2023-12-20T13:07:05.550Z"}},{"iob":1.21,"basaliob":-0.792,"bolussnooze":0.8859,"activity":0.0139,"lastBolusTime":1703076100409,"time":"2023-12-20T13:12:05.550Z","iobWithZeroTemp":{"iob":0.925,"basaliob":-1.077,"bolussnooze":0.8859,"activity":0.0126,"lastBolusTime":1703076100409,"time":"2023-12-20T13:12:05.550Z"}},{"iob":1.141,"basaliob":-0.736,"bolussnooze":0.7633,"activity":0.0138,"lastBolusTime":1703076100409,"time":"2023-12-20T13:17:05.550Z","iobWithZeroTemp":{"iob":0.806,"basaliob":-1.071,"bolussnooze":0.7633,"activity":0.0121,"lastBolusTime":1703076100409,"time":"2023-12-20T13:17:05.550Z"}},{"iob":1.072,"basaliob":-0.684,"bolussnooze":0.6535,"activity":0.0135,"lastBolusTime":1703076100409,"time":"2023-12-20T13:22:05.550Z","iobWithZeroTemp":{"iob":0.688,"basaliob":-1.068,"bolussnooze":0.6535,"activity":0.0113,"lastBolusTime":1703076100409,"time":"2023-12-20T13:22:05.550Z"}},{"iob":1.005,"basaliob":-0.634,"bolussnooze":0.5565,"activity":0.0133,"lastBolusTime":1703076100409,"time":"2023-12-20T13:27:05.550Z","iobWithZeroTemp":{"iob":0.575,"basaliob":-1.064,"bolussnooze":0.5565,"activity":0.0106,"lastBolusTime":1703076100409,"time":"2023-12-20T13:27:05.550Z"}},{"iob":0.941,"basaliob":-0.586,"bolussnooze":0.4714,"activity":0.0128,"lastBolusTime":1703076100409,"time":"2023-12-20T13:32:05.550Z","iobWithZeroTemp":{"iob":0.467,"basaliob":-1.06,"bolussnooze":0.4714,"activity":0.0096,"lastBolusTime":1703076100409,"time":"2023-12-20T13:32:05.550Z"}},{"iob":0.878,"basaliob":-0.542,"bolussnooze":0.3976,"activity":0.0123,"lastBolusTime":1703076100409,"time":"2023-12-20T13:37:05.550Z","iobWithZeroTemp":{"iob":0.363,"basaliob":-1.057,"bolussnooze":0.3976,"activity":0.0086,"lastBolusTime":1703076100409,"time":"2023-12-20T13:37:05.550Z"}},{"iob":0.817,"basaliob":-0.5,"bolussnooze":0.334,"activity":0.0118,"lastBolusTime":1703076100409,"time":"2023-12-20T13:42:05.550Z","iobWithZeroTemp":{"iob":0.263,"basaliob":-1.054,"bolussnooze":0.334,"activity":0.0077,"lastBolusTime":1703076100409,"time":"2023-12-20T13:42:05.550Z"}},{"iob":0.76,"basaliob":-0.461,"bolussnooze":0.2795,"activity":0.0112,"lastBolusTime":1703076100409,"time":"2023-12-20T13:47:05.550Z","iobWithZeroTemp":{"iob":0.169,"basaliob":-1.052,"bolussnooze":0.2795,"activity":0.0066,"lastBolusTime":1703076100409,"time":"2023-12-20T13:47:05.550Z"}},{"iob":0.705,"basaliob":-0.424,"bolussnooze":0.233,"activity":0.0106,"lastBolusTime":1703076100409,"time":"2023-12-20T13:52:05.550Z","iobWithZeroTemp":{"iob":0.08,"basaliob":-1.049,"bolussnooze":0.233,"activity":0.0055,"lastBolusTime":1703076100409,"time":"2023-12-20T13:52:05.550Z"}},{"iob":0.653,"basaliob":-0.39,"bolussnooze":0.1937,"activity":0.0101,"lastBolusTime":1703076100409,"time":"2023-12-20T13:57:05.550Z","iobWithZeroTemp":{"iob":-0.004,"basaliob":-1.047,"bolussnooze":0.1937,"activity":0.0046,"lastBolusTime":1703076100409,"time":"2023-12-20T13:57:05.550Z"}},{"iob":0.605,"basaliob":-0.358,"bolussnooze":0.1604,"activity":0.0095,"lastBolusTime":1703076100409,"time":"2023-12-20T14:02:05.550Z","iobWithZeroTemp":{"iob":-0.082,"basaliob":-1.045,"bolussnooze":0.1604,"activity":0.0036,"lastBolusTime":1703076100409,"time":"2023-12-20T14:02:05.550Z"}},{"iob":0.559,"basaliob":-0.328,"bolussnooze":0.1325,"activity":0.0089,"lastBolusTime":1703076100409,"time":"2023-12-20T14:07:05.550Z","iobWithZeroTemp":{"iob":-0.156,"basaliob":-1.043,"bolussnooze":0.1325,"activity":0.0026,"lastBolusTime":1703076100409,"time":"2023-12-20T14:07:05.550Z"}},{"iob":0.515,"basaliob":-0.301,"bolussnooze":0.1091,"activity":0.0084,"lastBolusTime":1703076100409,"time":"2023-12-20T14:12:05.550Z","iobWithZeroTemp":{"iob":-0.225,"basaliob":-1.041,"bolussnooze":0.1091,"activity":0.0017,"lastBolusTime":1703076100409,"time":"2023-12-20T14:12:05.550Z"}},{"iob":0.474,"basaliob":-0.276,"bolussnooze":0.0896,"activity":0.0078,"lastBolusTime":1703076100409,"time":"2023-12-20T14:17:05.550Z","iobWithZeroTemp":{"iob":-0.29,"basaliob":-1.04,"bolussnooze":0.0896,"activity":7.0E-4,"lastBolusTime":1703076100409,"time":"2023-12-20T14:17:05.550Z"}},{"iob":0.437,"basaliob":-0.252,"bolussnooze":0.0733,"activity":0.0073,"lastBolusTime":1703076100409,"time":"2023-12-20T14:22:05.550Z","iobWithZeroTemp":{"iob":-0.349,"basaliob":-1.038,"bolussnooze":0.0733,"activity":-1.0E-4,"lastBolusTime":1703076100409,"time":"2023-12-20T14:22:05.550Z"}},{"iob":0.402,"basaliob":-0.23,"bolussnooze":0.0599,"activity":0.0068,"lastBolusTime":1703076100409,"time":"2023-12-20T14:27:05.550Z","iobWithZeroTemp":{"iob":-0.405,"basaliob":-1.037,"bolussnooze":0.0599,"activity":-9.0E-4,"lastBolusTime":1703076100409,"time":"2023-12-20T14:27:05.550Z"}},{"iob":0.369,"basaliob":-0.21,"bolussnooze":0.0488,"activity":0.0064,"lastBolusTime":1703076100409,"time":"2023-12-20T14:32:05.550Z","iobWithZeroTemp":{"iob":-0.457,"basaliob":-1.036,"bolussnooze":0.0488,"activity":-0.0016,"lastBolusTime":1703076100409,"time":"2023-12-20T14:32:05.550Z"}},{"iob":0.338,"basaliob":-0.192,"bolussnooze":0.0396,"activity":0.0059,"lastBolusTime":1703076100409,"time":"2023-12-20T14:37:05.550Z","iobWithZeroTemp":{"iob":-0.505,"basaliob":-1.035,"bolussnooze":0.0396,"activity":-0.0024,"lastBolusTime":1703076100409,"time":"2023-12-20T14:37:05.550Z"}},{"iob":0.31,"basaliob":-0.175,"bolussnooze":0.0321,"activity":0.0054,"lastBolusTime":1703076100409,"time":"2023-12-20T14:42:05.550Z","iobWithZeroTemp":{"iob":-0.549,"basaliob":-1.034,"bolussnooze":0.0321,"activity":-0.0032,"lastBolusTime":1703076100409,"time":"2023-12-20T14:42:05.550Z"}},{"iob":0.284,"basaliob":-0.159,"bolussnooze":0.0259,"activity":0.005,"lastBolusTime":1703076100409,"time":"2023-12-20T14:47:05.550Z","iobWithZeroTemp":{"iob":-0.59,"basaliob":-1.033,"bolussnooze":0.0259,"activity":-0.0038,"lastBolusTime":1703076100409,"time":"2023-12-20T14:47:05.550Z"}},{"iob":0.259,"basaliob":-0.145,"bolussnooze":0.0208,"activity":0.0047,"lastBolusTime":1703076100409,"time":"2023-12-20T14:52:05.550Z","iobWithZeroTemp":{"iob":-0.628,"basaliob":-1.032,"bolussnooze":0.0208,"activity":-0.0044,"lastBolusTime":1703076100409,"time":"2023-12-20T14:52:05.550Z"}},{"iob":0.237,"basaliob":-0.132,"bolussnooze":0.0167,"activity":0.0043,"lastBolusTime":1703076100409,"time":"2023-12-20T14:57:05.550Z","iobWithZeroTemp":{"iob":-0.663,"basaliob":-1.032,"bolussnooze":0.0167,"activity":-0.005,"lastBolusTime":1703076100409,"time":"2023-12-20T14:57:05.550Z"}},{"iob":0.216,"basaliob":-0.12,"bolussnooze":0.0134,"activity":0.004,"lastBolusTime":1703076100409,"time":"2023-12-20T15:02:05.550Z","iobWithZeroTemp":{"iob":-0.695,"basaliob":-1.031,"bolussnooze":0.0134,"activity":-0.0055,"lastBolusTime":1703076100409,"time":"2023-12-20T15:02:05.550Z"}},{"iob":0.197,"basaliob":-0.109,"bolussnooze":0.0107,"activity":0.0037,"lastBolusTime":1703076100409,"time":"2023-12-20T15:07:05.550Z","iobWithZeroTemp":{"iob":-0.717,"basaliob":-1.023,"bolussnooze":0.0107,"activity":-0.006,"lastBolusTime":1703076100409,"time":"2023-12-20T15:07:05.550Z"}},{"iob":0.179,"basaliob":-0.099,"bolussnooze":0.0085,"activity":0.0034,"lastBolusTime":1703076100409,"time":"2023-12-20T15:12:05.550Z","iobWithZeroTemp":{"iob":-0.736,"basaliob":-1.014,"bolussnooze":0.0085,"activity":-0.0064,"lastBolusTime":1703076100409,"time":"2023-12-20T15:12:05.550Z"}},{"iob":0.164,"basaliob":-0.089,"bolussnooze":0.0067,"activity":0.003,"lastBolusTime":1703076100409,"time":"2023-12-20T15:17:05.550Z","iobWithZeroTemp":{"iob":-0.752,"basaliob":-1.005,"bolussnooze":0.0067,"activity":-0.0069,"lastBolusTime":1703076100409,"time":"2023-12-20T15:17:05.550Z"}},{"iob":0.149,"basaliob":-0.081,"bolussnooze":0.0053,"activity":0.0028,"lastBolusTime":1703076100409,"time":"2023-12-20T15:22:05.550Z","iobWithZeroTemp":{"iob":-0.767,"basaliob":-0.997,"bolussnooze":0.0053,"activity":-0.0072,"lastBolusTime":1703076100409,"time":"2023-12-20T15:22:05.550Z"}},{"iob":0.136,"basaliob":-0.073,"bolussnooze":0.0041,"activity":0.0026,"lastBolusTime":1703076100409,"time":"2023-12-20T15:27:05.550Z","iobWithZeroTemp":{"iob":-0.78,"basaliob":-0.989,"bolussnooze":0.0041,"activity":-0.0075,"lastBolusTime":1703076100409,"time":"2023-12-20T15:27:05.550Z"}},{"iob":0.123,"basaliob":-0.066,"bolussnooze":0.0032,"activity":0.0024,"lastBolusTime":1703076100409,"time":"2023-12-20T15:32:05.550Z","iobWithZeroTemp":{"iob":-0.792,"basaliob":-0.981,"bolussnooze":0.0032,"activity":-0.0078,"lastBolusTime":1703076100409,"time":"2023-12-20T15:32:05.550Z"}},{"iob":0.111,"basaliob":-0.06,"bolussnooze":0.0025,"activity":0.0022,"lastBolusTime":1703076100409,"time":"2023-12-20T15:37:05.550Z","iobWithZeroTemp":{"iob":-0.803,"basaliob":-0.974,"bolussnooze":0.0025,"activity":-0.008,"lastBolusTime":1703076100409,"time":"2023-12-20T15:37:05.550Z"}},{"iob":0.101,"basaliob":-0.054,"bolussnooze":0.0019,"activity":0.002,"lastBolusTime":1703076100409,"time":"2023-12-20T15:42:05.550Z","iobWithZeroTemp":{"iob":-0.812,"basaliob":-0.967,"bolussnooze":0.0019,"activity":-0.0082,"lastBolusTime":1703076100409,"time":"2023-12-20T15:42:05.550Z"}},{"iob":0.092,"basaliob":-0.049,"bolussnooze":0.0015,"activity":0.0018,"lastBolusTime":1703076100409,"time":"2023-12-20T15:47:05.550Z","iobWithZeroTemp":{"iob":-0.82,"basaliob":-0.961,"bolussnooze":0.0015,"activity":-0.0085,"lastBolusTime":1703076100409,"time":"2023-12-20T15:47:05.550Z"}},{"iob":0.083,"basaliob":-0.044,"bolussnooze":0.0011,"activity":0.0017,"lastBolusTime":1703076100409,"time":"2023-12-20T15:52:05.550Z","iobWithZeroTemp":{"iob":-0.828,"basaliob":-0.955,"bolussnooze":0.0011,"activity":-0.0086,"lastBolusTime":1703076100409,"time":"2023-12-20T15:52:05.550Z"}},{"iob":0.075,"basaliob":-0.04,"bolussnooze":8.0E-4,"activity":0.0015,"lastBolusTime":1703076100409,"time":"2023-12-20T15:57:05.550Z","iobWithZeroTemp":{"iob":-0.834,"basaliob":-0.949,"bolussnooze":8.0E-4,"activity":-0.0088,"lastBolusTime":1703076100409,"time":"2023-12-20T15:57:05.550Z"}},{"iob":0.068,"basaliob":-0.036,"bolussnooze":6.0E-4,"activity":0.0013,"lastBolusTime":1703076100409,"time":"2023-12-20T16:02:05.550Z","iobWithZeroTemp":{"iob":-0.84,"basaliob":-0.944,"bolussnooze":6.0E-4,"activity":-0.009,"lastBolusTime":1703076100409,"time":"2023-12-20T16:02:05.550Z"}},{"iob":0.062,"basaliob":-0.032,"bolussnooze":5.0E-4,"activity":0.0012,"lastBolusTime":1703076100409,"time":"2023-12-20T16:07:05.550Z","iobWithZeroTemp":{"iob":-0.844,"basaliob":-0.938,"bolussnooze":5.0E-4,"activity":-0.0091,"lastBolusTime":1703076100409,"time":"2023-12-20T16:07:05.550Z"}},{"iob":0.055,"basaliob":-0.029,"bolussnooze":3.0E-4,"activity":0.0012,"lastBolusTime":1703076100409,"time":"2023-12-20T16:12:05.550Z","iobWithZeroTemp":{"iob":-0.85,"basaliob":-0.934,"bolussnooze":3.0E-4,"activity":-0.0091,"lastBolusTime":1703076100409,"time":"2023-12-20T16:12:05.550Z"}},{"iob":0.05,"basaliob":-0.026,"bolussnooze":2.0E-4,"activity":0.001,"lastBolusTime":1703076100409,"time":"2023-12-20T16:17:05.550Z","iobWithZeroTemp":{"iob":-0.853,"basaliob":-0.929,"bolussnooze":2.0E-4,"activity":-0.0093,"lastBolusTime":1703076100409,"time":"2023-12-20T16:17:05.550Z"}},{"iob":0.046,"basaliob":-0.023,"bolussnooze":2.0E-4,"activity":9.0E-4,"lastBolusTime":1703076100409,"time":"2023-12-20T16:22:05.550Z","iobWithZeroTemp":{"iob":-0.856,"basaliob":-0.925,"bolussnooze":2.0E-4,"activity":-0.0094,"lastBolusTime":1703076100409,"time":"2023-12-20T16:22:05.550Z"}},{"iob":0.041,"basaliob":-0.021,"bolussnooze":1.0E-4,"activity":8.0E-4,"lastBolusTime":1703076100409,"time":"2023-12-20T16:27:05.550Z","iobWithZeroTemp":{"iob":-0.856,"basaliob":-0.918,"bolussnooze":1.0E-4,"activity":-0.0094,"lastBolusTime":1703076100409,"time":"2023-12-20T16:27:05.550Z"}},{"iob":0.036,"basaliob":-0.019,"bolussnooze":1.0E-4,"activity":8.0E-4,"lastBolusTime":1703076100409,"time":"2023-12-20T16:32:05.550Z","iobWithZeroTemp":{"iob":-0.86,"basaliob":-0.915,"bolussnooze":1.0E-4,"activity":-0.0094,"lastBolusTime":1703076100409,"time":"2023-12-20T16:32:05.550Z"}},{"iob":0.033,"basaliob":-0.017,"bolussnooze":0,"activity":7.0E-4,"lastBolusTime":1703076100409,"time":"2023-12-20T16:37:05.550Z","iobWithZeroTemp":{"iob":-0.862,"basaliob":-0.912,"bolussnooze":0,"activity":-0.0095,"lastBolusTime":1703076100409,"time":"2023-12-20T16:37:05.550Z"}},{"iob":0.03,"basaliob":-0.015,"bolussnooze":0,"activity":7.0E-4,"lastBolusTime":1703076100409,"time":"2023-12-20T16:42:05.550Z","iobWithZeroTemp":{"iob":-0.864,"basaliob":-0.909,"bolussnooze":0,"activity":-0.0095,"lastBolusTime":1703076100409,"time":"2023-12-20T16:42:05.550Z"}}],"profile":{"max_iob":20,"type":"current","max_daily_basal":1.6,"max_basal":3.2,"min_bg":81,"max_bg":81,"target_bg":81,"carb_ratio":8,"sens":108,"max_daily_safety_multiplier":3,"current_basal_safety_multiplier":4,"high_temptarget_raises_sensitivity":false,"low_temptarget_lowers_sensitivity":false,"sensitivity_raises_target":false,"resistance_lowers_target":false,"adv_target_adjustments":false,"exercise_mode":false,"half_basal_exercise_target":160,"maxCOB":120,"skip_neutral_temps":false,"remainingCarbsCap":90,"enableUAM":true,"A52_risk_enable":false,"SMBInterval":3,"enableSMB_with_COB":false,"enableSMB_with_temptarget":false,"allowSMB_with_high_temptarget":true,"enableSMB_always":true,"enableSMB_after_carbs":false,"maxSMBBasalMinutes":120,"maxUAMSMBBasalMinutes":120,"bolus_increment":0.05,"carbsReqThreshold":1,"current_basal":0.8,"temptargetSet":true,"autosens_max":1.8,"out_units":"mmol\/L"},"autosens_data":{"ratio":1},"meal_data":{"carbs":45,"mealCOB":5.388592592592594,"slopeFromMaxDeviation":-2.154,"slopeFromMinDeviation":0.839,"lastBolusTime":1703076100409,"lastCarbTime":1703074649000},"microBolusAllowed":true,"currentTime":1703076427685,"flatBGsDetected":false},"output":{"temp":"absolute","bg":94,"tick":"+3","eventualBG":39,"targetBG":81,"insulinReq":0,"deliverAt":"2023-12-20T12:47:07.685Z","sensitivityRatio":1,"predBGs":{"IOB":[94,95,96,95,93,90,87,82,78,73,67,61,55,49,43,39],"ZT":[94,88,82,75,68,61,54,47,41,39,39,39,39,39,39,39,39,39,39,39,39,39,39,39,39,39,39,39,39,39,39,39,39,41,45,49,54,58,63,68,73,77],"COB":[94,96,96,96,95,93,91,89,86,83,80,76,72,69,65,60,56,52,47,43,39],"UAM":[94,94,91,86,79,71,64,56,49,42,39,39,39]},"COB":5.388592592592594,"IOB":1.537,"reason":"COB: 5.4, Dev: 2.7, BGI: -0.3, ISF: 6.0, CR: 8, Target: 4.5, minPredBG 0.4, minGuardBG -2.9, IOBpredBG 2.2, COBpredBG 2.2, UAMpredBG 2.2; minGuardBG -2.9<3.4 115m left and 0 ~ req 0U\/hr: no temp required","timestamp":"2023-12-20T12:47:07.779Z"}}