{"algorithm":"OpenAPSSMBPlugin","input":{"glucoseStatus":{"glucose":63,"noise":0,"delta":-3,"short_avgdelta":-3.06,"long_avgdelta":-2.35,"date":1703112403086},"currenttemp":{"temp":"absolute","duration":15,"rate":0,"minutesrunning":15},"iob_data":[{"iob":-0.706,"basaliob":-0.894,"bolussnooze":0,"activity":-0.0042,"lastBolusTime":1703108234902,"time":"2023-12-20T22:47:15.256Z","iobWithZeroTemp":{"iob":-0.706,"basaliob":-0.894,"bolussnooze":0,"activity":-0.0042,"lastBolusTime":1703108234902,"time":"2023-12-20T22:47:15.256Z"}},{"iob":-0.683,"basaliob":-0.856,"bolussnooze":0,"activity":-0.0049,"lastBolusTime":1703108234902,"time":"2023-12-20T22:52:15.256Z","iobWithZeroTemp":{"iob":-0.783,"basaliob":-0.956,"bolussnooze":0,"activity":-0.005,"lastBolusTime":1703108234902,"time":"2023-12-20T22:52:15.256Z"}},{"iob":-0.658,"basaliob":-0.817,"bolussnooze":0,"activity":-0.0055,"lastBolusTime":1703108234902,"time":"2023-12-20T22:57:15.256Z","iobWithZeroTemp":{"iob":-0.882,"basaliob":-1.041,"bolussnooze":0,"activity":-0.0059,"lastBolusTime":1703108234902,"time":"2023-12-20T22:57:15.256Z"}},{"iob":-0.629,"basaliob":-0.776,"bolussnooze":0,"activity":-0.0058,"lastBolusTime":1703108234902,"time":"2023-12-20T23:02:15.256Z","iobWithZeroTemp":{"iob":-0.974,"basaliob":-1.121,"bolussnooze":0,"activity":-0.0068,"lastBolusTime":1703108234902,"time":"2023-12-20T23:02:15.256Z"}},{"iob":-0.599,"basaliob":-0.734,"bolussnooze":0,"activity":-0.006,"lastBolusTime":1703108234902,"time":"2023-12-20T23:07:15.256Z","iobWithZeroTemp":{"iob":-1.078,"basaliob":-1.213,"bolussnooze":0,"activity":-0.0078,"lastBolusTime":1703108234902,"time":"2023-12-20T23:07:15.256Z"}},{"iob":-0.569,"basaliob":-0.693,"bolussnooze":0,"activity":-0.0062,"lastBolusTime":1703108234902,"time":"2023-12-20T23:12:15.256Z","iobWithZeroTemp":{"iob":-1.171,"basaliob":-1.295,"bolussnooze":0,"activity":-0.0088,"lastBolusTime":1703108234902,"time":"2023-12-20T23:12:15.256Z"}},{"iob":-0.538,"basaliob":-0.651,"bolussnooze":0,"activity":-0.0062,"lastBolusTime":1703108234902,"time":"2023-12-20T23:17:15.256Z","iobWithZeroTemp":{"iob":-1.257,"basaliob":-1.37,"bolussnooze":0,"activity":-0.0098,"lastBolusTime":1703108234902,"time":"2023-12-20T23:17:15.256Z"}},{"iob":-0.507,"basaliob":-0.611,"bolussnooze":0,"activity":-0.0062,"lastBolusTime":1703108234902,"time":"2023-12-20T23:22:15.256Z","iobWithZeroTemp":{"iob":-1.339,"basaliob":-1.443,"bolussnooze":0,"activity":-0.0108,"lastBolusTime":1703108234902,"time":"2023-12-20T23:22:15.256Z"}},{"iob":-0.477,"basaliob":-0.572,"bolussnooze":0,"activity":-0.006,"lastBolusTime":1703108234902,"time":"2023-12-20T23:27:15.256Z","iobWithZeroTemp":{"iob":-1.417,"basaliob":-1.512,"bolussnooze":0,"activity":-0.0117,"lastBolusTime":1703108234902,"time":"2023-12-20T23:27:15.256Z"}},{"iob":-0.447,"basaliob":-0.534,"bolussnooze":0,"activity":-0.0058,"lastBolusTime":1703108234902,"time":"2023-12-20T23:32:15.256Z","iobWithZeroTemp":{"iob":-1.489,"basaliob":-1.576,"bolussnooze":0,"activity":-0.0126,"lastBolusTime":1703108234902,"time":"2023-12-20T23:32:15.256Z"}},{"iob":-0.419,"basaliob":-0.498,"bolussnooze":0,"activity":-0.0057,"lastBolusTime":1703108234902,"time":"2023-12-20T23:37:15.256Z","iobWithZeroTemp":{"iob":-1.557,"basaliob":-1.636,"bolussnooze":0,"activity":-0.0136,"lastBolusTime":1703108234902,"time":"2023-12-20T23:37:15.256Z"}},{"iob":-0.391,"basaliob":-0.463,"bolussnooze":0,"activity":-0.0055,"lastBolusTime":1703108234902,"time":"2023-12-20T23:42:15.256Z","iobWithZeroTemp":{"iob":-1.62,"basaliob":-1.692,"bolussnooze":0,"activity":-0.0145,"lastBolusTime":1703108234902,"time":"2023-12-20T23:42:15.256Z"}},{"iob":-0.364,"basaliob":-0.43,"bolussnooze":0,"activity":-0.0053,"lastBolusTime":1703108234902,"time":"2023-12-20T23:47:15.256Z","iobWithZeroTemp":{"iob":-1.679,"basaliob":-1.745,"bolussnooze":0,"activity":-0.0154,"lastBolusTime":1703108234902,"time":"2023-12-20T23:47:15.256Z"}},{"iob":-0.338,"basaliob":-0.398,"bolussnooze":0,"activity":-0.005,"lastBolusTime":1703108234902,"time":"2023-12-20T23:52:15.256Z","iobWithZeroTemp":{"iob":-1.733,"basaliob":-1.793,"bolussnooze":0,"activity":-0.0161,"lastBolusTime":1703108234902,"time":"2023-12-20T23:52:15.256Z"}},{"iob":-0.314,"basaliob":-0.369,"bolussnooze":0,"activity":-0.0048,"lastBolusTime":1703108234902,"time":"2023-12-20T23:57:15.256Z","iobWithZeroTemp":{"iob":-1.784,"basaliob":-1.839,"bolussnooze":0,"activity":-0.017,"lastBolusTime":1703108234902,"time":"2023-12-20T23:57:15.256Z"}},{"iob":-0.291,"basaliob":-0.341,"bolussnooze":0,"activity":-0.0045,"lastBolusTime":1703108234902,"time":"2023-12-21T00:02:15.256Z","iobWithZeroTemp":{"iob":-1.832,"basaliob":-1.882,"bolussnooze":0,"activity":-0.0176,"lastBolusTime":1703108234902,"time":"2023-12-21T00:02:15.256Z"}},{"iob":-0.269,"basaliob":-0.314,"bolussnooze":0,"activity":-0.0042,"lastBolusTime":1703108234902,"time":"2023-12-21T00:07:15.256Z","iobWithZeroTemp":{"iob":-1.867,"basaliob":-1.912,"bolussnooze":0,"activity":-0.0183,"lastBolusTime":1703108234902,"time":"2023-12-21T00:07:15.256Z"}},{"iob":-0.249,"basaliob":-0.29,"bolussnooze":0,"activity":-0.004,"lastBolusTime":1703108234902,"time":"2023-12-21T00:12:15.256Z","iobWithZeroTemp":{"iob":-1.899,"basaliob":-1.94,"bolussnooze":0,"activity":-0.0189,"lastBolusTime":1703108234902,"time":"2023-12-21T00:12:15.256Z"}},{"iob":-0.23,"basaliob":-0.267,"bolussnooze":0,"activity":-0.0037,"lastBolusTime":1703108234902,"time":"2023-12-21T00:17:15.256Z","iobWithZeroTemp":{"iob":-1.929,"basaliob":-1.966,"bolussnooze":0,"activity":-0.0194,"lastBolusTime":1703108234902,"time":"2023-12-21T00:17:15.256Z"}},{"iob":-0.211,"basaliob":-0.245,"bolussnooze":0,"activity":-0.0034,"lastBolusTime":1703108234902,"time":"2023-12-21T00:22:15.256Z","iobWithZeroTemp":{"iob":-1.947,"basaliob":-1.981,"bolussnooze":0,"activity":-0.0198,"lastBolusTime":1703108234902,"time":"2023-12-21T00:22:15.256Z"}},{"iob":-0.194,"basaliob":-0.225,"bolussnooze":0,"activity":-0.0033,"lastBolusTime":1703108234902,"time":"2023-12-21T00:27:15.256Z","iobWithZeroTemp":{"iob":-1.971,"basaliob":-2.002,"bolussnooze":0,"activity":-0.0204,"lastBolusTime":1703108234902,"time":"2023-12-21T00:27:15.256Z"}},{"iob":-0.179,"basaliob":-0.207,"bolussnooze":0,"activity":-0.003,"lastBolusTime":1703108234902,"time":"2023-12-21T00:32:15.256Z","iobWithZeroTemp":{"iob":-1.994,"basaliob":-2.022,"bolussnooze":0,"activity":-0.0208,"lastBolusTime":1703108234902,"time":"2023-12-21T00:32:15.256Z"}},{"iob":-0.165,"basaliob":-0.19,"bolussnooze":0,"activity":-0.0028,"lastBolusTime":1703108234902,"time":"2023-12-21T00:37:15.256Z","iobWithZeroTemp":{"iob":-2.014,"basaliob":-2.039,"bolussnooze":0,"activity":-0.0212,"lastBolusTime":1703108234902,"time":"2023-12-21T00:37:15.256Z"}},{"iob":-0.151,"basaliob":-0.174,"bolussnooze":0,"activity":-0.0026,"lastBolusTime":1703108234902,"time":"2023-12-21T00:42:15.256Z","iobWithZeroTemp":{"iob":-2.032,"basaliob":-2.055,"bolussnooze":0,"activity":-0.0215,"lastBolusTime":1703108234902,"time":"2023-12-21T00:42:15.256Z"}},{"iob":-0.138,"basaliob":-0.159,"bolussnooze":0,"activity":-0.0024,"lastBolusTime":1703108234902,"time":"2023-12-21T00:47:15.256Z","iobWithZeroTemp":{"iob":-2.048,"basaliob":-2.069,"bolussnooze":0,"activity":-0.0219,"lastBolusTime":1703108234902,"time":"2023-12-21T00:47:15.256Z"}},{"iob":-0.126,"basaliob":-0.145,"bolussnooze":0,"activity":-0.0022,"lastBolusTime":1703108234902,"time":"2023-12-21T00:52:15.256Z","iobWithZeroTemp":{"iob":-2.063,"basaliob":-2.082,"bolussnooze":0,"activity":-0.0221,"lastBolusTime":1703108234902,"time":"2023-12-21T00:52:15.256Z"}},{"iob":-0.116,"basaliob":-0.133,"bolussnooze":0,"activity":-0.0021,"lastBolusTime":1703108234902,"time":"2023-12-21T00:57:15.256Z","iobWithZeroTemp":{"iob":-2.077,"basaliob":-2.094,"bolussnooze":0,"activity":-0.0225,"lastBolusTime":1703108234902,"time":"2023-12-21T00:57:15.256Z"}},{"iob":-0.106,"basaliob":-0.121,"bolussnooze":0,"activity":-0.0019,"lastBolusTime":1703108234902,"time":"2023-12-21T01:02:15.256Z","iobWithZeroTemp":{"iob":-2.089,"basaliob":-2.104,"bolussnooze":0,"activity":-0.0227,"lastBolusTime":1703108234902,"time":"2023-12-21T01:02:15.256Z"}},{"iob":-0.096,"basaliob":-0.11,"bolussnooze":0,"activity":-0.0017,"lastBolusTime":1703108234902,"time":"2023-12-21T01:07:15.256Z","iobWithZeroTemp":{"iob":-2.1,"basaliob":-2.114,"bolussnooze":0,"activity":-0.0228,"lastBolusTime":1703108234902,"time":"2023-12-21T01:07:15.256Z"}},{"iob":-0.088,"basaliob":-0.1,"bolussnooze":0,"activity":-0.0016,"lastBolusTime":1703108234902,"time":"2023-12-21T01:12:15.256Z","iobWithZeroTemp":{"iob":-2.11,"basaliob":-2.122,"bolussnooze":0,"activity":-0.0231,"lastBolusTime":1703108234902,"time":"2023-12-21T01:12:15.256Z"}},{"iob":-0.08,"basaliob":-0.091,"bolussnooze":0,"activity":-0.0015,"lastBolusTime":1703108234902,"time":"2023-12-21T01:17:15.256Z","iobWithZeroTemp":{"iob":-2.119,"basaliob":-2.13,"bolussnooze":0,"activity":-0.0233,"lastBolusTime":1703108234902,"time":"2023-12-21T01:17:15.256Z"}},{"iob":-0.073,"basaliob":-0.083,"bolussnooze":0,"activity":-0.0014,"lastBolusTime":1703108234902,"time":"2023-12-21T01:22:15.256Z","iobWithZeroTemp":{"iob":-2.127,"basaliob":-2.137,"bolussnooze":0,"activity":-0.0235,"lastBolusTime":1703108234902,"time":"2023-12-21T01:22:15.256Z"}},{"iob":-0.067,"basaliob":-0.076,"bolussnooze":0,"activity":-0.0013,"lastBolusTime":1703108234902,"time":"2023-12-21T01:27:15.256Z","iobWithZeroTemp":{"iob":-2.135,"basaliob":-2.144,"bolussnooze":0,"activity":-0.0237,"lastBolusTime":1703108234902,"time":"2023-12-21T01:27:15.256Z"}},{"iob":-0.061,"basaliob":-0.069,"bolussnooze":0,"activity":-0.0011,"lastBolusTime":1703108234902,"time":"2023-12-21T01:32:15.256Z","iobWithZeroTemp":{"iob":-2.142,"basaliob":-2.15,"bolussnooze":0,"activity":-0.0237,"lastBolusTime":1703108234902,"time":"2023-12-21T01:32:15.256Z"}},{"iob":-0.055,"basaliob":-0.062,"bolussnooze":0,"activity":-0.001,"lastBolusTime":1703108234902,"time":"2023-12-21T01:37:15.256Z","iobWithZeroTemp":{"iob":-2.147,"basaliob":-2.154,"bolussnooze":0,"activity":-0.0238,"lastBolusTime":1703108234902,"time":"2023-12-21T01:37:15.256Z"}},{"iob":-0.05,"basaliob":-0.056,"bolussnooze":0,"activity":-0.001,"lastBolusTime":1703108234902,"time":"2023-12-21T01:42:15.256Z","iobWithZeroTemp":{"iob":-2.153,"basaliob":-2.159,"bolussnooze":0,"activity":-0.024,"lastBolusTime":1703108234902,"time":"2023-12-21T01:42:15.256Z"}},{"iob":-0.045,"basaliob":-0.051,"bolussnooze":0,"activity":-9.0E-4,"lastBolusTime":1703108234902,"time":"2023-12-21T01:47:15.256Z","iobWithZeroTemp":{"iob":-2.157,"basaliob":-2.163,"bolussnooze":0,"activity":-0.0241,"lastBolusTime":1703108234902,"time":"2023-12-21T01:47:15.256Z"}},{"iob":-0.041,"basaliob":-0.046,"bolussnooze":0,"activity":-8.0E-4,"lastBolusTime":1703108234902,"time":"2023-12-21T01:52:15.256Z","iobWithZeroTemp":{"iob":-2.162,"basaliob":-2.167,"bolussnooze":0,"activity":-0.0242,"lastBolusTime":1703108234902,"time":"2023-12-21T01:52:15.256Z"}},{"iob":-0.037,"basaliob":-0.042,"bolussnooze":0,"activity":-7.0E-4,"lastBolusTime":1703108234902,"time":"2023-12-21T01:57:15.256Z","iobWithZeroTemp":{"iob":-2.166,"basaliob":-2.171,"bolussnooze":0,"activity":-0.0242,"lastBolusTime":1703108234902,"time":"2023-12-21T01:57:15.256Z"}},{"iob":-0.034,"basaliob":-0.038,"bolussnooze":0,"activity":-7.0E-4,"lastBolusTime":1703108234902,"time":"2023-12-21T02:02:15.256Z","iobWithZeroTemp":{"iob":-2.17,"basaliob":-2.174,"bolussnooze":0,"activity":-0.0244,"lastBolusTime":1703108234902,"time":"2023-12-21T02:02:15.256Z"}},{"iob":-0.03,"basaliob":-0.034,"bolussnooze":0,"activity":-6.0E-4,"lastBolusTime":1703108234902,"time":"2023-12-21T02:07:15.256Z","iobWithZeroTemp":{"iob":-2.156,"basaliob":-2.16,"bolussnooze":0,"activity":-0.0244,"lastBolusTime":1703108234902,"time":"2023-12-21T02:07:15.256Z"}},{"iob":-0.028,"basaliob":-0.031,"bolussnooze":0,"activity":-5.0E-4,"lastBolusTime":1703108234902,"time":"2023-12-21T02:12:15.256Z","iobWithZeroTemp":{"iob":-2.143,"basaliob":-2.146,"bolussnooze":0,"activity":-0.0243,"lastBolusTime":1703108234902,"time":"2023-12-21T02:12:15.256Z"}},{"iob":-0.025,"basaliob":-0.028,"bolussnooze":0,"activity":-5.0E-4,"lastBolusTime":1703108234902,"time":"2023-12-21T02:17:15.256Z","iobWithZeroTemp":{"iob":-2.129,"basaliob":-2.132,"bolussnooze":0,"activity":-0.0244,"lastBolusTime":1703108234902,"time":"2023-12-21T02:17:15.256Z"}},{"iob":-0.022,"basaliob":-0.025,"bolussnooze":0,"activity":-4.0E-4,"lastBolusTime":1703108234902,"time":"2023-12-21T02:22:15.256Z","iobWithZeroTemp":{"iob":-2.115,"basaliob":-2.118,"bolussnooze":0,"activity":-0.0243,"lastBolusTime":1703108234902,"time":"2023-12-21T02:22:15.256Z"}},{"iob":-0.021,"basaliob":-0.023,"bolussnooze":0,"activity":-4.0E-4,"lastBolusTime":1703108234902,"time":"2023-12-21T02:27:15.256Z","iobWithZeroTemp":{"iob":-2.103,"basaliob":-2.105,"bolussnooze":0,"activity":-0.0242,"lastBolusTime":1703108234902,"time":"2023-12-21T02:27:15.256Z"}},{"iob":-0.018,"basaliob":-0.02,"bolussnooze":0,"activity":-4.0E-4,"lastBolusTime":1703108234902,"time":"2023-12-21T02:32:15.256Z","iobWithZeroTemp":{"iob":-2.09,"basaliob":-2.092,"bolussnooze":0,"activity":-0.0242,"lastBolusTime":1703108234902,"time":"2023-12-21T02:32:15.256Z"}},{"iob":-0.016,"basaliob":-0.018,"bolussnooze":0,"activity":-4.0E-4,"lastBolusTime":1703108234902,"time":"2023-12-21T02:37:15.256Z","iobWithZeroTemp":{"iob":-2.077,"basaliob":-2.079,"bolussnooze":0,"activity":-0.0241,"lastBolusTime":1703108234902,"time":"2023-12-21T02:37:15.256Z"}},{"iob":-0.015,"basaliob":-0.017,"bolussnooze":0,"activity":-4.0E-4,"lastBolusTime":1703108234902,"time":"2023-12-21T02:42:15.256Z","iobWithZeroTemp":{"iob":-2.066,"basaliob":-2.068,"bolussnooze":0,"activity":-0.0241,"lastBolusTime":1703108234902,"time":"2023-12-21T02:42:15.256Z"}}],"profile":{"max_iob":20,"type":"current","max_daily_basal":1.6,"max_basal":4.8,"min_bg":111.6,"max_bg":111.6,"target_bg":111.6,"carb_ratio":4.5,"sens":63,"max_daily_safety_multiplier":3,"current_basal_safety_multiplier":4,"high_temptarget_raises_sensitivity":false,"low_temptarget_lowers_sensitivity":false,"sensitivity_raises_target":false,"resistance_lowers_target":false,"adv_target_adjustments":false,"exercise_mode":false,"half_basal_exercise_target":160,"maxCOB":120,"skip_neutral_temps":false,"remainingCarbsCap":90,"enableUAM":true,"A52_risk_enable":false,"SMBInterval":3,"enableSMB_with_COB":false,"enableSMB_with_temptarget":false,"allowSMB_with_high_temptarget":true,"enableSMB_always":true,"enableSMB_after_carbs":false,"maxSMBBasalMinutes":120,"maxUAMSMBBasalMinutes":120,"bolus_increment":0.05,"carbsReqThreshold":1,"current_basal":1.5,"temptargetSet":true,"autosens_max":1.8,"out_units":"mmol\/L"},"autosens_data":{"ratio":1},"meal_data":{"carbs":0,"mealCOB":0,"slopeFromMaxDeviation":-0.579,"slopeFromMinDeviation":0.08099999999999952,"lastBolusTime":1703108234902,"lastCarbTime":0},"microBolusAllowed":true,"currentTime":1703112438050,"flatBGsDetected":false},"output":{"temp":"absolute","bg":63,"tick":-3,"eventualBG":85,"targetBG":111.6,"insulinReq":0,"deliverAt":"2023-12-20T22:47:18.050Z","sensitivityRatio":1,"predBGs":{"IOB":[63,60,58,57,55,55,55,55,55,56,57,58,60,62,63,65,66,68,69,70,71,72,73,74,75,76,76,77,78,78,79,79,80,80,80,81,81,81,81,82,82,82,82,82,83],"ZT":[63,64,66,68,70,72,75,78,82,85,89,94,98,103,108]},"COB":0,"IOB":-0.706,"reason":"COB: 0, Dev: -1.2, BGI: 0.1, ISF: 3.5, CR: 4.5, Target: 6.2, minPredBG 3.8, minGuardBG 3.1, IOBpredBG 4.6; minGuardBG 3.1<4.2","duration":30,"rate":0,"timestamp":"2023-12-20T22:47:18.173Z"}}