{"algorithm":"OpenAPSSMBPlugin","input":{"glucoseStatus":{"glucose":137,"noise":0,"delta":0,"short_avgdelta":-0.39,"long_avgdelta":-1.39,"date":1703135804035},"currenttemp":{"temp":"absolute","duration":105,"rate":0,"minutesrunning":15},"iob_data":[{"iob":4.549,"basaliob":-1.703,"bolussnooze":2.5882,"activity":0.0586,"lastBolusTime":1703135755375,"time":"2023-12-21T05:17:02.245Z","iobWithZeroTemp":{"iob":4.549,"basaliob":-1.703,"bolussnooze":2.5882,"activity":0.0586,"lastBolusTime":1703135755375,"time":"2023-12-21T05:17:02.245Z"}},{"iob":4.26,"basaliob":-1.611,"bolussnooze":2.2662,"activity":0.0569,"lastBolusTime":1703135755375,"time":"2023-12-21T05:22:02.245Z","iobWithZeroTemp":{"iob":4.173,"basaliob":-1.698,"bolussnooze":2.2662,"activity":0.0568,"lastBolusTime":1703135755375,"time":"2023-12-21T05:22:02.245Z"}},{"iob":3.98,"basaliob":-1.52,"bolussnooze":1.9672,"activity":0.0549,"lastBolusTime":1703135755375,"time":"2023-12-21T05:27:02.245Z","iobWithZeroTemp":{"iob":3.786,"basaliob":-1.714,"bolussnooze":1.9672,"activity":0.0545,"lastBolusTime":1703135755375,"time":"2023-12-21T05:27:02.245Z"}},{"iob":3.711,"basaliob":-1.429,"bolussnooze":1.6953,"activity":0.0527,"lastBolusTime":1703135755375,"time":"2023-12-21T05:32:02.245Z","iobWithZeroTemp":{"iob":3.412,"basaliob":-1.728,"bolussnooze":1.6953,"activity":0.0518,"lastBolusTime":1703135755375,"time":"2023-12-21T05:32:02.245Z"}},{"iob":3.454,"basaliob":-1.34,"bolussnooze":1.4515,"activity":0.0503,"lastBolusTime":1703135755375,"time":"2023-12-21T05:37:02.245Z","iobWithZeroTemp":{"iob":3.052,"basaliob":-1.742,"bolussnooze":1.4515,"activity":0.0488,"lastBolusTime":1703135755375,"time":"2023-12-21T05:37:02.245Z"}},{"iob":3.208,"basaliob":-1.254,"bolussnooze":1.2359,"activity":0.0478,"lastBolusTime":1703135755375,"time":"2023-12-21T05:42:02.245Z","iobWithZeroTemp":{"iob":2.707,"basaliob":-1.755,"bolussnooze":1.2359,"activity":0.0456,"lastBolusTime":1703135755375,"time":"2023-12-21T05:42:02.245Z"}},{"iob":2.974,"basaliob":-1.171,"bolussnooze":1.0469,"activity":0.0454,"lastBolusTime":1703135755375,"time":"2023-12-21T05:47:02.245Z","iobWithZeroTemp":{"iob":2.378,"basaliob":-1.767,"bolussnooze":1.0469,"activity":0.0424,"lastBolusTime":1703135755375,"time":"2023-12-21T05:47:02.245Z"}},{"iob":2.754,"basaliob":-1.091,"bolussnooze":0.8828,"activity":0.0428,"lastBolusTime":1703135755375,"time":"2023-12-21T05:52:02.245Z","iobWithZeroTemp":{"iob":2.067,"basaliob":-1.778,"bolussnooze":0.8828,"activity":0.0389,"lastBolusTime":1703135755375,"time":"2023-12-21T05:52:02.245Z"}},{"iob":2.547,"basaliob":-1.014,"bolussnooze":0.7413,"activity":0.0403,"lastBolusTime":1703135755375,"time":"2023-12-21T05:57:02.245Z","iobWithZeroTemp":{"iob":1.773,"basaliob":-1.788,"bolussnooze":0.7413,"activity":0.0356,"lastBolusTime":1703135755375,"time":"2023-12-21T05:57:02.245Z"}},{"iob":2.352,"basaliob":-0.941,"bolussnooze":0.6201,"activity":0.0378,"lastBolusTime":1703135755375,"time":"2023-12-21T06:02:02.245Z","iobWithZeroTemp":{"iob":1.495,"basaliob":-1.798,"bolussnooze":0.6201,"activity":0.0322,"lastBolusTime":1703135755375,"time":"2023-12-21T06:02:02.245Z"}},{"iob":2.168,"basaliob":-0.872,"bolussnooze":0.5168,"activity":0.0355,"lastBolusTime":1703135755375,"time":"2023-12-21T06:07:02.245Z","iobWithZeroTemp":{"iob":1.237,"basaliob":-1.803,"bolussnooze":0.5168,"activity":0.029,"lastBolusTime":1703135755375,"time":"2023-12-21T06:07:02.245Z"}},{"iob":1.997,"basaliob":-0.807,"bolussnooze":0.4292,"activity":0.0331,"lastBolusTime":1703135755375,"time":"2023-12-21T06:12:02.245Z","iobWithZeroTemp":{"iob":0.997,"basaliob":-1.807,"bolussnooze":0.4292,"activity":0.0257,"lastBolusTime":1703135755375,"time":"2023-12-21T06:12:02.245Z"}},{"iob":1.836,"basaliob":-0.746,"bolussnooze":0.3554,"activity":0.0309,"lastBolusTime":1703135755375,"time":"2023-12-21T06:17:02.245Z","iobWithZeroTemp":{"iob":0.771,"basaliob":-1.811,"bolussnooze":0.3554,"activity":0.0226,"lastBolusTime":1703135755375,"time":"2023-12-21T06:17:02.245Z"}},{"iob":1.688,"basaliob":-0.688,"bolussnooze":0.2933,"activity":0.0287,"lastBolusTime":1703135755375,"time":"2023-12-21T06:22:02.245Z","iobWithZeroTemp":{"iob":0.562,"basaliob":-1.814,"bolussnooze":0.2933,"activity":0.0196,"lastBolusTime":1703135755375,"time":"2023-12-21T06:22:02.245Z"}},{"iob":1.549,"basaliob":-0.634,"bolussnooze":0.2413,"activity":0.0268,"lastBolusTime":1703135755375,"time":"2023-12-21T06:27:02.245Z","iobWithZeroTemp":{"iob":0.366,"basaliob":-1.817,"bolussnooze":0.2413,"activity":0.0169,"lastBolusTime":1703135755375,"time":"2023-12-21T06:27:02.245Z"}},{"iob":1.42,"basaliob":-0.584,"bolussnooze":0.198,"activity":0.0247,"lastBolusTime":1703135755375,"time":"2023-12-21T06:32:02.245Z","iobWithZeroTemp":{"iob":0.184,"basaliob":-1.82,"bolussnooze":0.198,"activity":0.014,"lastBolusTime":1703135755375,"time":"2023-12-21T06:32:02.245Z"}},{"iob":1.3,"basaliob":-0.537,"bolussnooze":0.1619,"activity":0.0229,"lastBolusTime":1703135755375,"time":"2023-12-21T06:37:02.245Z","iobWithZeroTemp":{"iob":0.019,"basaliob":-1.818,"bolussnooze":0.1619,"activity":0.0116,"lastBolusTime":1703135755375,"time":"2023-12-21T06:37:02.245Z"}},{"iob":1.19,"basaliob":-0.493,"bolussnooze":0.1321,"activity":0.0212,"lastBolusTime":1703135755375,"time":"2023-12-21T06:42:02.245Z","iobWithZeroTemp":{"iob":-0.137,"basaliob":-1.82,"bolussnooze":0.1321,"activity":0.0092,"lastBolusTime":1703135755375,"time":"2023-12-21T06:42:02.245Z"}},{"iob":1.088,"basaliob":-0.452,"bolussnooze":0.1074,"activity":0.0197,"lastBolusTime":1703135755375,"time":"2023-12-21T06:47:02.245Z","iobWithZeroTemp":{"iob":-0.282,"basaliob":-1.822,"bolussnooze":0.1074,"activity":0.007,"lastBolusTime":1703135755375,"time":"2023-12-21T06:47:02.245Z"}},{"iob":0.994,"basaliob":-0.414,"bolussnooze":0.0871,"activity":0.0181,"lastBolusTime":1703135755375,"time":"2023-12-21T06:52:02.245Z","iobWithZeroTemp":{"iob":-0.415,"basaliob":-1.823,"bolussnooze":0.0871,"activity":0.0048,"lastBolusTime":1703135755375,"time":"2023-12-21T06:52:02.245Z"}},{"iob":0.907,"basaliob":-0.379,"bolussnooze":0.0704,"activity":0.0167,"lastBolusTime":1703135755375,"time":"2023-12-21T06:57:02.245Z","iobWithZeroTemp":{"iob":-0.538,"basaliob":-1.824,"bolussnooze":0.0704,"activity":0.0028,"lastBolusTime":1703135755375,"time":"2023-12-21T06:57:02.245Z"}},{"iob":0.827,"basaliob":-0.347,"bolussnooze":0.0568,"activity":0.0154,"lastBolusTime":1703135755375,"time":"2023-12-21T07:02:02.245Z","iobWithZeroTemp":{"iob":-0.652,"basaliob":-1.826,"bolussnooze":0.0568,"activity":0.001,"lastBolusTime":1703135755375,"time":"2023-12-21T07:02:02.245Z"}},{"iob":0.754,"basaliob":-0.317,"bolussnooze":0.0456,"activity":0.0141,"lastBolusTime":1703135755375,"time":"2023-12-21T07:07:02.245Z","iobWithZeroTemp":{"iob":-0.751,"basaliob":-1.822,"bolussnooze":0.0456,"activity":-8.0E-4,"lastBolusTime":1703135755375,"time":"2023-12-21T07:07:02.245Z"}},{"iob":0.686,"basaliob":-0.289,"bolussnooze":0.0365,"activity":0.0129,"lastBolusTime":1703135755375,"time":"2023-12-21T07:12:02.245Z","iobWithZeroTemp":{"iob":-0.844,"basaliob":-1.819,"bolussnooze":0.0365,"activity":-0.0025,"lastBolusTime":1703135755375,"time":"2023-12-21T07:12:02.245Z"}},{"iob":0.624,"basaliob":-0.264,"bolussnooze":0.0292,"activity":0.0118,"lastBolusTime":1703135755375,"time":"2023-12-21T07:17:02.245Z","iobWithZeroTemp":{"iob":-0.928,"basaliob":-1.816,"bolussnooze":0.0292,"activity":-0.004,"lastBolusTime":1703135755375,"time":"2023-12-21T07:17:02.245Z"}},{"iob":0.567,"basaliob":-0.241,"bolussnooze":0.0232,"activity":0.0109,"lastBolusTime":1703135755375,"time":"2023-12-21T07:22:02.245Z","iobWithZeroTemp":{"iob":-1.005,"basaliob":-1.813,"bolussnooze":0.0232,"activity":-0.0053,"lastBolusTime":1703135755375,"time":"2023-12-21T07:22:02.245Z"}},{"iob":0.515,"basaliob":-0.219,"bolussnooze":0.0184,"activity":0.01,"lastBolusTime":1703135755375,"time":"2023-12-21T07:27:02.245Z","iobWithZeroTemp":{"iob":-1.075,"basaliob":-1.809,"bolussnooze":0.0184,"activity":-0.0065,"lastBolusTime":1703135755375,"time":"2023-12-21T07:27:02.245Z"}},{"iob":0.468,"basaliob":-0.199,"bolussnooze":0.0145,"activity":0.0091,"lastBolusTime":1703135755375,"time":"2023-12-21T07:32:02.245Z","iobWithZeroTemp":{"iob":-1.139,"basaliob":-1.806,"bolussnooze":0.0145,"activity":-0.0078,"lastBolusTime":1703135755375,"time":"2023-12-21T07:32:02.245Z"}},{"iob":0.424,"basaliob":-0.181,"bolussnooze":0.0114,"activity":0.0083,"lastBolusTime":1703135755375,"time":"2023-12-21T07:37:02.245Z","iobWithZeroTemp":{"iob":-1.198,"basaliob":-1.803,"bolussnooze":0.0114,"activity":-0.0089,"lastBolusTime":1703135755375,"time":"2023-12-21T07:37:02.245Z"}},{"iob":0.384,"basaliob":-0.165,"bolussnooze":0.0089,"activity":0.0076,"lastBolusTime":1703135755375,"time":"2023-12-21T07:42:02.245Z","iobWithZeroTemp":{"iob":-1.251,"basaliob":-1.8,"bolussnooze":0.0089,"activity":-0.0098,"lastBolusTime":1703135755375,"time":"2023-12-21T07:42:02.245Z"}},{"iob":0.348,"basaliob":-0.15,"bolussnooze":0.007,"activity":0.0069,"lastBolusTime":1703135755375,"time":"2023-12-21T07:47:02.245Z","iobWithZeroTemp":{"iob":-1.3,"basaliob":-1.798,"bolussnooze":0.007,"activity":-0.0108,"lastBolusTime":1703135755375,"time":"2023-12-21T07:47:02.245Z"}},{"iob":0.315,"basaliob":-0.136,"bolussnooze":0.0054,"activity":0.0063,"lastBolusTime":1703135755375,"time":"2023-12-21T07:52:02.245Z","iobWithZeroTemp":{"iob":-1.344,"basaliob":-1.795,"bolussnooze":0.0054,"activity":-0.0116,"lastBolusTime":1703135755375,"time":"2023-12-21T07:52:02.245Z"}},{"iob":0.285,"basaliob":-0.123,"bolussnooze":0.0042,"activity":0.0058,"lastBolusTime":1703135755375,"time":"2023-12-21T07:57:02.245Z","iobWithZeroTemp":{"iob":-1.384,"basaliob":-1.792,"bolussnooze":0.0042,"activity":-0.0123,"lastBolusTime":1703135755375,"time":"2023-12-21T07:57:02.245Z"}},{"iob":0.258,"basaliob":-0.111,"bolussnooze":0.0032,"activity":0.0052,"lastBolusTime":1703135755375,"time":"2023-12-21T08:02:02.245Z","iobWithZeroTemp":{"iob":-1.42,"basaliob":-1.789,"bolussnooze":0.0032,"activity":-0.0131,"lastBolusTime":1703135755375,"time":"2023-12-21T08:02:02.245Z"}},{"iob":0.232,"basaliob":-0.101,"bolussnooze":0.0024,"activity":0.0048,"lastBolusTime":1703135755375,"time":"2023-12-21T08:07:02.245Z","iobWithZeroTemp":{"iob":-1.446,"basaliob":-1.779,"bolussnooze":0.0024,"activity":-0.0136,"lastBolusTime":1703135755375,"time":"2023-12-21T08:07:02.245Z"}},{"iob":0.21,"basaliob":-0.091,"bolussnooze":0.0018,"activity":0.0044,"lastBolusTime":1703135755375,"time":"2023-12-21T08:12:02.245Z","iobWithZeroTemp":{"iob":-1.467,"basaliob":-1.768,"bolussnooze":0.0018,"activity":-0.0142,"lastBolusTime":1703135755375,"time":"2023-12-21T08:12:02.245Z"}},{"iob":0.189,"basaliob":-0.083,"bolussnooze":0.0014,"activity":0.0039,"lastBolusTime":1703135755375,"time":"2023-12-21T08:17:02.245Z","iobWithZeroTemp":{"iob":-1.487,"basaliob":-1.759,"bolussnooze":0.0014,"activity":-0.0148,"lastBolusTime":1703135755375,"time":"2023-12-21T08:17:02.245Z"}},{"iob":0.17,"basaliob":-0.075,"bolussnooze":0.001,"activity":0.0036,"lastBolusTime":1703135755375,"time":"2023-12-21T08:22:02.245Z","iobWithZeroTemp":{"iob":-1.504,"basaliob":-1.749,"bolussnooze":0.001,"activity":-0.0151,"lastBolusTime":1703135755375,"time":"2023-12-21T08:22:02.245Z"}},{"iob":0.154,"basaliob":-0.067,"bolussnooze":8.0E-4,"activity":0.0032,"lastBolusTime":1703135755375,"time":"2023-12-21T08:27:02.245Z","iobWithZeroTemp":{"iob":-1.516,"basaliob":-1.737,"bolussnooze":8.0E-4,"activity":-0.0156,"lastBolusTime":1703135755375,"time":"2023-12-21T08:27:02.245Z"}},{"iob":0.138,"basaliob":-0.061,"bolussnooze":5.0E-4,"activity":0.0029,"lastBolusTime":1703135755375,"time":"2023-12-21T08:32:02.245Z","iobWithZeroTemp":{"iob":-1.53,"basaliob":-1.729,"bolussnooze":5.0E-4,"activity":-0.0159,"lastBolusTime":1703135755375,"time":"2023-12-21T08:32:02.245Z"}},{"iob":0.124,"basaliob":-0.055,"bolussnooze":4.0E-4,"activity":0.0027,"lastBolusTime":1703135755375,"time":"2023-12-21T08:37:02.245Z","iobWithZeroTemp":{"iob":-1.542,"basaliob":-1.721,"bolussnooze":4.0E-4,"activity":-0.0161,"lastBolusTime":1703135755375,"time":"2023-12-21T08:37:02.245Z"}},{"iob":0.112,"basaliob":-0.049,"bolussnooze":3.0E-4,"activity":0.0024,"lastBolusTime":1703135755375,"time":"2023-12-21T08:42:02.245Z","iobWithZeroTemp":{"iob":-1.551,"basaliob":-1.712,"bolussnooze":3.0E-4,"activity":-0.0165,"lastBolusTime":1703135755375,"time":"2023-12-21T08:42:02.245Z"}},{"iob":0.101,"basaliob":-0.044,"bolussnooze":2.0E-4,"activity":0.0022,"lastBolusTime":1703135755375,"time":"2023-12-21T08:47:02.245Z","iobWithZeroTemp":{"iob":-1.56,"basaliob":-1.705,"bolussnooze":2.0E-4,"activity":-0.0167,"lastBolusTime":1703135755375,"time":"2023-12-21T08:47:02.245Z"}},{"iob":0.09,"basaliob":-0.04,"bolussnooze":1.0E-4,"activity":0.002,"lastBolusTime":1703135755375,"time":"2023-12-21T08:52:02.245Z","iobWithZeroTemp":{"iob":-1.568,"basaliob":-1.698,"bolussnooze":1.0E-4,"activity":-0.0169,"lastBolusTime":1703135755375,"time":"2023-12-21T08:52:02.245Z"}},{"iob":0.08,"basaliob":-0.036,"bolussnooze":1.0E-4,"activity":0.0017,"lastBolusTime":1703135755375,"time":"2023-12-21T08:57:02.245Z","iobWithZeroTemp":{"iob":-1.575,"basaliob":-1.691,"bolussnooze":1.0E-4,"activity":-0.0172,"lastBolusTime":1703135755375,"time":"2023-12-21T08:57:02.245Z"}},{"iob":0.072,"basaliob":-0.032,"bolussnooze":1.0E-4,"activity":0.0016,"lastBolusTime":1703135755375,"time":"2023-12-21T09:02:02.245Z","iobWithZeroTemp":{"iob":-1.581,"basaliob":-1.685,"bolussnooze":1.0E-4,"activity":-0.0173,"lastBolusTime":1703135755375,"time":"2023-12-21T09:02:02.245Z"}},{"iob":0.064,"basaliob":-0.029,"bolussnooze":0,"activity":0.0015,"lastBolusTime":1703135755375,"time":"2023-12-21T09:07:02.245Z","iobWithZeroTemp":{"iob":-1.578,"basaliob":-1.671,"bolussnooze":0,"activity":-0.0173,"lastBolusTime":1703135755375,"time":"2023-12-21T09:07:02.245Z"}},{"iob":0.058,"basaliob":-0.026,"bolussnooze":0,"activity":0.0013,"lastBolusTime":1703135755375,"time":"2023-12-21T09:12:02.245Z","iobWithZeroTemp":{"iob":-1.573,"basaliob":-1.657,"bolussnooze":0,"activity":-0.0175,"lastBolusTime":1703135755375,"time":"2023-12-21T09:12:02.245Z"}}],"profile":{"max_iob":20,"type":"current","max_daily_basal":1.6,"max_basal":4.8,"min_bg":81,"max_bg":81,"target_bg":81,"carb_ratio":5.5,"sens":72,"max_daily_safety_multiplier":3,"current_basal_safety_multiplier":4,"high_temptarget_raises_sensitivity":false,"low_temptarget_lowers_sensitivity":false,"sensitivity_raises_target":false,"resistance_lowers_target":false,"adv_target_adjustments":false,"exercise_mode":false,"half_basal_exercise_target":160,"maxCOB":120,"skip_neutral_temps":false,"remainingCarbsCap":90,"enableUAM":true,"A52_risk_enable":false,"SMBInterval":3,"enableSMB_with_COB":false,"enableSMB_with_temptarget":false,"allowSMB_with_high_temptarget":true,"enableSMB_always":true,"enableSMB_after_carbs":false,"maxSMBBasalMinutes":120,"maxUAMSMBBasalMinutes":120,"bolus_increment":0.05,"carbsReqThreshold":1,"current_basal":1.3,"temptargetSet":true,"autosens_max":1.8,"out_units":"mmol\/L"},"autosens_data":{"ratio":1},"meal_data":{"carbs":20,"mealCOB":0,"slopeFromMaxDeviation":-0.8678333333333333,"slopeFromMinDeviation":0,"lastBolusTime":1703135755375,"lastCarbTime":1703127724000},"microBolusAllowed":true,"currentTime":1703135823836,"flatBGsDetected":false},"output":{"temp":"absolute","bg":137,"tick":"+0","eventualBG":39,"targetBG":81,"insulinReq":0,"deliverAt":"2023-12-21T05:17:03.836Z","sensitivityRatio":1,"predBGs":{"IOB":[137,135,132,127,122,116,109,102,93,84,74,63,51,40,39],"ZT":[137,116,95,76,57,40,39,39,39,39,39,39,39,39,39,39,39,39,39,39,39,39,39,39,39,39,39,39,39,39,39,39,39,39,39,39,39,39,39,39,39,39,39,39,39,39,39,39],"UAM":[137,136,134,133,131,129,127,126,124,122,121,119,117,116,114,112,110,107,105,102,99,95,91,87,82,78,74,70,67,64,61,59,57,54,53,51,49,48,47,45,44,43,43,42,41,40,40,39]},"COB":0,"IOB":4.549,"reason":"COB: 0, Dev: 6.9, BGI: -1.2, ISF: 4.0, CR: 5.5, Target: 4.5, minPredBG -1.4, minGuardBG 2.2, IOBpredBG 2.2, UAMpredBG 2.2; minGuardBG 2.2<3.4 105m left and 0 ~ req 0U\/hr: no temp required","timestamp":"2023-12-21T05:17:03.911Z"}}