{"algorithm":"OpenAPSSMBPlugin","input":{"glucoseStatus":{"glucose":110,"noise":0,"delta":5,"short_avgdelta":5.56,"long_avgdelta":5.97,"date":1703067101148},"currenttemp":{"temp":"absolute","duration":115,"rate":0,"minutesrunning":5},"iob_data":[{"iob":4.244,"basaliob":-1.147,"bolussnooze":2.7409,"activity":0.0226,"lastBolusTime":1703067003092,"time":"2023-12-20T10:12:12.040Z","iobWithZeroTemp":{"iob":4.244,"basaliob":-1.147,"bolussnooze":2.7409,"activity":0.0226,"lastBolusTime":1703067003092,"time":"2023-12-20T10:12:12.040Z"}},{"iob":4.118,"basaliob":-1.081,"bolussnooze":2.534,"activity":0.0275,"lastBolusTime":1703067003092,"time":"2023-12-20T10:17:12.040Z","iobWithZeroTemp":{"iob":4.058,"basaliob":-1.141,"bolussnooze":2.534,"activity":0.0274,"lastBolusTime":1703067003092,"time":"2023-12-20T10:17:12.040Z"}},{"iob":3.971,"basaliob":-1.016,"bolussnooze":2.2988,"activity":0.0312,"lastBolusTime":1703067003092,"time":"2023-12-20T10:22:12.040Z","iobWithZeroTemp":{"iob":3.837,"basaliob":-1.15,"bolussnooze":2.2988,"activity":0.0309,"lastBolusTime":1703067003092,"time":"2023-12-20T10:22:12.040Z"}},{"iob":3.808,"basaliob":-0.953,"bolussnooze":2.0548,"activity":0.0337,"lastBolusTime":1703067003092,"time":"2023-12-20T10:27:12.040Z","iobWithZeroTemp":{"iob":3.601,"basaliob":-1.16,"bolussnooze":2.0548,"activity":0.0331,"lastBolusTime":1703067003092,"time":"2023-12-20T10:27:12.040Z"}},{"iob":3.636,"basaliob":-0.891,"bolussnooze":1.8151,"activity":0.0354,"lastBolusTime":1703067003092,"time":"2023-12-20T10:32:12.040Z","iobWithZeroTemp":{"iob":3.358,"basaliob":-1.169,"bolussnooze":1.8151,"activity":0.0344,"lastBolusTime":1703067003092,"time":"2023-12-20T10:32:12.040Z"}},{"iob":3.456,"basaliob":-0.832,"bolussnooze":1.5876,"activity":0.0363,"lastBolusTime":1703067003092,"time":"2023-12-20T10:37:12.040Z","iobWithZeroTemp":{"iob":3.109,"basaliob":-1.179,"bolussnooze":1.5876,"activity":0.0348,"lastBolusTime":1703067003092,"time":"2023-12-20T10:37:12.040Z"}},{"iob":3.273,"basaliob":-0.775,"bolussnooze":1.3771,"activity":0.0366,"lastBolusTime":1703067003092,"time":"2023-12-20T10:42:12.040Z","iobWithZeroTemp":{"iob":2.86,"basaliob":-1.188,"bolussnooze":1.3771,"activity":0.0345,"lastBolusTime":1703067003092,"time":"2023-12-20T10:42:12.040Z"}},{"iob":3.089,"basaliob":-0.721,"bolussnooze":1.186,"activity":0.0366,"lastBolusTime":1703067003092,"time":"2023-12-20T10:47:12.040Z","iobWithZeroTemp":{"iob":2.613,"basaliob":-1.197,"bolussnooze":1.186,"activity":0.0339,"lastBolusTime":1703067003092,"time":"2023-12-20T10:47:12.040Z"}},{"iob":2.908,"basaliob":-0.669,"bolussnooze":1.0152,"activity":0.0361,"lastBolusTime":1703067003092,"time":"2023-12-20T10:52:12.040Z","iobWithZeroTemp":{"iob":2.372,"basaliob":-1.205,"bolussnooze":1.0152,"activity":0.0328,"lastBolusTime":1703067003092,"time":"2023-12-20T10:52:12.040Z"}},{"iob":2.729,"basaliob":-0.62,"bolussnooze":0.8641,"activity":0.0353,"lastBolusTime":1703067003092,"time":"2023-12-20T10:57:12.040Z","iobWithZeroTemp":{"iob":2.136,"basaliob":-1.213,"bolussnooze":0.8641,"activity":0.0314,"lastBolusTime":1703067003092,"time":"2023-12-20T10:57:12.040Z"}},{"iob":2.556,"basaliob":-0.573,"bolussnooze":0.732,"activity":0.0342,"lastBolusTime":1703067003092,"time":"2023-12-20T11:02:12.040Z","iobWithZeroTemp":{"iob":1.909,"basaliob":-1.22,"bolussnooze":0.732,"activity":0.0297,"lastBolusTime":1703067003092,"time":"2023-12-20T11:02:12.040Z"}},{"iob":2.387,"basaliob":-0.53,"bolussnooze":0.6172,"activity":0.033,"lastBolusTime":1703067003092,"time":"2023-12-20T11:07:12.040Z","iobWithZeroTemp":{"iob":1.697,"basaliob":-1.22,"bolussnooze":0.6172,"activity":0.0279,"lastBolusTime":1703067003092,"time":"2023-12-20T11:07:12.040Z"}},{"iob":2.226,"basaliob":-0.489,"bolussnooze":0.5184,"activity":0.0317,"lastBolusTime":1703067003092,"time":"2023-12-20T11:12:12.040Z","iobWithZeroTemp":{"iob":1.497,"basaliob":-1.218,"bolussnooze":0.5184,"activity":0.026,"lastBolusTime":1703067003092,"time":"2023-12-20T11:12:12.040Z"}},{"iob":2.071,"basaliob":-0.45,"bolussnooze":0.4337,"activity":0.0302,"lastBolusTime":1703067003092,"time":"2023-12-20T11:17:12.040Z","iobWithZeroTemp":{"iob":1.305,"basaliob":-1.216,"bolussnooze":0.4337,"activity":0.0239,"lastBolusTime":1703067003092,"time":"2023-12-20T11:17:12.040Z"}},{"iob":1.924,"basaliob":-0.414,"bolussnooze":0.3616,"activity":0.0288,"lastBolusTime":1703067003092,"time":"2023-12-20T11:22:12.040Z","iobWithZeroTemp":{"iob":1.131,"basaliob":-1.207,"bolussnooze":0.3616,"activity":0.0221,"lastBolusTime":1703067003092,"time":"2023-12-20T11:22:12.040Z"}},{"iob":1.784,"basaliob":-0.381,"bolussnooze":0.3004,"activity":0.0272,"lastBolusTime":1703067003092,"time":"2023-12-20T11:27:12.040Z","iobWithZeroTemp":{"iob":0.959,"basaliob":-1.206,"bolussnooze":0.3004,"activity":0.02,"lastBolusTime":1703067003092,"time":"2023-12-20T11:27:12.040Z"}},{"iob":1.651,"basaliob":-0.35,"bolussnooze":0.2489,"activity":0.0257,"lastBolusTime":1703067003092,"time":"2023-12-20T11:32:12.040Z","iobWithZeroTemp":{"iob":0.797,"basaliob":-1.204,"bolussnooze":0.2489,"activity":0.018,"lastBolusTime":1703067003092,"time":"2023-12-20T11:32:12.040Z"}},{"iob":1.527,"basaliob":-0.321,"bolussnooze":0.2055,"activity":0.0242,"lastBolusTime":1703067003092,"time":"2023-12-20T11:37:12.040Z","iobWithZeroTemp":{"iob":0.645,"basaliob":-1.203,"bolussnooze":0.2055,"activity":0.0161,"lastBolusTime":1703067003092,"time":"2023-12-20T11:37:12.040Z"}},{"iob":1.41,"basaliob":-0.294,"bolussnooze":0.1692,"activity":0.0227,"lastBolusTime":1703067003092,"time":"2023-12-20T11:42:12.040Z","iobWithZeroTemp":{"iob":0.503,"basaliob":-1.201,"bolussnooze":0.1692,"activity":0.0142,"lastBolusTime":1703067003092,"time":"2023-12-20T11:42:12.040Z"}},{"iob":1.3,"basaliob":-0.269,"bolussnooze":0.1389,"activity":0.0212,"lastBolusTime":1703067003092,"time":"2023-12-20T11:47:12.040Z","iobWithZeroTemp":{"iob":0.37,"basaliob":-1.199,"bolussnooze":0.1389,"activity":0.0123,"lastBolusTime":1703067003092,"time":"2023-12-20T11:47:12.040Z"}},{"iob":1.197,"basaliob":-0.246,"bolussnooze":0.1137,"activity":0.0199,"lastBolusTime":1703067003092,"time":"2023-12-20T11:52:12.040Z","iobWithZeroTemp":{"iob":0.246,"basaliob":-1.197,"bolussnooze":0.1137,"activity":0.0106,"lastBolusTime":1703067003092,"time":"2023-12-20T11:52:12.040Z"}},{"iob":1.101,"basaliob":-0.225,"bolussnooze":0.0928,"activity":0.0185,"lastBolusTime":1703067003092,"time":"2023-12-20T11:57:12.040Z","iobWithZeroTemp":{"iob":0.13,"basaliob":-1.196,"bolussnooze":0.0928,"activity":0.0089,"lastBolusTime":1703067003092,"time":"2023-12-20T11:57:12.040Z"}},{"iob":1.012,"basaliob":-0.205,"bolussnooze":0.0756,"activity":0.0172,"lastBolusTime":1703067003092,"time":"2023-12-20T12:02:12.040Z","iobWithZeroTemp":{"iob":0.023,"basaliob":-1.194,"bolussnooze":0.0756,"activity":0.0073,"lastBolusTime":1703067003092,"time":"2023-12-20T12:02:12.040Z"}},{"iob":0.929,"basaliob":-0.187,"bolussnooze":0.0613,"activity":0.016,"lastBolusTime":1703067003092,"time":"2023-12-20T12:07:12.040Z","iobWithZeroTemp":{"iob":-0.077,"basaliob":-1.193,"bolussnooze":0.0613,"activity":0.0058,"lastBolusTime":1703067003092,"time":"2023-12-20T12:07:12.040Z"}},{"iob":0.851,"basaliob":-0.171,"bolussnooze":0.0496,"activity":0.0148,"lastBolusTime":1703067003092,"time":"2023-12-20T12:12:12.040Z","iobWithZeroTemp":{"iob":-0.17,"basaliob":-1.192,"bolussnooze":0.0496,"activity":0.0044,"lastBolusTime":1703067003092,"time":"2023-12-20T12:12:12.040Z"}},{"iob":0.78,"basaliob":-0.155,"bolussnooze":0.0401,"activity":0.0138,"lastBolusTime":1703067003092,"time":"2023-12-20T12:17:12.040Z","iobWithZeroTemp":{"iob":-0.255,"basaliob":-1.19,"bolussnooze":0.0401,"activity":0.0031,"lastBolusTime":1703067003092,"time":"2023-12-20T12:17:12.040Z"}},{"iob":0.714,"basaliob":-0.141,"bolussnooze":0.0322,"activity":0.0127,"lastBolusTime":1703067003092,"time":"2023-12-20T12:22:12.040Z","iobWithZeroTemp":{"iob":-0.333,"basaliob":-1.188,"bolussnooze":0.0322,"activity":0.0018,"lastBolusTime":1703067003092,"time":"2023-12-20T12:22:12.040Z"}},{"iob":0.653,"basaliob":-0.128,"bolussnooze":0.0259,"activity":0.0117,"lastBolusTime":1703067003092,"time":"2023-12-20T12:27:12.040Z","iobWithZeroTemp":{"iob":-0.406,"basaliob":-1.187,"bolussnooze":0.0259,"activity":6.0E-4,"lastBolusTime":1703067003092,"time":"2023-12-20T12:27:12.040Z"}},{"iob":0.596,"basaliob":-0.117,"bolussnooze":0.0207,"activity":0.0109,"lastBolusTime":1703067003092,"time":"2023-12-20T12:32:12.040Z","iobWithZeroTemp":{"iob":-0.474,"basaliob":-1.187,"bolussnooze":0.0207,"activity":-4.0E-4,"lastBolusTime":1703067003092,"time":"2023-12-20T12:32:12.040Z"}},{"iob":0.544,"basaliob":-0.106,"bolussnooze":0.0165,"activity":0.0099,"lastBolusTime":1703067003092,"time":"2023-12-20T12:37:12.040Z","iobWithZeroTemp":{"iob":-0.535,"basaliob":-1.185,"bolussnooze":0.0165,"activity":-0.0016,"lastBolusTime":1703067003092,"time":"2023-12-20T12:37:12.040Z"}},{"iob":0.496,"basaliob":-0.096,"bolussnooze":0.0131,"activity":0.0092,"lastBolusTime":1703067003092,"time":"2023-12-20T12:42:12.040Z","iobWithZeroTemp":{"iob":-0.592,"basaliob":-1.184,"bolussnooze":0.0131,"activity":-0.0025,"lastBolusTime":1703067003092,"time":"2023-12-20T12:42:12.040Z"}},{"iob":0.452,"basaliob":-0.087,"bolussnooze":0.0103,"activity":0.0085,"lastBolusTime":1703067003092,"time":"2023-12-20T12:47:12.040Z","iobWithZeroTemp":{"iob":-0.644,"basaliob":-1.183,"bolussnooze":0.0103,"activity":-0.0033,"lastBolusTime":1703067003092,"time":"2023-12-20T12:47:12.040Z"}},{"iob":0.412,"basaliob":-0.079,"bolussnooze":0.0081,"activity":0.0077,"lastBolusTime":1703067003092,"time":"2023-12-20T12:52:12.040Z","iobWithZeroTemp":{"iob":-0.691,"basaliob":-1.182,"bolussnooze":0.0081,"activity":-0.0042,"lastBolusTime":1703067003092,"time":"2023-12-20T12:52:12.040Z"}},{"iob":0.375,"basaliob":-0.071,"bolussnooze":0.0064,"activity":0.0071,"lastBolusTime":1703067003092,"time":"2023-12-20T12:57:12.040Z","iobWithZeroTemp":{"iob":-0.735,"basaliob":-1.181,"bolussnooze":0.0064,"activity":-0.005,"lastBolusTime":1703067003092,"time":"2023-12-20T12:57:12.040Z"}},{"iob":0.34,"basaliob":-0.065,"bolussnooze":0.005,"activity":0.0065,"lastBolusTime":1703067003092,"time":"2023-12-20T13:02:12.040Z","iobWithZeroTemp":{"iob":-0.776,"basaliob":-1.181,"bolussnooze":0.005,"activity":-0.0057,"lastBolusTime":1703067003092,"time":"2023-12-20T13:02:12.040Z"}},{"iob":0.31,"basaliob":-0.058,"bolussnooze":0.0038,"activity":0.006,"lastBolusTime":1703067003092,"time":"2023-12-20T13:07:12.040Z","iobWithZeroTemp":{"iob":-0.803,"basaliob":-1.171,"bolussnooze":0.0038,"activity":-0.0063,"lastBolusTime":1703067003092,"time":"2023-12-20T13:07:12.040Z"}},{"iob":0.28,"basaliob":-0.053,"bolussnooze":0.003,"activity":0.0054,"lastBolusTime":1703067003092,"time":"2023-12-20T13:12:12.040Z","iobWithZeroTemp":{"iob":-0.83,"basaliob":-1.163,"bolussnooze":0.003,"activity":-0.007,"lastBolusTime":1703067003092,"time":"2023-12-20T13:12:12.040Z"}},{"iob":0.254,"basaliob":-0.048,"bolussnooze":0.0023,"activity":0.005,"lastBolusTime":1703067003092,"time":"2023-12-20T13:17:12.040Z","iobWithZeroTemp":{"iob":-0.853,"basaliob":-1.155,"bolussnooze":0.0023,"activity":-0.0074,"lastBolusTime":1703067003092,"time":"2023-12-20T13:17:12.040Z"}},{"iob":0.231,"basaliob":-0.043,"bolussnooze":0.0017,"activity":0.0045,"lastBolusTime":1703067003092,"time":"2023-12-20T13:22:12.040Z","iobWithZeroTemp":{"iob":-0.872,"basaliob":-1.146,"bolussnooze":0.0017,"activity":-0.0079,"lastBolusTime":1703067003092,"time":"2023-12-20T13:22:12.040Z"}},{"iob":0.209,"basaliob":-0.039,"bolussnooze":0.0013,"activity":0.0042,"lastBolusTime":1703067003092,"time":"2023-12-20T13:27:12.040Z","iobWithZeroTemp":{"iob":-0.89,"basaliob":-1.138,"bolussnooze":0.0013,"activity":-0.0083,"lastBolusTime":1703067003092,"time":"2023-12-20T13:27:12.040Z"}},{"iob":0.189,"basaliob":-0.035,"bolussnooze":0.001,"activity":0.0038,"lastBolusTime":1703067003092,"time":"2023-12-20T13:32:12.040Z","iobWithZeroTemp":{"iob":-0.906,"basaliob":-1.13,"bolussnooze":0.001,"activity":-0.0087,"lastBolusTime":1703067003092,"time":"2023-12-20T13:32:12.040Z"}},{"iob":0.171,"basaliob":-0.031,"bolussnooze":7.0E-4,"activity":0.0034,"lastBolusTime":1703067003092,"time":"2023-12-20T13:37:12.040Z","iobWithZeroTemp":{"iob":-0.92,"basaliob":-1.122,"bolussnooze":7.0E-4,"activity":-0.0091,"lastBolusTime":1703067003092,"time":"2023-12-20T13:37:12.040Z"}},{"iob":0.155,"basaliob":-0.028,"bolussnooze":5.0E-4,"activity":0.0031,"lastBolusTime":1703067003092,"time":"2023-12-20T13:42:12.040Z","iobWithZeroTemp":{"iob":-0.933,"basaliob":-1.116,"bolussnooze":5.0E-4,"activity":-0.0093,"lastBolusTime":1703067003092,"time":"2023-12-20T13:42:12.040Z"}},{"iob":0.14,"basaliob":-0.025,"bolussnooze":4.0E-4,"activity":0.0029,"lastBolusTime":1703067003092,"time":"2023-12-20T13:47:12.040Z","iobWithZeroTemp":{"iob":-0.944,"basaliob":-1.109,"bolussnooze":4.0E-4,"activity":-0.0095,"lastBolusTime":1703067003092,"time":"2023-12-20T13:47:12.040Z"}},{"iob":0.126,"basaliob":-0.023,"bolussnooze":2.0E-4,"activity":0.0026,"lastBolusTime":1703067003092,"time":"2023-12-20T13:52:12.040Z","iobWithZeroTemp":{"iob":-0.954,"basaliob":-1.103,"bolussnooze":2.0E-4,"activity":-0.0098,"lastBolusTime":1703067003092,"time":"2023-12-20T13:52:12.040Z"}},{"iob":0.114,"basaliob":-0.02,"bolussnooze":2.0E-4,"activity":0.0024,"lastBolusTime":1703067003092,"time":"2023-12-20T13:57:12.040Z","iobWithZeroTemp":{"iob":-0.963,"basaliob":-1.097,"bolussnooze":2.0E-4,"activity":-0.01,"lastBolusTime":1703067003092,"time":"2023-12-20T13:57:12.040Z"}},{"iob":0.103,"basaliob":-0.018,"bolussnooze":1.0E-4,"activity":0.0021,"lastBolusTime":1703067003092,"time":"2023-12-20T14:02:12.040Z","iobWithZeroTemp":{"iob":-0.97,"basaliob":-1.091,"bolussnooze":1.0E-4,"activity":-0.0102,"lastBolusTime":1703067003092,"time":"2023-12-20T14:02:12.040Z"}},{"iob":0.093,"basaliob":-0.016,"bolussnooze":1.0E-4,"activity":0.0019,"lastBolusTime":1703067003092,"time":"2023-12-20T14:07:12.040Z","iobWithZeroTemp":{"iob":-0.972,"basaliob":-1.081,"bolussnooze":1.0E-4,"activity":-0.0104,"lastBolusTime":1703067003092,"time":"2023-12-20T14:07:12.040Z"}}],"profile":{"max_iob":20,"type":"current","max_daily_basal":1.6,"max_basal":3.6,"min_bg":81,"max_bg":81,"target_bg":81,"carb_ratio":6,"sens":81,"max_daily_safety_multiplier":3,"current_basal_safety_multiplier":4,"high_temptarget_raises_sensitivity":false,"low_temptarget_lowers_sensitivity":false,"sensitivity_raises_target":false,"resistance_lowers_target":false,"adv_target_adjustments":false,"exercise_mode":false,"half_basal_exercise_target":160,"maxCOB":120,"skip_neutral_temps":false,"remainingCarbsCap":90,"enableUAM":true,"A52_risk_enable":false,"SMBInterval":3,"enableSMB_with_COB":false,"enableSMB_with_temptarget":false,"allowSMB_with_high_temptarget":true,"enableSMB_always":true,"enableSMB_after_carbs":false,"maxSMBBasalMinutes":120,"maxUAMSMBBasalMinutes":120,"bolus_increment":0.05,"carbsReqThreshold":1,"current_basal":0.9,"temptargetSet":true,"autosens_max":1.8,"out_units":"mmol\/L"},"autosens_data":{"ratio":1},"meal_data":{"carbs":50,"mealCOB":21.30474074074076,"slopeFromMaxDeviation":0,"slopeFromMinDeviation":4.834,"lastBolusTime":1703067003092,"lastCarbTime":1703065246000},"microBolusAllowed":true,"currentTime":1703067133067,"flatBGsDetected":false},"output":{"temp":"absolute","bg":110,"tick":"+5","eventualBG":50,"targetBG":81,"insulinReq":0,"deliverAt":"2023-12-20T10:12:13.067Z","sensitivityRatio":1,"predBGs":{"IOB":[110,114,115,113,108,102,95,86,76,65,53,40,39],"ZT":[110,101,90,77,64,50,39,39,39,39,39,39,39,39,39,39,39,39,39,39,39,39,39,39,39,39,39,39,39,39,39,39,39,39,39,39,39,39,39,39,39,39,39,39,39,39,39,39],"COB":[110,115,117,118,117,115,112,109,106,102,99,95,92,88,86,83,80,78,76,75,73,72,71,70,70,69,68,68,68,67,67,67,66,66,65,64,64,63,61,60,59,57,56,54,53,52,51,50],"UAM":[110,113,113,110,104,96,86,74,60,46,39,39,39]},"COB":21.30474074074076,"IOB":4.244,"reason":"COB: 21.3, Dev: 4.7, BGI: -0.5, ISF: 4.5, CR: 6, Target: 4.5, minPredBG -4.4, minGuardBG -4.4, IOBpredBG 2.2, COBpredBG 2.8, UAMpredBG 2.2; minGuardBG -4.4<3.4 115m left and 0 ~ req 0U\/hr: no temp required","timestamp":"2023-12-20T10:12:13.104Z"}}