{"algorithm":"OpenAPSSMBPlugin","input":{"glucoseStatus":{"glucose":71,"noise":0,"delta":0,"short_avgdelta":0.39,"long_avgdelta":0.95,"date":1703088401992},"currenttemp":{"temp":"absolute","duration":25,"rate":0.65,"minutesrunning":5},"iob_data":[{"iob":-0.701,"basaliob":-0.819,"bolussnooze":8.0E-4,"activity":-0.0077,"lastBolusTime":1703076907848,"time":"2023-12-20T16:07:37.587Z","iobWithZeroTemp":{"iob":-0.701,"basaliob":-0.819,"bolussnooze":8.0E-4,"activity":-0.0077,"lastBolusTime":1703076907848,"time":"2023-12-20T16:07:37.587Z"}},{"iob":-0.662,"basaliob":-0.769,"bolussnooze":6.0E-4,"activity":-0.0077,"lastBolusTime":1703076907848,"time":"2023-12-20T16:12:37.587Z","iobWithZeroTemp":{"iob":-0.702,"basaliob":-0.809,"bolussnooze":6.0E-4,"activity":-0.0077,"lastBolusTime":1703076907848,"time":"2023-12-20T16:12:37.587Z"}},{"iob":-0.624,"basaliob":-0.72,"bolussnooze":4.0E-4,"activity":-0.0076,"lastBolusTime":1703076907848,"time":"2023-12-20T16:17:37.587Z","iobWithZeroTemp":{"iob":-0.713,"basaliob":-0.809,"bolussnooze":4.0E-4,"activity":-0.0078,"lastBolusTime":1703076907848,"time":"2023-12-20T16:17:37.587Z"}},{"iob":-0.586,"basaliob":-0.673,"bolussnooze":3.0E-4,"activity":-0.0075,"lastBolusTime":1703076907848,"time":"2023-12-20T16:22:37.587Z","iobWithZeroTemp":{"iob":-0.724,"basaliob":-0.811,"bolussnooze":3.0E-4,"activity":-0.0079,"lastBolusTime":1703076907848,"time":"2023-12-20T16:22:37.587Z"}},{"iob":-0.55,"basaliob":-0.628,"bolussnooze":2.0E-4,"activity":-0.0073,"lastBolusTime":1703076907848,"time":"2023-12-20T16:27:37.587Z","iobWithZeroTemp":{"iob":-0.735,"basaliob":-0.813,"bolussnooze":2.0E-4,"activity":-0.008,"lastBolusTime":1703076907848,"time":"2023-12-20T16:27:37.587Z"}},{"iob":-0.514,"basaliob":-0.584,"bolussnooze":1.0E-4,"activity":-0.007,"lastBolusTime":1703076907848,"time":"2023-12-20T16:32:37.587Z","iobWithZeroTemp":{"iob":-0.745,"basaliob":-0.815,"bolussnooze":1.0E-4,"activity":-0.008,"lastBolusTime":1703076907848,"time":"2023-12-20T16:32:37.587Z"}},{"iob":-0.48,"basaliob":-0.543,"bolussnooze":1.0E-4,"activity":-0.0068,"lastBolusTime":1703076907848,"time":"2023-12-20T16:37:37.587Z","iobWithZeroTemp":{"iob":-0.755,"basaliob":-0.818,"bolussnooze":1.0E-4,"activity":-0.0082,"lastBolusTime":1703076907848,"time":"2023-12-20T16:37:37.587Z"}},{"iob":-0.446,"basaliob":-0.503,"bolussnooze":1.0E-4,"activity":-0.0065,"lastBolusTime":1703076907848,"time":"2023-12-20T16:42:37.587Z","iobWithZeroTemp":{"iob":-0.763,"basaliob":-0.82,"bolussnooze":1.0E-4,"activity":-0.0083,"lastBolusTime":1703076907848,"time":"2023-12-20T16:42:37.587Z"}},{"iob":-0.415,"basaliob":-0.466,"bolussnooze":0,"activity":-0.0061,"lastBolusTime":1703076907848,"time":"2023-12-20T16:47:37.587Z","iobWithZeroTemp":{"iob":-0.772,"basaliob":-0.823,"bolussnooze":0,"activity":-0.0083,"lastBolusTime":1703076907848,"time":"2023-12-20T16:47:37.587Z"}},{"iob":-0.385,"basaliob":-0.431,"bolussnooze":0,"activity":-0.0058,"lastBolusTime":1703076907848,"time":"2023-12-20T16:52:37.587Z","iobWithZeroTemp":{"iob":-0.78,"basaliob":-0.826,"bolussnooze":0,"activity":-0.0084,"lastBolusTime":1703076907848,"time":"2023-12-20T16:52:37.587Z"}},{"iob":-0.357,"basaliob":-0.398,"bolussnooze":0,"activity":-0.0055,"lastBolusTime":1703076907848,"time":"2023-12-20T16:57:37.587Z","iobWithZeroTemp":{"iob":-0.788,"basaliob":-0.829,"bolussnooze":0,"activity":-0.0085,"lastBolusTime":1703076907848,"time":"2023-12-20T16:57:37.587Z"}},{"iob":-0.33,"basaliob":-0.367,"bolussnooze":0,"activity":-0.0052,"lastBolusTime":1703076907848,"time":"2023-12-20T17:02:37.587Z","iobWithZeroTemp":{"iob":-0.795,"basaliob":-0.832,"bolussnooze":0,"activity":-0.0086,"lastBolusTime":1703076907848,"time":"2023-12-20T17:02:37.587Z"}},{"iob":-0.305,"basaliob":-0.338,"bolussnooze":0,"activity":-0.0049,"lastBolusTime":1703076907848,"time":"2023-12-20T17:07:37.587Z","iobWithZeroTemp":{"iob":-0.802,"basaliob":-0.835,"bolussnooze":0,"activity":-0.0087,"lastBolusTime":1703076907848,"time":"2023-12-20T17:07:37.587Z"}},{"iob":-0.281,"basaliob":-0.311,"bolussnooze":0,"activity":-0.0045,"lastBolusTime":1703076907848,"time":"2023-12-20T17:12:37.587Z","iobWithZeroTemp":{"iob":-0.808,"basaliob":-0.838,"bolussnooze":0,"activity":-0.0087,"lastBolusTime":1703076907848,"time":"2023-12-20T17:12:37.587Z"}},{"iob":-0.259,"basaliob":-0.285,"bolussnooze":0,"activity":-0.0043,"lastBolusTime":1703076907848,"time":"2023-12-20T17:17:37.587Z","iobWithZeroTemp":{"iob":-0.814,"basaliob":-0.84,"bolussnooze":0,"activity":-0.0089,"lastBolusTime":1703076907848,"time":"2023-12-20T17:17:37.587Z"}},{"iob":-0.238,"basaliob":-0.262,"bolussnooze":0,"activity":-0.004,"lastBolusTime":1703076907848,"time":"2023-12-20T17:22:37.587Z","iobWithZeroTemp":{"iob":-0.819,"basaliob":-0.843,"bolussnooze":0,"activity":-0.009,"lastBolusTime":1703076907848,"time":"2023-12-20T17:22:37.587Z"}},{"iob":-0.219,"basaliob":-0.24,"bolussnooze":0,"activity":-0.0037,"lastBolusTime":1703076907848,"time":"2023-12-20T17:27:37.587Z","iobWithZeroTemp":{"iob":-0.824,"basaliob":-0.845,"bolussnooze":0,"activity":-0.009,"lastBolusTime":1703076907848,"time":"2023-12-20T17:27:37.587Z"}},{"iob":-0.201,"basaliob":-0.22,"bolussnooze":0,"activity":-0.0035,"lastBolusTime":1703076907848,"time":"2023-12-20T17:32:37.587Z","iobWithZeroTemp":{"iob":-0.829,"basaliob":-0.848,"bolussnooze":0,"activity":-0.0092,"lastBolusTime":1703076907848,"time":"2023-12-20T17:32:37.587Z"}},{"iob":-0.184,"basaliob":-0.201,"bolussnooze":0,"activity":-0.0032,"lastBolusTime":1703076907848,"time":"2023-12-20T17:37:37.587Z","iobWithZeroTemp":{"iob":-0.833,"basaliob":-0.85,"bolussnooze":0,"activity":-0.0092,"lastBolusTime":1703076907848,"time":"2023-12-20T17:37:37.587Z"}},{"iob":-0.169,"basaliob":-0.184,"bolussnooze":0,"activity":-0.003,"lastBolusTime":1703076907848,"time":"2023-12-20T17:42:37.587Z","iobWithZeroTemp":{"iob":-0.837,"basaliob":-0.852,"bolussnooze":0,"activity":-0.0093,"lastBolusTime":1703076907848,"time":"2023-12-20T17:42:37.587Z"}},{"iob":-0.155,"basaliob":-0.168,"bolussnooze":0,"activity":-0.0028,"lastBolusTime":1703076907848,"time":"2023-12-20T17:47:37.587Z","iobWithZeroTemp":{"iob":-0.841,"basaliob":-0.854,"bolussnooze":0,"activity":-0.0094,"lastBolusTime":1703076907848,"time":"2023-12-20T17:47:37.587Z"}},{"iob":-0.141,"basaliob":-0.153,"bolussnooze":0,"activity":-0.0025,"lastBolusTime":1703076907848,"time":"2023-12-20T17:52:37.587Z","iobWithZeroTemp":{"iob":-0.844,"basaliob":-0.856,"bolussnooze":0,"activity":-0.0093,"lastBolusTime":1703076907848,"time":"2023-12-20T17:52:37.587Z"}},{"iob":-0.13,"basaliob":-0.14,"bolussnooze":0,"activity":-0.0023,"lastBolusTime":1703076907848,"time":"2023-12-20T17:57:37.587Z","iobWithZeroTemp":{"iob":-0.848,"basaliob":-0.858,"bolussnooze":0,"activity":-0.0094,"lastBolusTime":1703076907848,"time":"2023-12-20T17:57:37.587Z"}},{"iob":-0.118,"basaliob":-0.127,"bolussnooze":0,"activity":-0.0022,"lastBolusTime":1703076907848,"time":"2023-12-20T18:02:37.587Z","iobWithZeroTemp":{"iob":-0.85,"basaliob":-0.859,"bolussnooze":0,"activity":-0.0095,"lastBolusTime":1703076907848,"time":"2023-12-20T18:02:37.587Z"}},{"iob":-0.108,"basaliob":-0.116,"bolussnooze":0,"activity":-0.002,"lastBolusTime":1703076907848,"time":"2023-12-20T18:07:37.587Z","iobWithZeroTemp":{"iob":-0.853,"basaliob":-0.861,"bolussnooze":0,"activity":-0.0095,"lastBolusTime":1703076907848,"time":"2023-12-20T18:07:37.587Z"}},{"iob":-0.098,"basaliob":-0.105,"bolussnooze":0,"activity":-0.0018,"lastBolusTime":1703076907848,"time":"2023-12-20T18:12:37.587Z","iobWithZeroTemp":{"iob":-0.855,"basaliob":-0.862,"bolussnooze":0,"activity":-0.0095,"lastBolusTime":1703076907848,"time":"2023-12-20T18:12:37.587Z"}},{"iob":-0.09,"basaliob":-0.096,"bolussnooze":0,"activity":-0.0016,"lastBolusTime":1703076907848,"time":"2023-12-20T18:17:37.587Z","iobWithZeroTemp":{"iob":-0.858,"basaliob":-0.864,"bolussnooze":0,"activity":-0.0095,"lastBolusTime":1703076907848,"time":"2023-12-20T18:17:37.587Z"}},{"iob":-0.081,"basaliob":-0.087,"bolussnooze":0,"activity":-0.0016,"lastBolusTime":1703076907848,"time":"2023-12-20T18:22:37.587Z","iobWithZeroTemp":{"iob":-0.859,"basaliob":-0.865,"bolussnooze":0,"activity":-0.0097,"lastBolusTime":1703076907848,"time":"2023-12-20T18:22:37.587Z"}},{"iob":-0.074,"basaliob":-0.079,"bolussnooze":0,"activity":-0.0014,"lastBolusTime":1703076907848,"time":"2023-12-20T18:27:37.587Z","iobWithZeroTemp":{"iob":-0.861,"basaliob":-0.866,"bolussnooze":0,"activity":-0.0096,"lastBolusTime":1703076907848,"time":"2023-12-20T18:27:37.587Z"}},{"iob":-0.068,"basaliob":-0.072,"bolussnooze":0,"activity":-0.0013,"lastBolusTime":1703076907848,"time":"2023-12-20T18:32:37.587Z","iobWithZeroTemp":{"iob":-0.864,"basaliob":-0.868,"bolussnooze":0,"activity":-0.0097,"lastBolusTime":1703076907848,"time":"2023-12-20T18:32:37.587Z"}},{"iob":-0.061,"basaliob":-0.065,"bolussnooze":0,"activity":-0.0012,"lastBolusTime":1703076907848,"time":"2023-12-20T18:37:37.587Z","iobWithZeroTemp":{"iob":-0.865,"basaliob":-0.869,"bolussnooze":0,"activity":-0.0097,"lastBolusTime":1703076907848,"time":"2023-12-20T18:37:37.587Z"}},{"iob":-0.056,"basaliob":-0.059,"bolussnooze":0,"activity":-0.0011,"lastBolusTime":1703076907848,"time":"2023-12-20T18:42:37.587Z","iobWithZeroTemp":{"iob":-0.867,"basaliob":-0.87,"bolussnooze":0,"activity":-0.0098,"lastBolusTime":1703076907848,"time":"2023-12-20T18:42:37.587Z"}},{"iob":-0.05,"basaliob":-0.053,"bolussnooze":0,"activity":-0.001,"lastBolusTime":1703076907848,"time":"2023-12-20T18:47:37.587Z","iobWithZeroTemp":{"iob":-0.867,"basaliob":-0.87,"bolussnooze":0,"activity":-0.0098,"lastBolusTime":1703076907848,"time":"2023-12-20T18:47:37.587Z"}},{"iob":-0.045,"basaliob":-0.048,"bolussnooze":0,"activity":-9.0E-4,"lastBolusTime":1703076907848,"time":"2023-12-20T18:52:37.587Z","iobWithZeroTemp":{"iob":-0.868,"basaliob":-0.871,"bolussnooze":0,"activity":-0.0098,"lastBolusTime":1703076907848,"time":"2023-12-20T18:52:37.587Z"}},{"iob":-0.041,"basaliob":-0.043,"bolussnooze":0,"activity":-8.0E-4,"lastBolusTime":1703076907848,"time":"2023-12-20T18:57:37.587Z","iobWithZeroTemp":{"iob":-0.869,"basaliob":-0.871,"bolussnooze":0,"activity":-0.0098,"lastBolusTime":1703076907848,"time":"2023-12-20T18:57:37.587Z"}},{"iob":-0.037,"basaliob":-0.039,"bolussnooze":0,"activity":-7.0E-4,"lastBolusTime":1703076907848,"time":"2023-12-20T19:02:37.587Z","iobWithZeroTemp":{"iob":-0.87,"basaliob":-0.872,"bolussnooze":0,"activity":-0.0098,"lastBolusTime":1703076907848,"time":"2023-12-20T19:02:37.587Z"}},{"iob":-0.033,"basaliob":-0.035,"bolussnooze":0,"activity":-7.0E-4,"lastBolusTime":1703076907848,"time":"2023-12-20T19:07:37.587Z","iobWithZeroTemp":{"iob":-0.871,"basaliob":-0.873,"bolussnooze":0,"activity":-0.0099,"lastBolusTime":1703076907848,"time":"2023-12-20T19:07:37.587Z"}},{"iob":-0.03,"basaliob":-0.032,"bolussnooze":0,"activity":-7.0E-4,"lastBolusTime":1703076907848,"time":"2023-12-20T19:12:37.587Z","iobWithZeroTemp":{"iob":-0.872,"basaliob":-0.874,"bolussnooze":0,"activity":-0.0099,"lastBolusTime":1703076907848,"time":"2023-12-20T19:12:37.587Z"}},{"iob":-0.028,"basaliob":-0.029,"bolussnooze":0,"activity":-6.0E-4,"lastBolusTime":1703076907848,"time":"2023-12-20T19:17:37.587Z","iobWithZeroTemp":{"iob":-0.873,"basaliob":-0.874,"bolussnooze":0,"activity":-0.0099,"lastBolusTime":1703076907848,"time":"2023-12-20T19:17:37.587Z"}},{"iob":-0.025,"basaliob":-0.026,"bolussnooze":0,"activity":-5.0E-4,"lastBolusTime":1703076907848,"time":"2023-12-20T19:22:37.587Z","iobWithZeroTemp":{"iob":-0.874,"basaliob":-0.875,"bolussnooze":0,"activity":-0.0099,"lastBolusTime":1703076907848,"time":"2023-12-20T19:22:37.587Z"}},{"iob":-0.022,"basaliob":-0.023,"bolussnooze":0,"activity":-5.0E-4,"lastBolusTime":1703076907848,"time":"2023-12-20T19:27:37.587Z","iobWithZeroTemp":{"iob":-0.874,"basaliob":-0.875,"bolussnooze":0,"activity":-0.0099,"lastBolusTime":1703076907848,"time":"2023-12-20T19:27:37.587Z"}},{"iob":-0.02,"basaliob":-0.021,"bolussnooze":0,"activity":-4.0E-4,"lastBolusTime":1703076907848,"time":"2023-12-20T19:32:37.587Z","iobWithZeroTemp":{"iob":-0.874,"basaliob":-0.875,"bolussnooze":0,"activity":-0.0099,"lastBolusTime":1703076907848,"time":"2023-12-20T19:32:37.587Z"}},{"iob":-0.018,"basaliob":-0.019,"bolussnooze":0,"activity":-4.0E-4,"lastBolusTime":1703076907848,"time":"2023-12-20T19:37:37.587Z","iobWithZeroTemp":{"iob":-0.875,"basaliob":-0.876,"bolussnooze":0,"activity":-0.0099,"lastBolusTime":1703076907848,"time":"2023-12-20T19:37:37.587Z"}},{"iob":-0.016,"basaliob":-0.017,"bolussnooze":0,"activity":-4.0E-4,"lastBolusTime":1703076907848,"time":"2023-12-20T19:42:37.587Z","iobWithZeroTemp":{"iob":-0.875,"basaliob":-0.876,"bolussnooze":0,"activity":-0.01,"lastBolusTime":1703076907848,"time":"2023-12-20T19:42:37.587Z"}},{"iob":-0.014,"basaliob":-0.015,"bolussnooze":0,"activity":-3.0E-4,"lastBolusTime":1703076907848,"time":"2023-12-20T19:47:37.587Z","iobWithZeroTemp":{"iob":-0.875,"basaliob":-0.876,"bolussnooze":0,"activity":-0.0099,"lastBolusTime":1703076907848,"time":"2023-12-20T19:47:37.587Z"}},{"iob":-0.014,"basaliob":-0.014,"bolussnooze":0,"activity":-3.0E-4,"lastBolusTime":1703076907848,"time":"2023-12-20T19:52:37.587Z","iobWithZeroTemp":{"iob":-0.877,"basaliob":-0.877,"bolussnooze":0,"activity":-0.01,"lastBolusTime":1703076907848,"time":"2023-12-20T19:52:37.587Z"}},{"iob":-0.012,"basaliob":-0.012,"bolussnooze":0,"activity":-3.0E-4,"lastBolusTime":1703076907848,"time":"2023-12-20T19:57:37.587Z","iobWithZeroTemp":{"iob":-0.877,"basaliob":-0.877,"bolussnooze":0,"activity":-0.01,"lastBolusTime":1703076907848,"time":"2023-12-20T19:57:37.587Z"}},{"iob":-0.011,"basaliob":-0.011,"bolussnooze":0,"activity":-2.0E-4,"lastBolusTime":1703076907848,"time":"2023-12-20T20:02:37.587Z","iobWithZeroTemp":{"iob":-0.89,"basaliob":-0.89,"bolussnooze":0,"activity":-0.0099,"lastBolusTime":1703076907848,"time":"2023-12-20T20:02:37.587Z"}}],"profile":{"max_iob":20,"type":"current","max_daily_basal":1.6,"max_basal":2.4,"min_bg":111.6,"max_bg":111.6,"target_bg":111.6,"carb_ratio":8,"sens":108,"max_daily_safety_multiplier":3,"current_basal_safety_multiplier":4,"high_temptarget_raises_sensitivity":false,"low_temptarget_lowers_sensitivity":false,"sensitivity_raises_target":false,"resistance_lowers_target":false,"adv_target_adjustments":false,"exercise_mode":false,"half_basal_exercise_target":160,"maxCOB":120,"skip_neutral_temps":false,"remainingCarbsCap":90,"enableUAM":true,"A52_risk_enable":false,"SMBInterval":3,"enableSMB_with_COB":false,"enableSMB_with_temptarget":false,"allowSMB_with_high_temptarget":true,"enableSMB_always":true,"enableSMB_after_carbs":false,"maxSMBBasalMinutes":120,"maxUAMSMBBasalMinutes":120,"bolus_increment":0.05,"carbsReqThreshold":1,"current_basal":0.6,"temptargetSet":true,"autosens_max":1.8,"out_units":"mmol\/L"},"autosens_data":{"ratio":1},"meal_data":{"carbs":15,"mealCOB":0,"slopeFromMaxDeviation":-0.44045454545454554,"slopeFromMinDeviation":0.019428571428571382,"lastBolusTime":1703076907848,"lastCarbTime":1703074649000},"microBolusAllowed":true,"currentTime":1703088460343,"flatBGsDetected":false},"output":{"temp":"absolute","bg":71,"tick":"+0","eventualBG":128,"targetBG":111.6,"insulinReq":0,"deliverAt":"2023-12-20T16:07:40.343Z","sensitivityRatio":1,"predBGs":{"IOB":[71,71,72,73,74,76,77,79,81,84,86,89,91,94,97,99,101,103,105,107,108,110,111,112,114,115,116,116,117,118,119,119,120,121,121,121,122,122,123,123,123,123,124,124,124,124,124,125],"ZT":[71,75,79,84,88,92,96,101,105,110]},"COB":0,"IOB":-0.701,"reason":"COB: 0, Dev: -1.1, BGI: 0.2, ISF: 6.0, CR: 8, Target: 6.2, minPredBG 4.6, minGuardBG 3.9, IOBpredBG 6.9; minGuardBG 3.9<4.2","duration":30,"rate":0,"timestamp":"2023-12-20T16:07:40.461Z"}}