{"algorithm":"OpenAPSSMBPlugin","input":{"glucoseStatus":{"glucose":105,"noise":0,"delta":8,"short_avgdelta":5.61,"long_avgdelta":4.76,"date":1703149904684},"currenttemp":{"temp":"absolute","duration":105,"rate":0,"minutesrunning":15},"iob_data":[{"iob":3.226,"basaliob":-0.882,"bolussnooze":2.6671,"activity":0.0201,"lastBolusTime":1703149778157,"time":"2023-12-21T09:12:08.820Z","iobWithZeroTemp":{"iob":3.226,"basaliob":-0.882,"bolussnooze":2.6671,"activity":0.0201,"lastBolusTime":1703149778157,"time":"2023-12-21T09:12:08.820Z"}},{"iob":3.117,"basaliob":-0.822,"bolussnooze":2.3757,"activity":0.0232,"lastBolusTime":1703149778157,"time":"2023-12-21T09:17:08.820Z","iobWithZeroTemp":{"iob":3.05,"basaliob":-0.889,"bolussnooze":2.3757,"activity":0.0231,"lastBolusTime":1703149778157,"time":"2023-12-21T09:17:08.820Z"}},{"iob":2.995,"basaliob":-0.764,"bolussnooze":2.0924,"activity":0.0254,"lastBolusTime":1703149778157,"time":"2023-12-21T09:22:08.820Z","iobWithZeroTemp":{"iob":2.846,"basaliob":-0.913,"bolussnooze":2.0924,"activity":0.0251,"lastBolusTime":1703149778157,"time":"2023-12-21T09:22:08.820Z"}},{"iob":2.863,"basaliob":-0.709,"bolussnooze":1.8257,"activity":0.027,"lastBolusTime":1703149778157,"time":"2023-12-21T09:27:08.820Z","iobWithZeroTemp":{"iob":2.633,"basaliob":-0.939,"bolussnooze":1.8257,"activity":0.0263,"lastBolusTime":1703149778157,"time":"2023-12-21T09:27:08.820Z"}},{"iob":2.726,"basaliob":-0.657,"bolussnooze":1.5804,"activity":0.0279,"lastBolusTime":1703149778157,"time":"2023-12-21T09:32:08.820Z","iobWithZeroTemp":{"iob":2.417,"basaliob":-0.966,"bolussnooze":1.5804,"activity":0.0268,"lastBolusTime":1703149778157,"time":"2023-12-21T09:32:08.820Z"}},{"iob":2.585,"basaliob":-0.608,"bolussnooze":1.3587,"activity":0.0284,"lastBolusTime":1703149778157,"time":"2023-12-21T09:37:08.820Z","iobWithZeroTemp":{"iob":2.2,"basaliob":-0.993,"bolussnooze":1.3587,"activity":0.0267,"lastBolusTime":1703149778157,"time":"2023-12-21T09:37:08.820Z"}},{"iob":2.443,"basaliob":-0.561,"bolussnooze":1.1611,"activity":0.0284,"lastBolusTime":1703149778157,"time":"2023-12-21T09:42:08.820Z","iobWithZeroTemp":{"iob":1.984,"basaliob":-1.02,"bolussnooze":1.1611,"activity":0.0261,"lastBolusTime":1703149778157,"time":"2023-12-21T09:42:08.820Z"}},{"iob":2.302,"basaliob":-0.518,"bolussnooze":0.9869,"activity":0.0281,"lastBolusTime":1703149778157,"time":"2023-12-21T09:47:08.820Z","iobWithZeroTemp":{"iob":1.773,"basaliob":-1.047,"bolussnooze":0.9869,"activity":0.0251,"lastBolusTime":1703149778157,"time":"2023-12-21T09:47:08.820Z"}},{"iob":2.163,"basaliob":-0.477,"bolussnooze":0.8349,"activity":0.0275,"lastBolusTime":1703149778157,"time":"2023-12-21T09:52:08.820Z","iobWithZeroTemp":{"iob":1.567,"basaliob":-1.073,"bolussnooze":0.8349,"activity":0.0239,"lastBolusTime":1703149778157,"time":"2023-12-21T09:52:08.820Z"}},{"iob":2.027,"basaliob":-0.439,"bolussnooze":0.7032,"activity":0.0267,"lastBolusTime":1703149778157,"time":"2023-12-21T09:57:08.820Z","iobWithZeroTemp":{"iob":1.368,"basaliob":-1.098,"bolussnooze":0.7032,"activity":0.0224,"lastBolusTime":1703149778157,"time":"2023-12-21T09:57:08.820Z"}},{"iob":1.895,"basaliob":-0.404,"bolussnooze":0.5899,"activity":0.0258,"lastBolusTime":1703149778157,"time":"2023-12-21T10:02:08.820Z","iobWithZeroTemp":{"iob":1.176,"basaliob":-1.123,"bolussnooze":0.5899,"activity":0.0208,"lastBolusTime":1703149778157,"time":"2023-12-21T10:02:08.820Z"}},{"iob":1.769,"basaliob":-0.37,"bolussnooze":0.493,"activity":0.0249,"lastBolusTime":1703149778157,"time":"2023-12-21T10:07:08.820Z","iobWithZeroTemp":{"iob":1.002,"basaliob":-1.137,"bolussnooze":0.493,"activity":0.0192,"lastBolusTime":1703149778157,"time":"2023-12-21T10:07:08.820Z"}},{"iob":1.646,"basaliob":-0.34,"bolussnooze":0.4106,"activity":0.0238,"lastBolusTime":1703149778157,"time":"2023-12-21T10:12:08.820Z","iobWithZeroTemp":{"iob":0.834,"basaliob":-1.152,"bolussnooze":0.4106,"activity":0.0174,"lastBolusTime":1703149778157,"time":"2023-12-21T10:12:08.820Z"}},{"iob":1.531,"basaliob":-0.311,"bolussnooze":0.3409,"activity":0.0226,"lastBolusTime":1703149778157,"time":"2023-12-21T10:17:08.820Z","iobWithZeroTemp":{"iob":0.677,"basaliob":-1.165,"bolussnooze":0.3409,"activity":0.0156,"lastBolusTime":1703149778157,"time":"2023-12-21T10:17:08.820Z"}},{"iob":1.42,"basaliob":-0.285,"bolussnooze":0.2821,"activity":0.0215,"lastBolusTime":1703149778157,"time":"2023-12-21T10:22:08.820Z","iobWithZeroTemp":{"iob":0.527,"basaliob":-1.178,"bolussnooze":0.2821,"activity":0.0139,"lastBolusTime":1703149778157,"time":"2023-12-21T10:22:08.820Z"}},{"iob":1.315,"basaliob":-0.261,"bolussnooze":0.2328,"activity":0.0203,"lastBolusTime":1703149778157,"time":"2023-12-21T10:27:08.820Z","iobWithZeroTemp":{"iob":0.393,"basaliob":-1.183,"bolussnooze":0.2328,"activity":0.0123,"lastBolusTime":1703149778157,"time":"2023-12-21T10:27:08.820Z"}},{"iob":1.217,"basaliob":-0.238,"bolussnooze":0.1915,"activity":0.0192,"lastBolusTime":1703149778157,"time":"2023-12-21T10:32:08.820Z","iobWithZeroTemp":{"iob":0.262,"basaliob":-1.193,"bolussnooze":0.1915,"activity":0.0106,"lastBolusTime":1703149778157,"time":"2023-12-21T10:32:08.820Z"}},{"iob":1.124,"basaliob":-0.217,"bolussnooze":0.1571,"activity":0.018,"lastBolusTime":1703149778157,"time":"2023-12-21T10:37:08.820Z","iobWithZeroTemp":{"iob":0.138,"basaliob":-1.203,"bolussnooze":0.1571,"activity":0.0089,"lastBolusTime":1703149778157,"time":"2023-12-21T10:37:08.820Z"}},{"iob":1.037,"basaliob":-0.198,"bolussnooze":0.1285,"activity":0.0168,"lastBolusTime":1703149778157,"time":"2023-12-21T10:42:08.820Z","iobWithZeroTemp":{"iob":0.022,"basaliob":-1.213,"bolussnooze":0.1285,"activity":0.0073,"lastBolusTime":1703149778157,"time":"2023-12-21T10:42:08.820Z"}},{"iob":0.956,"basaliob":-0.18,"bolussnooze":0.1048,"activity":0.0157,"lastBolusTime":1703149778157,"time":"2023-12-21T10:47:08.820Z","iobWithZeroTemp":{"iob":-0.085,"basaliob":-1.221,"bolussnooze":0.1048,"activity":0.0058,"lastBolusTime":1703149778157,"time":"2023-12-21T10:47:08.820Z"}},{"iob":0.88,"basaliob":-0.164,"bolussnooze":0.0852,"activity":0.0147,"lastBolusTime":1703149778157,"time":"2023-12-21T10:52:08.820Z","iobWithZeroTemp":{"iob":-0.186,"basaliob":-1.23,"bolussnooze":0.0852,"activity":0.0044,"lastBolusTime":1703149778157,"time":"2023-12-21T10:52:08.820Z"}},{"iob":0.809,"basaliob":-0.149,"bolussnooze":0.0691,"activity":0.0137,"lastBolusTime":1703149778157,"time":"2023-12-21T10:57:08.820Z","iobWithZeroTemp":{"iob":-0.279,"basaliob":-1.237,"bolussnooze":0.0691,"activity":0.003,"lastBolusTime":1703149778157,"time":"2023-12-21T10:57:08.820Z"}},{"iob":0.742,"basaliob":-0.136,"bolussnooze":0.0559,"activity":0.0127,"lastBolusTime":1703149778157,"time":"2023-12-21T11:02:08.820Z","iobWithZeroTemp":{"iob":-0.367,"basaliob":-1.245,"bolussnooze":0.0559,"activity":0.0016,"lastBolusTime":1703149778157,"time":"2023-12-21T11:02:08.820Z"}},{"iob":0.681,"basaliob":-0.123,"bolussnooze":0.0451,"activity":0.0118,"lastBolusTime":1703149778157,"time":"2023-12-21T11:07:08.820Z","iobWithZeroTemp":{"iob":-0.438,"basaliob":-1.242,"bolussnooze":0.0451,"activity":4.0E-4,"lastBolusTime":1703149778157,"time":"2023-12-21T11:07:08.820Z"}},{"iob":0.624,"basaliob":-0.112,"bolussnooze":0.0362,"activity":0.0109,"lastBolusTime":1703149778157,"time":"2023-12-21T11:12:08.820Z","iobWithZeroTemp":{"iob":-0.504,"basaliob":-1.24,"bolussnooze":0.0362,"activity":-8.0E-4,"lastBolusTime":1703149778157,"time":"2023-12-21T11:12:08.820Z"}},{"iob":0.571,"basaliob":-0.102,"bolussnooze":0.029,"activity":0.0101,"lastBolusTime":1703149778157,"time":"2023-12-21T11:17:08.820Z","iobWithZeroTemp":{"iob":-0.565,"basaliob":-1.238,"bolussnooze":0.029,"activity":-0.0018,"lastBolusTime":1703149778157,"time":"2023-12-21T11:17:08.820Z"}},{"iob":0.522,"basaliob":-0.092,"bolussnooze":0.0232,"activity":0.0094,"lastBolusTime":1703149778157,"time":"2023-12-21T11:22:08.820Z","iobWithZeroTemp":{"iob":-0.621,"basaliob":-1.235,"bolussnooze":0.0232,"activity":-0.0027,"lastBolusTime":1703149778157,"time":"2023-12-21T11:22:08.820Z"}},{"iob":0.478,"basaliob":-0.083,"bolussnooze":0.0184,"activity":0.0086,"lastBolusTime":1703149778157,"time":"2023-12-21T11:27:08.820Z","iobWithZeroTemp":{"iob":-0.671,"basaliob":-1.232,"bolussnooze":0.0184,"activity":-0.0037,"lastBolusTime":1703149778157,"time":"2023-12-21T11:27:08.820Z"}},{"iob":0.436,"basaliob":-0.075,"bolussnooze":0.0146,"activity":0.008,"lastBolusTime":1703149778157,"time":"2023-12-21T11:32:08.820Z","iobWithZeroTemp":{"iob":-0.718,"basaliob":-1.229,"bolussnooze":0.0146,"activity":-0.0044,"lastBolusTime":1703149778157,"time":"2023-12-21T11:32:08.820Z"}},{"iob":0.398,"basaliob":-0.068,"bolussnooze":0.0115,"activity":0.0073,"lastBolusTime":1703149778157,"time":"2023-12-21T11:37:08.820Z","iobWithZeroTemp":{"iob":-0.76,"basaliob":-1.226,"bolussnooze":0.0115,"activity":-0.0053,"lastBolusTime":1703149778157,"time":"2023-12-21T11:37:08.820Z"}},{"iob":0.362,"basaliob":-0.062,"bolussnooze":0.0091,"activity":0.0067,"lastBolusTime":1703149778157,"time":"2023-12-21T11:42:08.820Z","iobWithZeroTemp":{"iob":-0.799,"basaliob":-1.223,"bolussnooze":0.0091,"activity":-0.006,"lastBolusTime":1703149778157,"time":"2023-12-21T11:42:08.820Z"}},{"iob":0.33,"basaliob":-0.056,"bolussnooze":0.0071,"activity":0.0062,"lastBolusTime":1703149778157,"time":"2023-12-21T11:47:08.820Z","iobWithZeroTemp":{"iob":-0.834,"basaliob":-1.22,"bolussnooze":0.0071,"activity":-0.0066,"lastBolusTime":1703149778157,"time":"2023-12-21T11:47:08.820Z"}},{"iob":0.301,"basaliob":-0.05,"bolussnooze":0.0055,"activity":0.0057,"lastBolusTime":1703149778157,"time":"2023-12-21T11:52:08.820Z","iobWithZeroTemp":{"iob":-0.866,"basaliob":-1.217,"bolussnooze":0.0055,"activity":-0.0072,"lastBolusTime":1703149778157,"time":"2023-12-21T11:52:08.820Z"}},{"iob":0.274,"basaliob":-0.045,"bolussnooze":0.0043,"activity":0.0052,"lastBolusTime":1703149778157,"time":"2023-12-21T11:57:08.820Z","iobWithZeroTemp":{"iob":-0.89,"basaliob":-1.209,"bolussnooze":0.0043,"activity":-0.0077,"lastBolusTime":1703149778157,"time":"2023-12-21T11:57:08.820Z"}},{"iob":0.248,"basaliob":-0.041,"bolussnooze":0.0033,"activity":0.0047,"lastBolusTime":1703149778157,"time":"2023-12-21T12:02:08.820Z","iobWithZeroTemp":{"iob":-0.918,"basaliob":-1.207,"bolussnooze":0.0033,"activity":-0.0083,"lastBolusTime":1703149778157,"time":"2023-12-21T12:02:08.820Z"}},{"iob":0.225,"basaliob":-0.037,"bolussnooze":0.0025,"activity":0.0043,"lastBolusTime":1703149778157,"time":"2023-12-21T12:07:08.820Z","iobWithZeroTemp":{"iob":-0.942,"basaliob":-1.204,"bolussnooze":0.0025,"activity":-0.0087,"lastBolusTime":1703149778157,"time":"2023-12-21T12:07:08.820Z"}},{"iob":0.205,"basaliob":-0.033,"bolussnooze":0.0019,"activity":0.004,"lastBolusTime":1703149778157,"time":"2023-12-21T12:12:08.820Z","iobWithZeroTemp":{"iob":-0.964,"basaliob":-1.202,"bolussnooze":0.0019,"activity":-0.0091,"lastBolusTime":1703149778157,"time":"2023-12-21T12:12:08.820Z"}},{"iob":0.185,"basaliob":-0.03,"bolussnooze":0.0014,"activity":0.0037,"lastBolusTime":1703149778157,"time":"2023-12-21T12:17:08.820Z","iobWithZeroTemp":{"iob":-0.985,"basaliob":-1.2,"bolussnooze":0.0014,"activity":-0.0094,"lastBolusTime":1703149778157,"time":"2023-12-21T12:17:08.820Z"}},{"iob":0.168,"basaliob":-0.027,"bolussnooze":0.001,"activity":0.0033,"lastBolusTime":1703149778157,"time":"2023-12-21T12:22:08.820Z","iobWithZeroTemp":{"iob":-1.003,"basaliob":-1.198,"bolussnooze":0.001,"activity":-0.0099,"lastBolusTime":1703149778157,"time":"2023-12-21T12:22:08.820Z"}},{"iob":0.152,"basaliob":-0.024,"bolussnooze":8.0E-4,"activity":0.0031,"lastBolusTime":1703149778157,"time":"2023-12-21T12:27:08.820Z","iobWithZeroTemp":{"iob":-1.02,"basaliob":-1.196,"bolussnooze":8.0E-4,"activity":-0.0101,"lastBolusTime":1703149778157,"time":"2023-12-21T12:27:08.820Z"}},{"iob":0.138,"basaliob":-0.021,"bolussnooze":6.0E-4,"activity":0.0027,"lastBolusTime":1703149778157,"time":"2023-12-21T12:32:08.820Z","iobWithZeroTemp":{"iob":-1.035,"basaliob":-1.194,"bolussnooze":6.0E-4,"activity":-0.0105,"lastBolusTime":1703149778157,"time":"2023-12-21T12:32:08.820Z"}},{"iob":0.125,"basaliob":-0.019,"bolussnooze":4.0E-4,"activity":0.0025,"lastBolusTime":1703149778157,"time":"2023-12-21T12:37:08.820Z","iobWithZeroTemp":{"iob":-1.048,"basaliob":-1.192,"bolussnooze":4.0E-4,"activity":-0.0107,"lastBolusTime":1703149778157,"time":"2023-12-21T12:37:08.820Z"}},{"iob":0.113,"basaliob":-0.017,"bolussnooze":3.0E-4,"activity":0.0023,"lastBolusTime":1703149778157,"time":"2023-12-21T12:42:08.820Z","iobWithZeroTemp":{"iob":-1.061,"basaliob":-1.191,"bolussnooze":3.0E-4,"activity":-0.011,"lastBolusTime":1703149778157,"time":"2023-12-21T12:42:08.820Z"}},{"iob":0.102,"basaliob":-0.015,"bolussnooze":2.0E-4,"activity":0.0021,"lastBolusTime":1703149778157,"time":"2023-12-21T12:47:08.820Z","iobWithZeroTemp":{"iob":-1.072,"basaliob":-1.189,"bolussnooze":2.0E-4,"activity":-0.0112,"lastBolusTime":1703149778157,"time":"2023-12-21T12:47:08.820Z"}},{"iob":0.092,"basaliob":-0.014,"bolussnooze":1.0E-4,"activity":0.0019,"lastBolusTime":1703149778157,"time":"2023-12-21T12:52:08.820Z","iobWithZeroTemp":{"iob":-1.082,"basaliob":-1.188,"bolussnooze":1.0E-4,"activity":-0.0114,"lastBolusTime":1703149778157,"time":"2023-12-21T12:52:08.820Z"}},{"iob":0.083,"basaliob":-0.012,"bolussnooze":1.0E-4,"activity":0.0017,"lastBolusTime":1703149778157,"time":"2023-12-21T12:57:08.820Z","iobWithZeroTemp":{"iob":-1.091,"basaliob":-1.186,"bolussnooze":1.0E-4,"activity":-0.0116,"lastBolusTime":1703149778157,"time":"2023-12-21T12:57:08.820Z"}},{"iob":0.075,"basaliob":-0.011,"bolussnooze":0,"activity":0.0015,"lastBolusTime":1703149778157,"time":"2023-12-21T13:02:08.820Z","iobWithZeroTemp":{"iob":-1.099,"basaliob":-1.185,"bolussnooze":0,"activity":-0.0118,"lastBolusTime":1703149778157,"time":"2023-12-21T13:02:08.820Z"}},{"iob":0.067,"basaliob":-0.01,"bolussnooze":0,"activity":0.0014,"lastBolusTime":1703149778157,"time":"2023-12-21T13:07:08.820Z","iobWithZeroTemp":{"iob":-1.099,"basaliob":-1.176,"bolussnooze":0,"activity":-0.0119,"lastBolusTime":1703149778157,"time":"2023-12-21T13:07:08.820Z"}}],"profile":{"max_iob":20,"type":"current","max_daily_basal":1.6,"max_basal":4,"min_bg":81,"max_bg":81,"target_bg":81,"carb_ratio":6,"sens":81,"max_daily_safety_multiplier":3,"current_basal_safety_multiplier":4,"high_temptarget_raises_sensitivity":false,"low_temptarget_lowers_sensitivity":false,"sensitivity_raises_target":false,"resistance_lowers_target":false,"adv_target_adjustments":false,"exercise_mode":false,"half_basal_exercise_target":160,"maxCOB":120,"skip_neutral_temps":false,"remainingCarbsCap":90,"enableUAM":true,"A52_risk_enable":false,"SMBInterval":3,"enableSMB_with_COB":false,"enableSMB_with_temptarget":false,"allowSMB_with_high_temptarget":true,"enableSMB_always":true,"enableSMB_after_carbs":false,"maxSMBBasalMinutes":120,"maxUAMSMBBasalMinutes":120,"bolus_increment":0.05,"carbsReqThreshold":1,"current_basal":1,"temptargetSet":true,"autosens_max":1.8,"out_units":"mmol\/L"},"autosens_data":{"ratio":1},"meal_data":{"carbs":20,"mealCOB":13.83664814814815,"slopeFromMaxDeviation":0,"slopeFromMinDeviation":1.5821000000000005,"lastBolusTime":1703149778157,"lastCarbTime":1703147012000},"microBolusAllowed":true,"currentTime":1703149929827,"flatBGsDetected":false},"output":{"temp":"absolute","bg":105,"tick":"+8","eventualBG":39,"targetBG":81,"insulinReq":0,"deliverAt":"2023-12-21T09:12:09.827Z","sensitivityRatio":1,"predBGs":{"IOB":[105,110,112,112,110,107,102,96,90,82,73,64,54,44,39],"ZT":[105,97,88,77,67,56,45,39,39,39,39,39,39,39,39,39,39,39,39,39,39,39,39,39,39,39,39,39,39,39,39,39,39,39,39,39,39,39,39,39,39,39,39,39,39,39,39,39],"COB":[105,110,114,116,116,116,116,114,113,111,109,106,104,101,99,96,94,91,89,86,83,80,77,74,71,68,64,60,57,54,51,48,45,43,41,39],"UAM":[105,110,113,115,116,116,115,114,112,110,108,105,103,100,97,94,92,89,86,83,80,76,73,70,66,62,58,54,51,48,45,42,39]},"COB":13.83664814814815,"IOB":3.226,"reason":"COB: 13.8, Dev: 4.6, BGI: -0.5, ISF: 4.5, CR: 6, Target: 4.5, minPredBG 1.3, minGuardBG 1.3, IOBpredBG 2.2, COBpredBG 2.2, UAMpredBG 2.2; minGuardBG 1.3<3.4 105m left and 0 ~ req 0U\/hr: no temp required","timestamp":"2023-12-21T09:12:09.918Z"}}