{"algorithm":"OpenAPSSMBPlugin","input":{"glucoseStatus":{"glucose":147,"noise":0,"delta":1,"short_avgdelta":1.5,"long_avgdelta":2.5,"date":1703134004075},"currenttemp":{"temp":"absolute","duration":65,"rate":0,"minutesrunning":55},"iob_data":[{"iob":5.858,"basaliob":-1.578,"bolussnooze":3.7284,"activity":0.0628,"lastBolusTime":1703133894924,"time":"2023-12-21T04:47:02.803Z","iobWithZeroTemp":{"iob":5.858,"basaliob":-1.578,"bolussnooze":3.7284,"activity":0.0628,"lastBolusTime":1703133894924,"time":"2023-12-21T04:47:02.803Z"}},{"iob":5.542,"basaliob":-1.494,"bolussnooze":3.2988,"activity":0.0632,"lastBolusTime":1703133894924,"time":"2023-12-21T04:52:02.803Z","iobWithZeroTemp":{"iob":5.455,"basaliob":-1.581,"bolussnooze":3.2988,"activity":0.0631,"lastBolusTime":1703133894924,"time":"2023-12-21T04:52:02.803Z"}},{"iob":5.228,"basaliob":-1.409,"bolussnooze":2.8891,"activity":0.0628,"lastBolusTime":1703133894924,"time":"2023-12-21T04:57:02.803Z","iobWithZeroTemp":{"iob":5.034,"basaliob":-1.603,"bolussnooze":2.8891,"activity":0.0624,"lastBolusTime":1703133894924,"time":"2023-12-21T04:57:02.803Z"}},{"iob":4.916,"basaliob":-1.326,"bolussnooze":2.5087,"activity":0.0618,"lastBolusTime":1703133894924,"time":"2023-12-21T05:02:02.803Z","iobWithZeroTemp":{"iob":4.617,"basaliob":-1.625,"bolussnooze":2.5087,"activity":0.0609,"lastBolusTime":1703133894924,"time":"2023-12-21T05:02:02.803Z"}},{"iob":4.611,"basaliob":-1.244,"bolussnooze":2.1625,"activity":0.0602,"lastBolusTime":1703133894924,"time":"2023-12-21T05:07:02.803Z","iobWithZeroTemp":{"iob":4.209,"basaliob":-1.646,"bolussnooze":2.1625,"activity":0.0587,"lastBolusTime":1703133894924,"time":"2023-12-21T05:07:02.803Z"}},{"iob":4.314,"basaliob":-1.165,"bolussnooze":1.8521,"activity":0.0583,"lastBolusTime":1703133894924,"time":"2023-12-21T05:12:02.803Z","iobWithZeroTemp":{"iob":3.813,"basaliob":-1.666,"bolussnooze":1.8521,"activity":0.0561,"lastBolusTime":1703133894924,"time":"2023-12-21T05:12:02.803Z"}},{"iob":4.027,"basaliob":-1.088,"bolussnooze":1.5774,"activity":0.0562,"lastBolusTime":1703133894924,"time":"2023-12-21T05:17:02.803Z","iobWithZeroTemp":{"iob":3.431,"basaliob":-1.684,"bolussnooze":1.5774,"activity":0.0532,"lastBolusTime":1703133894924,"time":"2023-12-21T05:17:02.803Z"}},{"iob":3.752,"basaliob":-1.014,"bolussnooze":1.3367,"activity":0.0538,"lastBolusTime":1703133894924,"time":"2023-12-21T05:22:02.803Z","iobWithZeroTemp":{"iob":3.065,"basaliob":-1.701,"bolussnooze":1.3367,"activity":0.0499,"lastBolusTime":1703133894924,"time":"2023-12-21T05:22:02.803Z"}},{"iob":3.49,"basaliob":-0.943,"bolussnooze":1.1275,"activity":0.0513,"lastBolusTime":1703133894924,"time":"2023-12-21T05:27:02.803Z","iobWithZeroTemp":{"iob":2.716,"basaliob":-1.717,"bolussnooze":1.1275,"activity":0.0466,"lastBolusTime":1703133894924,"time":"2023-12-21T05:27:02.803Z"}},{"iob":3.241,"basaliob":-0.875,"bolussnooze":0.9471,"activity":0.0487,"lastBolusTime":1703133894924,"time":"2023-12-21T05:32:02.803Z","iobWithZeroTemp":{"iob":2.384,"basaliob":-1.732,"bolussnooze":0.9471,"activity":0.0431,"lastBolusTime":1703133894924,"time":"2023-12-21T05:32:02.803Z"}},{"iob":3.003,"basaliob":-0.812,"bolussnooze":0.7925,"activity":0.0461,"lastBolusTime":1703133894924,"time":"2023-12-21T05:37:02.803Z","iobWithZeroTemp":{"iob":2.068,"basaliob":-1.747,"bolussnooze":0.7925,"activity":0.0396,"lastBolusTime":1703133894924,"time":"2023-12-21T05:37:02.803Z"}},{"iob":2.779,"basaliob":-0.751,"bolussnooze":0.6608,"activity":0.0435,"lastBolusTime":1703133894924,"time":"2023-12-21T05:42:02.803Z","iobWithZeroTemp":{"iob":1.771,"basaliob":-1.759,"bolussnooze":0.6608,"activity":0.0361,"lastBolusTime":1703133894924,"time":"2023-12-21T05:42:02.803Z"}},{"iob":2.568,"basaliob":-0.694,"bolussnooze":0.5491,"activity":0.0409,"lastBolusTime":1703133894924,"time":"2023-12-21T05:47:02.803Z","iobWithZeroTemp":{"iob":1.491,"basaliob":-1.771,"bolussnooze":0.5491,"activity":0.0326,"lastBolusTime":1703133894924,"time":"2023-12-21T05:47:02.803Z"}},{"iob":2.37,"basaliob":-0.641,"bolussnooze":0.4548,"activity":0.0383,"lastBolusTime":1703133894924,"time":"2023-12-21T05:52:02.803Z","iobWithZeroTemp":{"iob":1.228,"basaliob":-1.783,"bolussnooze":0.4548,"activity":0.0291,"lastBolusTime":1703133894924,"time":"2023-12-21T05:52:02.803Z"}},{"iob":2.184,"basaliob":-0.591,"bolussnooze":0.3755,"activity":0.0359,"lastBolusTime":1703133894924,"time":"2023-12-21T05:57:02.803Z","iobWithZeroTemp":{"iob":0.982,"basaliob":-1.793,"bolussnooze":0.3755,"activity":0.0259,"lastBolusTime":1703133894924,"time":"2023-12-21T05:57:02.803Z"}},{"iob":2.01,"basaliob":-0.544,"bolussnooze":0.3091,"activity":0.0335,"lastBolusTime":1703133894924,"time":"2023-12-21T06:02:02.803Z","iobWithZeroTemp":{"iob":0.751,"basaliob":-1.803,"bolussnooze":0.3091,"activity":0.0227,"lastBolusTime":1703133894924,"time":"2023-12-21T06:02:02.803Z"}},{"iob":1.849,"basaliob":-0.5,"bolussnooze":0.2537,"activity":0.0313,"lastBolusTime":1703133894924,"time":"2023-12-21T06:07:02.803Z","iobWithZeroTemp":{"iob":0.542,"basaliob":-1.807,"bolussnooze":0.2537,"activity":0.0198,"lastBolusTime":1703133894924,"time":"2023-12-21T06:07:02.803Z"}},{"iob":1.698,"basaliob":-0.459,"bolussnooze":0.2076,"activity":0.029,"lastBolusTime":1703133894924,"time":"2023-12-21T06:12:02.803Z","iobWithZeroTemp":{"iob":0.346,"basaliob":-1.811,"bolussnooze":0.2076,"activity":0.0168,"lastBolusTime":1703133894924,"time":"2023-12-21T06:12:02.803Z"}},{"iob":1.558,"basaliob":-0.421,"bolussnooze":0.1695,"activity":0.027,"lastBolusTime":1703133894924,"time":"2023-12-21T06:17:02.803Z","iobWithZeroTemp":{"iob":0.164,"basaliob":-1.815,"bolussnooze":0.1695,"activity":0.0141,"lastBolusTime":1703133894924,"time":"2023-12-21T06:17:02.803Z"}},{"iob":1.428,"basaliob":-0.386,"bolussnooze":0.1379,"activity":0.025,"lastBolusTime":1703133894924,"time":"2023-12-21T06:22:02.803Z","iobWithZeroTemp":{"iob":-0.004,"basaliob":-1.818,"bolussnooze":0.1379,"activity":0.0115,"lastBolusTime":1703133894924,"time":"2023-12-21T06:22:02.803Z"}},{"iob":1.307,"basaliob":-0.354,"bolussnooze":0.1119,"activity":0.0231,"lastBolusTime":1703133894924,"time":"2023-12-21T06:27:02.803Z","iobWithZeroTemp":{"iob":-0.16,"basaliob":-1.821,"bolussnooze":0.1119,"activity":0.009,"lastBolusTime":1703133894924,"time":"2023-12-21T06:27:02.803Z"}},{"iob":1.197,"basaliob":-0.323,"bolussnooze":0.0905,"activity":0.0214,"lastBolusTime":1703133894924,"time":"2023-12-21T06:32:02.803Z","iobWithZeroTemp":{"iob":-0.302,"basaliob":-1.822,"bolussnooze":0.0905,"activity":0.0067,"lastBolusTime":1703133894924,"time":"2023-12-21T06:32:02.803Z"}},{"iob":1.093,"basaliob":-0.296,"bolussnooze":0.073,"activity":0.0198,"lastBolusTime":1703133894924,"time":"2023-12-21T06:37:02.803Z","iobWithZeroTemp":{"iob":-0.436,"basaliob":-1.825,"bolussnooze":0.073,"activity":0.0046,"lastBolusTime":1703133894924,"time":"2023-12-21T06:37:02.803Z"}},{"iob":0.998,"basaliob":-0.27,"bolussnooze":0.0587,"activity":0.0183,"lastBolusTime":1703133894924,"time":"2023-12-21T06:42:02.803Z","iobWithZeroTemp":{"iob":-0.558,"basaliob":-1.826,"bolussnooze":0.0587,"activity":0.0027,"lastBolusTime":1703133894924,"time":"2023-12-21T06:42:02.803Z"}},{"iob":0.911,"basaliob":-0.246,"bolussnooze":0.0471,"activity":0.0168,"lastBolusTime":1703133894924,"time":"2023-12-21T06:47:02.803Z","iobWithZeroTemp":{"iob":-0.67,"basaliob":-1.827,"bolussnooze":0.0471,"activity":7.0E-4,"lastBolusTime":1703133894924,"time":"2023-12-21T06:47:02.803Z"}},{"iob":0.831,"basaliob":-0.224,"bolussnooze":0.0376,"activity":0.0154,"lastBolusTime":1703133894924,"time":"2023-12-21T06:52:02.803Z","iobWithZeroTemp":{"iob":-0.773,"basaliob":-1.828,"bolussnooze":0.0376,"activity":-0.0011,"lastBolusTime":1703133894924,"time":"2023-12-21T06:52:02.803Z"}},{"iob":0.757,"basaliob":-0.204,"bolussnooze":0.0299,"activity":0.0142,"lastBolusTime":1703133894924,"time":"2023-12-21T06:57:02.803Z","iobWithZeroTemp":{"iob":-0.866,"basaliob":-1.827,"bolussnooze":0.0299,"activity":-0.0026,"lastBolusTime":1703133894924,"time":"2023-12-21T06:57:02.803Z"}},{"iob":0.689,"basaliob":-0.186,"bolussnooze":0.0237,"activity":0.013,"lastBolusTime":1703133894924,"time":"2023-12-21T07:02:02.803Z","iobWithZeroTemp":{"iob":-0.953,"basaliob":-1.828,"bolussnooze":0.0237,"activity":-0.0042,"lastBolusTime":1703133894924,"time":"2023-12-21T07:02:02.803Z"}},{"iob":0.626,"basaliob":-0.169,"bolussnooze":0.0188,"activity":0.012,"lastBolusTime":1703133894924,"time":"2023-12-21T07:07:02.803Z","iobWithZeroTemp":{"iob":-1.03,"basaliob":-1.825,"bolussnooze":0.0188,"activity":-0.0055,"lastBolusTime":1703133894924,"time":"2023-12-21T07:07:02.803Z"}},{"iob":0.569,"basaliob":-0.154,"bolussnooze":0.0148,"activity":0.0109,"lastBolusTime":1703133894924,"time":"2023-12-21T07:12:02.803Z","iobWithZeroTemp":{"iob":-1.099,"basaliob":-1.822,"bolussnooze":0.0148,"activity":-0.0068,"lastBolusTime":1703133894924,"time":"2023-12-21T07:12:02.803Z"}},{"iob":0.516,"basaliob":-0.14,"bolussnooze":0.0115,"activity":0.01,"lastBolusTime":1703133894924,"time":"2023-12-21T07:17:02.803Z","iobWithZeroTemp":{"iob":-1.162,"basaliob":-1.818,"bolussnooze":0.0115,"activity":-0.008,"lastBolusTime":1703133894924,"time":"2023-12-21T07:17:02.803Z"}},{"iob":0.469,"basaliob":-0.127,"bolussnooze":0.009,"activity":0.0091,"lastBolusTime":1703133894924,"time":"2023-12-21T07:22:02.803Z","iobWithZeroTemp":{"iob":-1.219,"basaliob":-1.815,"bolussnooze":0.009,"activity":-0.0091,"lastBolusTime":1703133894924,"time":"2023-12-21T07:22:02.803Z"}},{"iob":0.425,"basaliob":-0.115,"bolussnooze":0.007,"activity":0.0083,"lastBolusTime":1703133894924,"time":"2023-12-21T07:27:02.803Z","iobWithZeroTemp":{"iob":-1.271,"basaliob":-1.811,"bolussnooze":0.007,"activity":-0.0101,"lastBolusTime":1703133894924,"time":"2023-12-21T07:27:02.803Z"}},{"iob":0.385,"basaliob":-0.104,"bolussnooze":0.0054,"activity":0.0076,"lastBolusTime":1703133894924,"time":"2023-12-21T07:32:02.803Z","iobWithZeroTemp":{"iob":-1.319,"basaliob":-1.808,"bolussnooze":0.0054,"activity":-0.011,"lastBolusTime":1703133894924,"time":"2023-12-21T07:32:02.803Z"}},{"iob":0.349,"basaliob":-0.094,"bolussnooze":0.0041,"activity":0.0069,"lastBolusTime":1703133894924,"time":"2023-12-21T07:37:02.803Z","iobWithZeroTemp":{"iob":-1.361,"basaliob":-1.804,"bolussnooze":0.0041,"activity":-0.0119,"lastBolusTime":1703133894924,"time":"2023-12-21T07:37:02.803Z"}},{"iob":0.316,"basaliob":-0.085,"bolussnooze":0.0031,"activity":0.0064,"lastBolusTime":1703133894924,"time":"2023-12-21T07:42:02.803Z","iobWithZeroTemp":{"iob":-1.4,"basaliob":-1.801,"bolussnooze":0.0031,"activity":-0.0125,"lastBolusTime":1703133894924,"time":"2023-12-21T07:42:02.803Z"}},{"iob":0.285,"basaliob":-0.077,"bolussnooze":0.0024,"activity":0.0057,"lastBolusTime":1703133894924,"time":"2023-12-21T07:47:02.803Z","iobWithZeroTemp":{"iob":-1.437,"basaliob":-1.799,"bolussnooze":0.0024,"activity":-0.0133,"lastBolusTime":1703133894924,"time":"2023-12-21T07:47:02.803Z"}},{"iob":0.258,"basaliob":-0.07,"bolussnooze":0.0018,"activity":0.0053,"lastBolusTime":1703133894924,"time":"2023-12-21T07:52:02.803Z","iobWithZeroTemp":{"iob":-1.468,"basaliob":-1.796,"bolussnooze":0.0018,"activity":-0.0138,"lastBolusTime":1703133894924,"time":"2023-12-21T07:52:02.803Z"}},{"iob":0.233,"basaliob":-0.063,"bolussnooze":0.0013,"activity":0.0048,"lastBolusTime":1703133894924,"time":"2023-12-21T07:57:02.803Z","iobWithZeroTemp":{"iob":-1.497,"basaliob":-1.793,"bolussnooze":0.0013,"activity":-0.0144,"lastBolusTime":1703133894924,"time":"2023-12-21T07:57:02.803Z"}},{"iob":0.21,"basaliob":-0.057,"bolussnooze":9.0E-4,"activity":0.0043,"lastBolusTime":1703133894924,"time":"2023-12-21T08:02:02.803Z","iobWithZeroTemp":{"iob":-1.524,"basaliob":-1.791,"bolussnooze":9.0E-4,"activity":-0.015,"lastBolusTime":1703133894924,"time":"2023-12-21T08:02:02.803Z"}},{"iob":0.19,"basaliob":-0.051,"bolussnooze":7.0E-4,"activity":0.0039,"lastBolusTime":1703133894924,"time":"2023-12-21T08:07:02.803Z","iobWithZeroTemp":{"iob":-1.539,"basaliob":-1.78,"bolussnooze":7.0E-4,"activity":-0.0155,"lastBolusTime":1703133894924,"time":"2023-12-21T08:07:02.803Z"}},{"iob":0.171,"basaliob":-0.046,"bolussnooze":5.0E-4,"activity":0.0035,"lastBolusTime":1703133894924,"time":"2023-12-21T08:12:02.803Z","iobWithZeroTemp":{"iob":-1.553,"basaliob":-1.77,"bolussnooze":5.0E-4,"activity":-0.0159,"lastBolusTime":1703133894924,"time":"2023-12-21T08:12:02.803Z"}},{"iob":0.154,"basaliob":-0.041,"bolussnooze":3.0E-4,"activity":0.0032,"lastBolusTime":1703133894924,"time":"2023-12-21T08:17:02.803Z","iobWithZeroTemp":{"iob":-1.564,"basaliob":-1.759,"bolussnooze":3.0E-4,"activity":-0.0163,"lastBolusTime":1703133894924,"time":"2023-12-21T08:17:02.803Z"}},{"iob":0.139,"basaliob":-0.037,"bolussnooze":2.0E-4,"activity":0.0029,"lastBolusTime":1703133894924,"time":"2023-12-21T08:22:02.803Z","iobWithZeroTemp":{"iob":-1.573,"basaliob":-1.749,"bolussnooze":2.0E-4,"activity":-0.0166,"lastBolusTime":1703133894924,"time":"2023-12-21T08:22:02.803Z"}},{"iob":0.124,"basaliob":-0.034,"bolussnooze":2.0E-4,"activity":0.0027,"lastBolusTime":1703133894924,"time":"2023-12-21T08:27:02.803Z","iobWithZeroTemp":{"iob":-1.583,"basaliob":-1.741,"bolussnooze":2.0E-4,"activity":-0.0168,"lastBolusTime":1703133894924,"time":"2023-12-21T08:27:02.803Z"}},{"iob":0.112,"basaliob":-0.03,"bolussnooze":1.0E-4,"activity":0.0025,"lastBolusTime":1703133894924,"time":"2023-12-21T08:32:02.803Z","iobWithZeroTemp":{"iob":-1.589,"basaliob":-1.731,"bolussnooze":1.0E-4,"activity":-0.017,"lastBolusTime":1703133894924,"time":"2023-12-21T08:32:02.803Z"}},{"iob":0.1,"basaliob":-0.027,"bolussnooze":1.0E-4,"activity":0.0022,"lastBolusTime":1703133894924,"time":"2023-12-21T08:37:02.803Z","iobWithZeroTemp":{"iob":-1.596,"basaliob":-1.723,"bolussnooze":1.0E-4,"activity":-0.0172,"lastBolusTime":1703133894924,"time":"2023-12-21T08:37:02.803Z"}},{"iob":0.09,"basaliob":-0.024,"bolussnooze":0,"activity":0.002,"lastBolusTime":1703133894924,"time":"2023-12-21T08:42:02.803Z","iobWithZeroTemp":{"iob":-1.599,"basaliob":-1.713,"bolussnooze":0,"activity":-0.0174,"lastBolusTime":1703133894924,"time":"2023-12-21T08:42:02.803Z"}}],"profile":{"max_iob":20,"type":"current","max_daily_basal":1.6,"max_basal":4.8,"min_bg":81,"max_bg":81,"target_bg":81,"carb_ratio":5.5,"sens":72,"max_daily_safety_multiplier":3,"current_basal_safety_multiplier":4,"high_temptarget_raises_sensitivity":false,"low_temptarget_lowers_sensitivity":false,"sensitivity_raises_target":false,"resistance_lowers_target":false,"adv_target_adjustments":false,"exercise_mode":false,"half_basal_exercise_target":160,"maxCOB":120,"skip_neutral_temps":false,"remainingCarbsCap":90,"enableUAM":true,"A52_risk_enable":false,"SMBInterval":3,"enableSMB_with_COB":false,"enableSMB_with_temptarget":false,"allowSMB_with_high_temptarget":true,"enableSMB_always":true,"enableSMB_after_carbs":false,"maxSMBBasalMinutes":120,"maxUAMSMBBasalMinutes":120,"bolus_increment":0.05,"carbsReqThreshold":1,"current_basal":1.3,"temptargetSet":true,"autosens_max":1.8,"out_units":"mmol\/L"},"autosens_data":{"ratio":1},"meal_data":{"carbs":20,"mealCOB":0,"slopeFromMaxDeviation":0,"slopeFromMinDeviation":1.1115000000000002,"lastBolusTime":1703133894924,"lastCarbTime":1703127724000},"microBolusAllowed":true,"currentTime":1703134026186,"flatBGsDetected":false},"output":{"temp":"absolute","bg":147,"tick":"+1","eventualBG":134,"targetBG":81,"insulinReq":-1.25,"deliverAt":"2023-12-21T04:47:06.186Z","sensitivityRatio":1,"predBGs":{"IOB":[147,146,143,138,132,124,114,104,93,80,66,52,39],"ZT":[147,124,102,79,57,39,39,39,39,39,39,39,39,39,39,39,39,39,39,39,39,39,39,39,39,39,39,39,39,39,39,39,39,39,39,39,39,39,39,39,39,39,39,39,39,39,39,39],"UAM":[147,147,147,146,145,143,142,141,140,139,138,138,138,139,139,140,141,142,144,145,147,148,150,151,152,153,155,155,156,156,156,156,155,154,153,151,149,147,145,143,141,140,139,138,137,136,135,134]},"COB":0,"IOB":5.858,"reason":"COB: 0, Dev: 7.9, BGI: -1.3, ISF: 4.0, CR: 5.5, Target: 4.5, minPredBG -0.5, minGuardBG 7.4, IOBpredBG 2.2, UAMpredBG 7.4; Eventual BG 7.4 >= 4.5,  insulinReq -1.25; setting 60m low temp of 0U\/h. Waiting 1m 48s to microbolus again. ","rate":0,"duration":60,"timestamp":"2023-12-21T04:47:06.293Z"}}