{"algorithm":"OpenAPSSMBPlugin","input":{"glucoseStatus":{"glucose":85,"noise":0,"delta":-3,"short_avgdelta":-2.39,"long_avgdelta":-0.11,"date":1703060200872},"currenttemp":{"temp":"absolute","duration":20,"rate":0.55,"minutesrunning":10},"iob_data":[{"iob":0.319,"basaliob":-1.142,"bolussnooze":0,"activity":0.0049,"lastBolusTime":1703059328687,"time":"2023-12-20T08:17:02.616Z","iobWithZeroTemp":{"iob":0.319,"basaliob":-1.142,"bolussnooze":0,"activity":0.0049,"lastBolusTime":1703059328687,"time":"2023-12-20T08:17:02.616Z"}},{"iob":0.296,"basaliob":-1.073,"bolussnooze":0,"activity":0.0046,"lastBolusTime":1703059328687,"time":"2023-12-20T08:22:02.616Z","iobWithZeroTemp":{"iob":0.223,"basaliob":-1.146,"bolussnooze":0,"activity":0.0045,"lastBolusTime":1703059328687,"time":"2023-12-20T08:22:02.616Z"}},{"iob":0.274,"basaliob":-1.007,"bolussnooze":0,"activity":0.0043,"lastBolusTime":1703059328687,"time":"2023-12-20T08:27:02.616Z","iobWithZeroTemp":{"iob":0.11,"basaliob":-1.171,"bolussnooze":0,"activity":0.004,"lastBolusTime":1703059328687,"time":"2023-12-20T08:27:02.616Z"}},{"iob":0.253,"basaliob":-0.942,"bolussnooze":0,"activity":0.004,"lastBolusTime":1703059328687,"time":"2023-12-20T08:32:02.616Z","iobWithZeroTemp":{"iob":0,"basaliob":-1.195,"bolussnooze":0,"activity":0.0033,"lastBolusTime":1703059328687,"time":"2023-12-20T08:32:02.616Z"}},{"iob":0.234,"basaliob":-0.879,"bolussnooze":0,"activity":0.0038,"lastBolusTime":1703059328687,"time":"2023-12-20T08:37:02.616Z","iobWithZeroTemp":{"iob":-0.106,"basaliob":-1.219,"bolussnooze":0,"activity":0.0025,"lastBolusTime":1703059328687,"time":"2023-12-20T08:37:02.616Z"}},{"iob":0.215,"basaliob":-0.819,"bolussnooze":0,"activity":0.0035,"lastBolusTime":1703059328687,"time":"2023-12-20T08:42:02.616Z","iobWithZeroTemp":{"iob":-0.209,"basaliob":-1.243,"bolussnooze":0,"activity":0.0016,"lastBolusTime":1703059328687,"time":"2023-12-20T08:42:02.616Z"}},{"iob":0.197,"basaliob":-0.762,"bolussnooze":0,"activity":0.0033,"lastBolusTime":1703059328687,"time":"2023-12-20T08:47:02.616Z","iobWithZeroTemp":{"iob":-0.307,"basaliob":-1.266,"bolussnooze":0,"activity":7.0E-4,"lastBolusTime":1703059328687,"time":"2023-12-20T08:47:02.616Z"}},{"iob":0.182,"basaliob":-0.707,"bolussnooze":0,"activity":0.003,"lastBolusTime":1703059328687,"time":"2023-12-20T08:52:02.616Z","iobWithZeroTemp":{"iob":-0.4,"basaliob":-1.289,"bolussnooze":0,"activity":-3.0E-4,"lastBolusTime":1703059328687,"time":"2023-12-20T08:52:02.616Z"}},{"iob":0.167,"basaliob":-0.655,"bolussnooze":0,"activity":0.0028,"lastBolusTime":1703059328687,"time":"2023-12-20T08:57:02.616Z","iobWithZeroTemp":{"iob":-0.488,"basaliob":-1.31,"bolussnooze":0,"activity":-0.0012,"lastBolusTime":1703059328687,"time":"2023-12-20T08:57:02.616Z"}},{"iob":0.153,"basaliob":-0.606,"bolussnooze":0,"activity":0.0027,"lastBolusTime":1703059328687,"time":"2023-12-20T09:02:02.616Z","iobWithZeroTemp":{"iob":-0.572,"basaliob":-1.331,"bolussnooze":0,"activity":-0.0021,"lastBolusTime":1703059328687,"time":"2023-12-20T09:02:02.616Z"}},{"iob":0.14,"basaliob":-0.56,"bolussnooze":0,"activity":0.0025,"lastBolusTime":1703059328687,"time":"2023-12-20T09:07:02.616Z","iobWithZeroTemp":{"iob":-0.643,"basaliob":-1.343,"bolussnooze":0,"activity":-0.003,"lastBolusTime":1703059328687,"time":"2023-12-20T09:07:02.616Z"}},{"iob":0.128,"basaliob":-0.517,"bolussnooze":0,"activity":0.0023,"lastBolusTime":1703059328687,"time":"2023-12-20T09:12:02.616Z","iobWithZeroTemp":{"iob":-0.709,"basaliob":-1.354,"bolussnooze":0,"activity":-0.004,"lastBolusTime":1703059328687,"time":"2023-12-20T09:12:02.616Z"}},{"iob":0.118,"basaliob":-0.476,"bolussnooze":0,"activity":0.0022,"lastBolusTime":1703059328687,"time":"2023-12-20T09:17:02.616Z","iobWithZeroTemp":{"iob":-0.769,"basaliob":-1.363,"bolussnooze":0,"activity":-0.0048,"lastBolusTime":1703059328687,"time":"2023-12-20T09:17:02.616Z"}},{"iob":0.108,"basaliob":-0.438,"bolussnooze":0,"activity":0.002,"lastBolusTime":1703059328687,"time":"2023-12-20T09:22:02.616Z","iobWithZeroTemp":{"iob":-0.826,"basaliob":-1.372,"bolussnooze":0,"activity":-0.0056,"lastBolusTime":1703059328687,"time":"2023-12-20T09:22:02.616Z"}},{"iob":0.098,"basaliob":-0.403,"bolussnooze":0,"activity":0.0018,"lastBolusTime":1703059328687,"time":"2023-12-20T09:27:02.616Z","iobWithZeroTemp":{"iob":-0.88,"basaliob":-1.381,"bolussnooze":0,"activity":-0.0065,"lastBolusTime":1703059328687,"time":"2023-12-20T09:27:02.616Z"}},{"iob":0.089,"basaliob":-0.37,"bolussnooze":0,"activity":0.0017,"lastBolusTime":1703059328687,"time":"2023-12-20T09:32:02.616Z","iobWithZeroTemp":{"iob":-0.929,"basaliob":-1.388,"bolussnooze":0,"activity":-0.0072,"lastBolusTime":1703059328687,"time":"2023-12-20T09:32:02.616Z"}},{"iob":0.082,"basaliob":-0.339,"bolussnooze":0,"activity":0.0015,"lastBolusTime":1703059328687,"time":"2023-12-20T09:37:02.616Z","iobWithZeroTemp":{"iob":-0.967,"basaliob":-1.388,"bolussnooze":0,"activity":-0.0079,"lastBolusTime":1703059328687,"time":"2023-12-20T09:37:02.616Z"}},{"iob":0.074,"basaliob":-0.311,"bolussnooze":0,"activity":0.0014,"lastBolusTime":1703059328687,"time":"2023-12-20T09:42:02.616Z","iobWithZeroTemp":{"iob":-1.011,"basaliob":-1.396,"bolussnooze":0,"activity":-0.0085,"lastBolusTime":1703059328687,"time":"2023-12-20T09:42:02.616Z"}},{"iob":0.067,"basaliob":-0.285,"bolussnooze":0,"activity":0.0012,"lastBolusTime":1703059328687,"time":"2023-12-20T09:47:02.616Z","iobWithZeroTemp":{"iob":-1.05,"basaliob":-1.402,"bolussnooze":0,"activity":-0.0092,"lastBolusTime":1703059328687,"time":"2023-12-20T09:47:02.616Z"}},{"iob":0.062,"basaliob":-0.26,"bolussnooze":0,"activity":0.0011,"lastBolusTime":1703059328687,"time":"2023-12-20T09:52:02.616Z","iobWithZeroTemp":{"iob":-1.085,"basaliob":-1.407,"bolussnooze":0,"activity":-0.0098,"lastBolusTime":1703059328687,"time":"2023-12-20T09:52:02.616Z"}},{"iob":0.056,"basaliob":-0.238,"bolussnooze":0,"activity":0.0011,"lastBolusTime":1703059328687,"time":"2023-12-20T09:57:02.616Z","iobWithZeroTemp":{"iob":-1.119,"basaliob":-1.413,"bolussnooze":0,"activity":-0.0103,"lastBolusTime":1703059328687,"time":"2023-12-20T09:57:02.616Z"}},{"iob":0.051,"basaliob":-0.217,"bolussnooze":0,"activity":0.001,"lastBolusTime":1703059328687,"time":"2023-12-20T10:02:02.616Z","iobWithZeroTemp":{"iob":-1.149,"basaliob":-1.417,"bolussnooze":0,"activity":-0.0108,"lastBolusTime":1703059328687,"time":"2023-12-20T10:02:02.616Z"}},{"iob":0.046,"basaliob":-0.198,"bolussnooze":0,"activity":9.0E-4,"lastBolusTime":1703059328687,"time":"2023-12-20T10:07:02.616Z","iobWithZeroTemp":{"iob":-1.169,"basaliob":-1.413,"bolussnooze":0,"activity":-0.0113,"lastBolusTime":1703059328687,"time":"2023-12-20T10:07:02.616Z"}},{"iob":0.041,"basaliob":-0.181,"bolussnooze":0,"activity":8.0E-4,"lastBolusTime":1703059328687,"time":"2023-12-20T10:12:02.616Z","iobWithZeroTemp":{"iob":-1.188,"basaliob":-1.41,"bolussnooze":0,"activity":-0.0117,"lastBolusTime":1703059328687,"time":"2023-12-20T10:12:02.616Z"}},{"iob":0.038,"basaliob":-0.164,"bolussnooze":0,"activity":7.0E-4,"lastBolusTime":1703059328687,"time":"2023-12-20T10:17:02.616Z","iobWithZeroTemp":{"iob":-1.203,"basaliob":-1.405,"bolussnooze":0,"activity":-0.0121,"lastBolusTime":1703059328687,"time":"2023-12-20T10:17:02.616Z"}},{"iob":0.034,"basaliob":-0.15,"bolussnooze":0,"activity":7.0E-4,"lastBolusTime":1703059328687,"time":"2023-12-20T10:22:02.616Z","iobWithZeroTemp":{"iob":-1.217,"basaliob":-1.401,"bolussnooze":0,"activity":-0.0124,"lastBolusTime":1703059328687,"time":"2023-12-20T10:22:02.616Z"}},{"iob":0.031,"basaliob":-0.136,"bolussnooze":0,"activity":6.0E-4,"lastBolusTime":1703059328687,"time":"2023-12-20T10:27:02.616Z","iobWithZeroTemp":{"iob":-1.229,"basaliob":-1.396,"bolussnooze":0,"activity":-0.0127,"lastBolusTime":1703059328687,"time":"2023-12-20T10:27:02.616Z"}},{"iob":0.027,"basaliob":-0.124,"bolussnooze":0,"activity":5.0E-4,"lastBolusTime":1703059328687,"time":"2023-12-20T10:32:02.616Z","iobWithZeroTemp":{"iob":-1.241,"basaliob":-1.392,"bolussnooze":0,"activity":-0.013,"lastBolusTime":1703059328687,"time":"2023-12-20T10:32:02.616Z"}},{"iob":0.025,"basaliob":-0.112,"bolussnooze":0,"activity":5.0E-4,"lastBolusTime":1703059328687,"time":"2023-12-20T10:37:02.616Z","iobWithZeroTemp":{"iob":-1.25,"basaliob":-1.387,"bolussnooze":0,"activity":-0.0132,"lastBolusTime":1703059328687,"time":"2023-12-20T10:37:02.616Z"}},{"iob":0.023,"basaliob":-0.102,"bolussnooze":0,"activity":5.0E-4,"lastBolusTime":1703059328687,"time":"2023-12-20T10:42:02.616Z","iobWithZeroTemp":{"iob":-1.258,"basaliob":-1.383,"bolussnooze":0,"activity":-0.0134,"lastBolusTime":1703059328687,"time":"2023-12-20T10:42:02.616Z"}},{"iob":0.021,"basaliob":-0.092,"bolussnooze":0,"activity":4.0E-4,"lastBolusTime":1703059328687,"time":"2023-12-20T10:47:02.616Z","iobWithZeroTemp":{"iob":-1.266,"basaliob":-1.379,"bolussnooze":0,"activity":-0.0136,"lastBolusTime":1703059328687,"time":"2023-12-20T10:47:02.616Z"}},{"iob":0.018,"basaliob":-0.084,"bolussnooze":0,"activity":3.0E-4,"lastBolusTime":1703059328687,"time":"2023-12-20T10:52:02.616Z","iobWithZeroTemp":{"iob":-1.273,"basaliob":-1.375,"bolussnooze":0,"activity":-0.0138,"lastBolusTime":1703059328687,"time":"2023-12-20T10:52:02.616Z"}},{"iob":0.016,"basaliob":-0.076,"bolussnooze":0,"activity":4.0E-4,"lastBolusTime":1703059328687,"time":"2023-12-20T10:57:02.616Z","iobWithZeroTemp":{"iob":-1.279,"basaliob":-1.371,"bolussnooze":0,"activity":-0.0139,"lastBolusTime":1703059328687,"time":"2023-12-20T10:57:02.616Z"}},{"iob":0.015,"basaliob":-0.068,"bolussnooze":0,"activity":3.0E-4,"lastBolusTime":1703059328687,"time":"2023-12-20T11:02:02.616Z","iobWithZeroTemp":{"iob":-1.284,"basaliob":-1.367,"bolussnooze":0,"activity":-0.0141,"lastBolusTime":1703059328687,"time":"2023-12-20T11:02:02.616Z"}},{"iob":0.013,"basaliob":-0.062,"bolussnooze":0,"activity":2.0E-4,"lastBolusTime":1703059328687,"time":"2023-12-20T11:07:02.616Z","iobWithZeroTemp":{"iob":-1.281,"basaliob":-1.356,"bolussnooze":0,"activity":-0.0142,"lastBolusTime":1703059328687,"time":"2023-12-20T11:07:02.616Z"}},{"iob":0.012,"basaliob":-0.056,"bolussnooze":0,"activity":3.0E-4,"lastBolusTime":1703059328687,"time":"2023-12-20T11:12:02.616Z","iobWithZeroTemp":{"iob":-1.276,"basaliob":-1.344,"bolussnooze":0,"activity":-0.0142,"lastBolusTime":1703059328687,"time":"2023-12-20T11:12:02.616Z"}},{"iob":0.011,"basaliob":-0.05,"bolussnooze":0,"activity":3.0E-4,"lastBolusTime":1703059328687,"time":"2023-12-20T11:17:02.616Z","iobWithZeroTemp":{"iob":-1.271,"basaliob":-1.332,"bolussnooze":0,"activity":-0.0142,"lastBolusTime":1703059328687,"time":"2023-12-20T11:17:02.616Z"}},{"iob":0.01,"basaliob":-0.045,"bolussnooze":0,"activity":3.0E-4,"lastBolusTime":1703059328687,"time":"2023-12-20T11:22:02.616Z","iobWithZeroTemp":{"iob":-1.267,"basaliob":-1.322,"bolussnooze":0,"activity":-0.0142,"lastBolusTime":1703059328687,"time":"2023-12-20T11:22:02.616Z"}},{"iob":0.009,"basaliob":-0.041,"bolussnooze":0,"activity":1.0E-4,"lastBolusTime":1703059328687,"time":"2023-12-20T11:27:02.616Z","iobWithZeroTemp":{"iob":-1.258,"basaliob":-1.308,"bolussnooze":0,"activity":-0.0144,"lastBolusTime":1703059328687,"time":"2023-12-20T11:27:02.616Z"}},{"iob":0.008,"basaliob":-0.037,"bolussnooze":0,"activity":1.0E-4,"lastBolusTime":1703059328687,"time":"2023-12-20T11:32:02.616Z","iobWithZeroTemp":{"iob":-1.254,"basaliob":-1.299,"bolussnooze":0,"activity":-0.0143,"lastBolusTime":1703059328687,"time":"2023-12-20T11:32:02.616Z"}},{"iob":0.007,"basaliob":-0.033,"bolussnooze":0,"activity":2.0E-4,"lastBolusTime":1703059328687,"time":"2023-12-20T11:37:02.616Z","iobWithZeroTemp":{"iob":-1.249,"basaliob":-1.289,"bolussnooze":0,"activity":-0.0142,"lastBolusTime":1703059328687,"time":"2023-12-20T11:37:02.616Z"}},{"iob":0.006,"basaliob":-0.03,"bolussnooze":0,"activity":2.0E-4,"lastBolusTime":1703059328687,"time":"2023-12-20T11:42:02.616Z","iobWithZeroTemp":{"iob":-1.245,"basaliob":-1.281,"bolussnooze":0,"activity":-0.0142,"lastBolusTime":1703059328687,"time":"2023-12-20T11:42:02.616Z"}},{"iob":0.005,"basaliob":-0.027,"bolussnooze":0,"activity":1.0E-4,"lastBolusTime":1703059328687,"time":"2023-12-20T11:47:02.616Z","iobWithZeroTemp":{"iob":-1.241,"basaliob":-1.273,"bolussnooze":0,"activity":-0.0143,"lastBolusTime":1703059328687,"time":"2023-12-20T11:47:02.616Z"}},{"iob":0.005,"basaliob":-0.024,"bolussnooze":0,"activity":1.0E-4,"lastBolusTime":1703059328687,"time":"2023-12-20T11:52:02.616Z","iobWithZeroTemp":{"iob":-1.236,"basaliob":-1.265,"bolussnooze":0,"activity":-0.0142,"lastBolusTime":1703059328687,"time":"2023-12-20T11:52:02.616Z"}},{"iob":0.004,"basaliob":-0.022,"bolussnooze":0,"activity":1.0E-4,"lastBolusTime":1703059328687,"time":"2023-12-20T11:57:02.616Z","iobWithZeroTemp":{"iob":-1.232,"basaliob":-1.258,"bolussnooze":0,"activity":-0.0142,"lastBolusTime":1703059328687,"time":"2023-12-20T11:57:02.616Z"}},{"iob":0.004,"basaliob":-0.019,"bolussnooze":0,"activity":1.0E-4,"lastBolusTime":1703059328687,"time":"2023-12-20T12:02:02.616Z","iobWithZeroTemp":{"iob":-1.228,"basaliob":-1.251,"bolussnooze":0,"activity":-0.0141,"lastBolusTime":1703059328687,"time":"2023-12-20T12:02:02.616Z"}},{"iob":0.004,"basaliob":-0.017,"bolussnooze":0,"activity":1.0E-4,"lastBolusTime":1703059328687,"time":"2023-12-20T12:07:02.616Z","iobWithZeroTemp":{"iob":-1.224,"basaliob":-1.245,"bolussnooze":0,"activity":-0.0141,"lastBolusTime":1703059328687,"time":"2023-12-20T12:07:02.616Z"}},{"iob":0.003,"basaliob":-0.016,"bolussnooze":0,"activity":1.0E-4,"lastBolusTime":1703059328687,"time":"2023-12-20T12:12:02.616Z","iobWithZeroTemp":{"iob":-1.221,"basaliob":-1.24,"bolussnooze":0,"activity":-0.014,"lastBolusTime":1703059328687,"time":"2023-12-20T12:12:02.616Z"}}],"profile":{"max_iob":20,"type":"current","max_daily_basal":1.6,"max_basal":4.4,"min_bg":81,"max_bg":81,"target_bg":81,"carb_ratio":5.5,"sens":72,"max_daily_safety_multiplier":3,"current_basal_safety_multiplier":4,"high_temptarget_raises_sensitivity":false,"low_temptarget_lowers_sensitivity":false,"sensitivity_raises_target":false,"resistance_lowers_target":false,"adv_target_adjustments":false,"exercise_mode":false,"half_basal_exercise_target":160,"maxCOB":120,"skip_neutral_temps":false,"remainingCarbsCap":90,"enableUAM":true,"A52_risk_enable":false,"SMBInterval":3,"enableSMB_with_COB":false,"enableSMB_with_temptarget":false,"allowSMB_with_high_temptarget":true,"enableSMB_always":true,"enableSMB_after_carbs":false,"maxSMBBasalMinutes":120,"maxUAMSMBBasalMinutes":120,"bolus_increment":0.05,"carbsReqThreshold":1,"current_basal":1.1,"temptargetSet":true,"autosens_max":1.8,"out_units":"mmol\/L"},"autosens_data":{"ratio":1},"meal_data":{"carbs":40,"mealCOB":6.555555555555564,"slopeFromMaxDeviation":-0.25045454545454543,"slopeFromMinDeviation":0.22762499999999997,"lastBolusTime":1703059328687,"lastCarbTime":1703053023000},"microBolusAllowed":true,"currentTime":1703060224539,"flatBGsDetected":false},"output":{"temp":"absolute","bg":85,"tick":-3,"eventualBG":121,"targetBG":81,"insulinReq":0,"deliverAt":"2023-12-20T08:17:04.539Z","sensitivityRatio":1,"predBGs":{"IOB":[85,82,79,77,75,73,71,69,68,66,65,64,63,63,62,61,61,60,60,59,59,58,58,58,57,57,57,57,56,56,56,56,56,56,56,56,55],"ZT":[85,83,82,80,79,78,78,77,77,78,79,80,81],"COB":[85,82,80,77,75,74,72,71,70,69,69,69,69,69,69,69,70,70,71,72,73,74,75,76,77,79,80,82,83,85,87,89,91,93,95,97,100,102,104,106,108,110,112,114,116,117,119,121],"UAM":[85,82,79,77,75,73,71,69,68,66,65,64,63,63,62,61,61,60,60,59,59,58,58,58,57,57,57,57,56,56,56,56,56,56,56,56,55]},"COB":6.555555555555564,"IOB":0.319,"reason":"COB: 6.6, Dev: 0.6, BGI: -0.1, ISF: 4.0, CR: 5.5, Target: 4.5, minPredBG 3.9, minGuardBG 3.2, IOBpredBG 3.1, COBpredBG 6.7, UAMpredBG 3.1; minGuardBG 3.2<3.4","duration":30,"rate":0,"timestamp":"2023-12-20T08:17:04.604Z"}}