{"algorithm":"OpenAPSSMBPlugin","input":{"glucoseStatus":{"glucose":84,"noise":0,"delta":-1,"short_avgdelta":-1.11,"long_avgdelta":-1.78,"date":1703040402114},"currenttemp":{"temp":"absolute","duration":28,"rate":0.75,"minutesrunning":2},"iob_data":[{"iob":1.239,"basaliob":-1.055,"bolussnooze":0,"activity":0.0076,"lastBolusTime":1703040278796,"time":"2023-12-20T02:47:00.372Z","iobWithZeroTemp":{"iob":1.239,"basaliob":-1.055,"bolussnooze":0,"activity":0.0076,"lastBolusTime":1703040278796,"time":"2023-12-20T02:47:00.372Z"}},{"iob":1.199,"basaliob":-0.999,"bolussnooze":0,"activity":0.0089,"lastBolusTime":1703040278796,"time":"2023-12-20T02:52:00.372Z","iobWithZeroTemp":{"iob":1.112,"basaliob":-1.086,"bolussnooze":0,"activity":0.0088,"lastBolusTime":1703040278796,"time":"2023-12-20T02:52:00.372Z"}},{"iob":1.151,"basaliob":-0.944,"bolussnooze":0,"activity":0.0097,"lastBolusTime":1703040278796,"time":"2023-12-20T02:57:00.372Z","iobWithZeroTemp":{"iob":0.957,"basaliob":-1.138,"bolussnooze":0,"activity":0.0093,"lastBolusTime":1703040278796,"time":"2023-12-20T02:57:00.372Z"}},{"iob":1.102,"basaliob":-0.888,"bolussnooze":0,"activity":0.0103,"lastBolusTime":1703040278796,"time":"2023-12-20T03:02:00.372Z","iobWithZeroTemp":{"iob":0.803,"basaliob":-1.187,"bolussnooze":0,"activity":0.0094,"lastBolusTime":1703040278796,"time":"2023-12-20T03:02:00.372Z"}},{"iob":1.049,"basaliob":-0.834,"bolussnooze":0,"activity":0.0107,"lastBolusTime":1703040278796,"time":"2023-12-20T03:07:00.372Z","iobWithZeroTemp":{"iob":0.647,"basaliob":-1.236,"bolussnooze":0,"activity":0.0092,"lastBolusTime":1703040278796,"time":"2023-12-20T03:07:00.372Z"}},{"iob":0.995,"basaliob":-0.781,"bolussnooze":0,"activity":0.0109,"lastBolusTime":1703040278796,"time":"2023-12-20T03:12:00.372Z","iobWithZeroTemp":{"iob":0.494,"basaliob":-1.282,"bolussnooze":0,"activity":0.0087,"lastBolusTime":1703040278796,"time":"2023-12-20T03:12:00.372Z"}},{"iob":0.94,"basaliob":-0.73,"bolussnooze":0,"activity":0.0109,"lastBolusTime":1703040278796,"time":"2023-12-20T03:17:00.372Z","iobWithZeroTemp":{"iob":0.344,"basaliob":-1.326,"bolussnooze":0,"activity":0.0079,"lastBolusTime":1703040278796,"time":"2023-12-20T03:17:00.372Z"}},{"iob":0.887,"basaliob":-0.68,"bolussnooze":0,"activity":0.0108,"lastBolusTime":1703040278796,"time":"2023-12-20T03:22:00.372Z","iobWithZeroTemp":{"iob":0.2,"basaliob":-1.367,"bolussnooze":0,"activity":0.0069,"lastBolusTime":1703040278796,"time":"2023-12-20T03:22:00.372Z"}},{"iob":0.833,"basaliob":-0.633,"bolussnooze":0,"activity":0.0106,"lastBolusTime":1703040278796,"time":"2023-12-20T03:27:00.372Z","iobWithZeroTemp":{"iob":0.059,"basaliob":-1.407,"bolussnooze":0,"activity":0.0059,"lastBolusTime":1703040278796,"time":"2023-12-20T03:27:00.372Z"}},{"iob":0.781,"basaliob":-0.588,"bolussnooze":0,"activity":0.0103,"lastBolusTime":1703040278796,"time":"2023-12-20T03:32:00.372Z","iobWithZeroTemp":{"iob":-0.076,"basaliob":-1.445,"bolussnooze":0,"activity":0.0047,"lastBolusTime":1703040278796,"time":"2023-12-20T03:32:00.372Z"}},{"iob":0.73,"basaliob":-0.545,"bolussnooze":0,"activity":0.01,"lastBolusTime":1703040278796,"time":"2023-12-20T03:37:00.372Z","iobWithZeroTemp":{"iob":-0.205,"basaliob":-1.48,"bolussnooze":0,"activity":0.0035,"lastBolusTime":1703040278796,"time":"2023-12-20T03:37:00.372Z"}},{"iob":0.681,"basaliob":-0.505,"bolussnooze":0,"activity":0.0095,"lastBolusTime":1703040278796,"time":"2023-12-20T03:42:00.372Z","iobWithZeroTemp":{"iob":-0.327,"basaliob":-1.513,"bolussnooze":0,"activity":0.0021,"lastBolusTime":1703040278796,"time":"2023-12-20T03:42:00.372Z"}},{"iob":0.634,"basaliob":-0.467,"bolussnooze":0,"activity":0.0092,"lastBolusTime":1703040278796,"time":"2023-12-20T03:47:00.372Z","iobWithZeroTemp":{"iob":-0.443,"basaliob":-1.544,"bolussnooze":0,"activity":9.0E-4,"lastBolusTime":1703040278796,"time":"2023-12-20T03:47:00.372Z"}},{"iob":0.589,"basaliob":-0.431,"bolussnooze":0,"activity":0.0088,"lastBolusTime":1703040278796,"time":"2023-12-20T03:52:00.372Z","iobWithZeroTemp":{"iob":-0.553,"basaliob":-1.573,"bolussnooze":0,"activity":-4.0E-4,"lastBolusTime":1703040278796,"time":"2023-12-20T03:52:00.372Z"}},{"iob":0.547,"basaliob":-0.397,"bolussnooze":0,"activity":0.0083,"lastBolusTime":1703040278796,"time":"2023-12-20T03:57:00.372Z","iobWithZeroTemp":{"iob":-0.655,"basaliob":-1.599,"bolussnooze":0,"activity":-0.0017,"lastBolusTime":1703040278796,"time":"2023-12-20T03:57:00.372Z"}},{"iob":0.507,"basaliob":-0.366,"bolussnooze":0,"activity":0.0078,"lastBolusTime":1703040278796,"time":"2023-12-20T04:02:00.372Z","iobWithZeroTemp":{"iob":-0.752,"basaliob":-1.625,"bolussnooze":0,"activity":-0.003,"lastBolusTime":1703040278796,"time":"2023-12-20T04:02:00.372Z"}},{"iob":0.469,"basaliob":-0.336,"bolussnooze":0,"activity":0.0073,"lastBolusTime":1703040278796,"time":"2023-12-20T04:07:00.372Z","iobWithZeroTemp":{"iob":-0.843,"basaliob":-1.648,"bolussnooze":0,"activity":-0.0042,"lastBolusTime":1703040278796,"time":"2023-12-20T04:07:00.372Z"}},{"iob":0.433,"basaliob":-0.309,"bolussnooze":0,"activity":0.0069,"lastBolusTime":1703040278796,"time":"2023-12-20T04:12:00.372Z","iobWithZeroTemp":{"iob":-0.928,"basaliob":-1.67,"bolussnooze":0,"activity":-0.0054,"lastBolusTime":1703040278796,"time":"2023-12-20T04:12:00.372Z"}},{"iob":0.399,"basaliob":-0.284,"bolussnooze":0,"activity":0.0065,"lastBolusTime":1703040278796,"time":"2023-12-20T04:17:00.372Z","iobWithZeroTemp":{"iob":-1.007,"basaliob":-1.69,"bolussnooze":0,"activity":-0.0064,"lastBolusTime":1703040278796,"time":"2023-12-20T04:17:00.372Z"}},{"iob":0.368,"basaliob":-0.26,"bolussnooze":0,"activity":0.0061,"lastBolusTime":1703040278796,"time":"2023-12-20T04:22:00.372Z","iobWithZeroTemp":{"iob":-1.08,"basaliob":-1.708,"bolussnooze":0,"activity":-0.0075,"lastBolusTime":1703040278796,"time":"2023-12-20T04:22:00.372Z"}},{"iob":0.339,"basaliob":-0.238,"bolussnooze":0,"activity":0.0057,"lastBolusTime":1703040278796,"time":"2023-12-20T04:27:00.372Z","iobWithZeroTemp":{"iob":-1.148,"basaliob":-1.725,"bolussnooze":0,"activity":-0.0085,"lastBolusTime":1703040278796,"time":"2023-12-20T04:27:00.372Z"}},{"iob":0.311,"basaliob":-0.218,"bolussnooze":0,"activity":0.0053,"lastBolusTime":1703040278796,"time":"2023-12-20T04:32:00.372Z","iobWithZeroTemp":{"iob":-1.212,"basaliob":-1.741,"bolussnooze":0,"activity":-0.0095,"lastBolusTime":1703040278796,"time":"2023-12-20T04:32:00.372Z"}},{"iob":0.286,"basaliob":-0.199,"bolussnooze":0,"activity":0.0049,"lastBolusTime":1703040278796,"time":"2023-12-20T04:37:00.372Z","iobWithZeroTemp":{"iob":-1.27,"basaliob":-1.755,"bolussnooze":0,"activity":-0.0104,"lastBolusTime":1703040278796,"time":"2023-12-20T04:37:00.372Z"}},{"iob":0.262,"basaliob":-0.182,"bolussnooze":0,"activity":0.0046,"lastBolusTime":1703040278796,"time":"2023-12-20T04:42:00.372Z","iobWithZeroTemp":{"iob":-1.325,"basaliob":-1.769,"bolussnooze":0,"activity":-0.0112,"lastBolusTime":1703040278796,"time":"2023-12-20T04:42:00.372Z"}},{"iob":0.24,"basaliob":-0.166,"bolussnooze":0,"activity":0.0042,"lastBolusTime":1703040278796,"time":"2023-12-20T04:47:00.372Z","iobWithZeroTemp":{"iob":-1.375,"basaliob":-1.781,"bolussnooze":0,"activity":-0.0121,"lastBolusTime":1703040278796,"time":"2023-12-20T04:47:00.372Z"}},{"iob":0.22,"basaliob":-0.151,"bolussnooze":0,"activity":0.0039,"lastBolusTime":1703040278796,"time":"2023-12-20T04:52:00.372Z","iobWithZeroTemp":{"iob":-1.421,"basaliob":-1.792,"bolussnooze":0,"activity":-0.0128,"lastBolusTime":1703040278796,"time":"2023-12-20T04:52:00.372Z"}},{"iob":0.201,"basaliob":-0.138,"bolussnooze":0,"activity":0.0036,"lastBolusTime":1703040278796,"time":"2023-12-20T04:57:00.372Z","iobWithZeroTemp":{"iob":-1.463,"basaliob":-1.802,"bolussnooze":0,"activity":-0.0135,"lastBolusTime":1703040278796,"time":"2023-12-20T04:57:00.372Z"}},{"iob":0.184,"basaliob":-0.125,"bolussnooze":0,"activity":0.0033,"lastBolusTime":1703040278796,"time":"2023-12-20T05:02:00.372Z","iobWithZeroTemp":{"iob":-1.502,"basaliob":-1.811,"bolussnooze":0,"activity":-0.0142,"lastBolusTime":1703040278796,"time":"2023-12-20T05:02:00.372Z"}},{"iob":0.168,"basaliob":-0.114,"bolussnooze":0,"activity":0.003,"lastBolusTime":1703040278796,"time":"2023-12-20T05:07:00.372Z","iobWithZeroTemp":{"iob":-1.538,"basaliob":-1.82,"bolussnooze":0,"activity":-0.0149,"lastBolusTime":1703040278796,"time":"2023-12-20T05:07:00.372Z"}},{"iob":0.153,"basaliob":-0.104,"bolussnooze":0,"activity":0.0028,"lastBolusTime":1703040278796,"time":"2023-12-20T05:12:00.372Z","iobWithZeroTemp":{"iob":-1.571,"basaliob":-1.828,"bolussnooze":0,"activity":-0.0154,"lastBolusTime":1703040278796,"time":"2023-12-20T05:12:00.372Z"}},{"iob":0.14,"basaliob":-0.094,"bolussnooze":0,"activity":0.0026,"lastBolusTime":1703040278796,"time":"2023-12-20T05:17:00.372Z","iobWithZeroTemp":{"iob":-1.601,"basaliob":-1.835,"bolussnooze":0,"activity":-0.0159,"lastBolusTime":1703040278796,"time":"2023-12-20T05:17:00.372Z"}},{"iob":0.127,"basaliob":-0.085,"bolussnooze":0,"activity":0.0024,"lastBolusTime":1703040278796,"time":"2023-12-20T05:22:00.372Z","iobWithZeroTemp":{"iob":-1.63,"basaliob":-1.842,"bolussnooze":0,"activity":-0.0164,"lastBolusTime":1703040278796,"time":"2023-12-20T05:22:00.372Z"}},{"iob":0.115,"basaliob":-0.078,"bolussnooze":0,"activity":0.0022,"lastBolusTime":1703040278796,"time":"2023-12-20T05:27:00.372Z","iobWithZeroTemp":{"iob":-1.655,"basaliob":-1.848,"bolussnooze":0,"activity":-0.0168,"lastBolusTime":1703040278796,"time":"2023-12-20T05:27:00.372Z"}},{"iob":0.105,"basaliob":-0.07,"bolussnooze":0,"activity":0.002,"lastBolusTime":1703040278796,"time":"2023-12-20T05:32:00.372Z","iobWithZeroTemp":{"iob":-1.678,"basaliob":-1.853,"bolussnooze":0,"activity":-0.0172,"lastBolusTime":1703040278796,"time":"2023-12-20T05:32:00.372Z"}},{"iob":0.095,"basaliob":-0.064,"bolussnooze":0,"activity":0.0018,"lastBolusTime":1703040278796,"time":"2023-12-20T05:37:00.372Z","iobWithZeroTemp":{"iob":-1.7,"basaliob":-1.859,"bolussnooze":0,"activity":-0.0177,"lastBolusTime":1703040278796,"time":"2023-12-20T05:37:00.372Z"}},{"iob":0.086,"basaliob":-0.058,"bolussnooze":0,"activity":0.0016,"lastBolusTime":1703040278796,"time":"2023-12-20T05:42:00.372Z","iobWithZeroTemp":{"iob":-1.719,"basaliob":-1.863,"bolussnooze":0,"activity":-0.0181,"lastBolusTime":1703040278796,"time":"2023-12-20T05:42:00.372Z"}},{"iob":0.079,"basaliob":-0.052,"bolussnooze":0,"activity":0.0015,"lastBolusTime":1703040278796,"time":"2023-12-20T05:47:00.372Z","iobWithZeroTemp":{"iob":-1.736,"basaliob":-1.867,"bolussnooze":0,"activity":-0.0183,"lastBolusTime":1703040278796,"time":"2023-12-20T05:47:00.372Z"}},{"iob":0.071,"basaliob":-0.047,"bolussnooze":0,"activity":0.0014,"lastBolusTime":1703040278796,"time":"2023-12-20T05:52:00.372Z","iobWithZeroTemp":{"iob":-1.753,"basaliob":-1.871,"bolussnooze":0,"activity":-0.0186,"lastBolusTime":1703040278796,"time":"2023-12-20T05:52:00.372Z"}},{"iob":0.065,"basaliob":-0.042,"bolussnooze":0,"activity":0.0013,"lastBolusTime":1703040278796,"time":"2023-12-20T05:57:00.372Z","iobWithZeroTemp":{"iob":-1.767,"basaliob":-1.874,"bolussnooze":0,"activity":-0.0189,"lastBolusTime":1703040278796,"time":"2023-12-20T05:57:00.372Z"}},{"iob":0.059,"basaliob":-0.038,"bolussnooze":0,"activity":0.0012,"lastBolusTime":1703040278796,"time":"2023-12-20T06:02:00.372Z","iobWithZeroTemp":{"iob":-1.78,"basaliob":-1.877,"bolussnooze":0,"activity":-0.0191,"lastBolusTime":1703040278796,"time":"2023-12-20T06:02:00.372Z"}},{"iob":0.052,"basaliob":-0.035,"bolussnooze":0,"activity":0.0011,"lastBolusTime":1703040278796,"time":"2023-12-20T06:07:00.372Z","iobWithZeroTemp":{"iob":-1.789,"basaliob":-1.876,"bolussnooze":0,"activity":-0.0193,"lastBolusTime":1703040278796,"time":"2023-12-20T06:07:00.372Z"}},{"iob":0.048,"basaliob":-0.031,"bolussnooze":0,"activity":9.0E-4,"lastBolusTime":1703040278796,"time":"2023-12-20T06:12:00.372Z","iobWithZeroTemp":{"iob":-1.795,"basaliob":-1.874,"bolussnooze":0,"activity":-0.0196,"lastBolusTime":1703040278796,"time":"2023-12-20T06:12:00.372Z"}},{"iob":0.043,"basaliob":-0.028,"bolussnooze":0,"activity":9.0E-4,"lastBolusTime":1703040278796,"time":"2023-12-20T06:17:00.372Z","iobWithZeroTemp":{"iob":-1.802,"basaliob":-1.873,"bolussnooze":0,"activity":-0.0197,"lastBolusTime":1703040278796,"time":"2023-12-20T06:17:00.372Z"}},{"iob":0.039,"basaliob":-0.025,"bolussnooze":0,"activity":8.0E-4,"lastBolusTime":1703040278796,"time":"2023-12-20T06:22:00.372Z","iobWithZeroTemp":{"iob":-1.807,"basaliob":-1.871,"bolussnooze":0,"activity":-0.0199,"lastBolusTime":1703040278796,"time":"2023-12-20T06:22:00.372Z"}},{"iob":0.035,"basaliob":-0.023,"bolussnooze":0,"activity":7.0E-4,"lastBolusTime":1703040278796,"time":"2023-12-20T06:27:00.372Z","iobWithZeroTemp":{"iob":-1.811,"basaliob":-1.869,"bolussnooze":0,"activity":-0.02,"lastBolusTime":1703040278796,"time":"2023-12-20T06:27:00.372Z"}},{"iob":0.032,"basaliob":-0.02,"bolussnooze":0,"activity":7.0E-4,"lastBolusTime":1703040278796,"time":"2023-12-20T06:32:00.372Z","iobWithZeroTemp":{"iob":-1.815,"basaliob":-1.867,"bolussnooze":0,"activity":-0.0201,"lastBolusTime":1703040278796,"time":"2023-12-20T06:32:00.372Z"}},{"iob":0.029,"basaliob":-0.018,"bolussnooze":0,"activity":6.0E-4,"lastBolusTime":1703040278796,"time":"2023-12-20T06:37:00.372Z","iobWithZeroTemp":{"iob":-1.818,"basaliob":-1.865,"bolussnooze":0,"activity":-0.0202,"lastBolusTime":1703040278796,"time":"2023-12-20T06:37:00.372Z"}},{"iob":0.026,"basaliob":-0.016,"bolussnooze":0,"activity":5.0E-4,"lastBolusTime":1703040278796,"time":"2023-12-20T06:42:00.372Z","iobWithZeroTemp":{"iob":-1.821,"basaliob":-1.863,"bolussnooze":0,"activity":-0.0204,"lastBolusTime":1703040278796,"time":"2023-12-20T06:42:00.372Z"}}],"profile":{"max_iob":20,"type":"current","max_daily_basal":1.6,"max_basal":4.8,"min_bg":90,"max_bg":90,"target_bg":90,"carb_ratio":4.5,"sens":72,"max_daily_safety_multiplier":3,"current_basal_safety_multiplier":4,"high_temptarget_raises_sensitivity":false,"low_temptarget_lowers_sensitivity":false,"sensitivity_raises_target":false,"resistance_lowers_target":false,"adv_target_adjustments":false,"exercise_mode":false,"half_basal_exercise_target":160,"maxCOB":120,"skip_neutral_temps":false,"remainingCarbsCap":90,"enableUAM":true,"A52_risk_enable":false,"SMBInterval":3,"enableSMB_with_COB":false,"enableSMB_with_temptarget":false,"allowSMB_with_high_temptarget":true,"enableSMB_always":true,"enableSMB_after_carbs":false,"maxSMBBasalMinutes":120,"maxUAMSMBBasalMinutes":120,"bolus_increment":0.05,"carbsReqThreshold":1,"current_basal":1.3,"temptargetSet":false,"autosens_max":1.8,"out_units":"mmol\/L"},"autosens_data":{"ratio":1},"meal_data":{"carbs":40,"mealCOB":25.5,"slopeFromMaxDeviation":-0.2522857142857143,"slopeFromMinDeviation":0.021272727272727273,"lastBolusTime":1703040278796,"lastCarbTime":1703039119000},"microBolusAllowed":true,"currentTime":1703040424321,"flatBGsDetected":false},"output":{"temp":"absolute","bg":84,"tick":-1,"eventualBG":401,"targetBG":90,"insulinReq":0,"deliverAt":"2023-12-20T02:47:04.321Z","sensitivityRatio":1,"predBGs":{"IOB":[84,83,81,79,76,73,70,67,63,60,56,53,50,46,43,40,39],"ZT":[84,81,78,75,71,68,65,62,60,57,56,55,54,53,54,54,55,57,59,61,64,67,70,74,78,82,87],"COB":[84,84,84,84,85,86,89,92,96,100,106,112,119,128,137,147,158,170,183,196,211,227,243,258,272,286,299,311,323,333,344,353,361,369,376,382,388,392,396,399,401],"UAM":[84,83,81,78,75,71,67,64,60,56,52,48,45,42,39]},"COB":25.5,"IOB":1.239,"reason":"COB: 25.5, Dev: 0.6, BGI: -0.2, ISF: 4.0, CR: 4.5, Target: 5.0, minPredBG 10.2, minGuardBG 3.0, IOBpredBG 2.2, COBpredBG 22.3, UAMpredBG 2.2; minGuardBG 3.0<3.6","duration":30,"rate":0,"timestamp":"2023-12-20T02:47:04.460Z"}}