{"algorithm":"OpenAPSSMBPlugin","input":{"glucoseStatus":{"glucose":88,"noise":0,"delta":-3,"short_avgdelta":-1.94,"long_avgdelta":-1.43,"date":1703108502792},"currenttemp":{"temp":"absolute","duration":24,"rate":1.55,"minutesrunning":6},"iob_data":[{"iob":0.126,"basaliob":-0.331,"bolussnooze":0,"activity":0.0017,"lastBolusTime":1703108234902,"time":"2023-12-20T21:42:42.180Z","iobWithZeroTemp":{"iob":0.126,"basaliob":-0.331,"bolussnooze":0,"activity":0.0017,"lastBolusTime":1703108234902,"time":"2023-12-20T21:42:42.180Z"}},{"iob":0.117,"basaliob":-0.316,"bolussnooze":0,"activity":0.0017,"lastBolusTime":1703108234902,"time":"2023-12-20T21:47:42.180Z","iobWithZeroTemp":{"iob":0.03,"basaliob":-0.403,"bolussnooze":0,"activity":0.0016,"lastBolusTime":1703108234902,"time":"2023-12-20T21:47:42.180Z"}},{"iob":0.109,"basaliob":-0.3,"bolussnooze":0,"activity":0.0016,"lastBolusTime":1703108234902,"time":"2023-12-20T21:52:42.180Z","iobWithZeroTemp":{"iob":-0.085,"basaliob":-0.494,"bolussnooze":0,"activity":0.0012,"lastBolusTime":1703108234902,"time":"2023-12-20T21:52:42.180Z"}},{"iob":0.102,"basaliob":-0.283,"bolussnooze":0,"activity":0.0015,"lastBolusTime":1703108234902,"time":"2023-12-20T21:57:42.180Z","iobWithZeroTemp":{"iob":-0.197,"basaliob":-0.582,"bolussnooze":0,"activity":6.0E-4,"lastBolusTime":1703108234902,"time":"2023-12-20T21:57:42.180Z"}},{"iob":0.094,"basaliob":-0.267,"bolussnooze":0,"activity":0.0015,"lastBolusTime":1703108234902,"time":"2023-12-20T22:02:42.180Z","iobWithZeroTemp":{"iob":-0.324,"basaliob":-0.685,"bolussnooze":0,"activity":0,"lastBolusTime":1703108234902,"time":"2023-12-20T22:02:42.180Z"}},{"iob":0.087,"basaliob":-0.251,"bolussnooze":0,"activity":0.0013,"lastBolusTime":1703108234902,"time":"2023-12-20T22:07:42.180Z","iobWithZeroTemp":{"iob":-0.446,"basaliob":-0.784,"bolussnooze":0,"activity":-0.001,"lastBolusTime":1703108234902,"time":"2023-12-20T22:07:42.180Z"}},{"iob":0.081,"basaliob":-0.235,"bolussnooze":0,"activity":0.0013,"lastBolusTime":1703108234902,"time":"2023-12-20T22:12:42.180Z","iobWithZeroTemp":{"iob":-0.563,"basaliob":-0.879,"bolussnooze":0,"activity":-0.0019,"lastBolusTime":1703108234902,"time":"2023-12-20T22:12:42.180Z"}},{"iob":0.074,"basaliob":-0.22,"bolussnooze":0,"activity":0.0012,"lastBolusTime":1703108234902,"time":"2023-12-20T22:17:42.180Z","iobWithZeroTemp":{"iob":-0.677,"basaliob":-0.971,"bolussnooze":0,"activity":-0.0029,"lastBolusTime":1703108234902,"time":"2023-12-20T22:17:42.180Z"}},{"iob":0.069,"basaliob":-0.205,"bolussnooze":0,"activity":0.0011,"lastBolusTime":1703108234902,"time":"2023-12-20T22:22:42.180Z","iobWithZeroTemp":{"iob":-0.783,"basaliob":-1.057,"bolussnooze":0,"activity":-0.004,"lastBolusTime":1703108234902,"time":"2023-12-20T22:22:42.180Z"}},{"iob":0.063,"basaliob":-0.191,"bolussnooze":0,"activity":0.001,"lastBolusTime":1703108234902,"time":"2023-12-20T22:27:42.180Z","iobWithZeroTemp":{"iob":-0.886,"basaliob":-1.14,"bolussnooze":0,"activity":-0.0051,"lastBolusTime":1703108234902,"time":"2023-12-20T22:27:42.180Z"}},{"iob":0.058,"basaliob":-0.178,"bolussnooze":0,"activity":0.001,"lastBolusTime":1703108234902,"time":"2023-12-20T22:32:42.180Z","iobWithZeroTemp":{"iob":-0.983,"basaliob":-1.219,"bolussnooze":0,"activity":-0.0061,"lastBolusTime":1703108234902,"time":"2023-12-20T22:32:42.180Z"}},{"iob":0.053,"basaliob":-0.165,"bolussnooze":0,"activity":9.0E-4,"lastBolusTime":1703108234902,"time":"2023-12-20T22:37:42.180Z","iobWithZeroTemp":{"iob":-1.075,"basaliob":-1.293,"bolussnooze":0,"activity":-0.0073,"lastBolusTime":1703108234902,"time":"2023-12-20T22:37:42.180Z"}},{"iob":0.049,"basaliob":-0.153,"bolussnooze":0,"activity":8.0E-4,"lastBolusTime":1703108234902,"time":"2023-12-20T22:42:42.180Z","iobWithZeroTemp":{"iob":-1.161,"basaliob":-1.363,"bolussnooze":0,"activity":-0.0084,"lastBolusTime":1703108234902,"time":"2023-12-20T22:42:42.180Z"}},{"iob":0.044,"basaliob":-0.142,"bolussnooze":0,"activity":8.0E-4,"lastBolusTime":1703108234902,"time":"2023-12-20T22:47:42.180Z","iobWithZeroTemp":{"iob":-1.242,"basaliob":-1.428,"bolussnooze":0,"activity":-0.0094,"lastBolusTime":1703108234902,"time":"2023-12-20T22:47:42.180Z"}},{"iob":0.041,"basaliob":-0.131,"bolussnooze":0,"activity":7.0E-4,"lastBolusTime":1703108234902,"time":"2023-12-20T22:52:42.180Z","iobWithZeroTemp":{"iob":-1.317,"basaliob":-1.489,"bolussnooze":0,"activity":-0.0104,"lastBolusTime":1703108234902,"time":"2023-12-20T22:52:42.180Z"}},{"iob":0.037,"basaliob":-0.121,"bolussnooze":0,"activity":6.0E-4,"lastBolusTime":1703108234902,"time":"2023-12-20T22:57:42.180Z","iobWithZeroTemp":{"iob":-1.388,"basaliob":-1.546,"bolussnooze":0,"activity":-0.0115,"lastBolusTime":1703108234902,"time":"2023-12-20T22:57:42.180Z"}},{"iob":0.034,"basaliob":-0.111,"bolussnooze":0,"activity":7.0E-4,"lastBolusTime":1703108234902,"time":"2023-12-20T23:02:42.180Z","iobWithZeroTemp":{"iob":-1.462,"basaliob":-1.607,"bolussnooze":0,"activity":-0.0123,"lastBolusTime":1703108234902,"time":"2023-12-20T23:02:42.180Z"}},{"iob":0.032,"basaliob":-0.102,"bolussnooze":0,"activity":6.0E-4,"lastBolusTime":1703108234902,"time":"2023-12-20T23:07:42.180Z","iobWithZeroTemp":{"iob":-1.53,"basaliob":-1.664,"bolussnooze":0,"activity":-0.0132,"lastBolusTime":1703108234902,"time":"2023-12-20T23:07:42.180Z"}},{"iob":0.029,"basaliob":-0.094,"bolussnooze":0,"activity":5.0E-4,"lastBolusTime":1703108234902,"time":"2023-12-20T23:12:42.180Z","iobWithZeroTemp":{"iob":-1.595,"basaliob":-1.718,"bolussnooze":0,"activity":-0.0142,"lastBolusTime":1703108234902,"time":"2023-12-20T23:12:42.180Z"}},{"iob":0.026,"basaliob":-0.086,"bolussnooze":0,"activity":5.0E-4,"lastBolusTime":1703108234902,"time":"2023-12-20T23:17:42.180Z","iobWithZeroTemp":{"iob":-1.656,"basaliob":-1.768,"bolussnooze":0,"activity":-0.015,"lastBolusTime":1703108234902,"time":"2023-12-20T23:17:42.180Z"}},{"iob":0.024,"basaliob":-0.079,"bolussnooze":0,"activity":4.0E-4,"lastBolusTime":1703108234902,"time":"2023-12-20T23:22:42.180Z","iobWithZeroTemp":{"iob":-1.712,"basaliob":-1.815,"bolussnooze":0,"activity":-0.0159,"lastBolusTime":1703108234902,"time":"2023-12-20T23:22:42.180Z"}},{"iob":0.021,"basaliob":-0.073,"bolussnooze":0,"activity":4.0E-4,"lastBolusTime":1703108234902,"time":"2023-12-20T23:27:42.180Z","iobWithZeroTemp":{"iob":-1.765,"basaliob":-1.859,"bolussnooze":0,"activity":-0.0166,"lastBolusTime":1703108234902,"time":"2023-12-20T23:27:42.180Z"}},{"iob":0.019,"basaliob":-0.067,"bolussnooze":0,"activity":4.0E-4,"lastBolusTime":1703108234902,"time":"2023-12-20T23:32:42.180Z","iobWithZeroTemp":{"iob":-1.814,"basaliob":-1.9,"bolussnooze":0,"activity":-0.0173,"lastBolusTime":1703108234902,"time":"2023-12-20T23:32:42.180Z"}},{"iob":0.018,"basaliob":-0.061,"bolussnooze":0,"activity":3.0E-4,"lastBolusTime":1703108234902,"time":"2023-12-20T23:37:42.180Z","iobWithZeroTemp":{"iob":-1.858,"basaliob":-1.937,"bolussnooze":0,"activity":-0.0181,"lastBolusTime":1703108234902,"time":"2023-12-20T23:37:42.180Z"}},{"iob":0.016,"basaliob":-0.056,"bolussnooze":0,"activity":3.0E-4,"lastBolusTime":1703108234902,"time":"2023-12-20T23:42:42.180Z","iobWithZeroTemp":{"iob":-1.9,"basaliob":-1.972,"bolussnooze":0,"activity":-0.0187,"lastBolusTime":1703108234902,"time":"2023-12-20T23:42:42.180Z"}},{"iob":0.014,"basaliob":-0.051,"bolussnooze":0,"activity":3.0E-4,"lastBolusTime":1703108234902,"time":"2023-12-20T23:47:42.180Z","iobWithZeroTemp":{"iob":-1.939,"basaliob":-2.004,"bolussnooze":0,"activity":-0.0193,"lastBolusTime":1703108234902,"time":"2023-12-20T23:47:42.180Z"}},{"iob":0.014,"basaliob":-0.046,"bolussnooze":0,"activity":2.0E-4,"lastBolusTime":1703108234902,"time":"2023-12-20T23:52:42.180Z","iobWithZeroTemp":{"iob":-1.973,"basaliob":-2.033,"bolussnooze":0,"activity":-0.0199,"lastBolusTime":1703108234902,"time":"2023-12-20T23:52:42.180Z"}},{"iob":0.012,"basaliob":-0.042,"bolussnooze":0,"activity":2.0E-4,"lastBolusTime":1703108234902,"time":"2023-12-20T23:57:42.180Z","iobWithZeroTemp":{"iob":-2.006,"basaliob":-2.06,"bolussnooze":0,"activity":-0.0205,"lastBolusTime":1703108234902,"time":"2023-12-20T23:57:42.180Z"}},{"iob":0.011,"basaliob":-0.038,"bolussnooze":0,"activity":2.0E-4,"lastBolusTime":1703108234902,"time":"2023-12-21T00:02:42.180Z","iobWithZeroTemp":{"iob":-2.028,"basaliob":-2.077,"bolussnooze":0,"activity":-0.0209,"lastBolusTime":1703108234902,"time":"2023-12-21T00:02:42.180Z"}},{"iob":0.01,"basaliob":-0.035,"bolussnooze":0,"activity":2.0E-4,"lastBolusTime":1703108234902,"time":"2023-12-21T00:07:42.180Z","iobWithZeroTemp":{"iob":-2.047,"basaliob":-2.092,"bolussnooze":0,"activity":-0.0214,"lastBolusTime":1703108234902,"time":"2023-12-21T00:07:42.180Z"}},{"iob":0.009,"basaliob":-0.032,"bolussnooze":0,"activity":2.0E-4,"lastBolusTime":1703108234902,"time":"2023-12-21T00:12:42.180Z","iobWithZeroTemp":{"iob":-2.064,"basaliob":-2.105,"bolussnooze":0,"activity":-0.0217,"lastBolusTime":1703108234902,"time":"2023-12-21T00:12:42.180Z"}},{"iob":0.008,"basaliob":-0.029,"bolussnooze":0,"activity":1.0E-4,"lastBolusTime":1703108234902,"time":"2023-12-21T00:17:42.180Z","iobWithZeroTemp":{"iob":-2.08,"basaliob":-2.117,"bolussnooze":0,"activity":-0.0222,"lastBolusTime":1703108234902,"time":"2023-12-21T00:17:42.180Z"}},{"iob":0.008,"basaliob":-0.026,"bolussnooze":0,"activity":2.0E-4,"lastBolusTime":1703108234902,"time":"2023-12-21T00:22:42.180Z","iobWithZeroTemp":{"iob":-2.093,"basaliob":-2.127,"bolussnooze":0,"activity":-0.0224,"lastBolusTime":1703108234902,"time":"2023-12-21T00:22:42.180Z"}},{"iob":0.006,"basaliob":-0.024,"bolussnooze":0,"activity":1.0E-4,"lastBolusTime":1703108234902,"time":"2023-12-21T00:27:42.180Z","iobWithZeroTemp":{"iob":-2.106,"basaliob":-2.136,"bolussnooze":0,"activity":-0.0227,"lastBolusTime":1703108234902,"time":"2023-12-21T00:27:42.180Z"}},{"iob":0.006,"basaliob":-0.022,"bolussnooze":0,"activity":1.0E-4,"lastBolusTime":1703108234902,"time":"2023-12-21T00:32:42.180Z","iobWithZeroTemp":{"iob":-2.117,"basaliob":-2.145,"bolussnooze":0,"activity":-0.023,"lastBolusTime":1703108234902,"time":"2023-12-21T00:32:42.180Z"}},{"iob":0.005,"basaliob":-0.02,"bolussnooze":0,"activity":1.0E-4,"lastBolusTime":1703108234902,"time":"2023-12-21T00:37:42.180Z","iobWithZeroTemp":{"iob":-2.127,"basaliob":-2.152,"bolussnooze":0,"activity":-0.0232,"lastBolusTime":1703108234902,"time":"2023-12-21T00:37:42.180Z"}},{"iob":0.005,"basaliob":-0.018,"bolussnooze":0,"activity":1.0E-4,"lastBolusTime":1703108234902,"time":"2023-12-21T00:42:42.180Z","iobWithZeroTemp":{"iob":-2.135,"basaliob":-2.158,"bolussnooze":0,"activity":-0.0234,"lastBolusTime":1703108234902,"time":"2023-12-21T00:42:42.180Z"}},{"iob":0.004,"basaliob":-0.016,"bolussnooze":0,"activity":1.0E-4,"lastBolusTime":1703108234902,"time":"2023-12-21T00:47:42.180Z","iobWithZeroTemp":{"iob":-2.143,"basaliob":-2.163,"bolussnooze":0,"activity":-0.0236,"lastBolusTime":1703108234902,"time":"2023-12-21T00:47:42.180Z"}},{"iob":0.003,"basaliob":-0.015,"bolussnooze":0,"activity":1.0E-4,"lastBolusTime":1703108234902,"time":"2023-12-21T00:52:42.180Z","iobWithZeroTemp":{"iob":-2.15,"basaliob":-2.168,"bolussnooze":0,"activity":-0.0237,"lastBolusTime":1703108234902,"time":"2023-12-21T00:52:42.180Z"}},{"iob":0.004,"basaliob":-0.013,"bolussnooze":0,"activity":0,"lastBolusTime":1703108234902,"time":"2023-12-21T00:57:42.180Z","iobWithZeroTemp":{"iob":-2.155,"basaliob":-2.172,"bolussnooze":0,"activity":-0.024,"lastBolusTime":1703108234902,"time":"2023-12-21T00:57:42.180Z"}},{"iob":0.003,"basaliob":-0.012,"bolussnooze":0,"activity":1.0E-4,"lastBolusTime":1703108234902,"time":"2023-12-21T01:02:42.180Z","iobWithZeroTemp":{"iob":-2.161,"basaliob":-2.176,"bolussnooze":0,"activity":-0.024,"lastBolusTime":1703108234902,"time":"2023-12-21T01:02:42.180Z"}},{"iob":0.002,"basaliob":-0.011,"bolussnooze":0,"activity":1.0E-4,"lastBolusTime":1703108234902,"time":"2023-12-21T01:07:42.180Z","iobWithZeroTemp":{"iob":-2.166,"basaliob":-2.179,"bolussnooze":0,"activity":-0.0241,"lastBolusTime":1703108234902,"time":"2023-12-21T01:07:42.180Z"}},{"iob":0.002,"basaliob":-0.01,"bolussnooze":0,"activity":1.0E-4,"lastBolusTime":1703108234902,"time":"2023-12-21T01:12:42.180Z","iobWithZeroTemp":{"iob":-2.17,"basaliob":-2.182,"bolussnooze":0,"activity":-0.0242,"lastBolusTime":1703108234902,"time":"2023-12-21T01:12:42.180Z"}},{"iob":0.002,"basaliob":-0.009,"bolussnooze":0,"activity":0,"lastBolusTime":1703108234902,"time":"2023-12-21T01:17:42.180Z","iobWithZeroTemp":{"iob":-2.174,"basaliob":-2.185,"bolussnooze":0,"activity":-0.0244,"lastBolusTime":1703108234902,"time":"2023-12-21T01:17:42.180Z"}},{"iob":0.002,"basaliob":-0.008,"bolussnooze":0,"activity":0,"lastBolusTime":1703108234902,"time":"2023-12-21T01:22:42.180Z","iobWithZeroTemp":{"iob":-2.177,"basaliob":-2.187,"bolussnooze":0,"activity":-0.0245,"lastBolusTime":1703108234902,"time":"2023-12-21T01:22:42.180Z"}},{"iob":0.002,"basaliob":-0.007,"bolussnooze":0,"activity":1.0E-4,"lastBolusTime":1703108234902,"time":"2023-12-21T01:27:42.180Z","iobWithZeroTemp":{"iob":-2.179,"basaliob":-2.188,"bolussnooze":0,"activity":-0.0244,"lastBolusTime":1703108234902,"time":"2023-12-21T01:27:42.180Z"}},{"iob":0.002,"basaliob":-0.006,"bolussnooze":0,"activity":1.0E-4,"lastBolusTime":1703108234902,"time":"2023-12-21T01:32:42.180Z","iobWithZeroTemp":{"iob":-2.182,"basaliob":-2.19,"bolussnooze":0,"activity":-0.0245,"lastBolusTime":1703108234902,"time":"2023-12-21T01:32:42.180Z"}},{"iob":0.001,"basaliob":-0.006,"bolussnooze":0,"activity":1.0E-4,"lastBolusTime":1703108234902,"time":"2023-12-21T01:37:42.180Z","iobWithZeroTemp":{"iob":-2.185,"basaliob":-2.192,"bolussnooze":0,"activity":-0.0245,"lastBolusTime":1703108234902,"time":"2023-12-21T01:37:42.180Z"}}],"profile":{"max_iob":20,"type":"current","max_daily_basal":1.6,"max_basal":4.8,"min_bg":81,"max_bg":81,"target_bg":81,"carb_ratio":4.5,"sens":63,"max_daily_safety_multiplier":3,"current_basal_safety_multiplier":4,"high_temptarget_raises_sensitivity":false,"low_temptarget_lowers_sensitivity":false,"sensitivity_raises_target":false,"resistance_lowers_target":false,"adv_target_adjustments":false,"exercise_mode":false,"half_basal_exercise_target":160,"maxCOB":120,"skip_neutral_temps":false,"remainingCarbsCap":90,"enableUAM":true,"A52_risk_enable":false,"SMBInterval":3,"enableSMB_with_COB":false,"enableSMB_with_temptarget":false,"allowSMB_with_high_temptarget":true,"enableSMB_always":true,"enableSMB_after_carbs":false,"maxSMBBasalMinutes":120,"maxUAMSMBBasalMinutes":120,"bolus_increment":0.05,"carbsReqThreshold":1,"current_basal":1.3,"temptargetSet":true,"autosens_max":1.8,"out_units":"mmol\/L"},"autosens_data":{"ratio":1},"meal_data":{"carbs":0,"mealCOB":0,"slopeFromMaxDeviation":-0.5454444444444444,"slopeFromMinDeviation":0.6516000000000001,"lastBolusTime":1703108234902,"lastCarbTime":0},"microBolusAllowed":true,"currentTime":1703108565206,"flatBGsDetected":false},"output":{"temp":"absolute","bg":88,"tick":-3,"eventualBG":75,"targetBG":81,"insulinReq":0,"deliverAt":"2023-12-20T21:42:45.206Z","sensitivityRatio":1,"predBGs":{"IOB":[88,85,83,80,78,76,74,73,72,71,70,70,69,69,69,69,68,68,68,68,68,68,67,67,67,67,67,67,67,67,67,67,67,67,67,67,67,66],"ZT":[88,87,87,87,86,86,87,87]},"COB":0,"IOB":0.126,"reason":"COB: 0, Dev: -0.3, BGI: 0.0, ISF: 3.5, CR: 4.5, Target: 4.5, minPredBG 4.2, minGuardBG 3.7, IOBpredBG 3.7; Eventual BG 4.2 < 4.5, setting 0.92U\/hr. ","duration":30,"rate":0.92,"timestamp":"2023-12-20T21:42:45.344Z"}}