{"algorithm":"OpenAPSSMBPlugin","input":{"glucoseStatus":{"glucose":64,"noise":0,"delta":2,"short_avgdelta":4.89,"long_avgdelta":2.49,"date":1703084801700},"currenttemp":{"temp":"absolute","duration":0,"rate":0},"iob_data":[{"iob":-0.536,"basaliob":-0.919,"bolussnooze":0.0163,"activity":-0.0045,"lastBolusTime":1703076907848,"time":"2023-12-20T15:07:06.931Z","iobWithZeroTemp":{"iob":-0.536,"basaliob":-0.919,"bolussnooze":0.0163,"activity":-0.0045,"lastBolusTime":1703076907848,"time":"2023-12-20T15:07:06.931Z"}},{"iob":-0.513,"basaliob":-0.862,"bolussnooze":0.013,"activity":-0.0048,"lastBolusTime":1703076907848,"time":"2023-12-20T15:12:06.931Z","iobWithZeroTemp":{"iob":-0.553,"basaliob":-0.902,"bolussnooze":0.013,"activity":-0.0048,"lastBolusTime":1703076907848,"time":"2023-12-20T15:12:06.931Z"}},{"iob":-0.488,"basaliob":-0.806,"bolussnooze":0.0104,"activity":-0.0049,"lastBolusTime":1703076907848,"time":"2023-12-20T15:17:06.931Z","iobWithZeroTemp":{"iob":-0.577,"basaliob":-0.895,"bolussnooze":0.0104,"activity":-0.0051,"lastBolusTime":1703076907848,"time":"2023-12-20T15:17:06.931Z"}},{"iob":-0.463,"basaliob":-0.752,"bolussnooze":0.0082,"activity":-0.005,"lastBolusTime":1703076907848,"time":"2023-12-20T15:22:06.931Z","iobWithZeroTemp":{"iob":-0.601,"basaliob":-0.89,"bolussnooze":0.0082,"activity":-0.0054,"lastBolusTime":1703076907848,"time":"2023-12-20T15:22:06.931Z"}},{"iob":-0.438,"basaliob":-0.701,"bolussnooze":0.0065,"activity":-0.0051,"lastBolusTime":1703076907848,"time":"2023-12-20T15:27:06.931Z","iobWithZeroTemp":{"iob":-0.623,"basaliob":-0.886,"bolussnooze":0.0065,"activity":-0.0058,"lastBolusTime":1703076907848,"time":"2023-12-20T15:27:06.931Z"}},{"iob":-0.413,"basaliob":-0.652,"bolussnooze":0.0051,"activity":-0.005,"lastBolusTime":1703076907848,"time":"2023-12-20T15:32:06.931Z","iobWithZeroTemp":{"iob":-0.644,"basaliob":-0.883,"bolussnooze":0.0051,"activity":-0.006,"lastBolusTime":1703076907848,"time":"2023-12-20T15:32:06.931Z"}},{"iob":-0.388,"basaliob":-0.605,"bolussnooze":0.004,"activity":-0.0049,"lastBolusTime":1703076907848,"time":"2023-12-20T15:37:06.931Z","iobWithZeroTemp":{"iob":-0.663,"basaliob":-0.88,"bolussnooze":0.004,"activity":-0.0063,"lastBolusTime":1703076907848,"time":"2023-12-20T15:37:06.931Z"}},{"iob":-0.364,"basaliob":-0.56,"bolussnooze":0.0031,"activity":-0.0047,"lastBolusTime":1703076907848,"time":"2023-12-20T15:42:06.931Z","iobWithZeroTemp":{"iob":-0.681,"basaliob":-0.877,"bolussnooze":0.0031,"activity":-0.0065,"lastBolusTime":1703076907848,"time":"2023-12-20T15:42:06.931Z"}},{"iob":-0.34,"basaliob":-0.518,"bolussnooze":0.0024,"activity":-0.0046,"lastBolusTime":1703076907848,"time":"2023-12-20T15:47:06.931Z","iobWithZeroTemp":{"iob":-0.697,"basaliob":-0.875,"bolussnooze":0.0024,"activity":-0.0068,"lastBolusTime":1703076907848,"time":"2023-12-20T15:47:06.931Z"}},{"iob":-0.318,"basaliob":-0.479,"bolussnooze":0.0018,"activity":-0.0045,"lastBolusTime":1703076907848,"time":"2023-12-20T15:52:06.931Z","iobWithZeroTemp":{"iob":-0.713,"basaliob":-0.874,"bolussnooze":0.0018,"activity":-0.0071,"lastBolusTime":1703076907848,"time":"2023-12-20T15:52:06.931Z"}},{"iob":-0.296,"basaliob":-0.442,"bolussnooze":0.0014,"activity":-0.0043,"lastBolusTime":1703076907848,"time":"2023-12-20T15:57:06.931Z","iobWithZeroTemp":{"iob":-0.727,"basaliob":-0.873,"bolussnooze":0.0014,"activity":-0.0073,"lastBolusTime":1703076907848,"time":"2023-12-20T15:57:06.931Z"}},{"iob":-0.275,"basaliob":-0.407,"bolussnooze":0.0011,"activity":-0.004,"lastBolusTime":1703076907848,"time":"2023-12-20T16:02:06.931Z","iobWithZeroTemp":{"iob":-0.74,"basaliob":-0.872,"bolussnooze":0.0011,"activity":-0.0074,"lastBolusTime":1703076907848,"time":"2023-12-20T16:02:06.931Z"}},{"iob":-0.256,"basaliob":-0.375,"bolussnooze":8.0E-4,"activity":-0.0039,"lastBolusTime":1703076907848,"time":"2023-12-20T16:07:06.931Z","iobWithZeroTemp":{"iob":-0.753,"basaliob":-0.872,"bolussnooze":8.0E-4,"activity":-0.0077,"lastBolusTime":1703076907848,"time":"2023-12-20T16:07:06.931Z"}},{"iob":-0.236,"basaliob":-0.344,"bolussnooze":6.0E-4,"activity":-0.0036,"lastBolusTime":1703076907848,"time":"2023-12-20T16:12:06.931Z","iobWithZeroTemp":{"iob":-0.763,"basaliob":-0.871,"bolussnooze":6.0E-4,"activity":-0.0078,"lastBolusTime":1703076907848,"time":"2023-12-20T16:12:06.931Z"}},{"iob":-0.219,"basaliob":-0.316,"bolussnooze":4.0E-4,"activity":-0.0034,"lastBolusTime":1703076907848,"time":"2023-12-20T16:17:06.931Z","iobWithZeroTemp":{"iob":-0.774,"basaliob":-0.871,"bolussnooze":4.0E-4,"activity":-0.008,"lastBolusTime":1703076907848,"time":"2023-12-20T16:17:06.931Z"}},{"iob":-0.202,"basaliob":-0.29,"bolussnooze":3.0E-4,"activity":-0.0032,"lastBolusTime":1703076907848,"time":"2023-12-20T16:22:06.931Z","iobWithZeroTemp":{"iob":-0.783,"basaliob":-0.871,"bolussnooze":3.0E-4,"activity":-0.0082,"lastBolusTime":1703076907848,"time":"2023-12-20T16:22:06.931Z"}},{"iob":-0.187,"basaliob":-0.266,"bolussnooze":2.0E-4,"activity":-0.003,"lastBolusTime":1703076907848,"time":"2023-12-20T16:27:06.931Z","iobWithZeroTemp":{"iob":-0.792,"basaliob":-0.871,"bolussnooze":2.0E-4,"activity":-0.0083,"lastBolusTime":1703076907848,"time":"2023-12-20T16:27:06.931Z"}},{"iob":-0.172,"basaliob":-0.243,"bolussnooze":1.0E-4,"activity":-0.0028,"lastBolusTime":1703076907848,"time":"2023-12-20T16:32:06.931Z","iobWithZeroTemp":{"iob":-0.8,"basaliob":-0.871,"bolussnooze":1.0E-4,"activity":-0.0085,"lastBolusTime":1703076907848,"time":"2023-12-20T16:32:06.931Z"}},{"iob":-0.159,"basaliob":-0.223,"bolussnooze":1.0E-4,"activity":-0.0026,"lastBolusTime":1703076907848,"time":"2023-12-20T16:37:06.931Z","iobWithZeroTemp":{"iob":-0.808,"basaliob":-0.872,"bolussnooze":1.0E-4,"activity":-0.0086,"lastBolusTime":1703076907848,"time":"2023-12-20T16:37:06.931Z"}},{"iob":-0.146,"basaliob":-0.203,"bolussnooze":1.0E-4,"activity":-0.0025,"lastBolusTime":1703076907848,"time":"2023-12-20T16:42:06.931Z","iobWithZeroTemp":{"iob":-0.814,"basaliob":-0.871,"bolussnooze":1.0E-4,"activity":-0.0088,"lastBolusTime":1703076907848,"time":"2023-12-20T16:42:06.931Z"}},{"iob":-0.134,"basaliob":-0.186,"bolussnooze":0,"activity":-0.0023,"lastBolusTime":1703076907848,"time":"2023-12-20T16:47:06.931Z","iobWithZeroTemp":{"iob":-0.82,"basaliob":-0.872,"bolussnooze":0,"activity":-0.0089,"lastBolusTime":1703076907848,"time":"2023-12-20T16:47:06.931Z"}},{"iob":-0.123,"basaliob":-0.169,"bolussnooze":0,"activity":-0.0021,"lastBolusTime":1703076907848,"time":"2023-12-20T16:52:06.931Z","iobWithZeroTemp":{"iob":-0.826,"basaliob":-0.872,"bolussnooze":0,"activity":-0.0089,"lastBolusTime":1703076907848,"time":"2023-12-20T16:52:06.931Z"}},{"iob":-0.112,"basaliob":-0.154,"bolussnooze":0,"activity":-0.002,"lastBolusTime":1703076907848,"time":"2023-12-20T16:57:06.931Z","iobWithZeroTemp":{"iob":-0.83,"basaliob":-0.872,"bolussnooze":0,"activity":-0.0091,"lastBolusTime":1703076907848,"time":"2023-12-20T16:57:06.931Z"}},{"iob":-0.103,"basaliob":-0.14,"bolussnooze":0,"activity":-0.0018,"lastBolusTime":1703076907848,"time":"2023-12-20T17:02:06.931Z","iobWithZeroTemp":{"iob":-0.835,"basaliob":-0.872,"bolussnooze":0,"activity":-0.0091,"lastBolusTime":1703076907848,"time":"2023-12-20T17:02:06.931Z"}},{"iob":-0.095,"basaliob":-0.128,"bolussnooze":0,"activity":-0.0017,"lastBolusTime":1703076907848,"time":"2023-12-20T17:07:06.931Z","iobWithZeroTemp":{"iob":-0.84,"basaliob":-0.873,"bolussnooze":0,"activity":-0.0092,"lastBolusTime":1703076907848,"time":"2023-12-20T17:07:06.931Z"}},{"iob":-0.086,"basaliob":-0.116,"bolussnooze":0,"activity":-0.0015,"lastBolusTime":1703076907848,"time":"2023-12-20T17:12:06.931Z","iobWithZeroTemp":{"iob":-0.843,"basaliob":-0.873,"bolussnooze":0,"activity":-0.0092,"lastBolusTime":1703076907848,"time":"2023-12-20T17:12:06.931Z"}},{"iob":-0.079,"basaliob":-0.106,"bolussnooze":0,"activity":-0.0014,"lastBolusTime":1703076907848,"time":"2023-12-20T17:17:06.931Z","iobWithZeroTemp":{"iob":-0.847,"basaliob":-0.874,"bolussnooze":0,"activity":-0.0093,"lastBolusTime":1703076907848,"time":"2023-12-20T17:17:06.931Z"}},{"iob":-0.072,"basaliob":-0.096,"bolussnooze":0,"activity":-0.0014,"lastBolusTime":1703076907848,"time":"2023-12-20T17:22:06.931Z","iobWithZeroTemp":{"iob":-0.85,"basaliob":-0.874,"bolussnooze":0,"activity":-0.0095,"lastBolusTime":1703076907848,"time":"2023-12-20T17:22:06.931Z"}},{"iob":-0.066,"basaliob":-0.087,"bolussnooze":0,"activity":-0.0012,"lastBolusTime":1703076907848,"time":"2023-12-20T17:27:06.931Z","iobWithZeroTemp":{"iob":-0.853,"basaliob":-0.874,"bolussnooze":0,"activity":-0.0094,"lastBolusTime":1703076907848,"time":"2023-12-20T17:27:06.931Z"}},{"iob":-0.06,"basaliob":-0.079,"bolussnooze":0,"activity":-0.0012,"lastBolusTime":1703076907848,"time":"2023-12-20T17:32:06.931Z","iobWithZeroTemp":{"iob":-0.856,"basaliob":-0.875,"bolussnooze":0,"activity":-0.0096,"lastBolusTime":1703076907848,"time":"2023-12-20T17:32:06.931Z"}},{"iob":-0.054,"basaliob":-0.071,"bolussnooze":0,"activity":-0.001,"lastBolusTime":1703076907848,"time":"2023-12-20T17:37:06.931Z","iobWithZeroTemp":{"iob":-0.858,"basaliob":-0.875,"bolussnooze":0,"activity":-0.0095,"lastBolusTime":1703076907848,"time":"2023-12-20T17:37:06.931Z"}},{"iob":-0.05,"basaliob":-0.065,"bolussnooze":0,"activity":-9.0E-4,"lastBolusTime":1703076907848,"time":"2023-12-20T17:42:06.931Z","iobWithZeroTemp":{"iob":-0.861,"basaliob":-0.876,"bolussnooze":0,"activity":-0.0096,"lastBolusTime":1703076907848,"time":"2023-12-20T17:42:06.931Z"}},{"iob":-0.045,"basaliob":-0.058,"bolussnooze":0,"activity":-9.0E-4,"lastBolusTime":1703076907848,"time":"2023-12-20T17:47:06.931Z","iobWithZeroTemp":{"iob":-0.862,"basaliob":-0.875,"bolussnooze":0,"activity":-0.0097,"lastBolusTime":1703076907848,"time":"2023-12-20T17:47:06.931Z"}},{"iob":-0.041,"basaliob":-0.053,"bolussnooze":0,"activity":-8.0E-4,"lastBolusTime":1703076907848,"time":"2023-12-20T17:52:06.931Z","iobWithZeroTemp":{"iob":-0.864,"basaliob":-0.876,"bolussnooze":0,"activity":-0.0097,"lastBolusTime":1703076907848,"time":"2023-12-20T17:52:06.931Z"}},{"iob":-0.037,"basaliob":-0.048,"bolussnooze":0,"activity":-7.0E-4,"lastBolusTime":1703076907848,"time":"2023-12-20T17:57:06.931Z","iobWithZeroTemp":{"iob":-0.865,"basaliob":-0.876,"bolussnooze":0,"activity":-0.0097,"lastBolusTime":1703076907848,"time":"2023-12-20T17:57:06.931Z"}},{"iob":-0.034,"basaliob":-0.043,"bolussnooze":0,"activity":-7.0E-4,"lastBolusTime":1703076907848,"time":"2023-12-20T18:02:06.931Z","iobWithZeroTemp":{"iob":-0.867,"basaliob":-0.876,"bolussnooze":0,"activity":-0.0098,"lastBolusTime":1703076907848,"time":"2023-12-20T18:02:06.931Z"}},{"iob":-0.031,"basaliob":-0.039,"bolussnooze":0,"activity":-6.0E-4,"lastBolusTime":1703076907848,"time":"2023-12-20T18:07:06.931Z","iobWithZeroTemp":{"iob":-0.869,"basaliob":-0.877,"bolussnooze":0,"activity":-0.0098,"lastBolusTime":1703076907848,"time":"2023-12-20T18:07:06.931Z"}},{"iob":-0.028,"basaliob":-0.035,"bolussnooze":0,"activity":-5.0E-4,"lastBolusTime":1703076907848,"time":"2023-12-20T18:12:06.931Z","iobWithZeroTemp":{"iob":-0.87,"basaliob":-0.877,"bolussnooze":0,"activity":-0.0097,"lastBolusTime":1703076907848,"time":"2023-12-20T18:12:06.931Z"}},{"iob":-0.025,"basaliob":-0.032,"bolussnooze":0,"activity":-5.0E-4,"lastBolusTime":1703076907848,"time":"2023-12-20T18:17:06.931Z","iobWithZeroTemp":{"iob":-0.87,"basaliob":-0.877,"bolussnooze":0,"activity":-0.0098,"lastBolusTime":1703076907848,"time":"2023-12-20T18:17:06.931Z"}},{"iob":-0.022,"basaliob":-0.028,"bolussnooze":0,"activity":-5.0E-4,"lastBolusTime":1703076907848,"time":"2023-12-20T18:22:06.931Z","iobWithZeroTemp":{"iob":-0.871,"basaliob":-0.877,"bolussnooze":0,"activity":-0.0099,"lastBolusTime":1703076907848,"time":"2023-12-20T18:22:06.931Z"}},{"iob":-0.021,"basaliob":-0.026,"bolussnooze":0,"activity":-4.0E-4,"lastBolusTime":1703076907848,"time":"2023-12-20T18:27:06.931Z","iobWithZeroTemp":{"iob":-0.873,"basaliob":-0.878,"bolussnooze":0,"activity":-0.0098,"lastBolusTime":1703076907848,"time":"2023-12-20T18:27:06.931Z"}},{"iob":-0.019,"basaliob":-0.023,"bolussnooze":0,"activity":-4.0E-4,"lastBolusTime":1703076907848,"time":"2023-12-20T18:32:06.931Z","iobWithZeroTemp":{"iob":-0.874,"basaliob":-0.878,"bolussnooze":0,"activity":-0.0099,"lastBolusTime":1703076907848,"time":"2023-12-20T18:32:06.931Z"}},{"iob":-0.017,"basaliob":-0.021,"bolussnooze":0,"activity":-3.0E-4,"lastBolusTime":1703076907848,"time":"2023-12-20T18:37:06.931Z","iobWithZeroTemp":{"iob":-0.874,"basaliob":-0.878,"bolussnooze":0,"activity":-0.0098,"lastBolusTime":1703076907848,"time":"2023-12-20T18:37:06.931Z"}},{"iob":-0.015,"basaliob":-0.018,"bolussnooze":0,"activity":-3.0E-4,"lastBolusTime":1703076907848,"time":"2023-12-20T18:42:06.931Z","iobWithZeroTemp":{"iob":-0.874,"basaliob":-0.877,"bolussnooze":0,"activity":-0.0099,"lastBolusTime":1703076907848,"time":"2023-12-20T18:42:06.931Z"}},{"iob":-0.014,"basaliob":-0.017,"bolussnooze":0,"activity":-3.0E-4,"lastBolusTime":1703076907848,"time":"2023-12-20T18:47:06.931Z","iobWithZeroTemp":{"iob":-0.875,"basaliob":-0.878,"bolussnooze":0,"activity":-0.0099,"lastBolusTime":1703076907848,"time":"2023-12-20T18:47:06.931Z"}},{"iob":-0.012,"basaliob":-0.015,"bolussnooze":0,"activity":-2.0E-4,"lastBolusTime":1703076907848,"time":"2023-12-20T18:52:06.931Z","iobWithZeroTemp":{"iob":-0.875,"basaliob":-0.878,"bolussnooze":0,"activity":-0.0099,"lastBolusTime":1703076907848,"time":"2023-12-20T18:52:06.931Z"}},{"iob":-0.011,"basaliob":-0.013,"bolussnooze":0,"activity":-2.0E-4,"lastBolusTime":1703076907848,"time":"2023-12-20T18:57:06.931Z","iobWithZeroTemp":{"iob":-0.876,"basaliob":-0.878,"bolussnooze":0,"activity":-0.0099,"lastBolusTime":1703076907848,"time":"2023-12-20T18:57:06.931Z"}},{"iob":-0.01,"basaliob":-0.012,"bolussnooze":0,"activity":-2.0E-4,"lastBolusTime":1703076907848,"time":"2023-12-20T19:02:06.931Z","iobWithZeroTemp":{"iob":-0.876,"basaliob":-0.878,"bolussnooze":0,"activity":-0.0099,"lastBolusTime":1703076907848,"time":"2023-12-20T19:02:06.931Z"}}],"profile":{"max_iob":20,"type":"current","max_daily_basal":1.6,"max_basal":2.4,"min_bg":111.6,"max_bg":111.6,"target_bg":111.6,"carb_ratio":8,"sens":108,"max_daily_safety_multiplier":3,"current_basal_safety_multiplier":4,"high_temptarget_raises_sensitivity":false,"low_temptarget_lowers_sensitivity":false,"sensitivity_raises_target":false,"resistance_lowers_target":false,"adv_target_adjustments":false,"exercise_mode":false,"half_basal_exercise_target":160,"maxCOB":120,"skip_neutral_temps":false,"remainingCarbsCap":90,"enableUAM":true,"A52_risk_enable":false,"SMBInterval":3,"enableSMB_with_COB":false,"enableSMB_with_temptarget":false,"allowSMB_with_high_temptarget":true,"enableSMB_always":true,"enableSMB_after_carbs":false,"maxSMBBasalMinutes":120,"maxUAMSMBBasalMinutes":120,"bolus_increment":0.05,"carbsReqThreshold":1,"current_basal":0.6,"temptargetSet":true,"autosens_max":1.8,"out_units":"mmol\/L"},"autosens_data":{"ratio":1},"meal_data":{"carbs":35,"mealCOB":0,"slopeFromMaxDeviation":-1.2160000000000002,"slopeFromMinDeviation":1.5103999999999997,"lastBolusTime":1703076907848,"lastCarbTime":1703074649000},"microBolusAllowed":true,"currentTime":1703084829891,"flatBGsDetected":false},"output":{"temp":"absolute","bg":64,"tick":"+2","eventualBG":122,"targetBG":111.6,"insulinReq":0,"deliverAt":"2023-12-20T15:07:09.891Z","sensitivityRatio":1,"predBGs":{"IOB":[64,66,68,71,73,76,78,81,83,85,88,90,92,94,96,98,100,101,103,104,106,107,108,109,110,111,112,113,113,114,115,115,116,116,117,117,117,118,118,118,119,119,119,119,119,119,120],"ZT":[64,66,69,72,75,78,81,84,88,92,95,99,103,108]},"COB":0,"IOB":-0.536,"reason":"COB: 0, Dev: 0.0, BGI: 0.1, ISF: 6.0, CR: 8, Target: 6.2, minPredBG 4.4, minGuardBG 3.7, IOBpredBG 6.7; minGuardBG 3.7<4.2","duration":30,"rate":0,"timestamp":"2023-12-20T15:07:10.051Z"}}