{"algorithm":"OpenAPSSMBPlugin","input":{"glucoseStatus":{"glucose":90,"noise":0,"delta":-7,"short_avgdelta":-6.06,"long_avgdelta":-1.28,"date":1703124403573},"currenttemp":{"temp":"absolute","duration":35,"rate":0,"minutesrunning":25},"iob_data":[{"iob":0.767,"basaliob":-1.523,"bolussnooze":1.0553,"activity":0.0097,"lastBolusTime":1703122324018,"time":"2023-12-21T02:07:03.035Z","iobWithZeroTemp":{"iob":0.767,"basaliob":-1.523,"bolussnooze":1.0553,"activity":0.0097,"lastBolusTime":1703122324018,"time":"2023-12-21T02:07:03.035Z"}},{"iob":0.719,"basaliob":-1.439,"bolussnooze":0.9127,"activity":0.0093,"lastBolusTime":1703122324018,"time":"2023-12-21T02:12:03.035Z","iobWithZeroTemp":{"iob":0.632,"basaliob":-1.526,"bolussnooze":0.9127,"activity":0.0092,"lastBolusTime":1703122324018,"time":"2023-12-21T02:12:03.035Z"}},{"iob":0.673,"basaliob":-1.355,"bolussnooze":0.7841,"activity":0.0091,"lastBolusTime":1703122324018,"time":"2023-12-21T02:17:03.035Z","iobWithZeroTemp":{"iob":0.479,"basaliob":-1.549,"bolussnooze":0.7841,"activity":0.0087,"lastBolusTime":1703122324018,"time":"2023-12-21T02:17:03.035Z"}},{"iob":0.629,"basaliob":-1.273,"bolussnooze":0.6696,"activity":0.0087,"lastBolusTime":1703122324018,"time":"2023-12-21T02:22:03.035Z","iobWithZeroTemp":{"iob":0.33,"basaliob":-1.572,"bolussnooze":0.6696,"activity":0.0078,"lastBolusTime":1703122324018,"time":"2023-12-21T02:22:03.035Z"}},{"iob":0.586,"basaliob":-1.193,"bolussnooze":0.5688,"activity":0.0084,"lastBolusTime":1703122324018,"time":"2023-12-21T02:27:03.035Z","iobWithZeroTemp":{"iob":0.184,"basaliob":-1.595,"bolussnooze":0.5688,"activity":0.0069,"lastBolusTime":1703122324018,"time":"2023-12-21T02:27:03.035Z"}},{"iob":0.545,"basaliob":-1.115,"bolussnooze":0.4809,"activity":0.008,"lastBolusTime":1703122324018,"time":"2023-12-21T02:32:03.035Z","iobWithZeroTemp":{"iob":0.044,"basaliob":-1.616,"bolussnooze":0.4809,"activity":0.0058,"lastBolusTime":1703122324018,"time":"2023-12-21T02:32:03.035Z"}},{"iob":0.506,"basaliob":-1.04,"bolussnooze":0.4048,"activity":0.0076,"lastBolusTime":1703122324018,"time":"2023-12-21T02:37:03.035Z","iobWithZeroTemp":{"iob":-0.09,"basaliob":-1.636,"bolussnooze":0.4048,"activity":0.0046,"lastBolusTime":1703122324018,"time":"2023-12-21T02:37:03.035Z"}},{"iob":0.469,"basaliob":-0.968,"bolussnooze":0.3394,"activity":0.0072,"lastBolusTime":1703122324018,"time":"2023-12-21T02:42:03.035Z","iobWithZeroTemp":{"iob":-0.218,"basaliob":-1.655,"bolussnooze":0.3394,"activity":0.0033,"lastBolusTime":1703122324018,"time":"2023-12-21T02:42:03.035Z"}},{"iob":0.434,"basaliob":-0.9,"bolussnooze":0.2836,"activity":0.0067,"lastBolusTime":1703122324018,"time":"2023-12-21T02:47:03.035Z","iobWithZeroTemp":{"iob":-0.34,"basaliob":-1.674,"bolussnooze":0.2836,"activity":0.002,"lastBolusTime":1703122324018,"time":"2023-12-21T02:47:03.035Z"}},{"iob":0.401,"basaliob":-0.835,"bolussnooze":0.2361,"activity":0.0063,"lastBolusTime":1703122324018,"time":"2023-12-21T02:52:03.035Z","iobWithZeroTemp":{"iob":-0.456,"basaliob":-1.692,"bolussnooze":0.2361,"activity":7.0E-4,"lastBolusTime":1703122324018,"time":"2023-12-21T02:52:03.035Z"}},{"iob":0.37,"basaliob":-0.773,"bolussnooze":0.1959,"activity":0.006,"lastBolusTime":1703122324018,"time":"2023-12-21T02:57:03.035Z","iobWithZeroTemp":{"iob":-0.565,"basaliob":-1.708,"bolussnooze":0.1959,"activity":-5.0E-4,"lastBolusTime":1703122324018,"time":"2023-12-21T02:57:03.035Z"}},{"iob":0.341,"basaliob":-0.715,"bolussnooze":0.162,"activity":0.0056,"lastBolusTime":1703122324018,"time":"2023-12-21T03:02:03.035Z","iobWithZeroTemp":{"iob":-0.667,"basaliob":-1.723,"bolussnooze":0.162,"activity":-0.0018,"lastBolusTime":1703122324018,"time":"2023-12-21T03:02:03.035Z"}},{"iob":0.314,"basaliob":-0.66,"bolussnooze":0.1336,"activity":0.0052,"lastBolusTime":1703122324018,"time":"2023-12-21T03:07:03.035Z","iobWithZeroTemp":{"iob":-0.763,"basaliob":-1.737,"bolussnooze":0.1336,"activity":-0.0031,"lastBolusTime":1703122324018,"time":"2023-12-21T03:07:03.035Z"}},{"iob":0.289,"basaliob":-0.609,"bolussnooze":0.1099,"activity":0.0049,"lastBolusTime":1703122324018,"time":"2023-12-21T03:12:03.035Z","iobWithZeroTemp":{"iob":-0.853,"basaliob":-1.751,"bolussnooze":0.1099,"activity":-0.0043,"lastBolusTime":1703122324018,"time":"2023-12-21T03:12:03.035Z"}},{"iob":0.265,"basaliob":-0.561,"bolussnooze":0.0901,"activity":0.0045,"lastBolusTime":1703122324018,"time":"2023-12-21T03:17:03.035Z","iobWithZeroTemp":{"iob":-0.937,"basaliob":-1.763,"bolussnooze":0.0901,"activity":-0.0055,"lastBolusTime":1703122324018,"time":"2023-12-21T03:17:03.035Z"}},{"iob":0.244,"basaliob":-0.516,"bolussnooze":0.0737,"activity":0.0042,"lastBolusTime":1703122324018,"time":"2023-12-21T03:22:03.035Z","iobWithZeroTemp":{"iob":-1.015,"basaliob":-1.775,"bolussnooze":0.0737,"activity":-0.0066,"lastBolusTime":1703122324018,"time":"2023-12-21T03:22:03.035Z"}},{"iob":0.223,"basaliob":-0.474,"bolussnooze":0.0601,"activity":0.0039,"lastBolusTime":1703122324018,"time":"2023-12-21T03:27:03.035Z","iobWithZeroTemp":{"iob":-1.089,"basaliob":-1.786,"bolussnooze":0.0601,"activity":-0.0076,"lastBolusTime":1703122324018,"time":"2023-12-21T03:27:03.035Z"}},{"iob":0.205,"basaliob":-0.435,"bolussnooze":0.0489,"activity":0.0036,"lastBolusTime":1703122324018,"time":"2023-12-21T03:32:03.035Z","iobWithZeroTemp":{"iob":-1.155,"basaliob":-1.795,"bolussnooze":0.0489,"activity":-0.0087,"lastBolusTime":1703122324018,"time":"2023-12-21T03:32:03.035Z"}},{"iob":0.187,"basaliob":-0.399,"bolussnooze":0.0396,"activity":0.0033,"lastBolusTime":1703122324018,"time":"2023-12-21T03:37:03.035Z","iobWithZeroTemp":{"iob":-1.219,"basaliob":-1.805,"bolussnooze":0.0396,"activity":-0.0096,"lastBolusTime":1703122324018,"time":"2023-12-21T03:37:03.035Z"}},{"iob":0.171,"basaliob":-0.366,"bolussnooze":0.032,"activity":0.0031,"lastBolusTime":1703122324018,"time":"2023-12-21T03:42:03.035Z","iobWithZeroTemp":{"iob":-1.277,"basaliob":-1.814,"bolussnooze":0.032,"activity":-0.0105,"lastBolusTime":1703122324018,"time":"2023-12-21T03:42:03.035Z"}},{"iob":0.157,"basaliob":-0.334,"bolussnooze":0.0258,"activity":0.0028,"lastBolusTime":1703122324018,"time":"2023-12-21T03:47:03.035Z","iobWithZeroTemp":{"iob":-1.33,"basaliob":-1.821,"bolussnooze":0.0258,"activity":-0.0114,"lastBolusTime":1703122324018,"time":"2023-12-21T03:47:03.035Z"}},{"iob":0.142,"basaliob":-0.306,"bolussnooze":0.0207,"activity":0.0026,"lastBolusTime":1703122324018,"time":"2023-12-21T03:52:03.035Z","iobWithZeroTemp":{"iob":-1.381,"basaliob":-1.829,"bolussnooze":0.0207,"activity":-0.0122,"lastBolusTime":1703122324018,"time":"2023-12-21T03:52:03.035Z"}},{"iob":0.13,"basaliob":-0.279,"bolussnooze":0.0166,"activity":0.0024,"lastBolusTime":1703122324018,"time":"2023-12-21T03:57:03.035Z","iobWithZeroTemp":{"iob":-1.426,"basaliob":-1.835,"bolussnooze":0.0166,"activity":-0.0129,"lastBolusTime":1703122324018,"time":"2023-12-21T03:57:03.035Z"}},{"iob":0.118,"basaliob":-0.255,"bolussnooze":0.0133,"activity":0.0022,"lastBolusTime":1703122324018,"time":"2023-12-21T04:02:03.035Z","iobWithZeroTemp":{"iob":-1.468,"basaliob":-1.841,"bolussnooze":0.0133,"activity":-0.0136,"lastBolusTime":1703122324018,"time":"2023-12-21T04:02:03.035Z"}},{"iob":0.108,"basaliob":-0.232,"bolussnooze":0.0106,"activity":0.002,"lastBolusTime":1703122324018,"time":"2023-12-21T04:07:03.035Z","iobWithZeroTemp":{"iob":-1.507,"basaliob":-1.847,"bolussnooze":0.0106,"activity":-0.0143,"lastBolusTime":1703122324018,"time":"2023-12-21T04:07:03.035Z"}},{"iob":0.098,"basaliob":-0.212,"bolussnooze":0.0084,"activity":0.0018,"lastBolusTime":1703122324018,"time":"2023-12-21T04:12:03.035Z","iobWithZeroTemp":{"iob":-1.542,"basaliob":-1.852,"bolussnooze":0.0084,"activity":-0.0149,"lastBolusTime":1703122324018,"time":"2023-12-21T04:12:03.035Z"}},{"iob":0.089,"basaliob":-0.193,"bolussnooze":0.0066,"activity":0.0017,"lastBolusTime":1703122324018,"time":"2023-12-21T04:17:03.035Z","iobWithZeroTemp":{"iob":-1.575,"basaliob":-1.857,"bolussnooze":0.0066,"activity":-0.0154,"lastBolusTime":1703122324018,"time":"2023-12-21T04:17:03.035Z"}},{"iob":0.081,"basaliob":-0.175,"bolussnooze":0.0052,"activity":0.0016,"lastBolusTime":1703122324018,"time":"2023-12-21T04:22:03.035Z","iobWithZeroTemp":{"iob":-1.605,"basaliob":-1.861,"bolussnooze":0.0052,"activity":-0.0159,"lastBolusTime":1703122324018,"time":"2023-12-21T04:22:03.035Z"}},{"iob":0.074,"basaliob":-0.159,"bolussnooze":0.0041,"activity":0.0014,"lastBolusTime":1703122324018,"time":"2023-12-21T04:27:03.035Z","iobWithZeroTemp":{"iob":-1.632,"basaliob":-1.865,"bolussnooze":0.0041,"activity":-0.0165,"lastBolusTime":1703122324018,"time":"2023-12-21T04:27:03.035Z"}},{"iob":0.067,"basaliob":-0.145,"bolussnooze":0.0032,"activity":0.0013,"lastBolusTime":1703122324018,"time":"2023-12-21T04:32:03.035Z","iobWithZeroTemp":{"iob":-1.657,"basaliob":-1.869,"bolussnooze":0.0032,"activity":-0.0169,"lastBolusTime":1703122324018,"time":"2023-12-21T04:32:03.035Z"}},{"iob":0.061,"basaliob":-0.131,"bolussnooze":0.0024,"activity":0.0012,"lastBolusTime":1703122324018,"time":"2023-12-21T04:37:03.035Z","iobWithZeroTemp":{"iob":-1.68,"basaliob":-1.872,"bolussnooze":0.0024,"activity":-0.0173,"lastBolusTime":1703122324018,"time":"2023-12-21T04:37:03.035Z"}},{"iob":0.055,"basaliob":-0.119,"bolussnooze":0.0019,"activity":0.0011,"lastBolusTime":1703122324018,"time":"2023-12-21T04:42:03.035Z","iobWithZeroTemp":{"iob":-1.701,"basaliob":-1.875,"bolussnooze":0.0019,"activity":-0.0177,"lastBolusTime":1703122324018,"time":"2023-12-21T04:42:03.035Z"}},{"iob":0.05,"basaliob":-0.108,"bolussnooze":0.0014,"activity":0.001,"lastBolusTime":1703122324018,"time":"2023-12-21T04:47:03.035Z","iobWithZeroTemp":{"iob":-1.72,"basaliob":-1.878,"bolussnooze":0.0014,"activity":-0.018,"lastBolusTime":1703122324018,"time":"2023-12-21T04:47:03.035Z"}},{"iob":0.045,"basaliob":-0.098,"bolussnooze":0.0011,"activity":0.001,"lastBolusTime":1703122324018,"time":"2023-12-21T04:52:03.035Z","iobWithZeroTemp":{"iob":-1.738,"basaliob":-1.881,"bolussnooze":0.0011,"activity":-0.0182,"lastBolusTime":1703122324018,"time":"2023-12-21T04:52:03.035Z"}},{"iob":0.04,"basaliob":-0.089,"bolussnooze":8.0E-4,"activity":8.0E-4,"lastBolusTime":1703122324018,"time":"2023-12-21T04:57:03.035Z","iobWithZeroTemp":{"iob":-1.755,"basaliob":-1.884,"bolussnooze":8.0E-4,"activity":-0.0187,"lastBolusTime":1703122324018,"time":"2023-12-21T04:57:03.035Z"}},{"iob":0.037,"basaliob":-0.08,"bolussnooze":6.0E-4,"activity":8.0E-4,"lastBolusTime":1703122324018,"time":"2023-12-21T05:02:03.035Z","iobWithZeroTemp":{"iob":-1.768,"basaliob":-1.885,"bolussnooze":6.0E-4,"activity":-0.0189,"lastBolusTime":1703122324018,"time":"2023-12-21T05:02:03.035Z"}},{"iob":0.033,"basaliob":-0.072,"bolussnooze":4.0E-4,"activity":7.0E-4,"lastBolusTime":1703122324018,"time":"2023-12-21T05:07:03.035Z","iobWithZeroTemp":{"iob":-1.782,"basaliob":-1.887,"bolussnooze":4.0E-4,"activity":-0.0191,"lastBolusTime":1703122324018,"time":"2023-12-21T05:07:03.035Z"}},{"iob":0.03,"basaliob":-0.065,"bolussnooze":3.0E-4,"activity":7.0E-4,"lastBolusTime":1703122324018,"time":"2023-12-21T05:12:03.035Z","iobWithZeroTemp":{"iob":-1.793,"basaliob":-1.888,"bolussnooze":3.0E-4,"activity":-0.0193,"lastBolusTime":1703122324018,"time":"2023-12-21T05:12:03.035Z"}},{"iob":0.027,"basaliob":-0.059,"bolussnooze":2.0E-4,"activity":6.0E-4,"lastBolusTime":1703122324018,"time":"2023-12-21T05:17:03.035Z","iobWithZeroTemp":{"iob":-1.804,"basaliob":-1.89,"bolussnooze":2.0E-4,"activity":-0.0196,"lastBolusTime":1703122324018,"time":"2023-12-21T05:17:03.035Z"}},{"iob":0.024,"basaliob":-0.053,"bolussnooze":2.0E-4,"activity":5.0E-4,"lastBolusTime":1703122324018,"time":"2023-12-21T05:22:03.035Z","iobWithZeroTemp":{"iob":-1.815,"basaliob":-1.892,"bolussnooze":2.0E-4,"activity":-0.0198,"lastBolusTime":1703122324018,"time":"2023-12-21T05:22:03.035Z"}},{"iob":0.022,"basaliob":-0.048,"bolussnooze":1.0E-4,"activity":5.0E-4,"lastBolusTime":1703122324018,"time":"2023-12-21T05:27:03.035Z","iobWithZeroTemp":{"iob":-1.823,"basaliob":-1.893,"bolussnooze":1.0E-4,"activity":-0.0199,"lastBolusTime":1703122324018,"time":"2023-12-21T05:27:03.035Z"}},{"iob":0.02,"basaliob":-0.043,"bolussnooze":1.0E-4,"activity":4.0E-4,"lastBolusTime":1703122324018,"time":"2023-12-21T05:32:03.035Z","iobWithZeroTemp":{"iob":-1.831,"basaliob":-1.894,"bolussnooze":1.0E-4,"activity":-0.0201,"lastBolusTime":1703122324018,"time":"2023-12-21T05:32:03.035Z"}},{"iob":0.017,"basaliob":-0.039,"bolussnooze":0,"activity":4.0E-4,"lastBolusTime":1703122324018,"time":"2023-12-21T05:37:03.035Z","iobWithZeroTemp":{"iob":-1.84,"basaliob":-1.896,"bolussnooze":0,"activity":-0.0203,"lastBolusTime":1703122324018,"time":"2023-12-21T05:37:03.035Z"}},{"iob":0.016,"basaliob":-0.035,"bolussnooze":0,"activity":4.0E-4,"lastBolusTime":1703122324018,"time":"2023-12-21T05:42:03.035Z","iobWithZeroTemp":{"iob":-1.845,"basaliob":-1.896,"bolussnooze":0,"activity":-0.0204,"lastBolusTime":1703122324018,"time":"2023-12-21T05:42:03.035Z"}},{"iob":0.015,"basaliob":-0.031,"bolussnooze":0,"activity":3.0E-4,"lastBolusTime":1703122324018,"time":"2023-12-21T05:47:03.035Z","iobWithZeroTemp":{"iob":-1.851,"basaliob":-1.897,"bolussnooze":0,"activity":-0.0205,"lastBolusTime":1703122324018,"time":"2023-12-21T05:47:03.035Z"}},{"iob":0.013,"basaliob":-0.028,"bolussnooze":0,"activity":3.0E-4,"lastBolusTime":1703122324018,"time":"2023-12-21T05:52:03.035Z","iobWithZeroTemp":{"iob":-1.857,"basaliob":-1.898,"bolussnooze":0,"activity":-0.0206,"lastBolusTime":1703122324018,"time":"2023-12-21T05:52:03.035Z"}},{"iob":0.012,"basaliob":-0.025,"bolussnooze":0,"activity":2.0E-4,"lastBolusTime":1703122324018,"time":"2023-12-21T05:57:03.035Z","iobWithZeroTemp":{"iob":-1.861,"basaliob":-1.898,"bolussnooze":0,"activity":-0.0208,"lastBolusTime":1703122324018,"time":"2023-12-21T05:57:03.035Z"}},{"iob":0.01,"basaliob":-0.023,"bolussnooze":0,"activity":2.0E-4,"lastBolusTime":1703122324018,"time":"2023-12-21T06:02:03.035Z","iobWithZeroTemp":{"iob":-1.867,"basaliob":-1.9,"bolussnooze":0,"activity":-0.0209,"lastBolusTime":1703122324018,"time":"2023-12-21T06:02:03.035Z"}}],"profile":{"max_iob":20,"type":"current","max_daily_basal":1.6,"max_basal":4.8,"min_bg":81,"max_bg":81,"target_bg":81,"carb_ratio":4.5,"sens":72,"max_daily_safety_multiplier":3,"current_basal_safety_multiplier":4,"high_temptarget_raises_sensitivity":false,"low_temptarget_lowers_sensitivity":false,"sensitivity_raises_target":false,"resistance_lowers_target":false,"adv_target_adjustments":false,"exercise_mode":false,"half_basal_exercise_target":160,"maxCOB":120,"skip_neutral_temps":false,"remainingCarbsCap":90,"enableUAM":true,"A52_risk_enable":false,"SMBInterval":3,"enableSMB_with_COB":false,"enableSMB_with_temptarget":false,"allowSMB_with_high_temptarget":true,"enableSMB_always":true,"enableSMB_after_carbs":false,"maxSMBBasalMinutes":120,"maxUAMSMBBasalMinutes":120,"bolus_increment":0.05,"carbsReqThreshold":1,"current_basal":1.3,"temptargetSet":true,"autosens_max":1.8,"out_units":"mmol\/L"},"autosens_data":{"ratio":1},"meal_data":{"carbs":0,"mealCOB":0,"slopeFromMaxDeviation":-2.5351666666666666,"slopeFromMinDeviation":0,"lastBolusTime":1703122324018,"lastCarbTime":0},"microBolusAllowed":true,"currentTime":1703124423764,"flatBGsDetected":false},"output":{"temp":"absolute","bg":90,"tick":-7,"eventualBG":48,"targetBG":81,"insulinReq":0,"deliverAt":"2023-12-21T02:07:03.764Z","sensitivityRatio":1,"predBGs":{"IOB":[90,83,77,71,66,61,56,52,48,45,42,39,39],"ZT":[90,87,83,80,77,75,73,71,70,69,69,69,70,71,72,74,77,79]},"COB":0,"IOB":0.767,"reason":"COB: 0, Dev: 0.7, BGI: -0.2, ISF: 4.0, CR: 4.5, Target: 4.5, minPredBG 2.7, minGuardBG 0.8, IOBpredBG 2.2; minGuardBG 0.8<3.4 35m left and 0 ~ req 0U\/hr: no temp required","timestamp":"2023-12-21T02:07:03.809Z"}}