{"algorithm":"OpenAPSSMBPlugin","input":{"glucoseStatus":{"glucose":96,"noise":0,"delta":4,"short_avgdelta":2,"long_avgdelta":2.11,"date":1703056002745},"currenttemp":{"temp":"absolute","duration":20,"rate":0,"minutesrunning":10},"iob_data":[{"iob":1.044,"basaliob":-1.142,"bolussnooze":0,"activity":0.0109,"lastBolusTime":1703055129677,"time":"2023-12-20T07:07:08.196Z","iobWithZeroTemp":{"iob":1.044,"basaliob":-1.142,"bolussnooze":0,"activity":0.0109,"lastBolusTime":1703055129677,"time":"2023-12-20T07:07:08.196Z"}},{"iob":0.989,"basaliob":-1.081,"bolussnooze":0,"activity":0.011,"lastBolusTime":1703055129677,"time":"2023-12-20T07:12:08.196Z","iobWithZeroTemp":{"iob":0.909,"basaliob":-1.161,"bolussnooze":0,"activity":0.0109,"lastBolusTime":1703055129677,"time":"2023-12-20T07:12:08.196Z"}},{"iob":0.934,"basaliob":-1.019,"bolussnooze":0,"activity":0.011,"lastBolusTime":1703055129677,"time":"2023-12-20T07:17:08.196Z","iobWithZeroTemp":{"iob":0.755,"basaliob":-1.198,"bolussnooze":0,"activity":0.0106,"lastBolusTime":1703055129677,"time":"2023-12-20T07:17:08.196Z"}},{"iob":0.879,"basaliob":-0.958,"bolussnooze":0,"activity":0.0108,"lastBolusTime":1703055129677,"time":"2023-12-20T07:22:08.196Z","iobWithZeroTemp":{"iob":0.603,"basaliob":-1.234,"bolussnooze":0,"activity":0.01,"lastBolusTime":1703055129677,"time":"2023-12-20T07:22:08.196Z"}},{"iob":0.826,"basaliob":-0.898,"bolussnooze":0,"activity":0.0106,"lastBolusTime":1703055129677,"time":"2023-12-20T07:27:08.196Z","iobWithZeroTemp":{"iob":0.455,"basaliob":-1.269,"bolussnooze":0,"activity":0.0092,"lastBolusTime":1703055129677,"time":"2023-12-20T07:27:08.196Z"}},{"iob":0.774,"basaliob":-0.84,"bolussnooze":0,"activity":0.0103,"lastBolusTime":1703055129677,"time":"2023-12-20T07:32:08.196Z","iobWithZeroTemp":{"iob":0.312,"basaliob":-1.302,"bolussnooze":0,"activity":0.0083,"lastBolusTime":1703055129677,"time":"2023-12-20T07:32:08.196Z"}},{"iob":0.723,"basaliob":-0.784,"bolussnooze":0,"activity":0.0099,"lastBolusTime":1703055129677,"time":"2023-12-20T07:37:08.196Z","iobWithZeroTemp":{"iob":0.173,"basaliob":-1.334,"bolussnooze":0,"activity":0.0071,"lastBolusTime":1703055129677,"time":"2023-12-20T07:37:08.196Z"}},{"iob":0.674,"basaliob":-0.731,"bolussnooze":0,"activity":0.0096,"lastBolusTime":1703055129677,"time":"2023-12-20T07:42:08.196Z","iobWithZeroTemp":{"iob":0.039,"basaliob":-1.366,"bolussnooze":0,"activity":0.006,"lastBolusTime":1703055129677,"time":"2023-12-20T07:42:08.196Z"}},{"iob":0.628,"basaliob":-0.679,"bolussnooze":0,"activity":0.0091,"lastBolusTime":1703055129677,"time":"2023-12-20T07:47:08.196Z","iobWithZeroTemp":{"iob":-0.087,"basaliob":-1.394,"bolussnooze":0,"activity":0.0047,"lastBolusTime":1703055129677,"time":"2023-12-20T07:47:08.196Z"}},{"iob":0.583,"basaliob":-0.63,"bolussnooze":0,"activity":0.0087,"lastBolusTime":1703055129677,"time":"2023-12-20T07:52:08.196Z","iobWithZeroTemp":{"iob":-0.208,"basaliob":-1.421,"bolussnooze":0,"activity":0.0035,"lastBolusTime":1703055129677,"time":"2023-12-20T07:52:08.196Z"}},{"iob":0.541,"basaliob":-0.584,"bolussnooze":0,"activity":0.0082,"lastBolusTime":1703055129677,"time":"2023-12-20T07:57:08.196Z","iobWithZeroTemp":{"iob":-0.322,"basaliob":-1.447,"bolussnooze":0,"activity":0.0022,"lastBolusTime":1703055129677,"time":"2023-12-20T07:57:08.196Z"}},{"iob":0.501,"basaliob":-0.54,"bolussnooze":0,"activity":0.0078,"lastBolusTime":1703055129677,"time":"2023-12-20T08:02:08.196Z","iobWithZeroTemp":{"iob":-0.43,"basaliob":-1.471,"bolussnooze":0,"activity":9.0E-4,"lastBolusTime":1703055129677,"time":"2023-12-20T08:02:08.196Z"}},{"iob":0.463,"basaliob":-0.499,"bolussnooze":0,"activity":0.0073,"lastBolusTime":1703055129677,"time":"2023-12-20T08:07:08.196Z","iobWithZeroTemp":{"iob":-0.523,"basaliob":-1.485,"bolussnooze":0,"activity":-4.0E-4,"lastBolusTime":1703055129677,"time":"2023-12-20T08:07:08.196Z"}},{"iob":0.427,"basaliob":-0.461,"bolussnooze":0,"activity":0.0069,"lastBolusTime":1703055129677,"time":"2023-12-20T08:12:08.196Z","iobWithZeroTemp":{"iob":-0.611,"basaliob":-1.499,"bolussnooze":0,"activity":-0.0015,"lastBolusTime":1703055129677,"time":"2023-12-20T08:12:08.196Z"}},{"iob":0.395,"basaliob":-0.424,"bolussnooze":0,"activity":0.0064,"lastBolusTime":1703055129677,"time":"2023-12-20T08:17:08.196Z","iobWithZeroTemp":{"iob":-0.691,"basaliob":-1.51,"bolussnooze":0,"activity":-0.0027,"lastBolusTime":1703055129677,"time":"2023-12-20T08:17:08.196Z"}},{"iob":0.363,"basaliob":-0.391,"bolussnooze":0,"activity":0.0061,"lastBolusTime":1703055129677,"time":"2023-12-20T08:22:08.196Z","iobWithZeroTemp":{"iob":-0.767,"basaliob":-1.521,"bolussnooze":0,"activity":-0.0037,"lastBolusTime":1703055129677,"time":"2023-12-20T08:22:08.196Z"}},{"iob":0.334,"basaliob":-0.359,"bolussnooze":0,"activity":0.0056,"lastBolusTime":1703055129677,"time":"2023-12-20T08:27:08.196Z","iobWithZeroTemp":{"iob":-0.837,"basaliob":-1.53,"bolussnooze":0,"activity":-0.0049,"lastBolusTime":1703055129677,"time":"2023-12-20T08:27:08.196Z"}},{"iob":0.307,"basaliob":-0.33,"bolussnooze":0,"activity":0.0052,"lastBolusTime":1703055129677,"time":"2023-12-20T08:32:08.196Z","iobWithZeroTemp":{"iob":-0.895,"basaliob":-1.532,"bolussnooze":0,"activity":-0.0058,"lastBolusTime":1703055129677,"time":"2023-12-20T08:32:08.196Z"}},{"iob":0.282,"basaliob":-0.302,"bolussnooze":0,"activity":0.0048,"lastBolusTime":1703055129677,"time":"2023-12-20T08:37:08.196Z","iobWithZeroTemp":{"iob":-0.955,"basaliob":-1.539,"bolussnooze":0,"activity":-0.0068,"lastBolusTime":1703055129677,"time":"2023-12-20T08:37:08.196Z"}},{"iob":0.258,"basaliob":-0.277,"bolussnooze":0,"activity":0.0045,"lastBolusTime":1703055129677,"time":"2023-12-20T08:42:08.196Z","iobWithZeroTemp":{"iob":-1.012,"basaliob":-1.547,"bolussnooze":0,"activity":-0.0076,"lastBolusTime":1703055129677,"time":"2023-12-20T08:42:08.196Z"}},{"iob":0.236,"basaliob":-0.254,"bolussnooze":0,"activity":0.0042,"lastBolusTime":1703055129677,"time":"2023-12-20T08:47:08.196Z","iobWithZeroTemp":{"iob":-1.064,"basaliob":-1.554,"bolussnooze":0,"activity":-0.0084,"lastBolusTime":1703055129677,"time":"2023-12-20T08:47:08.196Z"}},{"iob":0.216,"basaliob":-0.232,"bolussnooze":0,"activity":0.0038,"lastBolusTime":1703055129677,"time":"2023-12-20T08:52:08.196Z","iobWithZeroTemp":{"iob":-1.112,"basaliob":-1.56,"bolussnooze":0,"activity":-0.0093,"lastBolusTime":1703055129677,"time":"2023-12-20T08:52:08.196Z"}},{"iob":0.198,"basaliob":-0.212,"bolussnooze":0,"activity":0.0036,"lastBolusTime":1703055129677,"time":"2023-12-20T08:57:08.196Z","iobWithZeroTemp":{"iob":-1.155,"basaliob":-1.565,"bolussnooze":0,"activity":-0.0099,"lastBolusTime":1703055129677,"time":"2023-12-20T08:57:08.196Z"}},{"iob":0.181,"basaliob":-0.193,"bolussnooze":0,"activity":0.0033,"lastBolusTime":1703055129677,"time":"2023-12-20T09:02:08.196Z","iobWithZeroTemp":{"iob":-1.195,"basaliob":-1.569,"bolussnooze":0,"activity":-0.0106,"lastBolusTime":1703055129677,"time":"2023-12-20T09:02:08.196Z"}},{"iob":0.166,"basaliob":-0.176,"bolussnooze":0,"activity":0.003,"lastBolusTime":1703055129677,"time":"2023-12-20T09:07:08.196Z","iobWithZeroTemp":{"iob":-1.223,"basaliob":-1.565,"bolussnooze":0,"activity":-0.0112,"lastBolusTime":1703055129677,"time":"2023-12-20T09:07:08.196Z"}},{"iob":0.15,"basaliob":-0.161,"bolussnooze":0,"activity":0.0028,"lastBolusTime":1703055129677,"time":"2023-12-20T09:12:08.196Z","iobWithZeroTemp":{"iob":-1.251,"basaliob":-1.562,"bolussnooze":0,"activity":-0.0118,"lastBolusTime":1703055129677,"time":"2023-12-20T09:12:08.196Z"}},{"iob":0.138,"basaliob":-0.146,"bolussnooze":0,"activity":0.0025,"lastBolusTime":1703055129677,"time":"2023-12-20T09:17:08.196Z","iobWithZeroTemp":{"iob":-1.273,"basaliob":-1.557,"bolussnooze":0,"activity":-0.0123,"lastBolusTime":1703055129677,"time":"2023-12-20T09:17:08.196Z"}},{"iob":0.125,"basaliob":-0.133,"bolussnooze":0,"activity":0.0024,"lastBolusTime":1703055129677,"time":"2023-12-20T09:22:08.196Z","iobWithZeroTemp":{"iob":-1.294,"basaliob":-1.552,"bolussnooze":0,"activity":-0.0127,"lastBolusTime":1703055129677,"time":"2023-12-20T09:22:08.196Z"}},{"iob":0.114,"basaliob":-0.121,"bolussnooze":0,"activity":0.0022,"lastBolusTime":1703055129677,"time":"2023-12-20T09:27:08.196Z","iobWithZeroTemp":{"iob":-1.313,"basaliob":-1.548,"bolussnooze":0,"activity":-0.0131,"lastBolusTime":1703055129677,"time":"2023-12-20T09:27:08.196Z"}},{"iob":0.103,"basaliob":-0.11,"bolussnooze":0,"activity":0.002,"lastBolusTime":1703055129677,"time":"2023-12-20T09:32:08.196Z","iobWithZeroTemp":{"iob":-1.33,"basaliob":-1.543,"bolussnooze":0,"activity":-0.0135,"lastBolusTime":1703055129677,"time":"2023-12-20T09:32:08.196Z"}},{"iob":0.094,"basaliob":-0.1,"bolussnooze":0,"activity":0.0019,"lastBolusTime":1703055129677,"time":"2023-12-20T09:37:08.196Z","iobWithZeroTemp":{"iob":-1.345,"basaliob":-1.539,"bolussnooze":0,"activity":-0.0138,"lastBolusTime":1703055129677,"time":"2023-12-20T09:37:08.196Z"}},{"iob":0.085,"basaliob":-0.091,"bolussnooze":0,"activity":0.0016,"lastBolusTime":1703055129677,"time":"2023-12-20T09:42:08.196Z","iobWithZeroTemp":{"iob":-1.358,"basaliob":-1.534,"bolussnooze":0,"activity":-0.0142,"lastBolusTime":1703055129677,"time":"2023-12-20T09:42:08.196Z"}},{"iob":0.077,"basaliob":-0.082,"bolussnooze":0,"activity":0.0015,"lastBolusTime":1703055129677,"time":"2023-12-20T09:47:08.196Z","iobWithZeroTemp":{"iob":-1.371,"basaliob":-1.53,"bolussnooze":0,"activity":-0.0144,"lastBolusTime":1703055129677,"time":"2023-12-20T09:47:08.196Z"}},{"iob":0.07,"basaliob":-0.074,"bolussnooze":0,"activity":0.0014,"lastBolusTime":1703055129677,"time":"2023-12-20T09:52:08.196Z","iobWithZeroTemp":{"iob":-1.381,"basaliob":-1.525,"bolussnooze":0,"activity":-0.0146,"lastBolusTime":1703055129677,"time":"2023-12-20T09:52:08.196Z"}},{"iob":0.064,"basaliob":-0.067,"bolussnooze":0,"activity":0.0013,"lastBolusTime":1703055129677,"time":"2023-12-20T09:57:08.196Z","iobWithZeroTemp":{"iob":-1.39,"basaliob":-1.521,"bolussnooze":0,"activity":-0.0148,"lastBolusTime":1703055129677,"time":"2023-12-20T09:57:08.196Z"}},{"iob":0.057,"basaliob":-0.061,"bolussnooze":0,"activity":0.0012,"lastBolusTime":1703055129677,"time":"2023-12-20T10:02:08.196Z","iobWithZeroTemp":{"iob":-1.395,"basaliob":-1.513,"bolussnooze":0,"activity":-0.0149,"lastBolusTime":1703055129677,"time":"2023-12-20T10:02:08.196Z"}},{"iob":0.052,"basaliob":-0.055,"bolussnooze":0,"activity":0.0011,"lastBolusTime":1703055129677,"time":"2023-12-20T10:07:08.196Z","iobWithZeroTemp":{"iob":-1.394,"basaliob":-1.501,"bolussnooze":0,"activity":-0.0151,"lastBolusTime":1703055129677,"time":"2023-12-20T10:07:08.196Z"}},{"iob":0.047,"basaliob":-0.05,"bolussnooze":0,"activity":0.001,"lastBolusTime":1703055129677,"time":"2023-12-20T10:12:08.196Z","iobWithZeroTemp":{"iob":-1.393,"basaliob":-1.49,"bolussnooze":0,"activity":-0.0153,"lastBolusTime":1703055129677,"time":"2023-12-20T10:12:08.196Z"}},{"iob":0.042,"basaliob":-0.045,"bolussnooze":0,"activity":9.0E-4,"lastBolusTime":1703055129677,"time":"2023-12-20T10:17:08.196Z","iobWithZeroTemp":{"iob":-1.392,"basaliob":-1.479,"bolussnooze":0,"activity":-0.0154,"lastBolusTime":1703055129677,"time":"2023-12-20T10:17:08.196Z"}},{"iob":0.039,"basaliob":-0.04,"bolussnooze":0,"activity":8.0E-4,"lastBolusTime":1703055129677,"time":"2023-12-20T10:22:08.196Z","iobWithZeroTemp":{"iob":-1.388,"basaliob":-1.467,"bolussnooze":0,"activity":-0.0155,"lastBolusTime":1703055129677,"time":"2023-12-20T10:22:08.196Z"}},{"iob":0.035,"basaliob":-0.036,"bolussnooze":0,"activity":7.0E-4,"lastBolusTime":1703055129677,"time":"2023-12-20T10:27:08.196Z","iobWithZeroTemp":{"iob":-1.386,"basaliob":-1.457,"bolussnooze":0,"activity":-0.0156,"lastBolusTime":1703055129677,"time":"2023-12-20T10:27:08.196Z"}},{"iob":0.031,"basaliob":-0.033,"bolussnooze":0,"activity":6.0E-4,"lastBolusTime":1703055129677,"time":"2023-12-20T10:32:08.196Z","iobWithZeroTemp":{"iob":-1.384,"basaliob":-1.448,"bolussnooze":0,"activity":-0.0156,"lastBolusTime":1703055129677,"time":"2023-12-20T10:32:08.196Z"}},{"iob":0.028,"basaliob":-0.03,"bolussnooze":0,"activity":6.0E-4,"lastBolusTime":1703055129677,"time":"2023-12-20T10:37:08.196Z","iobWithZeroTemp":{"iob":-1.381,"basaliob":-1.439,"bolussnooze":0,"activity":-0.0156,"lastBolusTime":1703055129677,"time":"2023-12-20T10:37:08.196Z"}},{"iob":0.025,"basaliob":-0.027,"bolussnooze":0,"activity":5.0E-4,"lastBolusTime":1703055129677,"time":"2023-12-20T10:42:08.196Z","iobWithZeroTemp":{"iob":-1.378,"basaliob":-1.43,"bolussnooze":0,"activity":-0.0157,"lastBolusTime":1703055129677,"time":"2023-12-20T10:42:08.196Z"}},{"iob":0.023,"basaliob":-0.024,"bolussnooze":0,"activity":5.0E-4,"lastBolusTime":1703055129677,"time":"2023-12-20T10:47:08.196Z","iobWithZeroTemp":{"iob":-1.375,"basaliob":-1.422,"bolussnooze":0,"activity":-0.0156,"lastBolusTime":1703055129677,"time":"2023-12-20T10:47:08.196Z"}},{"iob":0.021,"basaliob":-0.021,"bolussnooze":0,"activity":4.0E-4,"lastBolusTime":1703055129677,"time":"2023-12-20T10:52:08.196Z","iobWithZeroTemp":{"iob":-1.371,"basaliob":-1.413,"bolussnooze":0,"activity":-0.0157,"lastBolusTime":1703055129677,"time":"2023-12-20T10:52:08.196Z"}},{"iob":0.019,"basaliob":-0.019,"bolussnooze":0,"activity":4.0E-4,"lastBolusTime":1703055129677,"time":"2023-12-20T10:57:08.196Z","iobWithZeroTemp":{"iob":-1.368,"basaliob":-1.406,"bolussnooze":0,"activity":-0.0156,"lastBolusTime":1703055129677,"time":"2023-12-20T10:57:08.196Z"}},{"iob":0.017,"basaliob":-0.017,"bolussnooze":0,"activity":3.0E-4,"lastBolusTime":1703055129677,"time":"2023-12-20T11:02:08.196Z","iobWithZeroTemp":{"iob":-1.365,"basaliob":-1.399,"bolussnooze":0,"activity":-0.0157,"lastBolusTime":1703055129677,"time":"2023-12-20T11:02:08.196Z"}}],"profile":{"max_iob":20,"type":"current","max_daily_basal":1.6,"max_basal":4.8,"min_bg":81,"max_bg":81,"target_bg":81,"carb_ratio":5.5,"sens":72,"max_daily_safety_multiplier":3,"current_basal_safety_multiplier":4,"high_temptarget_raises_sensitivity":false,"low_temptarget_lowers_sensitivity":false,"sensitivity_raises_target":false,"resistance_lowers_target":false,"adv_target_adjustments":false,"exercise_mode":false,"half_basal_exercise_target":160,"maxCOB":120,"skip_neutral_temps":false,"remainingCarbsCap":90,"enableUAM":true,"A52_risk_enable":false,"SMBInterval":3,"enableSMB_with_COB":false,"enableSMB_with_temptarget":false,"allowSMB_with_high_temptarget":true,"enableSMB_always":true,"enableSMB_after_carbs":false,"maxSMBBasalMinutes":120,"maxUAMSMBBasalMinutes":120,"bolus_increment":0.05,"carbsReqThreshold":1,"current_basal":1.2,"temptargetSet":true,"autosens_max":1.8,"out_units":"mmol\/L"},"autosens_data":{"ratio":1},"meal_data":{"carbs":50,"mealCOB":14.500000000000004,"slopeFromMaxDeviation":-0.5454999999999997,"slopeFromMinDeviation":0.6531818181818182,"lastBolusTime":1703055129677,"lastCarbTime":1703053023000},"microBolusAllowed":true,"currentTime":1703056031952,"flatBGsDetected":false},"output":{"temp":"absolute","bg":96,"tick":"+4","eventualBG":206,"targetBG":81,"insulinReq":0.18,"deliverAt":"2023-12-20T07:07:11.952Z","sensitivityRatio":1,"predBGs":{"IOB":[96,97,98,99,99,99,98,97,95,93,91,89,86,83,81,79,76,74,73,71,69,68,66,65,64,63,62,61,60,59,58,58,57,57,56,56,55,55,54,54,54,54,53],"ZT":[96,92,88,84,81,77,74,72,70,68,67,66,66,66,66,67,69,70,72,75,78,81],"COB":[96,98,100,102,103,105,107,109,111,113,115,117,120,122,125,128,130,133,136,139,143,146,149,152,156,159,162,166,169,172,175,178,180,183,186,188,190,192,194,196,198,199,201,202,203,204,205,206],"UAM":[96,97,98,99,98,98,97,95,93,91,88,85,82,80,77,75,73,71,69,67,65,64,63,61,60,59,58,57,56,55,55,54,53,53,52,52,52,51,51,50,50,50,50,49]},"COB":14.500000000000004,"IOB":1.044,"reason":"COB: 14.5, Dev: 2.0, BGI: -0.2, ISF: 4.0, CR: 5.5, Target: 4.5, minPredBG 5.2, minGuardBG 3.5, IOBpredBG 2.9, COBpredBG 11.4, UAMpredBG 2.7; Eventual BG 11.4 >= 4.5,  insulinReq 0.18; setting 30m low temp of 0U\/h. Microbolusing 0.05U. ","units":0.05,"rate":0,"duration":30,"timestamp":"2023-12-20T07:07:12.117Z"}}