{"algorithm":"OpenAPSSMBPlugin","input":{"glucoseStatus":{"glucose":73,"noise":0,"delta":14,"short_avgdelta":13.5,"long_avgdelta":3.58,"date":1703075201375},"currenttemp":{"temp":"absolute","duration":40,"rate":0,"minutesrunning":80},"iob_data":[{"iob":0.869,"basaliob":-1.189,"bolussnooze":1.0468,"activity":0.0057,"lastBolusTime":1703075205296,"time":"2023-12-20T12:27:29.942Z","iobWithZeroTemp":{"iob":0.869,"basaliob":-1.189,"bolussnooze":1.0468,"activity":0.0057,"lastBolusTime":1703075205296,"time":"2023-12-20T12:27:29.942Z"}},{"iob":0.839,"basaliob":-1.12,"bolussnooze":1.0101,"activity":0.0065,"lastBolusTime":1703075205296,"time":"2023-12-20T12:32:29.942Z","iobWithZeroTemp":{"iob":0.786,"basaliob":-1.173,"bolussnooze":1.0101,"activity":0.0064,"lastBolusTime":1703075205296,"time":"2023-12-20T12:32:29.942Z"}},{"iob":0.805,"basaliob":-1.053,"bolussnooze":0.9458,"activity":0.0071,"lastBolusTime":1703075205296,"time":"2023-12-20T12:37:29.942Z","iobWithZeroTemp":{"iob":0.686,"basaliob":-1.172,"bolussnooze":0.9458,"activity":0.0069,"lastBolusTime":1703075205296,"time":"2023-12-20T12:37:29.942Z"}},{"iob":0.769,"basaliob":-0.987,"bolussnooze":0.8663,"activity":0.0074,"lastBolusTime":1703075205296,"time":"2023-12-20T12:42:29.942Z","iobWithZeroTemp":{"iob":0.585,"basaliob":-1.171,"bolussnooze":0.8663,"activity":0.0069,"lastBolusTime":1703075205296,"time":"2023-12-20T12:42:29.942Z"}},{"iob":0.731,"basaliob":-0.923,"bolussnooze":0.7802,"activity":0.0076,"lastBolusTime":1703075205296,"time":"2023-12-20T12:47:29.942Z","iobWithZeroTemp":{"iob":0.484,"basaliob":-1.17,"bolussnooze":0.7802,"activity":0.0067,"lastBolusTime":1703075205296,"time":"2023-12-20T12:47:29.942Z"}},{"iob":0.692,"basaliob":-0.862,"bolussnooze":0.6933,"activity":0.0078,"lastBolusTime":1703075205296,"time":"2023-12-20T12:52:29.942Z","iobWithZeroTemp":{"iob":0.384,"basaliob":-1.17,"bolussnooze":0.6933,"activity":0.0064,"lastBolusTime":1703075205296,"time":"2023-12-20T12:52:29.942Z"}},{"iob":0.653,"basaliob":-0.803,"bolussnooze":0.6094,"activity":0.0077,"lastBolusTime":1703075205296,"time":"2023-12-20T12:57:29.942Z","iobWithZeroTemp":{"iob":0.286,"basaliob":-1.17,"bolussnooze":0.6094,"activity":0.0058,"lastBolusTime":1703075205296,"time":"2023-12-20T12:57:29.942Z"}},{"iob":0.615,"basaliob":-0.746,"bolussnooze":0.5308,"activity":0.0077,"lastBolusTime":1703075205296,"time":"2023-12-20T13:02:29.942Z","iobWithZeroTemp":{"iob":0.2,"basaliob":-1.161,"bolussnooze":0.5308,"activity":0.0053,"lastBolusTime":1703075205296,"time":"2023-12-20T13:02:29.942Z"}},{"iob":0.577,"basaliob":-0.692,"bolussnooze":0.4588,"activity":0.0074,"lastBolusTime":1703075205296,"time":"2023-12-20T13:07:29.942Z","iobWithZeroTemp":{"iob":0.117,"basaliob":-1.152,"bolussnooze":0.4588,"activity":0.0045,"lastBolusTime":1703075205296,"time":"2023-12-20T13:07:29.942Z"}},{"iob":0.54,"basaliob":-0.641,"bolussnooze":0.3939,"activity":0.0073,"lastBolusTime":1703075205296,"time":"2023-12-20T13:12:29.942Z","iobWithZeroTemp":{"iob":0.037,"basaliob":-1.144,"bolussnooze":0.3939,"activity":0.0039,"lastBolusTime":1703075205296,"time":"2023-12-20T13:12:29.942Z"}},{"iob":0.505,"basaliob":-0.593,"bolussnooze":0.3362,"activity":0.007,"lastBolusTime":1703075205296,"time":"2023-12-20T13:17:29.942Z","iobWithZeroTemp":{"iob":-0.038,"basaliob":-1.136,"bolussnooze":0.3362,"activity":0.0031,"lastBolusTime":1703075205296,"time":"2023-12-20T13:17:29.942Z"}},{"iob":0.47,"basaliob":-0.548,"bolussnooze":0.2855,"activity":0.0067,"lastBolusTime":1703075205296,"time":"2023-12-20T13:22:29.942Z","iobWithZeroTemp":{"iob":-0.111,"basaliob":-1.129,"bolussnooze":0.2855,"activity":0.0023,"lastBolusTime":1703075205296,"time":"2023-12-20T13:22:29.942Z"}},{"iob":0.437,"basaliob":-0.506,"bolussnooze":0.2413,"activity":0.0064,"lastBolusTime":1703075205296,"time":"2023-12-20T13:27:29.942Z","iobWithZeroTemp":{"iob":-0.179,"basaliob":-1.122,"bolussnooze":0.2413,"activity":0.0015,"lastBolusTime":1703075205296,"time":"2023-12-20T13:27:29.942Z"}},{"iob":0.406,"basaliob":-0.466,"bolussnooze":0.203,"activity":0.0061,"lastBolusTime":1703075205296,"time":"2023-12-20T13:32:29.942Z","iobWithZeroTemp":{"iob":-0.243,"basaliob":-1.115,"bolussnooze":0.203,"activity":8.0E-4,"lastBolusTime":1703075205296,"time":"2023-12-20T13:32:29.942Z"}},{"iob":0.376,"basaliob":-0.429,"bolussnooze":0.1702,"activity":0.0058,"lastBolusTime":1703075205296,"time":"2023-12-20T13:37:29.942Z","iobWithZeroTemp":{"iob":-0.304,"basaliob":-1.109,"bolussnooze":0.1702,"activity":0,"lastBolusTime":1703075205296,"time":"2023-12-20T13:37:29.942Z"}},{"iob":0.348,"basaliob":-0.394,"bolussnooze":0.1421,"activity":0.0054,"lastBolusTime":1703075205296,"time":"2023-12-20T13:42:29.942Z","iobWithZeroTemp":{"iob":-0.36,"basaliob":-1.102,"bolussnooze":0.1421,"activity":-8.0E-4,"lastBolusTime":1703075205296,"time":"2023-12-20T13:42:29.942Z"}},{"iob":0.322,"basaliob":-0.362,"bolussnooze":0.1183,"activity":0.0051,"lastBolusTime":1703075205296,"time":"2023-12-20T13:47:29.942Z","iobWithZeroTemp":{"iob":-0.413,"basaliob":-1.097,"bolussnooze":0.1183,"activity":-0.0015,"lastBolusTime":1703075205296,"time":"2023-12-20T13:47:29.942Z"}},{"iob":0.297,"basaliob":-0.332,"bolussnooze":0.0981,"activity":0.0048,"lastBolusTime":1703075205296,"time":"2023-12-20T13:52:29.942Z","iobWithZeroTemp":{"iob":-0.462,"basaliob":-1.091,"bolussnooze":0.0981,"activity":-0.0022,"lastBolusTime":1703075205296,"time":"2023-12-20T13:52:29.942Z"}},{"iob":0.274,"basaliob":-0.304,"bolussnooze":0.0811,"activity":0.0046,"lastBolusTime":1703075205296,"time":"2023-12-20T13:57:29.942Z","iobWithZeroTemp":{"iob":-0.508,"basaliob":-1.086,"bolussnooze":0.0811,"activity":-0.0027,"lastBolusTime":1703075205296,"time":"2023-12-20T13:57:29.942Z"}},{"iob":0.252,"basaliob":-0.278,"bolussnooze":0.0669,"activity":0.0042,"lastBolusTime":1703075205296,"time":"2023-12-20T14:02:29.942Z","iobWithZeroTemp":{"iob":-0.551,"basaliob":-1.081,"bolussnooze":0.0669,"activity":-0.0035,"lastBolusTime":1703075205296,"time":"2023-12-20T14:02:29.942Z"}},{"iob":0.232,"basaliob":-0.254,"bolussnooze":0.055,"activity":0.0039,"lastBolusTime":1703075205296,"time":"2023-12-20T14:07:29.942Z","iobWithZeroTemp":{"iob":-0.59,"basaliob":-1.076,"bolussnooze":0.055,"activity":-0.0041,"lastBolusTime":1703075205296,"time":"2023-12-20T14:07:29.942Z"}},{"iob":0.212,"basaliob":-0.233,"bolussnooze":0.0451,"activity":0.0037,"lastBolusTime":1703075205296,"time":"2023-12-20T14:12:29.942Z","iobWithZeroTemp":{"iob":-0.628,"basaliob":-1.073,"bolussnooze":0.0451,"activity":-0.0046,"lastBolusTime":1703075205296,"time":"2023-12-20T14:12:29.942Z"}},{"iob":0.195,"basaliob":-0.212,"bolussnooze":0.0369,"activity":0.0034,"lastBolusTime":1703075205296,"time":"2023-12-20T14:17:29.942Z","iobWithZeroTemp":{"iob":-0.661,"basaliob":-1.068,"bolussnooze":0.0369,"activity":-0.0051,"lastBolusTime":1703075205296,"time":"2023-12-20T14:17:29.942Z"}},{"iob":0.178,"basaliob":-0.194,"bolussnooze":0.0301,"activity":0.0031,"lastBolusTime":1703075205296,"time":"2023-12-20T14:22:29.942Z","iobWithZeroTemp":{"iob":-0.693,"basaliob":-1.065,"bolussnooze":0.0301,"activity":-0.0057,"lastBolusTime":1703075205296,"time":"2023-12-20T14:22:29.942Z"}},{"iob":0.164,"basaliob":-0.176,"bolussnooze":0.0244,"activity":0.0029,"lastBolusTime":1703075205296,"time":"2023-12-20T14:27:29.942Z","iobWithZeroTemp":{"iob":-0.721,"basaliob":-1.061,"bolussnooze":0.0244,"activity":-0.0061,"lastBolusTime":1703075205296,"time":"2023-12-20T14:27:29.942Z"}},{"iob":0.149,"basaliob":-0.161,"bolussnooze":0.0198,"activity":0.0027,"lastBolusTime":1703075205296,"time":"2023-12-20T14:32:29.942Z","iobWithZeroTemp":{"iob":-0.749,"basaliob":-1.059,"bolussnooze":0.0198,"activity":-0.0065,"lastBolusTime":1703075205296,"time":"2023-12-20T14:32:29.942Z"}},{"iob":0.137,"basaliob":-0.146,"bolussnooze":0.016,"activity":0.0025,"lastBolusTime":1703075205296,"time":"2023-12-20T14:37:29.942Z","iobWithZeroTemp":{"iob":-0.773,"basaliob":-1.056,"bolussnooze":0.016,"activity":-0.0069,"lastBolusTime":1703075205296,"time":"2023-12-20T14:37:29.942Z"}},{"iob":0.124,"basaliob":-0.133,"bolussnooze":0.0129,"activity":0.0023,"lastBolusTime":1703075205296,"time":"2023-12-20T14:42:29.942Z","iobWithZeroTemp":{"iob":-0.796,"basaliob":-1.053,"bolussnooze":0.0129,"activity":-0.0073,"lastBolusTime":1703075205296,"time":"2023-12-20T14:42:29.942Z"}},{"iob":0.113,"basaliob":-0.121,"bolussnooze":0.0104,"activity":0.0021,"lastBolusTime":1703075205296,"time":"2023-12-20T14:47:29.942Z","iobWithZeroTemp":{"iob":-0.817,"basaliob":-1.051,"bolussnooze":0.0104,"activity":-0.0077,"lastBolusTime":1703075205296,"time":"2023-12-20T14:47:29.942Z"}},{"iob":0.103,"basaliob":-0.11,"bolussnooze":0.0083,"activity":0.002,"lastBolusTime":1703075205296,"time":"2023-12-20T14:52:29.942Z","iobWithZeroTemp":{"iob":-0.836,"basaliob":-1.049,"bolussnooze":0.0083,"activity":-0.008,"lastBolusTime":1703075205296,"time":"2023-12-20T14:52:29.942Z"}},{"iob":0.095,"basaliob":-0.099,"bolussnooze":0.0067,"activity":0.0018,"lastBolusTime":1703075205296,"time":"2023-12-20T14:57:29.942Z","iobWithZeroTemp":{"iob":-0.852,"basaliob":-1.046,"bolussnooze":0.0067,"activity":-0.0083,"lastBolusTime":1703075205296,"time":"2023-12-20T14:57:29.942Z"}},{"iob":0.086,"basaliob":-0.09,"bolussnooze":0.0053,"activity":0.0016,"lastBolusTime":1703075205296,"time":"2023-12-20T15:02:29.942Z","iobWithZeroTemp":{"iob":-0.86,"basaliob":-1.036,"bolussnooze":0.0053,"activity":-0.0086,"lastBolusTime":1703075205296,"time":"2023-12-20T15:02:29.942Z"}},{"iob":0.077,"basaliob":-0.082,"bolussnooze":0.0042,"activity":0.0015,"lastBolusTime":1703075205296,"time":"2023-12-20T15:07:29.942Z","iobWithZeroTemp":{"iob":-0.868,"basaliob":-1.027,"bolussnooze":0.0042,"activity":-0.0088,"lastBolusTime":1703075205296,"time":"2023-12-20T15:07:29.942Z"}},{"iob":0.071,"basaliob":-0.074,"bolussnooze":0.0033,"activity":0.0013,"lastBolusTime":1703075205296,"time":"2023-12-20T15:12:29.942Z","iobWithZeroTemp":{"iob":-0.872,"basaliob":-1.017,"bolussnooze":0.0033,"activity":-0.0091,"lastBolusTime":1703075205296,"time":"2023-12-20T15:12:29.942Z"}},{"iob":0.064,"basaliob":-0.067,"bolussnooze":0.0026,"activity":0.0013,"lastBolusTime":1703075205296,"time":"2023-12-20T15:17:29.942Z","iobWithZeroTemp":{"iob":-0.877,"basaliob":-1.008,"bolussnooze":0.0026,"activity":-0.0092,"lastBolusTime":1703075205296,"time":"2023-12-20T15:17:29.942Z"}},{"iob":0.059,"basaliob":-0.06,"bolussnooze":0.002,"activity":0.0012,"lastBolusTime":1703075205296,"time":"2023-12-20T15:22:29.942Z","iobWithZeroTemp":{"iob":-0.879,"basaliob":-0.998,"bolussnooze":0.002,"activity":-0.0093,"lastBolusTime":1703075205296,"time":"2023-12-20T15:22:29.942Z"}},{"iob":0.052,"basaliob":-0.055,"bolussnooze":0.0016,"activity":0.0011,"lastBolusTime":1703075205296,"time":"2023-12-20T15:27:29.942Z","iobWithZeroTemp":{"iob":-0.884,"basaliob":-0.991,"bolussnooze":0.0016,"activity":-0.0094,"lastBolusTime":1703075205296,"time":"2023-12-20T15:27:29.942Z"}},{"iob":0.048,"basaliob":-0.049,"bolussnooze":0.0012,"activity":0.001,"lastBolusTime":1703075205296,"time":"2023-12-20T15:32:29.942Z","iobWithZeroTemp":{"iob":-0.885,"basaliob":-0.982,"bolussnooze":0.0012,"activity":-0.0096,"lastBolusTime":1703075205296,"time":"2023-12-20T15:32:29.942Z"}},{"iob":0.044,"basaliob":-0.044,"bolussnooze":9.0E-4,"activity":9.0E-4,"lastBolusTime":1703075205296,"time":"2023-12-20T15:37:29.942Z","iobWithZeroTemp":{"iob":-0.886,"basaliob":-0.974,"bolussnooze":9.0E-4,"activity":-0.0097,"lastBolusTime":1703075205296,"time":"2023-12-20T15:37:29.942Z"}},{"iob":0.039,"basaliob":-0.04,"bolussnooze":7.0E-4,"activity":8.0E-4,"lastBolusTime":1703075205296,"time":"2023-12-20T15:42:29.942Z","iobWithZeroTemp":{"iob":-0.889,"basaliob":-0.968,"bolussnooze":7.0E-4,"activity":-0.0098,"lastBolusTime":1703075205296,"time":"2023-12-20T15:42:29.942Z"}},{"iob":0.035,"basaliob":-0.036,"bolussnooze":5.0E-4,"activity":7.0E-4,"lastBolusTime":1703075205296,"time":"2023-12-20T15:47:29.942Z","iobWithZeroTemp":{"iob":-0.89,"basaliob":-0.961,"bolussnooze":5.0E-4,"activity":-0.0099,"lastBolusTime":1703075205296,"time":"2023-12-20T15:47:29.942Z"}},{"iob":0.032,"basaliob":-0.032,"bolussnooze":4.0E-4,"activity":6.0E-4,"lastBolusTime":1703075205296,"time":"2023-12-20T15:52:29.942Z","iobWithZeroTemp":{"iob":-0.89,"basaliob":-0.954,"bolussnooze":4.0E-4,"activity":-0.01,"lastBolusTime":1703075205296,"time":"2023-12-20T15:52:29.942Z"}},{"iob":0.029,"basaliob":-0.029,"bolussnooze":3.0E-4,"activity":6.0E-4,"lastBolusTime":1703075205296,"time":"2023-12-20T15:57:29.942Z","iobWithZeroTemp":{"iob":-0.89,"basaliob":-0.948,"bolussnooze":3.0E-4,"activity":-0.0099,"lastBolusTime":1703075205296,"time":"2023-12-20T15:57:29.942Z"}},{"iob":0.026,"basaliob":-0.026,"bolussnooze":2.0E-4,"activity":5.0E-4,"lastBolusTime":1703075205296,"time":"2023-12-20T16:02:29.942Z","iobWithZeroTemp":{"iob":-0.891,"basaliob":-0.943,"bolussnooze":2.0E-4,"activity":-0.01,"lastBolusTime":1703075205296,"time":"2023-12-20T16:02:29.942Z"}},{"iob":0.023,"basaliob":-0.024,"bolussnooze":2.0E-4,"activity":5.0E-4,"lastBolusTime":1703075205296,"time":"2023-12-20T16:07:29.942Z","iobWithZeroTemp":{"iob":-0.891,"basaliob":-0.938,"bolussnooze":2.0E-4,"activity":-0.01,"lastBolusTime":1703075205296,"time":"2023-12-20T16:07:29.942Z"}},{"iob":0.021,"basaliob":-0.021,"bolussnooze":1.0E-4,"activity":4.0E-4,"lastBolusTime":1703075205296,"time":"2023-12-20T16:12:29.942Z","iobWithZeroTemp":{"iob":-0.891,"basaliob":-0.933,"bolussnooze":1.0E-4,"activity":-0.0101,"lastBolusTime":1703075205296,"time":"2023-12-20T16:12:29.942Z"}},{"iob":0.019,"basaliob":-0.019,"bolussnooze":1.0E-4,"activity":4.0E-4,"lastBolusTime":1703075205296,"time":"2023-12-20T16:17:29.942Z","iobWithZeroTemp":{"iob":-0.891,"basaliob":-0.929,"bolussnooze":1.0E-4,"activity":-0.0101,"lastBolusTime":1703075205296,"time":"2023-12-20T16:17:29.942Z"}},{"iob":0.017,"basaliob":-0.017,"bolussnooze":1.0E-4,"activity":3.0E-4,"lastBolusTime":1703075205296,"time":"2023-12-20T16:22:29.942Z","iobWithZeroTemp":{"iob":-0.89,"basaliob":-0.924,"bolussnooze":1.0E-4,"activity":-0.0101,"lastBolusTime":1703075205296,"time":"2023-12-20T16:22:29.942Z"}}],"profile":{"max_iob":20,"type":"current","max_daily_basal":1.6,"max_basal":3.2,"min_bg":81,"max_bg":81,"target_bg":81,"carb_ratio":8,"sens":108,"max_daily_safety_multiplier":3,"current_basal_safety_multiplier":4,"high_temptarget_raises_sensitivity":false,"low_temptarget_lowers_sensitivity":false,"sensitivity_raises_target":false,"resistance_lowers_target":false,"adv_target_adjustments":false,"exercise_mode":false,"half_basal_exercise_target":160,"maxCOB":120,"skip_neutral_temps":false,"remainingCarbsCap":90,"enableUAM":true,"A52_risk_enable":false,"SMBInterval":3,"enableSMB_with_COB":false,"enableSMB_with_temptarget":false,"allowSMB_with_high_temptarget":true,"enableSMB_always":true,"enableSMB_after_carbs":false,"maxSMBBasalMinutes":120,"maxUAMSMBBasalMinutes":120,"bolus_increment":0.05,"carbsReqThreshold":1,"current_basal":0.8,"temptargetSet":true,"autosens_max":1.8,"out_units":"mmol\/L"},"autosens_data":{"ratio":1},"meal_data":{"carbs":45,"mealCOB":10,"slopeFromMaxDeviation":-0.7703636363636366,"slopeFromMinDeviation":2.19475,"lastBolusTime":1703075205296,"lastCarbTime":1703074649000},"microBolusAllowed":true,"currentTime":1703075252502,"flatBGsDetected":false},"output":{"temp":"absolute","bg":73,"tick":"+14","eventualBG":150,"targetBG":81,"insulinReq":0.23,"deliverAt":"2023-12-20T12:27:32.502Z","sensitivityRatio":1,"predBGs":{"IOB":[73,85,95,104,111,117,121,124,125,125,124,122,118,114,111,108,105,102,100,97,95,93,91,89,87,86,84,83,82,81,80,79,78,77,76,76,75,74,74,73,73,72,72,72,72,71],"ZT":[73,70,66,63,59,55,52,49,46,44,41,40,39,39,39,39,39,39,40,41,43,45,48,50,54,57,60,64,68,72,76,81],"COB":[73,85,97,106,115,122,128,134,138,141,144,145,146,146,145,143,141,138,135,133,131,128,126,125,123,121,120,119,117,116,115,114,113,112,112,111,110,110,109,109,108,108,108,107,107,107,107,106],"UAM":[73,86,97,108,117,126,134,141,147,153,158,162,166,169,171,173,175,175,176,175,174,172,170,169,167,165,164,162,161,160,159,158,157,156,156,155,154,154,153,153,152,152,152,151,151,151,150]},"COB":10,"IOB":0.869,"reason":"COB: 10, Dev: 5.5, BGI: -0.2, ISF: 6.0, CR: 8, Target: 4.5, minPredBG 5.9, minGuardBG 4.8, IOBpredBG 3.9, COBpredBG 5.9, UAMpredBG 8.3; Eventual BG 8.3 >= 4.5,  insulinReq 0.23; setting 30m low temp of 0U\/h. Waiting 2m 12s to microbolus again. ","rate":0,"duration":30,"timestamp":"2023-12-20T12:27:32.578Z"}}