{"algorithm":"OpenAPSSMBPlugin","input":{"glucoseStatus":{"glucose":77,"noise":0,"delta":3,"short_avgdelta":0.5,"long_avgdelta":-2.5,"date":1703161605288},"currenttemp":{"temp":"absolute","duration":51,"rate":0,"minutesrunning":9},"iob_data":[{"iob":-0.184,"basaliob":-0.744,"bolussnooze":0.0022,"activity":0,"lastBolusTime":1703159836189,"time":"2023-12-21T12:27:06.394Z","iobWithZeroTemp":{"iob":-0.184,"basaliob":-0.744,"bolussnooze":0.0022,"activity":0,"lastBolusTime":1703159836189,"time":"2023-12-21T12:27:06.394Z"}},{"iob":-0.183,"basaliob":-0.698,"bolussnooze":0.0017,"activity":-4.0E-4,"lastBolusTime":1703159836189,"time":"2023-12-21T12:32:06.394Z","iobWithZeroTemp":{"iob":-0.236,"basaliob":-0.751,"bolussnooze":0.0017,"activity":-5.0E-4,"lastBolusTime":1703159836189,"time":"2023-12-21T12:32:06.394Z"}},{"iob":-0.181,"basaliob":-0.653,"bolussnooze":0.0012,"activity":-8.0E-4,"lastBolusTime":1703159836189,"time":"2023-12-21T12:37:06.394Z","iobWithZeroTemp":{"iob":-0.3,"basaliob":-0.772,"bolussnooze":0.0012,"activity":-0.001,"lastBolusTime":1703159836189,"time":"2023-12-21T12:37:06.394Z"}},{"iob":-0.176,"basaliob":-0.609,"bolussnooze":9.0E-4,"activity":-0.001,"lastBolusTime":1703159836189,"time":"2023-12-21T12:42:06.394Z","iobWithZeroTemp":{"iob":-0.36,"basaliob":-0.793,"bolussnooze":9.0E-4,"activity":-0.0015,"lastBolusTime":1703159836189,"time":"2023-12-21T12:42:06.394Z"}},{"iob":-0.171,"basaliob":-0.568,"bolussnooze":7.0E-4,"activity":-0.0012,"lastBolusTime":1703159836189,"time":"2023-12-21T12:47:06.394Z","iobWithZeroTemp":{"iob":-0.418,"basaliob":-0.815,"bolussnooze":7.0E-4,"activity":-0.0021,"lastBolusTime":1703159836189,"time":"2023-12-21T12:47:06.394Z"}},{"iob":-0.165,"basaliob":-0.528,"bolussnooze":5.0E-4,"activity":-0.0013,"lastBolusTime":1703159836189,"time":"2023-12-21T12:52:06.394Z","iobWithZeroTemp":{"iob":-0.473,"basaliob":-0.836,"bolussnooze":5.0E-4,"activity":-0.0027,"lastBolusTime":1703159836189,"time":"2023-12-21T12:52:06.394Z"}},{"iob":-0.158,"basaliob":-0.49,"bolussnooze":3.0E-4,"activity":-0.0014,"lastBolusTime":1703159836189,"time":"2023-12-21T12:57:06.394Z","iobWithZeroTemp":{"iob":-0.525,"basaliob":-0.857,"bolussnooze":3.0E-4,"activity":-0.0033,"lastBolusTime":1703159836189,"time":"2023-12-21T12:57:06.394Z"}},{"iob":-0.15,"basaliob":-0.454,"bolussnooze":2.0E-4,"activity":-0.0015,"lastBolusTime":1703159836189,"time":"2023-12-21T13:02:06.394Z","iobWithZeroTemp":{"iob":-0.573,"basaliob":-0.877,"bolussnooze":2.0E-4,"activity":-0.0039,"lastBolusTime":1703159836189,"time":"2023-12-21T13:02:06.394Z"}},{"iob":-0.143,"basaliob":-0.42,"bolussnooze":1.0E-4,"activity":-0.0015,"lastBolusTime":1703159836189,"time":"2023-12-21T13:07:06.394Z","iobWithZeroTemp":{"iob":-0.611,"basaliob":-0.888,"bolussnooze":1.0E-4,"activity":-0.0044,"lastBolusTime":1703159836189,"time":"2023-12-21T13:07:06.394Z"}},{"iob":-0.135,"basaliob":-0.388,"bolussnooze":1.0E-4,"activity":-0.0015,"lastBolusTime":1703159836189,"time":"2023-12-21T13:12:06.394Z","iobWithZeroTemp":{"iob":-0.646,"basaliob":-0.899,"bolussnooze":1.0E-4,"activity":-0.0049,"lastBolusTime":1703159836189,"time":"2023-12-21T13:12:06.394Z"}},{"iob":-0.128,"basaliob":-0.358,"bolussnooze":1.0E-4,"activity":-0.0015,"lastBolusTime":1703159836189,"time":"2023-12-21T13:17:06.394Z","iobWithZeroTemp":{"iob":-0.679,"basaliob":-0.909,"bolussnooze":1.0E-4,"activity":-0.0055,"lastBolusTime":1703159836189,"time":"2023-12-21T13:17:06.394Z"}},{"iob":-0.12,"basaliob":-0.33,"bolussnooze":0,"activity":-0.0014,"lastBolusTime":1703159836189,"time":"2023-12-21T13:22:06.394Z","iobWithZeroTemp":{"iob":-0.701,"basaliob":-0.911,"bolussnooze":0,"activity":-0.0058,"lastBolusTime":1703159836189,"time":"2023-12-21T13:22:06.394Z"}},{"iob":-0.112,"basaliob":-0.303,"bolussnooze":0,"activity":-0.0015,"lastBolusTime":1703159836189,"time":"2023-12-21T13:27:06.394Z","iobWithZeroTemp":{"iob":-0.728,"basaliob":-0.919,"bolussnooze":0,"activity":-0.0064,"lastBolusTime":1703159836189,"time":"2023-12-21T13:27:06.394Z"}},{"iob":-0.106,"basaliob":-0.279,"bolussnooze":0,"activity":-0.0014,"lastBolusTime":1703159836189,"time":"2023-12-21T13:32:06.394Z","iobWithZeroTemp":{"iob":-0.755,"basaliob":-0.928,"bolussnooze":0,"activity":-0.0067,"lastBolusTime":1703159836189,"time":"2023-12-21T13:32:06.394Z"}},{"iob":-0.099,"basaliob":-0.256,"bolussnooze":0,"activity":-0.0014,"lastBolusTime":1703159836189,"time":"2023-12-21T13:37:06.394Z","iobWithZeroTemp":{"iob":-0.779,"basaliob":-0.936,"bolussnooze":0,"activity":-0.0072,"lastBolusTime":1703159836189,"time":"2023-12-21T13:37:06.394Z"}},{"iob":-0.092,"basaliob":-0.235,"bolussnooze":0,"activity":-0.0013,"lastBolusTime":1703159836189,"time":"2023-12-21T13:42:06.394Z","iobWithZeroTemp":{"iob":-0.8,"basaliob":-0.943,"bolussnooze":0,"activity":-0.0075,"lastBolusTime":1703159836189,"time":"2023-12-21T13:42:06.394Z"}},{"iob":-0.085,"basaliob":-0.215,"bolussnooze":0,"activity":-0.0013,"lastBolusTime":1703159836189,"time":"2023-12-21T13:47:06.394Z","iobWithZeroTemp":{"iob":-0.82,"basaliob":-0.95,"bolussnooze":0,"activity":-0.0079,"lastBolusTime":1703159836189,"time":"2023-12-21T13:47:06.394Z"}},{"iob":-0.08,"basaliob":-0.197,"bolussnooze":0,"activity":-0.0012,"lastBolusTime":1703159836189,"time":"2023-12-21T13:52:06.394Z","iobWithZeroTemp":{"iob":-0.839,"basaliob":-0.956,"bolussnooze":0,"activity":-0.0082,"lastBolusTime":1703159836189,"time":"2023-12-21T13:52:06.394Z"}},{"iob":-0.074,"basaliob":-0.18,"bolussnooze":0,"activity":-0.0011,"lastBolusTime":1703159836189,"time":"2023-12-21T13:57:06.394Z","iobWithZeroTemp":{"iob":-0.856,"basaliob":-0.962,"bolussnooze":0,"activity":-0.0084,"lastBolusTime":1703159836189,"time":"2023-12-21T13:57:06.394Z"}},{"iob":-0.068,"basaliob":-0.164,"bolussnooze":0,"activity":-0.0011,"lastBolusTime":1703159836189,"time":"2023-12-21T14:02:06.394Z","iobWithZeroTemp":{"iob":-0.871,"basaliob":-0.967,"bolussnooze":0,"activity":-0.0088,"lastBolusTime":1703159836189,"time":"2023-12-21T14:02:06.394Z"}},{"iob":-0.063,"basaliob":-0.15,"bolussnooze":0,"activity":-0.001,"lastBolusTime":1703159836189,"time":"2023-12-21T14:07:06.394Z","iobWithZeroTemp":{"iob":-0.885,"basaliob":-0.972,"bolussnooze":0,"activity":-0.009,"lastBolusTime":1703159836189,"time":"2023-12-21T14:07:06.394Z"}},{"iob":-0.058,"basaliob":-0.137,"bolussnooze":0,"activity":-9.0E-4,"lastBolusTime":1703159836189,"time":"2023-12-21T14:12:06.394Z","iobWithZeroTemp":{"iob":-0.898,"basaliob":-0.977,"bolussnooze":0,"activity":-0.0092,"lastBolusTime":1703159836189,"time":"2023-12-21T14:12:06.394Z"}},{"iob":-0.054,"basaliob":-0.125,"bolussnooze":0,"activity":-8.0E-4,"lastBolusTime":1703159836189,"time":"2023-12-21T14:17:06.394Z","iobWithZeroTemp":{"iob":-0.91,"basaliob":-0.981,"bolussnooze":0,"activity":-0.0093,"lastBolusTime":1703159836189,"time":"2023-12-21T14:17:06.394Z"}},{"iob":-0.05,"basaliob":-0.114,"bolussnooze":0,"activity":-8.0E-4,"lastBolusTime":1703159836189,"time":"2023-12-21T14:22:06.394Z","iobWithZeroTemp":{"iob":-0.921,"basaliob":-0.985,"bolussnooze":0,"activity":-0.0096,"lastBolusTime":1703159836189,"time":"2023-12-21T14:22:06.394Z"}},{"iob":-0.045,"basaliob":-0.103,"bolussnooze":0,"activity":-8.0E-4,"lastBolusTime":1703159836189,"time":"2023-12-21T14:27:06.394Z","iobWithZeroTemp":{"iob":-0.93,"basaliob":-0.988,"bolussnooze":0,"activity":-0.0098,"lastBolusTime":1703159836189,"time":"2023-12-21T14:27:06.394Z"}},{"iob":-0.042,"basaliob":-0.094,"bolussnooze":0,"activity":-7.0E-4,"lastBolusTime":1703159836189,"time":"2023-12-21T14:32:06.394Z","iobWithZeroTemp":{"iob":-0.94,"basaliob":-0.992,"bolussnooze":0,"activity":-0.0099,"lastBolusTime":1703159836189,"time":"2023-12-21T14:32:06.394Z"}},{"iob":-0.038,"basaliob":-0.085,"bolussnooze":0,"activity":-6.0E-4,"lastBolusTime":1703159836189,"time":"2023-12-21T14:37:06.394Z","iobWithZeroTemp":{"iob":-0.948,"basaliob":-0.995,"bolussnooze":0,"activity":-0.01,"lastBolusTime":1703159836189,"time":"2023-12-21T14:37:06.394Z"}},{"iob":-0.035,"basaliob":-0.077,"bolussnooze":0,"activity":-6.0E-4,"lastBolusTime":1703159836189,"time":"2023-12-21T14:42:06.394Z","iobWithZeroTemp":{"iob":-0.955,"basaliob":-0.997,"bolussnooze":0,"activity":-0.0102,"lastBolusTime":1703159836189,"time":"2023-12-21T14:42:06.394Z"}},{"iob":-0.032,"basaliob":-0.07,"bolussnooze":0,"activity":-6.0E-4,"lastBolusTime":1703159836189,"time":"2023-12-21T14:47:06.394Z","iobWithZeroTemp":{"iob":-0.962,"basaliob":-1,"bolussnooze":0,"activity":-0.0104,"lastBolusTime":1703159836189,"time":"2023-12-21T14:47:06.394Z"}},{"iob":-0.03,"basaliob":-0.064,"bolussnooze":0,"activity":-6.0E-4,"lastBolusTime":1703159836189,"time":"2023-12-21T14:52:06.394Z","iobWithZeroTemp":{"iob":-0.969,"basaliob":-1.003,"bolussnooze":0,"activity":-0.0106,"lastBolusTime":1703159836189,"time":"2023-12-21T14:52:06.394Z"}},{"iob":-0.028,"basaliob":-0.058,"bolussnooze":0,"activity":-4.0E-4,"lastBolusTime":1703159836189,"time":"2023-12-21T14:57:06.394Z","iobWithZeroTemp":{"iob":-0.975,"basaliob":-1.005,"bolussnooze":0,"activity":-0.0105,"lastBolusTime":1703159836189,"time":"2023-12-21T14:57:06.394Z"}},{"iob":-0.025,"basaliob":-0.052,"bolussnooze":0,"activity":-4.0E-4,"lastBolusTime":1703159836189,"time":"2023-12-21T15:02:06.394Z","iobWithZeroTemp":{"iob":-0.98,"basaliob":-1.007,"bolussnooze":0,"activity":-0.0107,"lastBolusTime":1703159836189,"time":"2023-12-21T15:02:06.394Z"}},{"iob":-0.023,"basaliob":-0.047,"bolussnooze":0,"activity":-5.0E-4,"lastBolusTime":1703159836189,"time":"2023-12-21T15:07:06.394Z","iobWithZeroTemp":{"iob":-0.976,"basaliob":-1,"bolussnooze":0,"activity":-0.0109,"lastBolusTime":1703159836189,"time":"2023-12-21T15:07:06.394Z"}},{"iob":-0.021,"basaliob":-0.043,"bolussnooze":0,"activity":-4.0E-4,"lastBolusTime":1703159836189,"time":"2023-12-21T15:12:06.394Z","iobWithZeroTemp":{"iob":-0.972,"basaliob":-0.994,"bolussnooze":0,"activity":-0.0109,"lastBolusTime":1703159836189,"time":"2023-12-21T15:12:06.394Z"}},{"iob":-0.018,"basaliob":-0.038,"bolussnooze":0,"activity":-4.0E-4,"lastBolusTime":1703159836189,"time":"2023-12-21T15:17:06.394Z","iobWithZeroTemp":{"iob":-0.967,"basaliob":-0.987,"bolussnooze":0,"activity":-0.0109,"lastBolusTime":1703159836189,"time":"2023-12-21T15:17:06.394Z"}},{"iob":-0.018,"basaliob":-0.035,"bolussnooze":0,"activity":-3.0E-4,"lastBolusTime":1703159836189,"time":"2023-12-21T15:22:06.394Z","iobWithZeroTemp":{"iob":-0.964,"basaliob":-0.981,"bolussnooze":0,"activity":-0.0109,"lastBolusTime":1703159836189,"time":"2023-12-21T15:22:06.394Z"}},{"iob":-0.015,"basaliob":-0.031,"bolussnooze":0,"activity":-3.0E-4,"lastBolusTime":1703159836189,"time":"2023-12-21T15:27:06.394Z","iobWithZeroTemp":{"iob":-0.958,"basaliob":-0.974,"bolussnooze":0,"activity":-0.0109,"lastBolusTime":1703159836189,"time":"2023-12-21T15:27:06.394Z"}},{"iob":-0.014,"basaliob":-0.028,"bolussnooze":0,"activity":-3.0E-4,"lastBolusTime":1703159836189,"time":"2023-12-21T15:32:06.394Z","iobWithZeroTemp":{"iob":-0.954,"basaliob":-0.968,"bolussnooze":0,"activity":-0.0109,"lastBolusTime":1703159836189,"time":"2023-12-21T15:32:06.394Z"}},{"iob":-0.013,"basaliob":-0.025,"bolussnooze":0,"activity":-2.0E-4,"lastBolusTime":1703159836189,"time":"2023-12-21T15:37:06.394Z","iobWithZeroTemp":{"iob":-0.95,"basaliob":-0.962,"bolussnooze":0,"activity":-0.0108,"lastBolusTime":1703159836189,"time":"2023-12-21T15:37:06.394Z"}},{"iob":-0.012,"basaliob":-0.023,"bolussnooze":0,"activity":-2.0E-4,"lastBolusTime":1703159836189,"time":"2023-12-21T15:42:06.394Z","iobWithZeroTemp":{"iob":-0.946,"basaliob":-0.957,"bolussnooze":0,"activity":-0.0108,"lastBolusTime":1703159836189,"time":"2023-12-21T15:42:06.394Z"}},{"iob":-0.011,"basaliob":-0.021,"bolussnooze":0,"activity":-2.0E-4,"lastBolusTime":1703159836189,"time":"2023-12-21T15:47:06.394Z","iobWithZeroTemp":{"iob":-0.942,"basaliob":-0.952,"bolussnooze":0,"activity":-0.0108,"lastBolusTime":1703159836189,"time":"2023-12-21T15:47:06.394Z"}},{"iob":-0.009,"basaliob":-0.018,"bolussnooze":0,"activity":-2.0E-4,"lastBolusTime":1703159836189,"time":"2023-12-21T15:52:06.394Z","iobWithZeroTemp":{"iob":-0.937,"basaliob":-0.946,"bolussnooze":0,"activity":-0.0108,"lastBolusTime":1703159836189,"time":"2023-12-21T15:52:06.394Z"}},{"iob":-0.009,"basaliob":-0.017,"bolussnooze":0,"activity":-2.0E-4,"lastBolusTime":1703159836189,"time":"2023-12-21T15:57:06.394Z","iobWithZeroTemp":{"iob":-0.934,"basaliob":-0.942,"bolussnooze":0,"activity":-0.0108,"lastBolusTime":1703159836189,"time":"2023-12-21T15:57:06.394Z"}},{"iob":-0.008,"basaliob":-0.015,"bolussnooze":0,"activity":-1.0E-4,"lastBolusTime":1703159836189,"time":"2023-12-21T16:02:06.394Z","iobWithZeroTemp":{"iob":-0.93,"basaliob":-0.937,"bolussnooze":0,"activity":-0.0107,"lastBolusTime":1703159836189,"time":"2023-12-21T16:02:06.394Z"}},{"iob":-0.007,"basaliob":-0.013,"bolussnooze":0,"activity":-2.0E-4,"lastBolusTime":1703159836189,"time":"2023-12-21T16:07:06.394Z","iobWithZeroTemp":{"iob":-0.926,"basaliob":-0.932,"bolussnooze":0,"activity":-0.0108,"lastBolusTime":1703159836189,"time":"2023-12-21T16:07:06.394Z"}},{"iob":-0.007,"basaliob":-0.012,"bolussnooze":0,"activity":-2.0E-4,"lastBolusTime":1703159836189,"time":"2023-12-21T16:12:06.394Z","iobWithZeroTemp":{"iob":-0.923,"basaliob":-0.928,"bolussnooze":0,"activity":-0.0107,"lastBolusTime":1703159836189,"time":"2023-12-21T16:12:06.394Z"}},{"iob":-0.006,"basaliob":-0.011,"bolussnooze":0,"activity":-1.0E-4,"lastBolusTime":1703159836189,"time":"2023-12-21T16:17:06.394Z","iobWithZeroTemp":{"iob":-0.92,"basaliob":-0.925,"bolussnooze":0,"activity":-0.0106,"lastBolusTime":1703159836189,"time":"2023-12-21T16:17:06.394Z"}},{"iob":-0.006,"basaliob":-0.01,"bolussnooze":0,"activity":-1.0E-4,"lastBolusTime":1703159836189,"time":"2023-12-21T16:22:06.394Z","iobWithZeroTemp":{"iob":-0.917,"basaliob":-0.921,"bolussnooze":0,"activity":-0.0106,"lastBolusTime":1703159836189,"time":"2023-12-21T16:22:06.394Z"}}],"profile":{"max_iob":20,"type":"current","max_daily_basal":1.6,"max_basal":3.2,"min_bg":90,"max_bg":90,"target_bg":90,"carb_ratio":8,"sens":108,"max_daily_safety_multiplier":3,"current_basal_safety_multiplier":4,"high_temptarget_raises_sensitivity":false,"low_temptarget_lowers_sensitivity":false,"sensitivity_raises_target":false,"resistance_lowers_target":false,"adv_target_adjustments":false,"exercise_mode":false,"half_basal_exercise_target":160,"maxCOB":120,"skip_neutral_temps":false,"remainingCarbsCap":90,"enableUAM":true,"A52_risk_enable":false,"SMBInterval":3,"enableSMB_with_COB":false,"enableSMB_with_temptarget":false,"allowSMB_with_high_temptarget":true,"enableSMB_always":true,"enableSMB_after_carbs":false,"maxSMBBasalMinutes":120,"maxUAMSMBBasalMinutes":120,"bolus_increment":0.05,"carbsReqThreshold":1,"current_basal":0.8,"temptargetSet":false,"autosens_max":1.8,"out_units":"mmol\/L"},"autosens_data":{"ratio":1},"meal_data":{"carbs":30,"mealCOB":0,"slopeFromMaxDeviation":-0.6402727272727272,"slopeFromMinDeviation":3.7840000000000003,"lastBolusTime":1703159836189,"lastCarbTime":1703154952000},"microBolusAllowed":true,"currentTime":1703161627466,"flatBGsDetected":false},"output":{"temp":"absolute","bg":77,"tick":"+3","eventualBG":100,"targetBG":90,"insulinReq":-0.07,"deliverAt":"2023-12-21T12:27:07.466Z","sensitivityRatio":1,"predBGs":{"IOB":[77,77,78,79,80,81,82,83,84,85,85,86,87,88,89,89,90,91,91,92,93,93,94,94,95,95,95,96,96,96,97,97,97,97,98,98,98,98,98,98,98,99],"ZT":[77,77,77,78,79,80,81,83,85,87,90],"UAM":[77,77,77,78,78,79,80,80,81,82,83,84,84,85,86,87,87,88,89,89,90,90,91,91,92,92,93,93,93,94,94,94,94,95,95,95,95,95,95,96]},"COB":0,"IOB":-0.184,"reason":"COB: 0, Dev: 0.2, BGI: 0.0, ISF: 6.0, CR: 8, Target: 5.0, minPredBG 4.6, minGuardBG 4.3, IOBpredBG 5.5, UAMpredBG 5.3; Eventual BG 5.6 >= 5.0,  insulinReq -0.07. temp 0.00 < 0.66U\/hr. ","duration":30,"rate":0.66,"timestamp":"2023-12-21T12:27:07.506Z"}}