{"algorithm":"OpenAPSSMBPlugin","input":{"glucoseStatus":{"glucose":134,"noise":0,"delta":-3,"short_avgdelta":-1.94,"long_avgdelta":-1.65,"date":1703136104058},"currenttemp":{"temp":"absolute","duration":100,"rate":0,"minutesrunning":20},"iob_data":[{"iob":4.35,"basaliob":-1.719,"bolussnooze":2.4628,"activity":0.0571,"lastBolusTime":1703135917500,"time":"2023-12-21T05:22:03.393Z","iobWithZeroTemp":{"iob":4.35,"basaliob":-1.719,"bolussnooze":2.4628,"activity":0.0571,"lastBolusTime":1703135917500,"time":"2023-12-21T05:22:03.393Z"}},{"iob":4.069,"basaliob":-1.626,"bolussnooze":2.155,"activity":0.0553,"lastBolusTime":1703135917500,"time":"2023-12-21T05:27:03.393Z","iobWithZeroTemp":{"iob":3.982,"basaliob":-1.713,"bolussnooze":2.155,"activity":0.0552,"lastBolusTime":1703135917500,"time":"2023-12-21T05:27:03.393Z"}},{"iob":3.797,"basaliob":-1.534,"bolussnooze":1.8697,"activity":0.0531,"lastBolusTime":1703135917500,"time":"2023-12-21T05:32:03.393Z","iobWithZeroTemp":{"iob":3.603,"basaliob":-1.728,"bolussnooze":1.8697,"activity":0.0527,"lastBolusTime":1703135917500,"time":"2023-12-21T05:32:03.393Z"}},{"iob":3.537,"basaliob":-1.442,"bolussnooze":1.6105,"activity":0.0509,"lastBolusTime":1703135917500,"time":"2023-12-21T05:37:03.393Z","iobWithZeroTemp":{"iob":3.238,"basaliob":-1.741,"bolussnooze":1.6105,"activity":0.05,"lastBolusTime":1703135917500,"time":"2023-12-21T05:37:03.393Z"}},{"iob":3.289,"basaliob":-1.352,"bolussnooze":1.3784,"activity":0.0485,"lastBolusTime":1703135917500,"time":"2023-12-21T05:42:03.393Z","iobWithZeroTemp":{"iob":2.887,"basaliob":-1.754,"bolussnooze":1.3784,"activity":0.047,"lastBolusTime":1703135917500,"time":"2023-12-21T05:42:03.393Z"}},{"iob":3.052,"basaliob":-1.265,"bolussnooze":1.1731,"activity":0.0461,"lastBolusTime":1703135917500,"time":"2023-12-21T05:47:03.393Z","iobWithZeroTemp":{"iob":2.551,"basaliob":-1.766,"bolussnooze":1.1731,"activity":0.0439,"lastBolusTime":1703135917500,"time":"2023-12-21T05:47:03.393Z"}},{"iob":2.828,"basaliob":-1.181,"bolussnooze":0.9934,"activity":0.0436,"lastBolusTime":1703135917500,"time":"2023-12-21T05:52:03.393Z","iobWithZeroTemp":{"iob":2.232,"basaliob":-1.777,"bolussnooze":0.9934,"activity":0.0406,"lastBolusTime":1703135917500,"time":"2023-12-21T05:52:03.393Z"}},{"iob":2.617,"basaliob":-1.1,"bolussnooze":0.8374,"activity":0.0411,"lastBolusTime":1703135917500,"time":"2023-12-21T05:57:03.393Z","iobWithZeroTemp":{"iob":1.93,"basaliob":-1.787,"bolussnooze":0.8374,"activity":0.0372,"lastBolusTime":1703135917500,"time":"2023-12-21T05:57:03.393Z"}},{"iob":2.418,"basaliob":-1.023,"bolussnooze":0.703,"activity":0.0386,"lastBolusTime":1703135917500,"time":"2023-12-21T06:02:03.393Z","iobWithZeroTemp":{"iob":1.644,"basaliob":-1.797,"bolussnooze":0.703,"activity":0.0339,"lastBolusTime":1703135917500,"time":"2023-12-21T06:02:03.393Z"}},{"iob":2.231,"basaliob":-0.949,"bolussnooze":0.5878,"activity":0.0362,"lastBolusTime":1703135917500,"time":"2023-12-21T06:07:03.393Z","iobWithZeroTemp":{"iob":1.378,"basaliob":-1.802,"bolussnooze":0.5878,"activity":0.0306,"lastBolusTime":1703135917500,"time":"2023-12-21T06:07:03.393Z"}},{"iob":2.055,"basaliob":-0.88,"bolussnooze":0.4898,"activity":0.0339,"lastBolusTime":1703135917500,"time":"2023-12-21T06:12:03.393Z","iobWithZeroTemp":{"iob":1.128,"basaliob":-1.807,"bolussnooze":0.4898,"activity":0.0274,"lastBolusTime":1703135917500,"time":"2023-12-21T06:12:03.393Z"}},{"iob":1.892,"basaliob":-0.814,"bolussnooze":0.4067,"activity":0.0316,"lastBolusTime":1703135917500,"time":"2023-12-21T06:17:03.393Z","iobWithZeroTemp":{"iob":0.896,"basaliob":-1.81,"bolussnooze":0.4067,"activity":0.0242,"lastBolusTime":1703135917500,"time":"2023-12-21T06:17:03.393Z"}},{"iob":1.739,"basaliob":-0.752,"bolussnooze":0.3366,"activity":0.0295,"lastBolusTime":1703135917500,"time":"2023-12-21T06:22:03.393Z","iobWithZeroTemp":{"iob":0.678,"basaliob":-1.813,"bolussnooze":0.3366,"activity":0.0213,"lastBolusTime":1703135917500,"time":"2023-12-21T06:22:03.393Z"}},{"iob":1.597,"basaliob":-0.694,"bolussnooze":0.2777,"activity":0.0274,"lastBolusTime":1703135917500,"time":"2023-12-21T06:27:03.393Z","iobWithZeroTemp":{"iob":0.475,"basaliob":-1.816,"bolussnooze":0.2777,"activity":0.0183,"lastBolusTime":1703135917500,"time":"2023-12-21T06:27:03.393Z"}},{"iob":1.465,"basaliob":-0.639,"bolussnooze":0.2285,"activity":0.0255,"lastBolusTime":1703135917500,"time":"2023-12-21T06:32:03.393Z","iobWithZeroTemp":{"iob":0.289,"basaliob":-1.815,"bolussnooze":0.2285,"activity":0.0157,"lastBolusTime":1703135917500,"time":"2023-12-21T06:32:03.393Z"}},{"iob":1.343,"basaliob":-0.588,"bolussnooze":0.1874,"activity":0.0236,"lastBolusTime":1703135917500,"time":"2023-12-21T06:37:03.393Z","iobWithZeroTemp":{"iob":0.114,"basaliob":-1.817,"bolussnooze":0.1874,"activity":0.013,"lastBolusTime":1703135917500,"time":"2023-12-21T06:37:03.393Z"}},{"iob":1.229,"basaliob":-0.541,"bolussnooze":0.1532,"activity":0.0218,"lastBolusTime":1703135917500,"time":"2023-12-21T06:42:03.393Z","iobWithZeroTemp":{"iob":-0.049,"basaliob":-1.819,"bolussnooze":0.1532,"activity":0.0105,"lastBolusTime":1703135917500,"time":"2023-12-21T06:42:03.393Z"}},{"iob":1.124,"basaliob":-0.497,"bolussnooze":0.125,"activity":0.0202,"lastBolusTime":1703135917500,"time":"2023-12-21T06:47:03.393Z","iobWithZeroTemp":{"iob":-0.2,"basaliob":-1.821,"bolussnooze":0.125,"activity":0.0082,"lastBolusTime":1703135917500,"time":"2023-12-21T06:47:03.393Z"}},{"iob":1.027,"basaliob":-0.456,"bolussnooze":0.1016,"activity":0.0186,"lastBolusTime":1703135917500,"time":"2023-12-21T06:52:03.393Z","iobWithZeroTemp":{"iob":-0.34,"basaliob":-1.823,"bolussnooze":0.1016,"activity":0.0059,"lastBolusTime":1703135917500,"time":"2023-12-21T06:52:03.393Z"}},{"iob":0.938,"basaliob":-0.418,"bolussnooze":0.0824,"activity":0.0172,"lastBolusTime":1703135917500,"time":"2023-12-21T06:57:03.393Z","iobWithZeroTemp":{"iob":-0.468,"basaliob":-1.824,"bolussnooze":0.0824,"activity":0.0039,"lastBolusTime":1703135917500,"time":"2023-12-21T06:57:03.393Z"}},{"iob":0.856,"basaliob":-0.382,"bolussnooze":0.0666,"activity":0.0158,"lastBolusTime":1703135917500,"time":"2023-12-21T07:02:03.393Z","iobWithZeroTemp":{"iob":-0.587,"basaliob":-1.825,"bolussnooze":0.0666,"activity":0.002,"lastBolusTime":1703135917500,"time":"2023-12-21T07:02:03.393Z"}},{"iob":0.78,"basaliob":-0.35,"bolussnooze":0.0537,"activity":0.0145,"lastBolusTime":1703135917500,"time":"2023-12-21T07:07:03.393Z","iobWithZeroTemp":{"iob":-0.692,"basaliob":-1.822,"bolussnooze":0.0537,"activity":1.0E-4,"lastBolusTime":1703135917500,"time":"2023-12-21T07:07:03.393Z"}},{"iob":0.711,"basaliob":-0.319,"bolussnooze":0.0431,"activity":0.0133,"lastBolusTime":1703135917500,"time":"2023-12-21T07:12:03.393Z","iobWithZeroTemp":{"iob":-0.788,"basaliob":-1.818,"bolussnooze":0.0431,"activity":-0.0016,"lastBolusTime":1703135917500,"time":"2023-12-21T07:12:03.393Z"}},{"iob":0.646,"basaliob":-0.292,"bolussnooze":0.0345,"activity":0.0123,"lastBolusTime":1703135917500,"time":"2023-12-21T07:17:03.393Z","iobWithZeroTemp":{"iob":-0.878,"basaliob":-1.816,"bolussnooze":0.0345,"activity":-0.003,"lastBolusTime":1703135917500,"time":"2023-12-21T07:17:03.393Z"}},{"iob":0.588,"basaliob":-0.266,"bolussnooze":0.0275,"activity":0.0112,"lastBolusTime":1703135917500,"time":"2023-12-21T07:22:03.393Z","iobWithZeroTemp":{"iob":-0.958,"basaliob":-1.812,"bolussnooze":0.0275,"activity":-0.0045,"lastBolusTime":1703135917500,"time":"2023-12-21T07:22:03.393Z"}},{"iob":0.535,"basaliob":-0.242,"bolussnooze":0.0219,"activity":0.0103,"lastBolusTime":1703135917500,"time":"2023-12-21T07:27:03.393Z","iobWithZeroTemp":{"iob":-1.031,"basaliob":-1.808,"bolussnooze":0.0219,"activity":-0.0058,"lastBolusTime":1703135917500,"time":"2023-12-21T07:27:03.393Z"}},{"iob":0.485,"basaliob":-0.221,"bolussnooze":0.0174,"activity":0.0095,"lastBolusTime":1703135917500,"time":"2023-12-21T07:32:03.393Z","iobWithZeroTemp":{"iob":-1.1,"basaliob":-1.806,"bolussnooze":0.0174,"activity":-0.007,"lastBolusTime":1703135917500,"time":"2023-12-21T07:32:03.393Z"}},{"iob":0.44,"basaliob":-0.201,"bolussnooze":0.0137,"activity":0.0086,"lastBolusTime":1703135917500,"time":"2023-12-21T07:37:03.393Z","iobWithZeroTemp":{"iob":-1.162,"basaliob":-1.803,"bolussnooze":0.0137,"activity":-0.0082,"lastBolusTime":1703135917500,"time":"2023-12-21T07:37:03.393Z"}},{"iob":0.399,"basaliob":-0.183,"bolussnooze":0.0108,"activity":0.0078,"lastBolusTime":1703135917500,"time":"2023-12-21T07:42:03.393Z","iobWithZeroTemp":{"iob":-1.218,"basaliob":-1.8,"bolussnooze":0.0108,"activity":-0.0093,"lastBolusTime":1703135917500,"time":"2023-12-21T07:42:03.393Z"}},{"iob":0.361,"basaliob":-0.166,"bolussnooze":0.0084,"activity":0.0072,"lastBolusTime":1703135917500,"time":"2023-12-21T07:47:03.393Z","iobWithZeroTemp":{"iob":-1.27,"basaliob":-1.797,"bolussnooze":0.0084,"activity":-0.0102,"lastBolusTime":1703135917500,"time":"2023-12-21T07:47:03.393Z"}},{"iob":0.327,"basaliob":-0.151,"bolussnooze":0.0066,"activity":0.0066,"lastBolusTime":1703135917500,"time":"2023-12-21T07:52:03.393Z","iobWithZeroTemp":{"iob":-1.317,"basaliob":-1.795,"bolussnooze":0.0066,"activity":-0.011,"lastBolusTime":1703135917500,"time":"2023-12-21T07:52:03.393Z"}},{"iob":0.296,"basaliob":-0.137,"bolussnooze":0.0051,"activity":0.0059,"lastBolusTime":1703135917500,"time":"2023-12-21T07:57:03.393Z","iobWithZeroTemp":{"iob":-1.359,"basaliob":-1.792,"bolussnooze":0.0051,"activity":-0.0119,"lastBolusTime":1703135917500,"time":"2023-12-21T07:57:03.393Z"}},{"iob":0.267,"basaliob":-0.124,"bolussnooze":0.0039,"activity":0.0055,"lastBolusTime":1703135917500,"time":"2023-12-21T08:02:03.393Z","iobWithZeroTemp":{"iob":-1.398,"basaliob":-1.789,"bolussnooze":0.0039,"activity":-0.0125,"lastBolusTime":1703135917500,"time":"2023-12-21T08:02:03.393Z"}},{"iob":0.242,"basaliob":-0.112,"bolussnooze":0.003,"activity":0.005,"lastBolusTime":1703135917500,"time":"2023-12-21T08:07:03.393Z","iobWithZeroTemp":{"iob":-1.424,"basaliob":-1.778,"bolussnooze":0.003,"activity":-0.0132,"lastBolusTime":1703135917500,"time":"2023-12-21T08:07:03.393Z"}},{"iob":0.218,"basaliob":-0.102,"bolussnooze":0.0023,"activity":0.0045,"lastBolusTime":1703135917500,"time":"2023-12-21T08:12:03.393Z","iobWithZeroTemp":{"iob":-1.449,"basaliob":-1.769,"bolussnooze":0.0023,"activity":-0.0139,"lastBolusTime":1703135917500,"time":"2023-12-21T08:12:03.393Z"}},{"iob":0.197,"basaliob":-0.092,"bolussnooze":0.0017,"activity":0.004,"lastBolusTime":1703135917500,"time":"2023-12-21T08:17:03.393Z","iobWithZeroTemp":{"iob":-1.467,"basaliob":-1.756,"bolussnooze":0.0017,"activity":-0.0145,"lastBolusTime":1703135917500,"time":"2023-12-21T08:17:03.393Z"}},{"iob":0.177,"basaliob":-0.083,"bolussnooze":0.0013,"activity":0.0037,"lastBolusTime":1703135917500,"time":"2023-12-21T08:22:03.393Z","iobWithZeroTemp":{"iob":-1.487,"basaliob":-1.747,"bolussnooze":0.0013,"activity":-0.0148,"lastBolusTime":1703135917500,"time":"2023-12-21T08:22:03.393Z"}},{"iob":0.16,"basaliob":-0.075,"bolussnooze":0.001,"activity":0.0034,"lastBolusTime":1703135917500,"time":"2023-12-21T08:27:03.393Z","iobWithZeroTemp":{"iob":-1.502,"basaliob":-1.737,"bolussnooze":0.001,"activity":-0.0152,"lastBolusTime":1703135917500,"time":"2023-12-21T08:27:03.393Z"}},{"iob":0.144,"basaliob":-0.068,"bolussnooze":7.0E-4,"activity":0.003,"lastBolusTime":1703135917500,"time":"2023-12-21T08:32:03.393Z","iobWithZeroTemp":{"iob":-1.517,"basaliob":-1.729,"bolussnooze":7.0E-4,"activity":-0.0157,"lastBolusTime":1703135917500,"time":"2023-12-21T08:32:03.393Z"}},{"iob":0.129,"basaliob":-0.061,"bolussnooze":5.0E-4,"activity":0.0027,"lastBolusTime":1703135917500,"time":"2023-12-21T08:37:03.393Z","iobWithZeroTemp":{"iob":-1.53,"basaliob":-1.72,"bolussnooze":5.0E-4,"activity":-0.016,"lastBolusTime":1703135917500,"time":"2023-12-21T08:37:03.393Z"}},{"iob":0.116,"basaliob":-0.055,"bolussnooze":4.0E-4,"activity":0.0025,"lastBolusTime":1703135917500,"time":"2023-12-21T08:42:03.393Z","iobWithZeroTemp":{"iob":-1.541,"basaliob":-1.712,"bolussnooze":4.0E-4,"activity":-0.0162,"lastBolusTime":1703135917500,"time":"2023-12-21T08:42:03.393Z"}},{"iob":0.104,"basaliob":-0.05,"bolussnooze":3.0E-4,"activity":0.0023,"lastBolusTime":1703135917500,"time":"2023-12-21T08:47:03.393Z","iobWithZeroTemp":{"iob":-1.551,"basaliob":-1.705,"bolussnooze":3.0E-4,"activity":-0.0165,"lastBolusTime":1703135917500,"time":"2023-12-21T08:47:03.393Z"}},{"iob":0.093,"basaliob":-0.045,"bolussnooze":2.0E-4,"activity":0.0021,"lastBolusTime":1703135917500,"time":"2023-12-21T08:52:03.393Z","iobWithZeroTemp":{"iob":-1.56,"basaliob":-1.698,"bolussnooze":2.0E-4,"activity":-0.0167,"lastBolusTime":1703135917500,"time":"2023-12-21T08:52:03.393Z"}},{"iob":0.084,"basaliob":-0.04,"bolussnooze":1.0E-4,"activity":0.0018,"lastBolusTime":1703135917500,"time":"2023-12-21T08:57:03.393Z","iobWithZeroTemp":{"iob":-1.567,"basaliob":-1.691,"bolussnooze":1.0E-4,"activity":-0.017,"lastBolusTime":1703135917500,"time":"2023-12-21T08:57:03.393Z"}},{"iob":0.075,"basaliob":-0.036,"bolussnooze":1.0E-4,"activity":0.0016,"lastBolusTime":1703135917500,"time":"2023-12-21T09:02:03.393Z","iobWithZeroTemp":{"iob":-1.574,"basaliob":-1.685,"bolussnooze":1.0E-4,"activity":-0.0172,"lastBolusTime":1703135917500,"time":"2023-12-21T09:02:03.393Z"}},{"iob":0.068,"basaliob":-0.032,"bolussnooze":1.0E-4,"activity":0.0015,"lastBolusTime":1703135917500,"time":"2023-12-21T09:07:03.393Z","iobWithZeroTemp":{"iob":-1.57,"basaliob":-1.67,"bolussnooze":1.0E-4,"activity":-0.0173,"lastBolusTime":1703135917500,"time":"2023-12-21T09:07:03.393Z"}},{"iob":0.06,"basaliob":-0.029,"bolussnooze":0,"activity":0.0014,"lastBolusTime":1703135917500,"time":"2023-12-21T09:12:03.393Z","iobWithZeroTemp":{"iob":-1.568,"basaliob":-1.657,"bolussnooze":0,"activity":-0.0173,"lastBolusTime":1703135917500,"time":"2023-12-21T09:12:03.393Z"}},{"iob":0.054,"basaliob":-0.026,"bolussnooze":0,"activity":0.0012,"lastBolusTime":1703135917500,"time":"2023-12-21T09:17:03.393Z","iobWithZeroTemp":{"iob":-1.564,"basaliob":-1.644,"bolussnooze":0,"activity":-0.0175,"lastBolusTime":1703135917500,"time":"2023-12-21T09:17:03.393Z"}}],"profile":{"max_iob":20,"type":"current","max_daily_basal":1.6,"max_basal":4.8,"min_bg":81,"max_bg":81,"target_bg":81,"carb_ratio":5.5,"sens":72,"max_daily_safety_multiplier":3,"current_basal_safety_multiplier":4,"high_temptarget_raises_sensitivity":false,"low_temptarget_lowers_sensitivity":false,"sensitivity_raises_target":false,"resistance_lowers_target":false,"adv_target_adjustments":false,"exercise_mode":false,"half_basal_exercise_target":160,"maxCOB":120,"skip_neutral_temps":false,"remainingCarbsCap":90,"enableUAM":true,"A52_risk_enable":false,"SMBInterval":3,"enableSMB_with_COB":false,"enableSMB_with_temptarget":false,"allowSMB_with_high_temptarget":true,"enableSMB_always":true,"enableSMB_after_carbs":false,"maxSMBBasalMinutes":120,"maxUAMSMBBasalMinutes":120,"bolus_increment":0.05,"carbsReqThreshold":1,"current_basal":1.3,"temptargetSet":true,"autosens_max":1.8,"out_units":"mmol\/L"},"autosens_data":{"ratio":1},"meal_data":{"carbs":20,"mealCOB":0,"slopeFromMaxDeviation":-0.7070000000000003,"slopeFromMinDeviation":0,"lastBolusTime":1703135917500,"lastCarbTime":1703127724000},"microBolusAllowed":true,"currentTime":1703136144433,"flatBGsDetected":false},"output":{"temp":"absolute","bg":134,"tick":-3,"eventualBG":39,"targetBG":81,"insulinReq":0,"deliverAt":"2023-12-21T05:22:24.433Z","sensitivityRatio":1,"predBGs":{"IOB":[134,130,124,118,112,105,97,88,80,70,60,49,39],"ZT":[134,113,94,75,57,40,39,39,39,39,39,39,39,39,39,39,39,39,39,39,39,39,39,39,39,39,39,39,39,39,39,39,39,39,39,39,39,39,39,39,39,39,39,39,39,39,39,39],"UAM":[134,130,127,123,119,116,113,110,107,104,102,99,97,95,92,90,88,86,83,81,78,75,72,68,64,60,56,53,50,47,44,42,40,39]},"COB":0,"IOB":4.35,"reason":"COB: 0, Dev: 5.8, BGI: -1.1, ISF: 4.0, CR: 5.5, Target: 4.5, minPredBG -1.8, minGuardBG 1.3, IOBpredBG 2.2, UAMpredBG 2.2; minGuardBG 1.3<3.4 100m left and 0 ~ req 0U\/hr: no temp required","timestamp":"2023-12-21T05:22:24.465Z"}}