{"algorithm":"OpenAPSSMBPlugin","input":{"glucoseStatus":{"glucose":100,"noise":0,"delta":-1,"short_avgdelta":-1.67,"long_avgdelta":-0.31,"date":1703035901905},"currenttemp":{"temp":"absolute","duration":20,"rate":0.55,"minutesrunning":10},"iob_data":[{"iob":0.371,"basaliob":-1.035,"bolussnooze":0,"activity":0.0067,"lastBolusTime":1703033760173,"time":"2023-12-20T01:32:01.219Z","iobWithZeroTemp":{"iob":0.371,"basaliob":-1.035,"bolussnooze":0,"activity":0.0067,"lastBolusTime":1703033760173,"time":"2023-12-20T01:32:01.219Z"}},{"iob":0.339,"basaliob":-0.98,"bolussnooze":0,"activity":0.0061,"lastBolusTime":1703033760173,"time":"2023-12-20T01:37:01.219Z","iobWithZeroTemp":{"iob":0.239,"basaliob":-1.08,"bolussnooze":0,"activity":0.006,"lastBolusTime":1703033760173,"time":"2023-12-20T01:37:01.219Z"}},{"iob":0.31,"basaliob":-0.924,"bolussnooze":0,"activity":0.0056,"lastBolusTime":1703033760173,"time":"2023-12-20T01:42:01.219Z","iobWithZeroTemp":{"iob":0.086,"basaliob":-1.148,"bolussnooze":0,"activity":0.0052,"lastBolusTime":1703033760173,"time":"2023-12-20T01:42:01.219Z"}},{"iob":0.283,"basaliob":-0.869,"bolussnooze":0,"activity":0.0052,"lastBolusTime":1703033760173,"time":"2023-12-20T01:47:01.219Z","iobWithZeroTemp":{"iob":-0.062,"basaliob":-1.214,"bolussnooze":0,"activity":0.0042,"lastBolusTime":1703033760173,"time":"2023-12-20T01:47:01.219Z"}},{"iob":0.258,"basaliob":-0.815,"bolussnooze":0,"activity":0.0048,"lastBolusTime":1703033760173,"time":"2023-12-20T01:52:01.219Z","iobWithZeroTemp":{"iob":-0.206,"basaliob":-1.279,"bolussnooze":0,"activity":0.0031,"lastBolusTime":1703033760173,"time":"2023-12-20T01:52:01.219Z"}},{"iob":0.235,"basaliob":-0.763,"bolussnooze":0,"activity":0.0044,"lastBolusTime":1703033760173,"time":"2023-12-20T01:57:01.219Z","iobWithZeroTemp":{"iob":-0.343,"basaliob":-1.341,"bolussnooze":0,"activity":0.0018,"lastBolusTime":1703033760173,"time":"2023-12-20T01:57:01.219Z"}},{"iob":0.214,"basaliob":-0.712,"bolussnooze":0,"activity":0.004,"lastBolusTime":1703033760173,"time":"2023-12-20T02:02:01.219Z","iobWithZeroTemp":{"iob":-0.474,"basaliob":-1.4,"bolussnooze":0,"activity":5.0E-4,"lastBolusTime":1703033760173,"time":"2023-12-20T02:02:01.219Z"}},{"iob":0.194,"basaliob":-0.664,"bolussnooze":0,"activity":0.0037,"lastBolusTime":1703033760173,"time":"2023-12-20T02:07:01.219Z","iobWithZeroTemp":{"iob":-0.583,"basaliob":-1.441,"bolussnooze":0,"activity":-7.0E-4,"lastBolusTime":1703033760173,"time":"2023-12-20T02:07:01.219Z"}},{"iob":0.177,"basaliob":-0.617,"bolussnooze":0,"activity":0.0033,"lastBolusTime":1703033760173,"time":"2023-12-20T02:12:01.219Z","iobWithZeroTemp":{"iob":-0.684,"basaliob":-1.478,"bolussnooze":0,"activity":-0.0021,"lastBolusTime":1703033760173,"time":"2023-12-20T02:12:01.219Z"}},{"iob":0.161,"basaliob":-0.573,"bolussnooze":0,"activity":0.0031,"lastBolusTime":1703033760173,"time":"2023-12-20T02:17:01.219Z","iobWithZeroTemp":{"iob":-0.779,"basaliob":-1.513,"bolussnooze":0,"activity":-0.0033,"lastBolusTime":1703033760173,"time":"2023-12-20T02:17:01.219Z"}},{"iob":0.146,"basaliob":-0.531,"bolussnooze":0,"activity":0.0028,"lastBolusTime":1703033760173,"time":"2023-12-20T02:22:01.219Z","iobWithZeroTemp":{"iob":-0.869,"basaliob":-1.546,"bolussnooze":0,"activity":-0.0045,"lastBolusTime":1703033760173,"time":"2023-12-20T02:22:01.219Z"}},{"iob":0.132,"basaliob":-0.492,"bolussnooze":0,"activity":0.0026,"lastBolusTime":1703033760173,"time":"2023-12-20T02:27:01.219Z","iobWithZeroTemp":{"iob":-0.938,"basaliob":-1.562,"bolussnooze":0,"activity":-0.0055,"lastBolusTime":1703033760173,"time":"2023-12-20T02:27:01.219Z"}},{"iob":0.121,"basaliob":-0.454,"bolussnooze":0,"activity":0.0024,"lastBolusTime":1703033760173,"time":"2023-12-20T02:32:01.219Z","iobWithZeroTemp":{"iob":-1.015,"basaliob":-1.59,"bolussnooze":0,"activity":-0.0066,"lastBolusTime":1703033760173,"time":"2023-12-20T02:32:01.219Z"}},{"iob":0.109,"basaliob":-0.419,"bolussnooze":0,"activity":0.0021,"lastBolusTime":1703033760173,"time":"2023-12-20T02:37:01.219Z","iobWithZeroTemp":{"iob":-1.088,"basaliob":-1.616,"bolussnooze":0,"activity":-0.0077,"lastBolusTime":1703033760173,"time":"2023-12-20T02:37:01.219Z"}},{"iob":0.099,"basaliob":-0.386,"bolussnooze":0,"activity":0.0019,"lastBolusTime":1703033760173,"time":"2023-12-20T02:42:01.219Z","iobWithZeroTemp":{"iob":-1.156,"basaliob":-1.641,"bolussnooze":0,"activity":-0.0087,"lastBolusTime":1703033760173,"time":"2023-12-20T02:42:01.219Z"}},{"iob":0.09,"basaliob":-0.355,"bolussnooze":0,"activity":0.0018,"lastBolusTime":1703033760173,"time":"2023-12-20T02:47:01.219Z","iobWithZeroTemp":{"iob":-1.218,"basaliob":-1.663,"bolussnooze":0,"activity":-0.0096,"lastBolusTime":1703033760173,"time":"2023-12-20T02:47:01.219Z"}},{"iob":0.081,"basaliob":-0.327,"bolussnooze":0,"activity":0.0017,"lastBolusTime":1703033760173,"time":"2023-12-20T02:52:01.219Z","iobWithZeroTemp":{"iob":-1.277,"basaliob":-1.685,"bolussnooze":0,"activity":-0.0105,"lastBolusTime":1703033760173,"time":"2023-12-20T02:52:01.219Z"}},{"iob":0.074,"basaliob":-0.3,"bolussnooze":0,"activity":0.0015,"lastBolusTime":1703033760173,"time":"2023-12-20T02:57:01.219Z","iobWithZeroTemp":{"iob":-1.329,"basaliob":-1.703,"bolussnooze":0,"activity":-0.0114,"lastBolusTime":1703033760173,"time":"2023-12-20T02:57:01.219Z"}},{"iob":0.067,"basaliob":-0.275,"bolussnooze":0,"activity":0.0013,"lastBolusTime":1703033760173,"time":"2023-12-20T03:02:01.219Z","iobWithZeroTemp":{"iob":-1.379,"basaliob":-1.721,"bolussnooze":0,"activity":-0.0122,"lastBolusTime":1703033760173,"time":"2023-12-20T03:02:01.219Z"}},{"iob":0.06,"basaliob":-0.252,"bolussnooze":0,"activity":0.0012,"lastBolusTime":1703033760173,"time":"2023-12-20T03:07:01.219Z","iobWithZeroTemp":{"iob":-1.425,"basaliob":-1.737,"bolussnooze":0,"activity":-0.0129,"lastBolusTime":1703033760173,"time":"2023-12-20T03:07:01.219Z"}},{"iob":0.054,"basaliob":-0.231,"bolussnooze":0,"activity":0.0011,"lastBolusTime":1703033760173,"time":"2023-12-20T03:12:01.219Z","iobWithZeroTemp":{"iob":-1.468,"basaliob":-1.753,"bolussnooze":0,"activity":-0.0136,"lastBolusTime":1703033760173,"time":"2023-12-20T03:12:01.219Z"}},{"iob":0.049,"basaliob":-0.211,"bolussnooze":0,"activity":0.001,"lastBolusTime":1703033760173,"time":"2023-12-20T03:17:01.219Z","iobWithZeroTemp":{"iob":-1.506,"basaliob":-1.766,"bolussnooze":0,"activity":-0.0143,"lastBolusTime":1703033760173,"time":"2023-12-20T03:17:01.219Z"}},{"iob":0.044,"basaliob":-0.193,"bolussnooze":0,"activity":9.0E-4,"lastBolusTime":1703033760173,"time":"2023-12-20T03:22:01.219Z","iobWithZeroTemp":{"iob":-1.542,"basaliob":-1.779,"bolussnooze":0,"activity":-0.0149,"lastBolusTime":1703033760173,"time":"2023-12-20T03:22:01.219Z"}},{"iob":0.04,"basaliob":-0.176,"bolussnooze":0,"activity":9.0E-4,"lastBolusTime":1703033760173,"time":"2023-12-20T03:27:01.219Z","iobWithZeroTemp":{"iob":-1.574,"basaliob":-1.79,"bolussnooze":0,"activity":-0.0154,"lastBolusTime":1703033760173,"time":"2023-12-20T03:27:01.219Z"}},{"iob":0.036,"basaliob":-0.161,"bolussnooze":0,"activity":7.0E-4,"lastBolusTime":1703033760173,"time":"2023-12-20T03:32:01.219Z","iobWithZeroTemp":{"iob":-1.604,"basaliob":-1.801,"bolussnooze":0,"activity":-0.016,"lastBolusTime":1703033760173,"time":"2023-12-20T03:32:01.219Z"}},{"iob":0.033,"basaliob":-0.146,"bolussnooze":0,"activity":7.0E-4,"lastBolusTime":1703033760173,"time":"2023-12-20T03:37:01.219Z","iobWithZeroTemp":{"iob":-1.631,"basaliob":-1.81,"bolussnooze":0,"activity":-0.0164,"lastBolusTime":1703033760173,"time":"2023-12-20T03:37:01.219Z"}},{"iob":0.03,"basaliob":-0.133,"bolussnooze":0,"activity":6.0E-4,"lastBolusTime":1703033760173,"time":"2023-12-20T03:42:01.219Z","iobWithZeroTemp":{"iob":-1.656,"basaliob":-1.819,"bolussnooze":0,"activity":-0.0169,"lastBolusTime":1703033760173,"time":"2023-12-20T03:42:01.219Z"}},{"iob":0.027,"basaliob":-0.121,"bolussnooze":0,"activity":6.0E-4,"lastBolusTime":1703033760173,"time":"2023-12-20T03:47:01.219Z","iobWithZeroTemp":{"iob":-1.679,"basaliob":-1.827,"bolussnooze":0,"activity":-0.0172,"lastBolusTime":1703033760173,"time":"2023-12-20T03:47:01.219Z"}},{"iob":0.024,"basaliob":-0.11,"bolussnooze":0,"activity":5.0E-4,"lastBolusTime":1703033760173,"time":"2023-12-20T03:52:01.219Z","iobWithZeroTemp":{"iob":-1.7,"basaliob":-1.834,"bolussnooze":0,"activity":-0.0177,"lastBolusTime":1703033760173,"time":"2023-12-20T03:52:01.219Z"}},{"iob":0.021,"basaliob":-0.1,"bolussnooze":0,"activity":5.0E-4,"lastBolusTime":1703033760173,"time":"2023-12-20T03:57:01.219Z","iobWithZeroTemp":{"iob":-1.72,"basaliob":-1.841,"bolussnooze":0,"activity":-0.018,"lastBolusTime":1703033760173,"time":"2023-12-20T03:57:01.219Z"}},{"iob":0.019,"basaliob":-0.091,"bolussnooze":0,"activity":4.0E-4,"lastBolusTime":1703033760173,"time":"2023-12-20T04:02:01.219Z","iobWithZeroTemp":{"iob":-1.738,"basaliob":-1.848,"bolussnooze":0,"activity":-0.0183,"lastBolusTime":1703033760173,"time":"2023-12-20T04:02:01.219Z"}},{"iob":0.017,"basaliob":-0.083,"bolussnooze":0,"activity":4.0E-4,"lastBolusTime":1703033760173,"time":"2023-12-20T04:07:01.219Z","iobWithZeroTemp":{"iob":-1.754,"basaliob":-1.854,"bolussnooze":0,"activity":-0.0186,"lastBolusTime":1703033760173,"time":"2023-12-20T04:07:01.219Z"}},{"iob":0.015,"basaliob":-0.075,"bolussnooze":0,"activity":3.0E-4,"lastBolusTime":1703033760173,"time":"2023-12-20T04:12:01.219Z","iobWithZeroTemp":{"iob":-1.768,"basaliob":-1.858,"bolussnooze":0,"activity":-0.0189,"lastBolusTime":1703033760173,"time":"2023-12-20T04:12:01.219Z"}},{"iob":0.013,"basaliob":-0.068,"bolussnooze":0,"activity":3.0E-4,"lastBolusTime":1703033760173,"time":"2023-12-20T04:17:01.219Z","iobWithZeroTemp":{"iob":-1.782,"basaliob":-1.863,"bolussnooze":0,"activity":-0.0192,"lastBolusTime":1703033760173,"time":"2023-12-20T04:17:01.219Z"}},{"iob":0.013,"basaliob":-0.061,"bolussnooze":0,"activity":3.0E-4,"lastBolusTime":1703033760173,"time":"2023-12-20T04:22:01.219Z","iobWithZeroTemp":{"iob":-1.793,"basaliob":-1.867,"bolussnooze":0,"activity":-0.0194,"lastBolusTime":1703033760173,"time":"2023-12-20T04:22:01.219Z"}},{"iob":0.01,"basaliob":-0.056,"bolussnooze":0,"activity":3.0E-4,"lastBolusTime":1703033760173,"time":"2023-12-20T04:27:01.219Z","iobWithZeroTemp":{"iob":-1.805,"basaliob":-1.871,"bolussnooze":0,"activity":-0.0195,"lastBolusTime":1703033760173,"time":"2023-12-20T04:27:01.219Z"}},{"iob":0.01,"basaliob":-0.05,"bolussnooze":0,"activity":2.0E-4,"lastBolusTime":1703033760173,"time":"2023-12-20T04:32:01.219Z","iobWithZeroTemp":{"iob":-1.814,"basaliob":-1.874,"bolussnooze":0,"activity":-0.0198,"lastBolusTime":1703033760173,"time":"2023-12-20T04:32:01.219Z"}},{"iob":0.009,"basaliob":-0.045,"bolussnooze":0,"activity":2.0E-4,"lastBolusTime":1703033760173,"time":"2023-12-20T04:37:01.219Z","iobWithZeroTemp":{"iob":-1.823,"basaliob":-1.877,"bolussnooze":0,"activity":-0.02,"lastBolusTime":1703033760173,"time":"2023-12-20T04:37:01.219Z"}},{"iob":0.008,"basaliob":-0.041,"bolussnooze":0,"activity":2.0E-4,"lastBolusTime":1703033760173,"time":"2023-12-20T04:42:01.219Z","iobWithZeroTemp":{"iob":-1.831,"basaliob":-1.88,"bolussnooze":0,"activity":-0.0201,"lastBolusTime":1703033760173,"time":"2023-12-20T04:42:01.219Z"}},{"iob":0.007,"basaliob":-0.037,"bolussnooze":0,"activity":1.0E-4,"lastBolusTime":1703033760173,"time":"2023-12-20T04:47:01.219Z","iobWithZeroTemp":{"iob":-1.839,"basaliob":-1.883,"bolussnooze":0,"activity":-0.0203,"lastBolusTime":1703033760173,"time":"2023-12-20T04:47:01.219Z"}},{"iob":0.006,"basaliob":-0.033,"bolussnooze":0,"activity":1.0E-4,"lastBolusTime":1703033760173,"time":"2023-12-20T04:52:01.219Z","iobWithZeroTemp":{"iob":-1.846,"basaliob":-1.885,"bolussnooze":0,"activity":-0.0204,"lastBolusTime":1703033760173,"time":"2023-12-20T04:52:01.219Z"}},{"iob":0.005,"basaliob":-0.03,"bolussnooze":0,"activity":2.0E-4,"lastBolusTime":1703033760173,"time":"2023-12-20T04:57:01.219Z","iobWithZeroTemp":{"iob":-1.852,"basaliob":-1.887,"bolussnooze":0,"activity":-0.0205,"lastBolusTime":1703033760173,"time":"2023-12-20T04:57:01.219Z"}},{"iob":0.005,"basaliob":-0.027,"bolussnooze":0,"activity":1.0E-4,"lastBolusTime":1703033760173,"time":"2023-12-20T05:02:01.219Z","iobWithZeroTemp":{"iob":-1.857,"basaliob":-1.889,"bolussnooze":0,"activity":-0.0207,"lastBolusTime":1703033760173,"time":"2023-12-20T05:02:01.219Z"}},{"iob":0.005,"basaliob":-0.024,"bolussnooze":0,"activity":1.0E-4,"lastBolusTime":1703033760173,"time":"2023-12-20T05:07:01.219Z","iobWithZeroTemp":{"iob":-1.861,"basaliob":-1.89,"bolussnooze":0,"activity":-0.0207,"lastBolusTime":1703033760173,"time":"2023-12-20T05:07:01.219Z"}},{"iob":0.004,"basaliob":-0.022,"bolussnooze":0,"activity":1.0E-4,"lastBolusTime":1703033760173,"time":"2023-12-20T05:12:01.219Z","iobWithZeroTemp":{"iob":-1.866,"basaliob":-1.892,"bolussnooze":0,"activity":-0.0208,"lastBolusTime":1703033760173,"time":"2023-12-20T05:12:01.219Z"}},{"iob":0.003,"basaliob":-0.02,"bolussnooze":0,"activity":1.0E-4,"lastBolusTime":1703033760173,"time":"2023-12-20T05:17:01.219Z","iobWithZeroTemp":{"iob":-1.871,"basaliob":-1.894,"bolussnooze":0,"activity":-0.0209,"lastBolusTime":1703033760173,"time":"2023-12-20T05:17:01.219Z"}},{"iob":0.003,"basaliob":-0.018,"bolussnooze":0,"activity":1.0E-4,"lastBolusTime":1703033760173,"time":"2023-12-20T05:22:01.219Z","iobWithZeroTemp":{"iob":-1.874,"basaliob":-1.895,"bolussnooze":0,"activity":-0.021,"lastBolusTime":1703033760173,"time":"2023-12-20T05:22:01.219Z"}},{"iob":0.002,"basaliob":-0.016,"bolussnooze":0,"activity":1.0E-4,"lastBolusTime":1703033760173,"time":"2023-12-20T05:27:01.219Z","iobWithZeroTemp":{"iob":-1.878,"basaliob":-1.896,"bolussnooze":0,"activity":-0.021,"lastBolusTime":1703033760173,"time":"2023-12-20T05:27:01.219Z"}}],"profile":{"max_iob":20,"type":"current","max_daily_basal":1.6,"max_basal":4.8,"min_bg":81,"max_bg":81,"target_bg":81,"carb_ratio":4.5,"sens":72,"max_daily_safety_multiplier":3,"current_basal_safety_multiplier":4,"high_temptarget_raises_sensitivity":false,"low_temptarget_lowers_sensitivity":false,"sensitivity_raises_target":false,"resistance_lowers_target":false,"adv_target_adjustments":false,"exercise_mode":false,"half_basal_exercise_target":160,"maxCOB":120,"skip_neutral_temps":false,"remainingCarbsCap":90,"enableUAM":true,"A52_risk_enable":false,"SMBInterval":3,"enableSMB_with_COB":false,"enableSMB_with_temptarget":false,"allowSMB_with_high_temptarget":true,"enableSMB_always":true,"enableSMB_after_carbs":false,"maxSMBBasalMinutes":120,"maxUAMSMBBasalMinutes":120,"bolus_increment":0.05,"carbsReqThreshold":1,"current_basal":1.5,"temptargetSet":true,"autosens_max":1.8,"out_units":"mmol\/L"},"autosens_data":{"ratio":1},"meal_data":{"carbs":10,"mealCOB":0.551750000000002,"slopeFromMaxDeviation":-1.1843333333333335,"slopeFromMinDeviation":0.27772727272727277,"lastBolusTime":1703033760173,"lastCarbTime":1703030390000},"microBolusAllowed":true,"currentTime":1703035924584,"flatBGsDetected":false},"output":{"temp":"absolute","bg":100,"tick":-1,"eventualBG":81,"targetBG":81,"insulinReq":0,"deliverAt":"2023-12-20T01:32:04.584Z","sensitivityRatio":1,"predBGs":{"IOB":[100,98,97,95,94,92,91,90,89,88,87,86,85,84,83,83,82,81,81,80,80,80,79,79,79,78,78,78,78,77,77,77,77,77,77,77,77,77,76],"ZT":[100,98,95,94,92,91,90,90,90],"COB":[100,98,97,95,94,93,92,91,90,89,89,88,87,87,86,86,86,85,85,85,84,84,84,84,83,83,83,83,82,82,82,82,82,82,81],"UAM":[100,98,95,93,92,90,88,87,85,84,83,82,81,80,80,79,78,78,77,77,76,76,75,75,75,75,74,74,74,74,73,73,73,73,73,73,73,73,73,73,72]},"COB":0.551750000000002,"IOB":0.371,"reason":"COB: 0.6, Dev: 0.2, BGI: -0.1, ISF: 4.0, CR: 4.5, Target: 4.5, minPredBG 4.5, minGuardBG 4.0, IOBpredBG 4.2, COBpredBG 4.5, UAMpredBG 4.0; Eventual BG 4.5 >= 4.5,  insulinReq 0; setting 30m low temp of 0.2U\/h. ","rate":0.2,"duration":30,"timestamp":"2023-12-20T01:32:04.725Z"}}