{"algorithm":"OpenAPSSMBPlugin","input":{"glucoseStatus":{"glucose":75,"noise":0,"delta":1,"short_avgdelta":-0.17,"long_avgdelta":-1.34,"date":1703111203120},"currenttemp":{"temp":"absolute","duration":20,"rate":0.8,"minutesrunning":10},"iob_data":[{"iob":-0.328,"basaliob":-0.585,"bolussnooze":0,"activity":-0.0017,"lastBolusTime":1703108234902,"time":"2023-12-20T22:27:04.205Z","iobWithZeroTemp":{"iob":-0.328,"basaliob":-0.585,"bolussnooze":0,"activity":-0.0017,"lastBolusTime":1703108234902,"time":"2023-12-20T22:27:04.205Z"}},{"iob":-0.319,"basaliob":-0.557,"bolussnooze":0,"activity":-0.0021,"lastBolusTime":1703108234902,"time":"2023-12-20T22:32:04.205Z","iobWithZeroTemp":{"iob":-0.419,"basaliob":-0.657,"bolussnooze":0,"activity":-0.0022,"lastBolusTime":1703108234902,"time":"2023-12-20T22:32:04.205Z"}},{"iob":-0.309,"basaliob":-0.529,"bolussnooze":0,"activity":-0.0024,"lastBolusTime":1703108234902,"time":"2023-12-20T22:37:04.205Z","iobWithZeroTemp":{"iob":-0.533,"basaliob":-0.753,"bolussnooze":0,"activity":-0.0028,"lastBolusTime":1703108234902,"time":"2023-12-20T22:37:04.205Z"}},{"iob":-0.296,"basaliob":-0.5,"bolussnooze":0,"activity":-0.0026,"lastBolusTime":1703108234902,"time":"2023-12-20T22:42:04.205Z","iobWithZeroTemp":{"iob":-0.641,"basaliob":-0.845,"bolussnooze":0,"activity":-0.0036,"lastBolusTime":1703108234902,"time":"2023-12-20T22:42:04.205Z"}},{"iob":-0.283,"basaliob":-0.471,"bolussnooze":0,"activity":-0.0027,"lastBolusTime":1703108234902,"time":"2023-12-20T22:47:04.205Z","iobWithZeroTemp":{"iob":-0.747,"basaliob":-0.935,"bolussnooze":0,"activity":-0.0044,"lastBolusTime":1703108234902,"time":"2023-12-20T22:47:04.205Z"}},{"iob":-0.269,"basaliob":-0.443,"bolussnooze":0,"activity":-0.0028,"lastBolusTime":1703108234902,"time":"2023-12-20T22:52:04.205Z","iobWithZeroTemp":{"iob":-0.847,"basaliob":-1.021,"bolussnooze":0,"activity":-0.0054,"lastBolusTime":1703108234902,"time":"2023-12-20T22:52:04.205Z"}},{"iob":-0.255,"basaliob":-0.415,"bolussnooze":0,"activity":-0.0028,"lastBolusTime":1703108234902,"time":"2023-12-20T22:57:04.205Z","iobWithZeroTemp":{"iob":-0.943,"basaliob":-1.103,"bolussnooze":0,"activity":-0.0063,"lastBolusTime":1703108234902,"time":"2023-12-20T22:57:04.205Z"}},{"iob":-0.241,"basaliob":-0.388,"bolussnooze":0,"activity":-0.0028,"lastBolusTime":1703108234902,"time":"2023-12-20T23:02:04.205Z","iobWithZeroTemp":{"iob":-1.034,"basaliob":-1.181,"bolussnooze":0,"activity":-0.0073,"lastBolusTime":1703108234902,"time":"2023-12-20T23:02:04.205Z"}},{"iob":-0.227,"basaliob":-0.362,"bolussnooze":0,"activity":-0.0028,"lastBolusTime":1703108234902,"time":"2023-12-20T23:07:04.205Z","iobWithZeroTemp":{"iob":-1.129,"basaliob":-1.264,"bolussnooze":0,"activity":-0.0083,"lastBolusTime":1703108234902,"time":"2023-12-20T23:07:04.205Z"}},{"iob":-0.213,"basaliob":-0.337,"bolussnooze":0,"activity":-0.0028,"lastBolusTime":1703108234902,"time":"2023-12-20T23:12:04.205Z","iobWithZeroTemp":{"iob":-1.218,"basaliob":-1.342,"bolussnooze":0,"activity":-0.0093,"lastBolusTime":1703108234902,"time":"2023-12-20T23:12:04.205Z"}},{"iob":-0.199,"basaliob":-0.313,"bolussnooze":0,"activity":-0.0026,"lastBolusTime":1703108234902,"time":"2023-12-20T23:17:04.205Z","iobWithZeroTemp":{"iob":-1.302,"basaliob":-1.416,"bolussnooze":0,"activity":-0.0102,"lastBolusTime":1703108234902,"time":"2023-12-20T23:17:04.205Z"}},{"iob":-0.187,"basaliob":-0.291,"bolussnooze":0,"activity":-0.0026,"lastBolusTime":1703108234902,"time":"2023-12-20T23:22:04.205Z","iobWithZeroTemp":{"iob":-1.382,"basaliob":-1.486,"bolussnooze":0,"activity":-0.0113,"lastBolusTime":1703108234902,"time":"2023-12-20T23:22:04.205Z"}},{"iob":-0.175,"basaliob":-0.27,"bolussnooze":0,"activity":-0.0025,"lastBolusTime":1703108234902,"time":"2023-12-20T23:27:04.205Z","iobWithZeroTemp":{"iob":-1.464,"basaliob":-1.559,"bolussnooze":0,"activity":-0.0123,"lastBolusTime":1703108234902,"time":"2023-12-20T23:27:04.205Z"}},{"iob":-0.162,"basaliob":-0.249,"bolussnooze":0,"activity":-0.0023,"lastBolusTime":1703108234902,"time":"2023-12-20T23:32:04.205Z","iobWithZeroTemp":{"iob":-1.533,"basaliob":-1.62,"bolussnooze":0,"activity":-0.0132,"lastBolusTime":1703108234902,"time":"2023-12-20T23:32:04.205Z"}},{"iob":-0.15,"basaliob":-0.23,"bolussnooze":0,"activity":-0.0023,"lastBolusTime":1703108234902,"time":"2023-12-20T23:37:04.205Z","iobWithZeroTemp":{"iob":-1.598,"basaliob":-1.678,"bolussnooze":0,"activity":-0.0142,"lastBolusTime":1703108234902,"time":"2023-12-20T23:37:04.205Z"}},{"iob":-0.14,"basaliob":-0.213,"bolussnooze":0,"activity":-0.0022,"lastBolusTime":1703108234902,"time":"2023-12-20T23:42:04.205Z","iobWithZeroTemp":{"iob":-1.659,"basaliob":-1.732,"bolussnooze":0,"activity":-0.0151,"lastBolusTime":1703108234902,"time":"2023-12-20T23:42:04.205Z"}},{"iob":-0.13,"basaliob":-0.196,"bolussnooze":0,"activity":-0.002,"lastBolusTime":1703108234902,"time":"2023-12-20T23:47:04.205Z","iobWithZeroTemp":{"iob":-1.716,"basaliob":-1.782,"bolussnooze":0,"activity":-0.0158,"lastBolusTime":1703108234902,"time":"2023-12-20T23:47:04.205Z"}},{"iob":-0.12,"basaliob":-0.18,"bolussnooze":0,"activity":-0.0019,"lastBolusTime":1703108234902,"time":"2023-12-20T23:52:04.205Z","iobWithZeroTemp":{"iob":-1.768,"basaliob":-1.828,"bolussnooze":0,"activity":-0.0166,"lastBolusTime":1703108234902,"time":"2023-12-20T23:52:04.205Z"}},{"iob":-0.111,"basaliob":-0.166,"bolussnooze":0,"activity":-0.0018,"lastBolusTime":1703108234902,"time":"2023-12-20T23:57:04.205Z","iobWithZeroTemp":{"iob":-1.816,"basaliob":-1.871,"bolussnooze":0,"activity":-0.0174,"lastBolusTime":1703108234902,"time":"2023-12-20T23:57:04.205Z"}},{"iob":-0.102,"basaliob":-0.152,"bolussnooze":0,"activity":-0.0017,"lastBolusTime":1703108234902,"time":"2023-12-21T00:02:04.205Z","iobWithZeroTemp":{"iob":-1.861,"basaliob":-1.911,"bolussnooze":0,"activity":-0.0181,"lastBolusTime":1703108234902,"time":"2023-12-21T00:02:04.205Z"}},{"iob":-0.095,"basaliob":-0.14,"bolussnooze":0,"activity":-0.0015,"lastBolusTime":1703108234902,"time":"2023-12-21T00:07:04.205Z","iobWithZeroTemp":{"iob":-1.895,"basaliob":-1.94,"bolussnooze":0,"activity":-0.0186,"lastBolusTime":1703108234902,"time":"2023-12-21T00:07:04.205Z"}},{"iob":-0.087,"basaliob":-0.128,"bolussnooze":0,"activity":-0.0014,"lastBolusTime":1703108234902,"time":"2023-12-21T00:12:04.205Z","iobWithZeroTemp":{"iob":-1.925,"basaliob":-1.966,"bolussnooze":0,"activity":-0.0192,"lastBolusTime":1703108234902,"time":"2023-12-21T00:12:04.205Z"}},{"iob":-0.08,"basaliob":-0.117,"bolussnooze":0,"activity":-0.0014,"lastBolusTime":1703108234902,"time":"2023-12-21T00:17:04.205Z","iobWithZeroTemp":{"iob":-1.952,"basaliob":-1.989,"bolussnooze":0,"activity":-0.0199,"lastBolusTime":1703108234902,"time":"2023-12-21T00:17:04.205Z"}},{"iob":-0.073,"basaliob":-0.107,"bolussnooze":0,"activity":-0.0012,"lastBolusTime":1703108234902,"time":"2023-12-21T00:22:04.205Z","iobWithZeroTemp":{"iob":-1.976,"basaliob":-2.01,"bolussnooze":0,"activity":-0.0203,"lastBolusTime":1703108234902,"time":"2023-12-21T00:22:04.205Z"}},{"iob":-0.067,"basaliob":-0.098,"bolussnooze":0,"activity":-0.0012,"lastBolusTime":1703108234902,"time":"2023-12-21T00:27:04.205Z","iobWithZeroTemp":{"iob":-1.999,"basaliob":-2.03,"bolussnooze":0,"activity":-0.0208,"lastBolusTime":1703108234902,"time":"2023-12-21T00:27:04.205Z"}},{"iob":-0.061,"basaliob":-0.089,"bolussnooze":0,"activity":-0.001,"lastBolusTime":1703108234902,"time":"2023-12-21T00:32:04.205Z","iobWithZeroTemp":{"iob":-2.018,"basaliob":-2.046,"bolussnooze":0,"activity":-0.0211,"lastBolusTime":1703108234902,"time":"2023-12-21T00:32:04.205Z"}},{"iob":-0.056,"basaliob":-0.081,"bolussnooze":0,"activity":-0.001,"lastBolusTime":1703108234902,"time":"2023-12-21T00:37:04.205Z","iobWithZeroTemp":{"iob":-2.037,"basaliob":-2.062,"bolussnooze":0,"activity":-0.0216,"lastBolusTime":1703108234902,"time":"2023-12-21T00:37:04.205Z"}},{"iob":-0.051,"basaliob":-0.074,"bolussnooze":0,"activity":-9.0E-4,"lastBolusTime":1703108234902,"time":"2023-12-21T00:42:04.205Z","iobWithZeroTemp":{"iob":-2.053,"basaliob":-2.076,"bolussnooze":0,"activity":-0.0219,"lastBolusTime":1703108234902,"time":"2023-12-21T00:42:04.205Z"}},{"iob":-0.047,"basaliob":-0.068,"bolussnooze":0,"activity":-9.0E-4,"lastBolusTime":1703108234902,"time":"2023-12-21T00:47:04.205Z","iobWithZeroTemp":{"iob":-2.068,"basaliob":-2.089,"bolussnooze":0,"activity":-0.0222,"lastBolusTime":1703108234902,"time":"2023-12-21T00:47:04.205Z"}},{"iob":-0.043,"basaliob":-0.062,"bolussnooze":0,"activity":-8.0E-4,"lastBolusTime":1703108234902,"time":"2023-12-21T00:52:04.205Z","iobWithZeroTemp":{"iob":-2.082,"basaliob":-2.101,"bolussnooze":0,"activity":-0.0225,"lastBolusTime":1703108234902,"time":"2023-12-21T00:52:04.205Z"}},{"iob":-0.039,"basaliob":-0.056,"bolussnooze":0,"activity":-8.0E-4,"lastBolusTime":1703108234902,"time":"2023-12-21T00:57:04.205Z","iobWithZeroTemp":{"iob":-2.094,"basaliob":-2.111,"bolussnooze":0,"activity":-0.0228,"lastBolusTime":1703108234902,"time":"2023-12-21T00:57:04.205Z"}},{"iob":-0.036,"basaliob":-0.051,"bolussnooze":0,"activity":-7.0E-4,"lastBolusTime":1703108234902,"time":"2023-12-21T01:02:04.205Z","iobWithZeroTemp":{"iob":-2.105,"basaliob":-2.12,"bolussnooze":0,"activity":-0.023,"lastBolusTime":1703108234902,"time":"2023-12-21T01:02:04.205Z"}},{"iob":-0.032,"basaliob":-0.046,"bolussnooze":0,"activity":-6.0E-4,"lastBolusTime":1703108234902,"time":"2023-12-21T01:07:04.205Z","iobWithZeroTemp":{"iob":-2.11,"basaliob":-2.124,"bolussnooze":0,"activity":-0.0231,"lastBolusTime":1703108234902,"time":"2023-12-21T01:07:04.205Z"}},{"iob":-0.03,"basaliob":-0.042,"bolussnooze":0,"activity":-5.0E-4,"lastBolusTime":1703108234902,"time":"2023-12-21T01:12:04.205Z","iobWithZeroTemp":{"iob":-2.12,"basaliob":-2.132,"bolussnooze":0,"activity":-0.0232,"lastBolusTime":1703108234902,"time":"2023-12-21T01:12:04.205Z"}},{"iob":-0.027,"basaliob":-0.038,"bolussnooze":0,"activity":-5.0E-4,"lastBolusTime":1703108234902,"time":"2023-12-21T01:17:04.205Z","iobWithZeroTemp":{"iob":-2.128,"basaliob":-2.139,"bolussnooze":0,"activity":-0.0234,"lastBolusTime":1703108234902,"time":"2023-12-21T01:17:04.205Z"}},{"iob":-0.024,"basaliob":-0.034,"bolussnooze":0,"activity":-5.0E-4,"lastBolusTime":1703108234902,"time":"2023-12-21T01:22:04.205Z","iobWithZeroTemp":{"iob":-2.135,"basaliob":-2.145,"bolussnooze":0,"activity":-0.0236,"lastBolusTime":1703108234902,"time":"2023-12-21T01:22:04.205Z"}},{"iob":-0.022,"basaliob":-0.031,"bolussnooze":0,"activity":-4.0E-4,"lastBolusTime":1703108234902,"time":"2023-12-21T01:27:04.205Z","iobWithZeroTemp":{"iob":-2.141,"basaliob":-2.15,"bolussnooze":0,"activity":-0.0237,"lastBolusTime":1703108234902,"time":"2023-12-21T01:27:04.205Z"}},{"iob":-0.02,"basaliob":-0.028,"bolussnooze":0,"activity":-4.0E-4,"lastBolusTime":1703108234902,"time":"2023-12-21T01:32:04.205Z","iobWithZeroTemp":{"iob":-2.148,"basaliob":-2.156,"bolussnooze":0,"activity":-0.0239,"lastBolusTime":1703108234902,"time":"2023-12-21T01:32:04.205Z"}},{"iob":-0.018,"basaliob":-0.025,"bolussnooze":0,"activity":-3.0E-4,"lastBolusTime":1703108234902,"time":"2023-12-21T01:37:04.205Z","iobWithZeroTemp":{"iob":-2.153,"basaliob":-2.16,"bolussnooze":0,"activity":-0.0239,"lastBolusTime":1703108234902,"time":"2023-12-21T01:37:04.205Z"}},{"iob":-0.017,"basaliob":-0.023,"bolussnooze":0,"activity":-4.0E-4,"lastBolusTime":1703108234902,"time":"2023-12-21T01:42:04.205Z","iobWithZeroTemp":{"iob":-2.158,"basaliob":-2.164,"bolussnooze":0,"activity":-0.0242,"lastBolusTime":1703108234902,"time":"2023-12-21T01:42:04.205Z"}},{"iob":-0.015,"basaliob":-0.021,"bolussnooze":0,"activity":-3.0E-4,"lastBolusTime":1703108234902,"time":"2023-12-21T01:47:04.205Z","iobWithZeroTemp":{"iob":-2.162,"basaliob":-2.168,"bolussnooze":0,"activity":-0.0242,"lastBolusTime":1703108234902,"time":"2023-12-21T01:47:04.205Z"}},{"iob":-0.014,"basaliob":-0.019,"bolussnooze":0,"activity":-3.0E-4,"lastBolusTime":1703108234902,"time":"2023-12-21T01:52:04.205Z","iobWithZeroTemp":{"iob":-2.167,"basaliob":-2.172,"bolussnooze":0,"activity":-0.0243,"lastBolusTime":1703108234902,"time":"2023-12-21T01:52:04.205Z"}},{"iob":-0.012,"basaliob":-0.017,"bolussnooze":0,"activity":-3.0E-4,"lastBolusTime":1703108234902,"time":"2023-12-21T01:57:04.205Z","iobWithZeroTemp":{"iob":-2.169,"basaliob":-2.174,"bolussnooze":0,"activity":-0.0244,"lastBolusTime":1703108234902,"time":"2023-12-21T01:57:04.205Z"}},{"iob":-0.011,"basaliob":-0.015,"bolussnooze":0,"activity":-2.0E-4,"lastBolusTime":1703108234902,"time":"2023-12-21T02:02:04.205Z","iobWithZeroTemp":{"iob":-2.173,"basaliob":-2.177,"bolussnooze":0,"activity":-0.0244,"lastBolusTime":1703108234902,"time":"2023-12-21T02:02:04.205Z"}},{"iob":-0.01,"basaliob":-0.014,"bolussnooze":0,"activity":-2.0E-4,"lastBolusTime":1703108234902,"time":"2023-12-21T02:07:04.205Z","iobWithZeroTemp":{"iob":-2.159,"basaliob":-2.163,"bolussnooze":0,"activity":-0.0245,"lastBolusTime":1703108234902,"time":"2023-12-21T02:07:04.205Z"}},{"iob":-0.009,"basaliob":-0.012,"bolussnooze":0,"activity":-2.0E-4,"lastBolusTime":1703108234902,"time":"2023-12-21T02:12:04.205Z","iobWithZeroTemp":{"iob":-2.145,"basaliob":-2.148,"bolussnooze":0,"activity":-0.0245,"lastBolusTime":1703108234902,"time":"2023-12-21T02:12:04.205Z"}},{"iob":-0.008,"basaliob":-0.011,"bolussnooze":0,"activity":-1.0E-4,"lastBolusTime":1703108234902,"time":"2023-12-21T02:17:04.205Z","iobWithZeroTemp":{"iob":-2.131,"basaliob":-2.134,"bolussnooze":0,"activity":-0.0244,"lastBolusTime":1703108234902,"time":"2023-12-21T02:17:04.205Z"}},{"iob":-0.007,"basaliob":-0.01,"bolussnooze":0,"activity":-1.0E-4,"lastBolusTime":1703108234902,"time":"2023-12-21T02:22:04.205Z","iobWithZeroTemp":{"iob":-2.117,"basaliob":-2.12,"bolussnooze":0,"activity":-0.0243,"lastBolusTime":1703108234902,"time":"2023-12-21T02:22:04.205Z"}}],"profile":{"max_iob":20,"type":"current","max_daily_basal":1.6,"max_basal":4.8,"min_bg":90,"max_bg":90,"target_bg":90,"carb_ratio":4.5,"sens":63,"max_daily_safety_multiplier":3,"current_basal_safety_multiplier":4,"high_temptarget_raises_sensitivity":false,"low_temptarget_lowers_sensitivity":false,"sensitivity_raises_target":false,"resistance_lowers_target":false,"adv_target_adjustments":false,"exercise_mode":false,"half_basal_exercise_target":160,"maxCOB":120,"skip_neutral_temps":false,"remainingCarbsCap":90,"enableUAM":true,"A52_risk_enable":false,"SMBInterval":3,"enableSMB_with_COB":false,"enableSMB_with_temptarget":false,"allowSMB_with_high_temptarget":true,"enableSMB_always":true,"enableSMB_after_carbs":false,"maxSMBBasalMinutes":120,"maxUAMSMBBasalMinutes":120,"bolus_increment":0.05,"carbsReqThreshold":1,"current_basal":1.5,"temptargetSet":false,"autosens_max":1.8,"out_units":"mmol\/L"},"autosens_data":{"ratio":1},"meal_data":{"carbs":0,"mealCOB":0,"slopeFromMaxDeviation":-0.545,"slopeFromMinDeviation":0.7075,"lastBolusTime":1703108234902,"lastCarbTime":0},"microBolusAllowed":true,"currentTime":1703111226068,"flatBGsDetected":false},"output":{"temp":"absolute","bg":75,"tick":"+1","eventualBG":85,"targetBG":90,"insulinReq":0,"deliverAt":"2023-12-20T22:27:06.068Z","sensitivityRatio":1,"predBGs":{"IOB":[75,75,75,75,76,76,77,77,78,78,79,80,81,82,82,83,84,84,85,86,86,87,87,87,88,88,89,89,89,89,90,90,90,90,90,91,91,91,91,91,91,91,91,92],"ZT":[75,76,76,77,78,80,81,83,86,88]},"COB":0,"IOB":-0.328,"reason":"COB: 0, Dev: -0.6, BGI: 0.0, ISF: 3.5, CR: 4.5, Target: 5.0, minPredBG 4.7, minGuardBG 4.2, IOBpredBG 5.1; Eventual BG 4.7 < 5.0, temp 0.8 ~< req 1.18U\/hr. ","timestamp":"2023-12-20T22:27:06.191Z"}}