{"algorithm":"OpenAPSSMBPlugin","input":{"glucoseStatus":{"glucose":84,"noise":0,"delta":0,"short_avgdelta":0.5,"long_avgdelta":-1.09,"date":1703109702892},"currenttemp":{"temp":"absolute","duration":24,"rate":0.05,"minutesrunning":6},"iob_data":[{"iob":-0.187,"basaliob":-0.547,"bolussnooze":0,"activity":6.0E-4,"lastBolusTime":1703108234902,"time":"2023-12-20T22:02:55.732Z","iobWithZeroTemp":{"iob":-0.187,"basaliob":-0.547,"bolussnooze":0,"activity":6.0E-4,"lastBolusTime":1703108234902,"time":"2023-12-20T22:02:55.732Z"}},{"iob":-0.189,"basaliob":-0.526,"bolussnooze":0,"activity":0,"lastBolusTime":1703108234902,"time":"2023-12-20T22:07:55.732Z","iobWithZeroTemp":{"iob":-0.289,"basaliob":-0.626,"bolussnooze":0,"activity":-1.0E-4,"lastBolusTime":1703108234902,"time":"2023-12-20T22:07:55.732Z"}},{"iob":-0.187,"basaliob":-0.502,"bolussnooze":0,"activity":-4.0E-4,"lastBolusTime":1703108234902,"time":"2023-12-20T22:12:55.732Z","iobWithZeroTemp":{"iob":-0.411,"basaliob":-0.726,"bolussnooze":0,"activity":-8.0E-4,"lastBolusTime":1703108234902,"time":"2023-12-20T22:12:55.732Z"}},{"iob":-0.185,"basaliob":-0.478,"bolussnooze":0,"activity":-7.0E-4,"lastBolusTime":1703108234902,"time":"2023-12-20T22:17:55.732Z","iobWithZeroTemp":{"iob":-0.53,"basaliob":-0.823,"bolussnooze":0,"activity":-0.0017,"lastBolusTime":1703108234902,"time":"2023-12-20T22:17:55.732Z"}},{"iob":-0.18,"basaliob":-0.453,"bolussnooze":0,"activity":-0.001,"lastBolusTime":1703108234902,"time":"2023-12-20T22:22:55.732Z","iobWithZeroTemp":{"iob":-0.644,"basaliob":-0.917,"bolussnooze":0,"activity":-0.0027,"lastBolusTime":1703108234902,"time":"2023-12-20T22:22:55.732Z"}},{"iob":-0.175,"basaliob":-0.428,"bolussnooze":0,"activity":-0.0012,"lastBolusTime":1703108234902,"time":"2023-12-20T22:27:55.732Z","iobWithZeroTemp":{"iob":-0.753,"basaliob":-1.006,"bolussnooze":0,"activity":-0.0038,"lastBolusTime":1703108234902,"time":"2023-12-20T22:27:55.732Z"}},{"iob":-0.168,"basaliob":-0.403,"bolussnooze":0,"activity":-0.0013,"lastBolusTime":1703108234902,"time":"2023-12-20T22:32:55.732Z","iobWithZeroTemp":{"iob":-0.856,"basaliob":-1.091,"bolussnooze":0,"activity":-0.0048,"lastBolusTime":1703108234902,"time":"2023-12-20T22:32:55.732Z"}},{"iob":-0.161,"basaliob":-0.379,"bolussnooze":0,"activity":-0.0014,"lastBolusTime":1703108234902,"time":"2023-12-20T22:37:55.732Z","iobWithZeroTemp":{"iob":-0.954,"basaliob":-1.172,"bolussnooze":0,"activity":-0.0059,"lastBolusTime":1703108234902,"time":"2023-12-20T22:37:55.732Z"}},{"iob":-0.154,"basaliob":-0.355,"bolussnooze":0,"activity":-0.0015,"lastBolusTime":1703108234902,"time":"2023-12-20T22:42:55.732Z","iobWithZeroTemp":{"iob":-1.047,"basaliob":-1.248,"bolussnooze":0,"activity":-0.007,"lastBolusTime":1703108234902,"time":"2023-12-20T22:42:55.732Z"}},{"iob":-0.146,"basaliob":-0.332,"bolussnooze":0,"activity":-0.0015,"lastBolusTime":1703108234902,"time":"2023-12-20T22:47:55.732Z","iobWithZeroTemp":{"iob":-1.135,"basaliob":-1.321,"bolussnooze":0,"activity":-0.008,"lastBolusTime":1703108234902,"time":"2023-12-20T22:47:55.732Z"}},{"iob":-0.138,"basaliob":-0.309,"bolussnooze":0,"activity":-0.0016,"lastBolusTime":1703108234902,"time":"2023-12-20T22:52:55.732Z","iobWithZeroTemp":{"iob":-1.216,"basaliob":-1.387,"bolussnooze":0,"activity":-0.0091,"lastBolusTime":1703108234902,"time":"2023-12-20T22:52:55.732Z"}},{"iob":-0.13,"basaliob":-0.288,"bolussnooze":0,"activity":-0.0016,"lastBolusTime":1703108234902,"time":"2023-12-20T22:57:55.732Z","iobWithZeroTemp":{"iob":-1.293,"basaliob":-1.451,"bolussnooze":0,"activity":-0.0102,"lastBolusTime":1703108234902,"time":"2023-12-20T22:57:55.732Z"}},{"iob":-0.123,"basaliob":-0.268,"bolussnooze":0,"activity":-0.0016,"lastBolusTime":1703108234902,"time":"2023-12-20T23:02:55.732Z","iobWithZeroTemp":{"iob":-1.374,"basaliob":-1.519,"bolussnooze":0,"activity":-0.0112,"lastBolusTime":1703108234902,"time":"2023-12-20T23:02:55.732Z"}},{"iob":-0.115,"basaliob":-0.248,"bolussnooze":0,"activity":-0.0015,"lastBolusTime":1703108234902,"time":"2023-12-20T23:07:55.732Z","iobWithZeroTemp":{"iob":-1.449,"basaliob":-1.582,"bolussnooze":0,"activity":-0.0121,"lastBolusTime":1703108234902,"time":"2023-12-20T23:07:55.732Z"}},{"iob":-0.108,"basaliob":-0.23,"bolussnooze":0,"activity":-0.0015,"lastBolusTime":1703108234902,"time":"2023-12-20T23:12:55.732Z","iobWithZeroTemp":{"iob":-1.52,"basaliob":-1.642,"bolussnooze":0,"activity":-0.0131,"lastBolusTime":1703108234902,"time":"2023-12-20T23:12:55.732Z"}},{"iob":-0.101,"basaliob":-0.213,"bolussnooze":0,"activity":-0.0014,"lastBolusTime":1703108234902,"time":"2023-12-20T23:17:55.732Z","iobWithZeroTemp":{"iob":-1.586,"basaliob":-1.698,"bolussnooze":0,"activity":-0.014,"lastBolusTime":1703108234902,"time":"2023-12-20T23:17:55.732Z"}},{"iob":-0.093,"basaliob":-0.196,"bolussnooze":0,"activity":-0.0014,"lastBolusTime":1703108234902,"time":"2023-12-20T23:22:55.732Z","iobWithZeroTemp":{"iob":-1.646,"basaliob":-1.749,"bolussnooze":0,"activity":-0.0149,"lastBolusTime":1703108234902,"time":"2023-12-20T23:22:55.732Z"}},{"iob":-0.087,"basaliob":-0.181,"bolussnooze":0,"activity":-0.0013,"lastBolusTime":1703108234902,"time":"2023-12-20T23:27:55.732Z","iobWithZeroTemp":{"iob":-1.704,"basaliob":-1.798,"bolussnooze":0,"activity":-0.0157,"lastBolusTime":1703108234902,"time":"2023-12-20T23:27:55.732Z"}},{"iob":-0.081,"basaliob":-0.167,"bolussnooze":0,"activity":-0.0013,"lastBolusTime":1703108234902,"time":"2023-12-20T23:32:55.732Z","iobWithZeroTemp":{"iob":-1.757,"basaliob":-1.843,"bolussnooze":0,"activity":-0.0165,"lastBolusTime":1703108234902,"time":"2023-12-20T23:32:55.732Z"}},{"iob":-0.076,"basaliob":-0.154,"bolussnooze":0,"activity":-0.0012,"lastBolusTime":1703108234902,"time":"2023-12-20T23:37:55.732Z","iobWithZeroTemp":{"iob":-1.807,"basaliob":-1.885,"bolussnooze":0,"activity":-0.0172,"lastBolusTime":1703108234902,"time":"2023-12-20T23:37:55.732Z"}},{"iob":-0.07,"basaliob":-0.141,"bolussnooze":0,"activity":-0.0011,"lastBolusTime":1703108234902,"time":"2023-12-20T23:42:55.732Z","iobWithZeroTemp":{"iob":-1.852,"basaliob":-1.923,"bolussnooze":0,"activity":-0.0179,"lastBolusTime":1703108234902,"time":"2023-12-20T23:42:55.732Z"}},{"iob":-0.065,"basaliob":-0.13,"bolussnooze":0,"activity":-0.001,"lastBolusTime":1703108234902,"time":"2023-12-20T23:47:55.732Z","iobWithZeroTemp":{"iob":-1.895,"basaliob":-1.96,"bolussnooze":0,"activity":-0.0186,"lastBolusTime":1703108234902,"time":"2023-12-20T23:47:55.732Z"}},{"iob":-0.06,"basaliob":-0.119,"bolussnooze":0,"activity":-0.001,"lastBolusTime":1703108234902,"time":"2023-12-20T23:52:55.732Z","iobWithZeroTemp":{"iob":-1.934,"basaliob":-1.993,"bolussnooze":0,"activity":-0.0192,"lastBolusTime":1703108234902,"time":"2023-12-20T23:52:55.732Z"}},{"iob":-0.055,"basaliob":-0.109,"bolussnooze":0,"activity":-9.0E-4,"lastBolusTime":1703108234902,"time":"2023-12-20T23:57:55.732Z","iobWithZeroTemp":{"iob":-1.969,"basaliob":-2.023,"bolussnooze":0,"activity":-0.0198,"lastBolusTime":1703108234902,"time":"2023-12-20T23:57:55.732Z"}},{"iob":-0.051,"basaliob":-0.1,"bolussnooze":0,"activity":-9.0E-4,"lastBolusTime":1703108234902,"time":"2023-12-21T00:02:55.732Z","iobWithZeroTemp":{"iob":-1.994,"basaliob":-2.043,"bolussnooze":0,"activity":-0.0204,"lastBolusTime":1703108234902,"time":"2023-12-21T00:02:55.732Z"}},{"iob":-0.046,"basaliob":-0.091,"bolussnooze":0,"activity":-7.0E-4,"lastBolusTime":1703108234902,"time":"2023-12-21T00:07:55.732Z","iobWithZeroTemp":{"iob":-2.016,"basaliob":-2.061,"bolussnooze":0,"activity":-0.0207,"lastBolusTime":1703108234902,"time":"2023-12-21T00:07:55.732Z"}},{"iob":-0.042,"basaliob":-0.083,"bolussnooze":0,"activity":-7.0E-4,"lastBolusTime":1703108234902,"time":"2023-12-21T00:12:55.732Z","iobWithZeroTemp":{"iob":-2.035,"basaliob":-2.076,"bolussnooze":0,"activity":-0.0212,"lastBolusTime":1703108234902,"time":"2023-12-21T00:12:55.732Z"}},{"iob":-0.039,"basaliob":-0.076,"bolussnooze":0,"activity":-7.0E-4,"lastBolusTime":1703108234902,"time":"2023-12-21T00:17:55.732Z","iobWithZeroTemp":{"iob":-2.054,"basaliob":-2.091,"bolussnooze":0,"activity":-0.0217,"lastBolusTime":1703108234902,"time":"2023-12-21T00:17:55.732Z"}},{"iob":-0.036,"basaliob":-0.069,"bolussnooze":0,"activity":-6.0E-4,"lastBolusTime":1703108234902,"time":"2023-12-21T00:22:55.732Z","iobWithZeroTemp":{"iob":-2.07,"basaliob":-2.103,"bolussnooze":0,"activity":-0.022,"lastBolusTime":1703108234902,"time":"2023-12-21T00:22:55.732Z"}},{"iob":-0.033,"basaliob":-0.063,"bolussnooze":0,"activity":-6.0E-4,"lastBolusTime":1703108234902,"time":"2023-12-21T00:27:55.732Z","iobWithZeroTemp":{"iob":-2.084,"basaliob":-2.114,"bolussnooze":0,"activity":-0.0223,"lastBolusTime":1703108234902,"time":"2023-12-21T00:27:55.732Z"}},{"iob":-0.03,"basaliob":-0.057,"bolussnooze":0,"activity":-6.0E-4,"lastBolusTime":1703108234902,"time":"2023-12-21T00:32:55.732Z","iobWithZeroTemp":{"iob":-2.097,"basaliob":-2.124,"bolussnooze":0,"activity":-0.0227,"lastBolusTime":1703108234902,"time":"2023-12-21T00:32:55.732Z"}},{"iob":-0.027,"basaliob":-0.052,"bolussnooze":0,"activity":-5.0E-4,"lastBolusTime":1703108234902,"time":"2023-12-21T00:37:55.732Z","iobWithZeroTemp":{"iob":-2.108,"basaliob":-2.133,"bolussnooze":0,"activity":-0.0229,"lastBolusTime":1703108234902,"time":"2023-12-21T00:37:55.732Z"}},{"iob":-0.026,"basaliob":-0.048,"bolussnooze":0,"activity":-4.0E-4,"lastBolusTime":1703108234902,"time":"2023-12-21T00:42:55.732Z","iobWithZeroTemp":{"iob":-2.119,"basaliob":-2.141,"bolussnooze":0,"activity":-0.023,"lastBolusTime":1703108234902,"time":"2023-12-21T00:42:55.732Z"}},{"iob":-0.023,"basaliob":-0.043,"bolussnooze":0,"activity":-4.0E-4,"lastBolusTime":1703108234902,"time":"2023-12-21T00:47:55.732Z","iobWithZeroTemp":{"iob":-2.128,"basaliob":-2.148,"bolussnooze":0,"activity":-0.0233,"lastBolusTime":1703108234902,"time":"2023-12-21T00:47:55.732Z"}},{"iob":-0.021,"basaliob":-0.039,"bolussnooze":0,"activity":-4.0E-4,"lastBolusTime":1703108234902,"time":"2023-12-21T00:52:55.732Z","iobWithZeroTemp":{"iob":-2.136,"basaliob":-2.154,"bolussnooze":0,"activity":-0.0235,"lastBolusTime":1703108234902,"time":"2023-12-21T00:52:55.732Z"}},{"iob":-0.019,"basaliob":-0.036,"bolussnooze":0,"activity":-4.0E-4,"lastBolusTime":1703108234902,"time":"2023-12-21T00:57:55.732Z","iobWithZeroTemp":{"iob":-2.143,"basaliob":-2.16,"bolussnooze":0,"activity":-0.0237,"lastBolusTime":1703108234902,"time":"2023-12-21T00:57:55.732Z"}},{"iob":-0.017,"basaliob":-0.032,"bolussnooze":0,"activity":-3.0E-4,"lastBolusTime":1703108234902,"time":"2023-12-21T01:02:55.732Z","iobWithZeroTemp":{"iob":-2.149,"basaliob":-2.164,"bolussnooze":0,"activity":-0.0238,"lastBolusTime":1703108234902,"time":"2023-12-21T01:02:55.732Z"}},{"iob":-0.016,"basaliob":-0.029,"bolussnooze":0,"activity":-3.0E-4,"lastBolusTime":1703108234902,"time":"2023-12-21T01:07:55.732Z","iobWithZeroTemp":{"iob":-2.155,"basaliob":-2.168,"bolussnooze":0,"activity":-0.0239,"lastBolusTime":1703108234902,"time":"2023-12-21T01:07:55.732Z"}},{"iob":-0.014,"basaliob":-0.026,"bolussnooze":0,"activity":-2.0E-4,"lastBolusTime":1703108234902,"time":"2023-12-21T01:12:55.732Z","iobWithZeroTemp":{"iob":-2.16,"basaliob":-2.172,"bolussnooze":0,"activity":-0.024,"lastBolusTime":1703108234902,"time":"2023-12-21T01:12:55.732Z"}},{"iob":-0.013,"basaliob":-0.024,"bolussnooze":0,"activity":-3.0E-4,"lastBolusTime":1703108234902,"time":"2023-12-21T01:17:55.732Z","iobWithZeroTemp":{"iob":-2.165,"basaliob":-2.176,"bolussnooze":0,"activity":-0.0242,"lastBolusTime":1703108234902,"time":"2023-12-21T01:17:55.732Z"}},{"iob":-0.012,"basaliob":-0.022,"bolussnooze":0,"activity":-2.0E-4,"lastBolusTime":1703108234902,"time":"2023-12-21T01:22:55.732Z","iobWithZeroTemp":{"iob":-2.169,"basaliob":-2.179,"bolussnooze":0,"activity":-0.0242,"lastBolusTime":1703108234902,"time":"2023-12-21T01:22:55.732Z"}},{"iob":-0.011,"basaliob":-0.02,"bolussnooze":0,"activity":-2.0E-4,"lastBolusTime":1703108234902,"time":"2023-12-21T01:27:55.732Z","iobWithZeroTemp":{"iob":-2.173,"basaliob":-2.182,"bolussnooze":0,"activity":-0.0243,"lastBolusTime":1703108234902,"time":"2023-12-21T01:27:55.732Z"}},{"iob":-0.01,"basaliob":-0.018,"bolussnooze":0,"activity":-2.0E-4,"lastBolusTime":1703108234902,"time":"2023-12-21T01:32:55.732Z","iobWithZeroTemp":{"iob":-2.176,"basaliob":-2.184,"bolussnooze":0,"activity":-0.0244,"lastBolusTime":1703108234902,"time":"2023-12-21T01:32:55.732Z"}},{"iob":-0.009,"basaliob":-0.016,"bolussnooze":0,"activity":-1.0E-4,"lastBolusTime":1703108234902,"time":"2023-12-21T01:37:55.732Z","iobWithZeroTemp":{"iob":-2.179,"basaliob":-2.186,"bolussnooze":0,"activity":-0.0244,"lastBolusTime":1703108234902,"time":"2023-12-21T01:37:55.732Z"}},{"iob":-0.008,"basaliob":-0.014,"bolussnooze":0,"activity":-2.0E-4,"lastBolusTime":1703108234902,"time":"2023-12-21T01:42:55.732Z","iobWithZeroTemp":{"iob":-2.181,"basaliob":-2.187,"bolussnooze":0,"activity":-0.0246,"lastBolusTime":1703108234902,"time":"2023-12-21T01:42:55.732Z"}},{"iob":-0.007,"basaliob":-0.013,"bolussnooze":0,"activity":-2.0E-4,"lastBolusTime":1703108234902,"time":"2023-12-21T01:47:55.732Z","iobWithZeroTemp":{"iob":-2.183,"basaliob":-2.189,"bolussnooze":0,"activity":-0.0247,"lastBolusTime":1703108234902,"time":"2023-12-21T01:47:55.732Z"}},{"iob":-0.007,"basaliob":-0.012,"bolussnooze":0,"activity":-1.0E-4,"lastBolusTime":1703108234902,"time":"2023-12-21T01:52:55.732Z","iobWithZeroTemp":{"iob":-2.186,"basaliob":-2.191,"bolussnooze":0,"activity":-0.0246,"lastBolusTime":1703108234902,"time":"2023-12-21T01:52:55.732Z"}},{"iob":-0.005,"basaliob":-0.01,"bolussnooze":0,"activity":-1.0E-4,"lastBolusTime":1703108234902,"time":"2023-12-21T01:57:55.732Z","iobWithZeroTemp":{"iob":-2.186,"basaliob":-2.191,"bolussnooze":0,"activity":-0.0247,"lastBolusTime":1703108234902,"time":"2023-12-21T01:57:55.732Z"}}],"profile":{"max_iob":20,"type":"current","max_daily_basal":1.6,"max_basal":4.8,"min_bg":90,"max_bg":90,"target_bg":90,"carb_ratio":4.5,"sens":63,"max_daily_safety_multiplier":3,"current_basal_safety_multiplier":4,"high_temptarget_raises_sensitivity":false,"low_temptarget_lowers_sensitivity":false,"sensitivity_raises_target":false,"resistance_lowers_target":false,"adv_target_adjustments":false,"exercise_mode":false,"half_basal_exercise_target":160,"maxCOB":120,"skip_neutral_temps":false,"remainingCarbsCap":90,"enableUAM":true,"A52_risk_enable":false,"SMBInterval":3,"enableSMB_with_COB":false,"enableSMB_with_temptarget":false,"allowSMB_with_high_temptarget":true,"enableSMB_always":true,"enableSMB_after_carbs":false,"maxSMBBasalMinutes":120,"maxUAMSMBBasalMinutes":120,"bolus_increment":0.05,"carbsReqThreshold":1,"current_basal":1.5,"temptargetSet":false,"autosens_max":1.8,"out_units":"mmol\/L"},"autosens_data":{"ratio":1},"meal_data":{"carbs":0,"mealCOB":0,"slopeFromMaxDeviation":0,"slopeFromMinDeviation":0.5827777777777778,"lastBolusTime":1703108234902,"lastCarbTime":0},"microBolusAllowed":true,"currentTime":1703109779037,"flatBGsDetected":false},"output":{"temp":"absolute","bg":84,"tick":"+0","eventualBG":97,"targetBG":90,"insulinReq":0.02,"deliverAt":"2023-12-20T22:02:59.037Z","sensitivityRatio":1,"predBGs":{"IOB":[84,84,84,84,85,85,86,86,87,87,88,88,89,89,90,90,91,91,91,92,92,93,93,93,94,94,94,94,94,95,95,95,95,95,95,96],"ZT":[84,84,84,84,85,85,87,88,90],"UAM":[84,84,84,84,84,84,85,85,86,86,87,87,88,88,89,89,90,90,90,91,91,92,92,92,92,93,93,93,93,94,94,94,94,94,94,95]},"COB":0,"IOB":-0.187,"reason":"COB: 0, Dev: 0.1, BGI: 0.0, ISF: 3.5, CR: 4.5, Target: 5.0, minPredBG 5.1, minGuardBG 4.7, IOBpredBG 5.3, UAMpredBG 5.3; Eventual BG 5.4 >= 5.0,  insulinReq 0.02. temp 0.05 < 1.54U\/hr. ","duration":30,"rate":1.54,"timestamp":"2023-12-20T22:02:59.139Z"}}