{"algorithm":"OpenAPSSMBPlugin","input":{"glucoseStatus":{"glucose":39,"noise":0,"delta":-0.33,"short_avgdelta":-0.33,"long_avgdelta":-4.89,"date":1703079701440},"currenttemp":{"temp":"absolute","duration":90,"rate":0,"minutesrunning":30},"iob_data":[{"iob":0.53,"basaliob":-1.069,"bolussnooze":0.4769,"activity":0.0108,"lastBolusTime":1703076907848,"time":"2023-12-20T13:42:04.159Z","iobWithZeroTemp":{"iob":0.53,"basaliob":-1.069,"bolussnooze":0.4769,"activity":0.0108,"lastBolusTime":1703076907848,"time":"2023-12-20T13:42:04.159Z"}},{"iob":0.479,"basaliob":-1.007,"bolussnooze":0.4012,"activity":0.0098,"lastBolusTime":1703076907848,"time":"2023-12-20T13:47:04.159Z","iobWithZeroTemp":{"iob":0.432,"basaliob":-1.054,"bolussnooze":0.4012,"activity":0.0098,"lastBolusTime":1703076907848,"time":"2023-12-20T13:47:04.159Z"}},{"iob":0.432,"basaliob":-0.946,"bolussnooze":0.3363,"activity":0.0089,"lastBolusTime":1703076907848,"time":"2023-12-20T13:52:04.159Z","iobWithZeroTemp":{"iob":0.328,"basaliob":-1.05,"bolussnooze":0.3363,"activity":0.0087,"lastBolusTime":1703076907848,"time":"2023-12-20T13:52:04.159Z"}},{"iob":0.389,"basaliob":-0.887,"bolussnooze":0.2808,"activity":0.0081,"lastBolusTime":1703076907848,"time":"2023-12-20T13:57:04.159Z","iobWithZeroTemp":{"iob":0.228,"basaliob":-1.048,"bolussnooze":0.2808,"activity":0.0076,"lastBolusTime":1703076907848,"time":"2023-12-20T13:57:04.159Z"}},{"iob":0.351,"basaliob":-0.829,"bolussnooze":0.2337,"activity":0.0073,"lastBolusTime":1703076907848,"time":"2023-12-20T14:02:04.159Z","iobWithZeroTemp":{"iob":0.135,"basaliob":-1.045,"bolussnooze":0.2337,"activity":0.0065,"lastBolusTime":1703076907848,"time":"2023-12-20T14:02:04.159Z"}},{"iob":0.317,"basaliob":-0.773,"bolussnooze":0.1938,"activity":0.0066,"lastBolusTime":1703076907848,"time":"2023-12-20T14:07:04.159Z","iobWithZeroTemp":{"iob":0.047,"basaliob":-1.043,"bolussnooze":0.1938,"activity":0.0054,"lastBolusTime":1703076907848,"time":"2023-12-20T14:07:04.159Z"}},{"iob":0.285,"basaliob":-0.72,"bolussnooze":0.1603,"activity":0.006,"lastBolusTime":1703076907848,"time":"2023-12-20T14:12:04.159Z","iobWithZeroTemp":{"iob":-0.036,"basaliob":-1.041,"bolussnooze":0.1603,"activity":0.0044,"lastBolusTime":1703076907848,"time":"2023-12-20T14:12:04.159Z"}},{"iob":0.257,"basaliob":-0.669,"bolussnooze":0.1321,"activity":0.0054,"lastBolusTime":1703076907848,"time":"2023-12-20T14:17:04.159Z","iobWithZeroTemp":{"iob":-0.113,"basaliob":-1.039,"bolussnooze":0.1321,"activity":0.0033,"lastBolusTime":1703076907848,"time":"2023-12-20T14:17:04.159Z"}},{"iob":0.231,"basaliob":-0.621,"bolussnooze":0.1086,"activity":0.0049,"lastBolusTime":1703076907848,"time":"2023-12-20T14:22:04.159Z","iobWithZeroTemp":{"iob":-0.186,"basaliob":-1.038,"bolussnooze":0.1086,"activity":0.0023,"lastBolusTime":1703076907848,"time":"2023-12-20T14:22:04.159Z"}},{"iob":0.208,"basaliob":-0.575,"bolussnooze":0.089,"activity":0.0044,"lastBolusTime":1703076907848,"time":"2023-12-20T14:27:04.159Z","iobWithZeroTemp":{"iob":-0.253,"basaliob":-1.036,"bolussnooze":0.089,"activity":0.0014,"lastBolusTime":1703076907848,"time":"2023-12-20T14:27:04.159Z"}},{"iob":0.186,"basaliob":-0.532,"bolussnooze":0.0728,"activity":0.004,"lastBolusTime":1703076907848,"time":"2023-12-20T14:32:04.159Z","iobWithZeroTemp":{"iob":-0.317,"basaliob":-1.035,"bolussnooze":0.0728,"activity":5.0E-4,"lastBolusTime":1703076907848,"time":"2023-12-20T14:32:04.159Z"}},{"iob":0.168,"basaliob":-0.491,"bolussnooze":0.0593,"activity":0.0036,"lastBolusTime":1703076907848,"time":"2023-12-20T14:37:04.159Z","iobWithZeroTemp":{"iob":-0.375,"basaliob":-1.034,"bolussnooze":0.0593,"activity":-4.0E-4,"lastBolusTime":1703076907848,"time":"2023-12-20T14:37:04.159Z"}},{"iob":0.15,"basaliob":-0.453,"bolussnooze":0.0482,"activity":0.0032,"lastBolusTime":1703076907848,"time":"2023-12-20T14:42:04.159Z","iobWithZeroTemp":{"iob":-0.43,"basaliob":-1.033,"bolussnooze":0.0482,"activity":-0.0013,"lastBolusTime":1703076907848,"time":"2023-12-20T14:42:04.159Z"}},{"iob":0.135,"basaliob":-0.417,"bolussnooze":0.0391,"activity":0.0029,"lastBolusTime":1703076907848,"time":"2023-12-20T14:47:04.159Z","iobWithZeroTemp":{"iob":-0.48,"basaliob":-1.032,"bolussnooze":0.0391,"activity":-0.002,"lastBolusTime":1703076907848,"time":"2023-12-20T14:47:04.159Z"}},{"iob":0.121,"basaliob":-0.384,"bolussnooze":0.0316,"activity":0.0027,"lastBolusTime":1703076907848,"time":"2023-12-20T14:52:04.159Z","iobWithZeroTemp":{"iob":-0.526,"basaliob":-1.031,"bolussnooze":0.0316,"activity":-0.0027,"lastBolusTime":1703076907848,"time":"2023-12-20T14:52:04.159Z"}},{"iob":0.108,"basaliob":-0.353,"bolussnooze":0.0255,"activity":0.0024,"lastBolusTime":1703076907848,"time":"2023-12-20T14:57:04.159Z","iobWithZeroTemp":{"iob":-0.57,"basaliob":-1.031,"bolussnooze":0.0255,"activity":-0.0034,"lastBolusTime":1703076907848,"time":"2023-12-20T14:57:04.159Z"}},{"iob":0.097,"basaliob":-0.324,"bolussnooze":0.0204,"activity":0.0021,"lastBolusTime":1703076907848,"time":"2023-12-20T15:02:04.159Z","iobWithZeroTemp":{"iob":-0.609,"basaliob":-1.03,"bolussnooze":0.0204,"activity":-0.0041,"lastBolusTime":1703076907848,"time":"2023-12-20T15:02:04.159Z"}},{"iob":0.087,"basaliob":-0.297,"bolussnooze":0.0164,"activity":0.0019,"lastBolusTime":1703076907848,"time":"2023-12-20T15:07:04.159Z","iobWithZeroTemp":{"iob":-0.637,"basaliob":-1.021,"bolussnooze":0.0164,"activity":-0.0047,"lastBolusTime":1703076907848,"time":"2023-12-20T15:07:04.159Z"}},{"iob":0.078,"basaliob":-0.272,"bolussnooze":0.0131,"activity":0.0017,"lastBolusTime":1703076907848,"time":"2023-12-20T15:12:04.159Z","iobWithZeroTemp":{"iob":-0.663,"basaliob":-1.013,"bolussnooze":0.0131,"activity":-0.0052,"lastBolusTime":1703076907848,"time":"2023-12-20T15:12:04.159Z"}},{"iob":0.069,"basaliob":-0.249,"bolussnooze":0.0104,"activity":0.0016,"lastBolusTime":1703076907848,"time":"2023-12-20T15:17:04.159Z","iobWithZeroTemp":{"iob":-0.686,"basaliob":-1.004,"bolussnooze":0.0104,"activity":-0.0056,"lastBolusTime":1703076907848,"time":"2023-12-20T15:17:04.159Z"}},{"iob":0.061,"basaliob":-0.228,"bolussnooze":0.0082,"activity":0.0014,"lastBolusTime":1703076907848,"time":"2023-12-20T15:22:04.159Z","iobWithZeroTemp":{"iob":-0.707,"basaliob":-0.996,"bolussnooze":0.0082,"activity":-0.0061,"lastBolusTime":1703076907848,"time":"2023-12-20T15:22:04.159Z"}},{"iob":0.055,"basaliob":-0.208,"bolussnooze":0.0065,"activity":0.0012,"lastBolusTime":1703076907848,"time":"2023-12-20T15:27:04.159Z","iobWithZeroTemp":{"iob":-0.725,"basaliob":-0.988,"bolussnooze":0.0065,"activity":-0.0066,"lastBolusTime":1703076907848,"time":"2023-12-20T15:27:04.159Z"}},{"iob":0.049,"basaliob":-0.19,"bolussnooze":0.0051,"activity":0.0011,"lastBolusTime":1703076907848,"time":"2023-12-20T15:32:04.159Z","iobWithZeroTemp":{"iob":-0.742,"basaliob":-0.981,"bolussnooze":0.0051,"activity":-0.0069,"lastBolusTime":1703076907848,"time":"2023-12-20T15:32:04.159Z"}},{"iob":0.044,"basaliob":-0.173,"bolussnooze":0.004,"activity":0.001,"lastBolusTime":1703076907848,"time":"2023-12-20T15:37:04.159Z","iobWithZeroTemp":{"iob":-0.757,"basaliob":-0.974,"bolussnooze":0.004,"activity":-0.0072,"lastBolusTime":1703076907848,"time":"2023-12-20T15:37:04.159Z"}},{"iob":0.039,"basaliob":-0.158,"bolussnooze":0.0031,"activity":0.001,"lastBolusTime":1703076907848,"time":"2023-12-20T15:42:04.159Z","iobWithZeroTemp":{"iob":-0.77,"basaliob":-0.967,"bolussnooze":0.0031,"activity":-0.0074,"lastBolusTime":1703076907848,"time":"2023-12-20T15:42:04.159Z"}},{"iob":0.034,"basaliob":-0.144,"bolussnooze":0.0024,"activity":8.0E-4,"lastBolusTime":1703076907848,"time":"2023-12-20T15:47:04.159Z","iobWithZeroTemp":{"iob":-0.783,"basaliob":-0.961,"bolussnooze":0.0024,"activity":-0.0078,"lastBolusTime":1703076907848,"time":"2023-12-20T15:47:04.159Z"}},{"iob":0.03,"basaliob":-0.131,"bolussnooze":0.0018,"activity":7.0E-4,"lastBolusTime":1703076907848,"time":"2023-12-20T15:52:04.159Z","iobWithZeroTemp":{"iob":-0.794,"basaliob":-0.955,"bolussnooze":0.0018,"activity":-0.008,"lastBolusTime":1703076907848,"time":"2023-12-20T15:52:04.159Z"}},{"iob":0.027,"basaliob":-0.119,"bolussnooze":0.0014,"activity":6.0E-4,"lastBolusTime":1703076907848,"time":"2023-12-20T15:57:04.159Z","iobWithZeroTemp":{"iob":-0.798,"basaliob":-0.944,"bolussnooze":0.0014,"activity":-0.0082,"lastBolusTime":1703076907848,"time":"2023-12-20T15:57:04.159Z"}},{"iob":0.024,"basaliob":-0.108,"bolussnooze":0.0011,"activity":6.0E-4,"lastBolusTime":1703076907848,"time":"2023-12-20T16:02:04.159Z","iobWithZeroTemp":{"iob":-0.806,"basaliob":-0.938,"bolussnooze":0.0011,"activity":-0.0083,"lastBolusTime":1703076907848,"time":"2023-12-20T16:02:04.159Z"}},{"iob":0.021,"basaliob":-0.098,"bolussnooze":8.0E-4,"activity":5.0E-4,"lastBolusTime":1703076907848,"time":"2023-12-20T16:07:04.159Z","iobWithZeroTemp":{"iob":-0.815,"basaliob":-0.934,"bolussnooze":8.0E-4,"activity":-0.0085,"lastBolusTime":1703076907848,"time":"2023-12-20T16:07:04.159Z"}},{"iob":0.019,"basaliob":-0.089,"bolussnooze":6.0E-4,"activity":5.0E-4,"lastBolusTime":1703076907848,"time":"2023-12-20T16:12:04.159Z","iobWithZeroTemp":{"iob":-0.821,"basaliob":-0.929,"bolussnooze":6.0E-4,"activity":-0.0086,"lastBolusTime":1703076907848,"time":"2023-12-20T16:12:04.159Z"}},{"iob":0.017,"basaliob":-0.08,"bolussnooze":4.0E-4,"activity":4.0E-4,"lastBolusTime":1703076907848,"time":"2023-12-20T16:17:04.159Z","iobWithZeroTemp":{"iob":-0.828,"basaliob":-0.925,"bolussnooze":4.0E-4,"activity":-0.0088,"lastBolusTime":1703076907848,"time":"2023-12-20T16:17:04.159Z"}},{"iob":0.015,"basaliob":-0.073,"bolussnooze":3.0E-4,"activity":4.0E-4,"lastBolusTime":1703076907848,"time":"2023-12-20T16:22:04.159Z","iobWithZeroTemp":{"iob":-0.833,"basaliob":-0.921,"bolussnooze":3.0E-4,"activity":-0.0089,"lastBolusTime":1703076907848,"time":"2023-12-20T16:22:04.159Z"}},{"iob":0.013,"basaliob":-0.066,"bolussnooze":2.0E-4,"activity":4.0E-4,"lastBolusTime":1703076907848,"time":"2023-12-20T16:27:04.159Z","iobWithZeroTemp":{"iob":-0.839,"basaliob":-0.918,"bolussnooze":2.0E-4,"activity":-0.009,"lastBolusTime":1703076907848,"time":"2023-12-20T16:27:04.159Z"}},{"iob":0.011,"basaliob":-0.06,"bolussnooze":1.0E-4,"activity":3.0E-4,"lastBolusTime":1703076907848,"time":"2023-12-20T16:32:04.159Z","iobWithZeroTemp":{"iob":-0.844,"basaliob":-0.915,"bolussnooze":1.0E-4,"activity":-0.0091,"lastBolusTime":1703076907848,"time":"2023-12-20T16:32:04.159Z"}},{"iob":0.01,"basaliob":-0.054,"bolussnooze":1.0E-4,"activity":3.0E-4,"lastBolusTime":1703076907848,"time":"2023-12-20T16:37:04.159Z","iobWithZeroTemp":{"iob":-0.848,"basaliob":-0.912,"bolussnooze":1.0E-4,"activity":-0.0092,"lastBolusTime":1703076907848,"time":"2023-12-20T16:37:04.159Z"}},{"iob":0.009,"basaliob":-0.049,"bolussnooze":1.0E-4,"activity":2.0E-4,"lastBolusTime":1703076907848,"time":"2023-12-20T16:42:04.159Z","iobWithZeroTemp":{"iob":-0.851,"basaliob":-0.909,"bolussnooze":1.0E-4,"activity":-0.0093,"lastBolusTime":1703076907848,"time":"2023-12-20T16:42:04.159Z"}},{"iob":0.008,"basaliob":-0.044,"bolussnooze":0,"activity":2.0E-4,"lastBolusTime":1703076907848,"time":"2023-12-20T16:47:04.159Z","iobWithZeroTemp":{"iob":-0.854,"basaliob":-0.906,"bolussnooze":0,"activity":-0.0094,"lastBolusTime":1703076907848,"time":"2023-12-20T16:47:04.159Z"}},{"iob":0.006,"basaliob":-0.04,"bolussnooze":0,"activity":2.0E-4,"lastBolusTime":1703076907848,"time":"2023-12-20T16:52:04.159Z","iobWithZeroTemp":{"iob":-0.858,"basaliob":-0.904,"bolussnooze":0,"activity":-0.0094,"lastBolusTime":1703076907848,"time":"2023-12-20T16:52:04.159Z"}},{"iob":0.006,"basaliob":-0.036,"bolussnooze":0,"activity":2.0E-4,"lastBolusTime":1703076907848,"time":"2023-12-20T16:57:04.159Z","iobWithZeroTemp":{"iob":-0.86,"basaliob":-0.902,"bolussnooze":0,"activity":-0.0095,"lastBolusTime":1703076907848,"time":"2023-12-20T16:57:04.159Z"}},{"iob":0.005,"basaliob":-0.032,"bolussnooze":0,"activity":1.0E-4,"lastBolusTime":1703076907848,"time":"2023-12-20T17:02:04.159Z","iobWithZeroTemp":{"iob":-0.862,"basaliob":-0.899,"bolussnooze":0,"activity":-0.0096,"lastBolusTime":1703076907848,"time":"2023-12-20T17:02:04.159Z"}},{"iob":0.004,"basaliob":-0.029,"bolussnooze":0,"activity":1.0E-4,"lastBolusTime":1703076907848,"time":"2023-12-20T17:07:04.159Z","iobWithZeroTemp":{"iob":-0.865,"basaliob":-0.898,"bolussnooze":0,"activity":-0.0096,"lastBolusTime":1703076907848,"time":"2023-12-20T17:07:04.159Z"}},{"iob":0.004,"basaliob":-0.026,"bolussnooze":0,"activity":1.0E-4,"lastBolusTime":1703076907848,"time":"2023-12-20T17:12:04.159Z","iobWithZeroTemp":{"iob":-0.866,"basaliob":-0.896,"bolussnooze":0,"activity":-0.0097,"lastBolusTime":1703076907848,"time":"2023-12-20T17:12:04.159Z"}},{"iob":0.004,"basaliob":-0.023,"bolussnooze":0,"activity":1.0E-4,"lastBolusTime":1703076907848,"time":"2023-12-20T17:17:04.159Z","iobWithZeroTemp":{"iob":-0.867,"basaliob":-0.894,"bolussnooze":0,"activity":-0.0097,"lastBolusTime":1703076907848,"time":"2023-12-20T17:17:04.159Z"}},{"iob":0.003,"basaliob":-0.021,"bolussnooze":0,"activity":0,"lastBolusTime":1703076907848,"time":"2023-12-20T17:22:04.159Z","iobWithZeroTemp":{"iob":-0.869,"basaliob":-0.893,"bolussnooze":0,"activity":-0.0098,"lastBolusTime":1703076907848,"time":"2023-12-20T17:22:04.159Z"}},{"iob":0.002,"basaliob":-0.019,"bolussnooze":0,"activity":1.0E-4,"lastBolusTime":1703076907848,"time":"2023-12-20T17:27:04.159Z","iobWithZeroTemp":{"iob":-0.871,"basaliob":-0.892,"bolussnooze":0,"activity":-0.0097,"lastBolusTime":1703076907848,"time":"2023-12-20T17:27:04.159Z"}},{"iob":0.002,"basaliob":-0.017,"bolussnooze":0,"activity":0,"lastBolusTime":1703076907848,"time":"2023-12-20T17:32:04.159Z","iobWithZeroTemp":{"iob":-0.872,"basaliob":-0.891,"bolussnooze":0,"activity":-0.0099,"lastBolusTime":1703076907848,"time":"2023-12-20T17:32:04.159Z"}},{"iob":0.002,"basaliob":-0.015,"bolussnooze":0,"activity":1.0E-4,"lastBolusTime":1703076907848,"time":"2023-12-20T17:37:04.159Z","iobWithZeroTemp":{"iob":-0.873,"basaliob":-0.89,"bolussnooze":0,"activity":-0.0098,"lastBolusTime":1703076907848,"time":"2023-12-20T17:37:04.159Z"}}],"profile":{"max_iob":20,"type":"current","max_daily_basal":1.6,"max_basal":2.8,"min_bg":81,"max_bg":81,"target_bg":81,"carb_ratio":8,"sens":108,"max_daily_safety_multiplier":3,"current_basal_safety_multiplier":4,"high_temptarget_raises_sensitivity":false,"low_temptarget_lowers_sensitivity":false,"sensitivity_raises_target":false,"resistance_lowers_target":false,"adv_target_adjustments":false,"exercise_mode":false,"half_basal_exercise_target":160,"maxCOB":120,"skip_neutral_temps":false,"remainingCarbsCap":90,"enableUAM":true,"A52_risk_enable":false,"SMBInterval":3,"enableSMB_with_COB":false,"enableSMB_with_temptarget":false,"allowSMB_with_high_temptarget":true,"enableSMB_always":true,"enableSMB_after_carbs":false,"maxSMBBasalMinutes":120,"maxUAMSMBBasalMinutes":120,"bolus_increment":0.05,"carbsReqThreshold":1,"current_basal":0.7,"temptargetSet":true,"autosens_max":1.8,"out_units":"mmol\/L"},"autosens_data":{"ratio":1},"meal_data":{"carbs":45,"mealCOB":0,"slopeFromMaxDeviation":-0.5996363636363637,"slopeFromMinDeviation":3.216666666666666,"lastBolusTime":1703076907848,"lastCarbTime":1703074649000},"microBolusAllowed":true,"currentTime":1703079727986,"flatBGsDetected":false},"output":{"temp":"absolute","bg":39,"tick":"+0","eventualBG":39,"targetBG":81,"insulinReq":0,"deliverAt":"2023-12-20T13:42:07.986Z","sensitivityRatio":1,"predBGs":{"IOB":[39,39,39,39,39,39,39,39,39,39,39,39,39],"ZT":[39,39,39,39,39,39,39,39,39,39,39,39,39,39,39,39,39,39,39,39,39,39,39,39,39,41,45,49,54,58,63,67,72,77],"UAM":[39,39,39,39,39,39,39,39,39,39,39,39,39]},"COB":0,"IOB":0.53,"reason":"COB: 0, Dev: 1.8, BGI: -0.3, ISF: 6.0, CR: 8, Target: 4.5, minPredBG 0.3, minGuardBG -0.5, IOBpredBG 2.2, UAMpredBG 2.2; 6 add'l carbs req w\/in 0m; minGuardBG -0.5<3.4 90m left and 0 ~ req 0U\/hr: no temp required","carbsReq":6,"carbsReqWithin":0,"timestamp":"2023-12-20T13:42:08.137Z"}}