{"algorithm":"OpenAPSSMBPlugin","input":{"glucoseStatus":{"glucose":63,"noise":0,"delta":-1,"short_avgdelta":-0.61,"long_avgdelta":0.73,"date":1703086301965},"currenttemp":{"temp":"absolute","duration":5,"rate":0,"minutesrunning":25},"iob_data":[{"iob":-0.653,"basaliob":-0.892,"bolussnooze":0.0051,"activity":-0.0061,"lastBolusTime":1703076907848,"time":"2023-12-20T15:32:05.680Z","iobWithZeroTemp":{"iob":-0.653,"basaliob":-0.892,"bolussnooze":0.0051,"activity":-0.0061,"lastBolusTime":1703076907848,"time":"2023-12-20T15:32:05.680Z"}},{"iob":-0.622,"basaliob":-0.839,"bolussnooze":0.004,"activity":-0.0063,"lastBolusTime":1703076907848,"time":"2023-12-20T15:37:05.680Z","iobWithZeroTemp":{"iob":-0.662,"basaliob":-0.879,"bolussnooze":0.004,"activity":-0.0063,"lastBolusTime":1703076907848,"time":"2023-12-20T15:37:05.680Z"}},{"iob":-0.59,"basaliob":-0.787,"bolussnooze":0.0031,"activity":-0.0064,"lastBolusTime":1703076907848,"time":"2023-12-20T15:42:05.680Z","iobWithZeroTemp":{"iob":-0.679,"basaliob":-0.876,"bolussnooze":0.0031,"activity":-0.0066,"lastBolusTime":1703076907848,"time":"2023-12-20T15:42:05.680Z"}},{"iob":-0.558,"basaliob":-0.736,"bolussnooze":0.0024,"activity":-0.0065,"lastBolusTime":1703076907848,"time":"2023-12-20T15:47:05.680Z","iobWithZeroTemp":{"iob":-0.696,"basaliob":-0.874,"bolussnooze":0.0024,"activity":-0.0069,"lastBolusTime":1703076907848,"time":"2023-12-20T15:47:05.680Z"}},{"iob":-0.527,"basaliob":-0.688,"bolussnooze":0.0018,"activity":-0.0064,"lastBolusTime":1703076907848,"time":"2023-12-20T15:52:05.680Z","iobWithZeroTemp":{"iob":-0.712,"basaliob":-0.873,"bolussnooze":0.0018,"activity":-0.0071,"lastBolusTime":1703076907848,"time":"2023-12-20T15:52:05.680Z"}},{"iob":-0.495,"basaliob":-0.641,"bolussnooze":0.0014,"activity":-0.0063,"lastBolusTime":1703076907848,"time":"2023-12-20T15:57:05.680Z","iobWithZeroTemp":{"iob":-0.726,"basaliob":-0.872,"bolussnooze":0.0014,"activity":-0.0073,"lastBolusTime":1703076907848,"time":"2023-12-20T15:57:05.680Z"}},{"iob":-0.464,"basaliob":-0.596,"bolussnooze":0.0011,"activity":-0.0061,"lastBolusTime":1703076907848,"time":"2023-12-20T16:02:05.680Z","iobWithZeroTemp":{"iob":-0.739,"basaliob":-0.871,"bolussnooze":0.0011,"activity":-0.0075,"lastBolusTime":1703076907848,"time":"2023-12-20T16:02:05.680Z"}},{"iob":-0.434,"basaliob":-0.553,"bolussnooze":8.0E-4,"activity":-0.0059,"lastBolusTime":1703076907848,"time":"2023-12-20T16:07:05.680Z","iobWithZeroTemp":{"iob":-0.751,"basaliob":-0.87,"bolussnooze":8.0E-4,"activity":-0.0077,"lastBolusTime":1703076907848,"time":"2023-12-20T16:07:05.680Z"}},{"iob":-0.404,"basaliob":-0.512,"bolussnooze":6.0E-4,"activity":-0.0057,"lastBolusTime":1703076907848,"time":"2023-12-20T16:12:05.680Z","iobWithZeroTemp":{"iob":-0.761,"basaliob":-0.869,"bolussnooze":6.0E-4,"activity":-0.0079,"lastBolusTime":1703076907848,"time":"2023-12-20T16:12:05.680Z"}},{"iob":-0.377,"basaliob":-0.474,"bolussnooze":4.0E-4,"activity":-0.0054,"lastBolusTime":1703076907848,"time":"2023-12-20T16:17:05.680Z","iobWithZeroTemp":{"iob":-0.772,"basaliob":-0.869,"bolussnooze":4.0E-4,"activity":-0.008,"lastBolusTime":1703076907848,"time":"2023-12-20T16:17:05.680Z"}},{"iob":-0.35,"basaliob":-0.438,"bolussnooze":3.0E-4,"activity":-0.0052,"lastBolusTime":1703076907848,"time":"2023-12-20T16:22:05.680Z","iobWithZeroTemp":{"iob":-0.781,"basaliob":-0.869,"bolussnooze":3.0E-4,"activity":-0.0082,"lastBolusTime":1703076907848,"time":"2023-12-20T16:22:05.680Z"}},{"iob":-0.325,"basaliob":-0.404,"bolussnooze":2.0E-4,"activity":-0.0049,"lastBolusTime":1703076907848,"time":"2023-12-20T16:27:05.680Z","iobWithZeroTemp":{"iob":-0.79,"basaliob":-0.869,"bolussnooze":2.0E-4,"activity":-0.0083,"lastBolusTime":1703076907848,"time":"2023-12-20T16:27:05.680Z"}},{"iob":-0.302,"basaliob":-0.373,"bolussnooze":1.0E-4,"activity":-0.0046,"lastBolusTime":1703076907848,"time":"2023-12-20T16:32:05.680Z","iobWithZeroTemp":{"iob":-0.799,"basaliob":-0.87,"bolussnooze":1.0E-4,"activity":-0.0084,"lastBolusTime":1703076907848,"time":"2023-12-20T16:32:05.680Z"}},{"iob":-0.279,"basaliob":-0.343,"bolussnooze":1.0E-4,"activity":-0.0043,"lastBolusTime":1703076907848,"time":"2023-12-20T16:37:05.680Z","iobWithZeroTemp":{"iob":-0.806,"basaliob":-0.87,"bolussnooze":1.0E-4,"activity":-0.0085,"lastBolusTime":1703076907848,"time":"2023-12-20T16:37:05.680Z"}},{"iob":-0.258,"basaliob":-0.315,"bolussnooze":1.0E-4,"activity":-0.0041,"lastBolusTime":1703076907848,"time":"2023-12-20T16:42:05.680Z","iobWithZeroTemp":{"iob":-0.813,"basaliob":-0.87,"bolussnooze":1.0E-4,"activity":-0.0087,"lastBolusTime":1703076907848,"time":"2023-12-20T16:42:05.680Z"}},{"iob":-0.238,"basaliob":-0.29,"bolussnooze":0,"activity":-0.0039,"lastBolusTime":1703076907848,"time":"2023-12-20T16:47:05.680Z","iobWithZeroTemp":{"iob":-0.819,"basaliob":-0.871,"bolussnooze":0,"activity":-0.0089,"lastBolusTime":1703076907848,"time":"2023-12-20T16:47:05.680Z"}},{"iob":-0.22,"basaliob":-0.266,"bolussnooze":0,"activity":-0.0036,"lastBolusTime":1703076907848,"time":"2023-12-20T16:52:05.680Z","iobWithZeroTemp":{"iob":-0.825,"basaliob":-0.871,"bolussnooze":0,"activity":-0.0089,"lastBolusTime":1703076907848,"time":"2023-12-20T16:52:05.680Z"}},{"iob":-0.201,"basaliob":-0.243,"bolussnooze":0,"activity":-0.0034,"lastBolusTime":1703076907848,"time":"2023-12-20T16:57:05.680Z","iobWithZeroTemp":{"iob":-0.829,"basaliob":-0.871,"bolussnooze":0,"activity":-0.0091,"lastBolusTime":1703076907848,"time":"2023-12-20T16:57:05.680Z"}},{"iob":-0.186,"basaliob":-0.223,"bolussnooze":0,"activity":-0.0032,"lastBolusTime":1703076907848,"time":"2023-12-20T17:02:05.680Z","iobWithZeroTemp":{"iob":-0.835,"basaliob":-0.872,"bolussnooze":0,"activity":-0.0092,"lastBolusTime":1703076907848,"time":"2023-12-20T17:02:05.680Z"}},{"iob":-0.171,"basaliob":-0.204,"bolussnooze":0,"activity":-0.003,"lastBolusTime":1703076907848,"time":"2023-12-20T17:07:05.680Z","iobWithZeroTemp":{"iob":-0.839,"basaliob":-0.872,"bolussnooze":0,"activity":-0.0093,"lastBolusTime":1703076907848,"time":"2023-12-20T17:07:05.680Z"}},{"iob":-0.156,"basaliob":-0.186,"bolussnooze":0,"activity":-0.0027,"lastBolusTime":1703076907848,"time":"2023-12-20T17:12:05.680Z","iobWithZeroTemp":{"iob":-0.842,"basaliob":-0.872,"bolussnooze":0,"activity":-0.0093,"lastBolusTime":1703076907848,"time":"2023-12-20T17:12:05.680Z"}},{"iob":-0.143,"basaliob":-0.17,"bolussnooze":0,"activity":-0.0025,"lastBolusTime":1703076907848,"time":"2023-12-20T17:17:05.680Z","iobWithZeroTemp":{"iob":-0.846,"basaliob":-0.873,"bolussnooze":0,"activity":-0.0093,"lastBolusTime":1703076907848,"time":"2023-12-20T17:17:05.680Z"}},{"iob":-0.131,"basaliob":-0.155,"bolussnooze":0,"activity":-0.0024,"lastBolusTime":1703076907848,"time":"2023-12-20T17:22:05.680Z","iobWithZeroTemp":{"iob":-0.849,"basaliob":-0.873,"bolussnooze":0,"activity":-0.0095,"lastBolusTime":1703076907848,"time":"2023-12-20T17:22:05.680Z"}},{"iob":-0.12,"basaliob":-0.141,"bolussnooze":0,"activity":-0.0021,"lastBolusTime":1703076907848,"time":"2023-12-20T17:27:05.680Z","iobWithZeroTemp":{"iob":-0.852,"basaliob":-0.873,"bolussnooze":0,"activity":-0.0094,"lastBolusTime":1703076907848,"time":"2023-12-20T17:27:05.680Z"}},{"iob":-0.11,"basaliob":-0.129,"bolussnooze":0,"activity":-0.002,"lastBolusTime":1703076907848,"time":"2023-12-20T17:32:05.680Z","iobWithZeroTemp":{"iob":-0.855,"basaliob":-0.874,"bolussnooze":0,"activity":-0.0095,"lastBolusTime":1703076907848,"time":"2023-12-20T17:32:05.680Z"}},{"iob":-0.1,"basaliob":-0.117,"bolussnooze":0,"activity":-0.0018,"lastBolusTime":1703076907848,"time":"2023-12-20T17:37:05.680Z","iobWithZeroTemp":{"iob":-0.857,"basaliob":-0.874,"bolussnooze":0,"activity":-0.0095,"lastBolusTime":1703076907848,"time":"2023-12-20T17:37:05.680Z"}},{"iob":-0.091,"basaliob":-0.106,"bolussnooze":0,"activity":-0.0016,"lastBolusTime":1703076907848,"time":"2023-12-20T17:42:05.680Z","iobWithZeroTemp":{"iob":-0.859,"basaliob":-0.874,"bolussnooze":0,"activity":-0.0095,"lastBolusTime":1703076907848,"time":"2023-12-20T17:42:05.680Z"}},{"iob":-0.084,"basaliob":-0.097,"bolussnooze":0,"activity":-0.0016,"lastBolusTime":1703076907848,"time":"2023-12-20T17:47:05.680Z","iobWithZeroTemp":{"iob":-0.862,"basaliob":-0.875,"bolussnooze":0,"activity":-0.0097,"lastBolusTime":1703076907848,"time":"2023-12-20T17:47:05.680Z"}},{"iob":-0.076,"basaliob":-0.088,"bolussnooze":0,"activity":-0.0014,"lastBolusTime":1703076907848,"time":"2023-12-20T17:52:05.680Z","iobWithZeroTemp":{"iob":-0.863,"basaliob":-0.875,"bolussnooze":0,"activity":-0.0096,"lastBolusTime":1703076907848,"time":"2023-12-20T17:52:05.680Z"}},{"iob":-0.069,"basaliob":-0.08,"bolussnooze":0,"activity":-0.0013,"lastBolusTime":1703076907848,"time":"2023-12-20T17:57:05.680Z","iobWithZeroTemp":{"iob":-0.865,"basaliob":-0.876,"bolussnooze":0,"activity":-0.0097,"lastBolusTime":1703076907848,"time":"2023-12-20T17:57:05.680Z"}},{"iob":-0.063,"basaliob":-0.072,"bolussnooze":0,"activity":-0.0012,"lastBolusTime":1703076907848,"time":"2023-12-20T18:02:05.680Z","iobWithZeroTemp":{"iob":-0.867,"basaliob":-0.876,"bolussnooze":0,"activity":-0.0097,"lastBolusTime":1703076907848,"time":"2023-12-20T18:02:05.680Z"}},{"iob":-0.057,"basaliob":-0.065,"bolussnooze":0,"activity":-0.0011,"lastBolusTime":1703076907848,"time":"2023-12-20T18:07:05.680Z","iobWithZeroTemp":{"iob":-0.868,"basaliob":-0.876,"bolussnooze":0,"activity":-0.0098,"lastBolusTime":1703076907848,"time":"2023-12-20T18:07:05.680Z"}},{"iob":-0.052,"basaliob":-0.059,"bolussnooze":0,"activity":-0.001,"lastBolusTime":1703076907848,"time":"2023-12-20T18:12:05.680Z","iobWithZeroTemp":{"iob":-0.869,"basaliob":-0.876,"bolussnooze":0,"activity":-0.0098,"lastBolusTime":1703076907848,"time":"2023-12-20T18:12:05.680Z"}},{"iob":-0.047,"basaliob":-0.054,"bolussnooze":0,"activity":-9.0E-4,"lastBolusTime":1703076907848,"time":"2023-12-20T18:17:05.680Z","iobWithZeroTemp":{"iob":-0.87,"basaliob":-0.877,"bolussnooze":0,"activity":-0.0098,"lastBolusTime":1703076907848,"time":"2023-12-20T18:17:05.680Z"}},{"iob":-0.042,"basaliob":-0.048,"bolussnooze":0,"activity":-9.0E-4,"lastBolusTime":1703076907848,"time":"2023-12-20T18:22:05.680Z","iobWithZeroTemp":{"iob":-0.87,"basaliob":-0.876,"bolussnooze":0,"activity":-0.0099,"lastBolusTime":1703076907848,"time":"2023-12-20T18:22:05.680Z"}},{"iob":-0.039,"basaliob":-0.044,"bolussnooze":0,"activity":-8.0E-4,"lastBolusTime":1703076907848,"time":"2023-12-20T18:27:05.680Z","iobWithZeroTemp":{"iob":-0.872,"basaliob":-0.877,"bolussnooze":0,"activity":-0.0099,"lastBolusTime":1703076907848,"time":"2023-12-20T18:27:05.680Z"}},{"iob":-0.035,"basaliob":-0.039,"bolussnooze":0,"activity":-7.0E-4,"lastBolusTime":1703076907848,"time":"2023-12-20T18:32:05.680Z","iobWithZeroTemp":{"iob":-0.873,"basaliob":-0.877,"bolussnooze":0,"activity":-0.0099,"lastBolusTime":1703076907848,"time":"2023-12-20T18:32:05.680Z"}},{"iob":-0.032,"basaliob":-0.036,"bolussnooze":0,"activity":-6.0E-4,"lastBolusTime":1703076907848,"time":"2023-12-20T18:37:05.680Z","iobWithZeroTemp":{"iob":-0.874,"basaliob":-0.878,"bolussnooze":0,"activity":-0.0098,"lastBolusTime":1703076907848,"time":"2023-12-20T18:37:05.680Z"}},{"iob":-0.029,"basaliob":-0.032,"bolussnooze":0,"activity":-6.0E-4,"lastBolusTime":1703076907848,"time":"2023-12-20T18:42:05.680Z","iobWithZeroTemp":{"iob":-0.874,"basaliob":-0.877,"bolussnooze":0,"activity":-0.0099,"lastBolusTime":1703076907848,"time":"2023-12-20T18:42:05.680Z"}},{"iob":-0.026,"basaliob":-0.029,"bolussnooze":0,"activity":-5.0E-4,"lastBolusTime":1703076907848,"time":"2023-12-20T18:47:05.680Z","iobWithZeroTemp":{"iob":-0.875,"basaliob":-0.878,"bolussnooze":0,"activity":-0.0099,"lastBolusTime":1703076907848,"time":"2023-12-20T18:47:05.680Z"}},{"iob":-0.023,"basaliob":-0.026,"bolussnooze":0,"activity":-4.0E-4,"lastBolusTime":1703076907848,"time":"2023-12-20T18:52:05.680Z","iobWithZeroTemp":{"iob":-0.875,"basaliob":-0.878,"bolussnooze":0,"activity":-0.0098,"lastBolusTime":1703076907848,"time":"2023-12-20T18:52:05.680Z"}},{"iob":-0.021,"basaliob":-0.023,"bolussnooze":0,"activity":-4.0E-4,"lastBolusTime":1703076907848,"time":"2023-12-20T18:57:05.680Z","iobWithZeroTemp":{"iob":-0.875,"basaliob":-0.877,"bolussnooze":0,"activity":-0.0099,"lastBolusTime":1703076907848,"time":"2023-12-20T18:57:05.680Z"}},{"iob":-0.019,"basaliob":-0.021,"bolussnooze":0,"activity":-4.0E-4,"lastBolusTime":1703076907848,"time":"2023-12-20T19:02:05.680Z","iobWithZeroTemp":{"iob":-0.876,"basaliob":-0.878,"bolussnooze":0,"activity":-0.0099,"lastBolusTime":1703076907848,"time":"2023-12-20T19:02:05.680Z"}},{"iob":-0.017,"basaliob":-0.019,"bolussnooze":0,"activity":-4.0E-4,"lastBolusTime":1703076907848,"time":"2023-12-20T19:07:05.680Z","iobWithZeroTemp":{"iob":-0.876,"basaliob":-0.878,"bolussnooze":0,"activity":-0.01,"lastBolusTime":1703076907848,"time":"2023-12-20T19:07:05.680Z"}},{"iob":-0.015,"basaliob":-0.017,"bolussnooze":0,"activity":-4.0E-4,"lastBolusTime":1703076907848,"time":"2023-12-20T19:12:05.680Z","iobWithZeroTemp":{"iob":-0.876,"basaliob":-0.878,"bolussnooze":0,"activity":-0.01,"lastBolusTime":1703076907848,"time":"2023-12-20T19:12:05.680Z"}},{"iob":-0.014,"basaliob":-0.015,"bolussnooze":0,"activity":-3.0E-4,"lastBolusTime":1703076907848,"time":"2023-12-20T19:17:05.680Z","iobWithZeroTemp":{"iob":-0.877,"basaliob":-0.878,"bolussnooze":0,"activity":-0.01,"lastBolusTime":1703076907848,"time":"2023-12-20T19:17:05.680Z"}},{"iob":-0.013,"basaliob":-0.014,"bolussnooze":0,"activity":-3.0E-4,"lastBolusTime":1703076907848,"time":"2023-12-20T19:22:05.680Z","iobWithZeroTemp":{"iob":-0.878,"basaliob":-0.879,"bolussnooze":0,"activity":-0.01,"lastBolusTime":1703076907848,"time":"2023-12-20T19:22:05.680Z"}},{"iob":-0.011,"basaliob":-0.012,"bolussnooze":0,"activity":-3.0E-4,"lastBolusTime":1703076907848,"time":"2023-12-20T19:27:05.680Z","iobWithZeroTemp":{"iob":-0.877,"basaliob":-0.878,"bolussnooze":0,"activity":-0.01,"lastBolusTime":1703076907848,"time":"2023-12-20T19:27:05.680Z"}}],"profile":{"max_iob":20,"type":"current","max_daily_basal":1.6,"max_basal":2.4,"min_bg":111.6,"max_bg":111.6,"target_bg":111.6,"carb_ratio":8,"sens":108,"max_daily_safety_multiplier":3,"current_basal_safety_multiplier":4,"high_temptarget_raises_sensitivity":false,"low_temptarget_lowers_sensitivity":false,"sensitivity_raises_target":false,"resistance_lowers_target":false,"adv_target_adjustments":false,"exercise_mode":false,"half_basal_exercise_target":160,"maxCOB":120,"skip_neutral_temps":false,"remainingCarbsCap":90,"enableUAM":true,"A52_risk_enable":false,"SMBInterval":3,"enableSMB_with_COB":false,"enableSMB_with_temptarget":false,"allowSMB_with_high_temptarget":true,"enableSMB_always":true,"enableSMB_after_carbs":false,"maxSMBBasalMinutes":120,"maxUAMSMBBasalMinutes":120,"bolus_increment":0.05,"carbsReqThreshold":1,"current_basal":0.6,"temptargetSet":true,"autosens_max":1.8,"out_units":"mmol\/L"},"autosens_data":{"ratio":1},"meal_data":{"carbs":35,"mealCOB":0,"slopeFromMaxDeviation":-1.5133333333333332,"slopeFromMinDeviation":0,"lastBolusTime":1703076907848,"lastCarbTime":1703074649000},"microBolusAllowed":true,"currentTime":1703086328566,"flatBGsDetected":false},"output":{"temp":"absolute","bg":63,"tick":-1,"eventualBG":119,"targetBG":111.6,"insulinReq":0,"deliverAt":"2023-12-20T15:32:08.566Z","sensitivityRatio":1,"predBGs":{"IOB":[63,62,62,62,63,64,65,67,69,71,73,75,78,80,83,85,87,89,91,92,94,96,97,98,99,100,101,102,103,104,105,105,106,106,107,107,108,108,108,109,109,109,109,110],"ZT":[63,66,70,73,77,81,85,89,93,97,102,106,110]},"COB":0,"IOB":-0.653,"reason":"COB: 0, Dev: -0.8, BGI: 0.2, ISF: 6.0, CR: 8, Target: 6.2, minPredBG 4.0, minGuardBG 3.4, IOBpredBG 6.1; minGuardBG 3.4<4.2","duration":60,"rate":0,"timestamp":"2023-12-20T15:32:08.704Z"}}