{"algorithm":"OpenAPSSMBPlugin","input":{"glucoseStatus":{"glucose":95,"noise":0,"delta":-1,"short_avgdelta":-0.17,"long_avgdelta":0.86,"date":1703056602918},"currenttemp":{"temp":"absolute","duration":10,"rate":0,"minutesrunning":20},"iob_data":[{"iob":0.784,"basaliob":-1.219,"bolussnooze":0,"activity":0.0108,"lastBolusTime":1703056037129,"time":"2023-12-20T07:17:04.067Z","iobWithZeroTemp":{"iob":0.784,"basaliob":-1.219,"bolussnooze":0,"activity":0.0108,"lastBolusTime":1703056037129,"time":"2023-12-20T07:17:04.067Z"}},{"iob":0.732,"basaliob":-1.155,"bolussnooze":0,"activity":0.0103,"lastBolusTime":1703056037129,"time":"2023-12-20T07:22:04.067Z","iobWithZeroTemp":{"iob":0.652,"basaliob":-1.235,"bolussnooze":0,"activity":0.0102,"lastBolusTime":1703056037129,"time":"2023-12-20T07:22:04.067Z"}},{"iob":0.682,"basaliob":-1.09,"bolussnooze":0,"activity":0.0099,"lastBolusTime":1703056037129,"time":"2023-12-20T07:27:04.067Z","iobWithZeroTemp":{"iob":0.503,"basaliob":-1.269,"bolussnooze":0,"activity":0.0095,"lastBolusTime":1703056037129,"time":"2023-12-20T07:27:04.067Z"}},{"iob":0.634,"basaliob":-1.026,"bolussnooze":0,"activity":0.0094,"lastBolusTime":1703056037129,"time":"2023-12-20T07:32:04.067Z","iobWithZeroTemp":{"iob":0.358,"basaliob":-1.302,"bolussnooze":0,"activity":0.0086,"lastBolusTime":1703056037129,"time":"2023-12-20T07:32:04.067Z"}},{"iob":0.587,"basaliob":-0.964,"bolussnooze":0,"activity":0.0089,"lastBolusTime":1703056037129,"time":"2023-12-20T07:37:04.067Z","iobWithZeroTemp":{"iob":0.216,"basaliob":-1.335,"bolussnooze":0,"activity":0.0075,"lastBolusTime":1703056037129,"time":"2023-12-20T07:37:04.067Z"}},{"iob":0.545,"basaliob":-0.902,"bolussnooze":0,"activity":0.0084,"lastBolusTime":1703056037129,"time":"2023-12-20T07:42:04.067Z","iobWithZeroTemp":{"iob":0.083,"basaliob":-1.364,"bolussnooze":0,"activity":0.0064,"lastBolusTime":1703056037129,"time":"2023-12-20T07:42:04.067Z"}},{"iob":0.504,"basaliob":-0.843,"bolussnooze":0,"activity":0.008,"lastBolusTime":1703056037129,"time":"2023-12-20T07:47:04.067Z","iobWithZeroTemp":{"iob":-0.046,"basaliob":-1.393,"bolussnooze":0,"activity":0.0052,"lastBolusTime":1703056037129,"time":"2023-12-20T07:47:04.067Z"}},{"iob":0.465,"basaliob":-0.786,"bolussnooze":0,"activity":0.0074,"lastBolusTime":1703056037129,"time":"2023-12-20T07:52:04.067Z","iobWithZeroTemp":{"iob":-0.17,"basaliob":-1.421,"bolussnooze":0,"activity":0.0038,"lastBolusTime":1703056037129,"time":"2023-12-20T07:52:04.067Z"}},{"iob":0.429,"basaliob":-0.731,"bolussnooze":0,"activity":0.0069,"lastBolusTime":1703056037129,"time":"2023-12-20T07:57:04.067Z","iobWithZeroTemp":{"iob":-0.286,"basaliob":-1.446,"bolussnooze":0,"activity":0.0025,"lastBolusTime":1703056037129,"time":"2023-12-20T07:57:04.067Z"}},{"iob":0.396,"basaliob":-0.679,"bolussnooze":0,"activity":0.0066,"lastBolusTime":1703056037129,"time":"2023-12-20T08:02:04.067Z","iobWithZeroTemp":{"iob":-0.395,"basaliob":-1.47,"bolussnooze":0,"activity":0.0014,"lastBolusTime":1703056037129,"time":"2023-12-20T08:02:04.067Z"}},{"iob":0.364,"basaliob":-0.63,"bolussnooze":0,"activity":0.0061,"lastBolusTime":1703056037129,"time":"2023-12-20T08:07:04.067Z","iobWithZeroTemp":{"iob":-0.491,"basaliob":-1.485,"bolussnooze":0,"activity":1.0E-4,"lastBolusTime":1703056037129,"time":"2023-12-20T08:07:04.067Z"}},{"iob":0.335,"basaliob":-0.583,"bolussnooze":0,"activity":0.0057,"lastBolusTime":1703056037129,"time":"2023-12-20T08:12:04.067Z","iobWithZeroTemp":{"iob":-0.579,"basaliob":-1.497,"bolussnooze":0,"activity":-0.0011,"lastBolusTime":1703056037129,"time":"2023-12-20T08:12:04.067Z"}},{"iob":0.307,"basaliob":-0.539,"bolussnooze":0,"activity":0.0053,"lastBolusTime":1703056037129,"time":"2023-12-20T08:17:04.067Z","iobWithZeroTemp":{"iob":-0.663,"basaliob":-1.509,"bolussnooze":0,"activity":-0.0023,"lastBolusTime":1703056037129,"time":"2023-12-20T08:17:04.067Z"}},{"iob":0.281,"basaliob":-0.498,"bolussnooze":0,"activity":0.0049,"lastBolusTime":1703056037129,"time":"2023-12-20T08:22:04.067Z","iobWithZeroTemp":{"iob":-0.741,"basaliob":-1.52,"bolussnooze":0,"activity":-0.0034,"lastBolusTime":1703056037129,"time":"2023-12-20T08:22:04.067Z"}},{"iob":0.258,"basaliob":-0.459,"bolussnooze":0,"activity":0.0046,"lastBolusTime":1703056037129,"time":"2023-12-20T08:27:04.067Z","iobWithZeroTemp":{"iob":-0.812,"basaliob":-1.529,"bolussnooze":0,"activity":-0.0044,"lastBolusTime":1703056037129,"time":"2023-12-20T08:27:04.067Z"}},{"iob":0.236,"basaliob":-0.423,"bolussnooze":0,"activity":0.0042,"lastBolusTime":1703056037129,"time":"2023-12-20T08:32:04.067Z","iobWithZeroTemp":{"iob":-0.872,"basaliob":-1.531,"bolussnooze":0,"activity":-0.0054,"lastBolusTime":1703056037129,"time":"2023-12-20T08:32:04.067Z"}},{"iob":0.216,"basaliob":-0.389,"bolussnooze":0,"activity":0.0038,"lastBolusTime":1703056037129,"time":"2023-12-20T08:37:04.067Z","iobWithZeroTemp":{"iob":-0.934,"basaliob":-1.539,"bolussnooze":0,"activity":-0.0065,"lastBolusTime":1703056037129,"time":"2023-12-20T08:37:04.067Z"}},{"iob":0.197,"basaliob":-0.357,"bolussnooze":0,"activity":0.0036,"lastBolusTime":1703056037129,"time":"2023-12-20T08:42:04.067Z","iobWithZeroTemp":{"iob":-0.992,"basaliob":-1.546,"bolussnooze":0,"activity":-0.0073,"lastBolusTime":1703056037129,"time":"2023-12-20T08:42:04.067Z"}},{"iob":0.18,"basaliob":-0.328,"bolussnooze":0,"activity":0.0033,"lastBolusTime":1703056037129,"time":"2023-12-20T08:47:04.067Z","iobWithZeroTemp":{"iob":-1.045,"basaliob":-1.553,"bolussnooze":0,"activity":-0.0081,"lastBolusTime":1703056037129,"time":"2023-12-20T08:47:04.067Z"}},{"iob":0.165,"basaliob":-0.3,"bolussnooze":0,"activity":0.003,"lastBolusTime":1703056037129,"time":"2023-12-20T08:52:04.067Z","iobWithZeroTemp":{"iob":-1.094,"basaliob":-1.559,"bolussnooze":0,"activity":-0.009,"lastBolusTime":1703056037129,"time":"2023-12-20T08:52:04.067Z"}},{"iob":0.15,"basaliob":-0.275,"bolussnooze":0,"activity":0.0028,"lastBolusTime":1703056037129,"time":"2023-12-20T08:57:04.067Z","iobWithZeroTemp":{"iob":-1.139,"basaliob":-1.564,"bolussnooze":0,"activity":-0.0097,"lastBolusTime":1703056037129,"time":"2023-12-20T08:57:04.067Z"}},{"iob":0.136,"basaliob":-0.252,"bolussnooze":0,"activity":0.0026,"lastBolusTime":1703056037129,"time":"2023-12-20T09:02:04.067Z","iobWithZeroTemp":{"iob":-1.182,"basaliob":-1.57,"bolussnooze":0,"activity":-0.0103,"lastBolusTime":1703056037129,"time":"2023-12-20T09:02:04.067Z"}},{"iob":0.124,"basaliob":-0.23,"bolussnooze":0,"activity":0.0023,"lastBolusTime":1703056037129,"time":"2023-12-20T09:07:04.067Z","iobWithZeroTemp":{"iob":-1.211,"basaliob":-1.565,"bolussnooze":0,"activity":-0.011,"lastBolusTime":1703056037129,"time":"2023-12-20T09:07:04.067Z"}},{"iob":0.113,"basaliob":-0.21,"bolussnooze":0,"activity":0.0022,"lastBolusTime":1703056037129,"time":"2023-12-20T09:12:04.067Z","iobWithZeroTemp":{"iob":-1.238,"basaliob":-1.561,"bolussnooze":0,"activity":-0.0115,"lastBolusTime":1703056037129,"time":"2023-12-20T09:12:04.067Z"}},{"iob":0.102,"basaliob":-0.192,"bolussnooze":0,"activity":0.002,"lastBolusTime":1703056037129,"time":"2023-12-20T09:17:04.067Z","iobWithZeroTemp":{"iob":-1.263,"basaliob":-1.557,"bolussnooze":0,"activity":-0.0121,"lastBolusTime":1703056037129,"time":"2023-12-20T09:17:04.067Z"}},{"iob":0.093,"basaliob":-0.175,"bolussnooze":0,"activity":0.0019,"lastBolusTime":1703056037129,"time":"2023-12-20T09:22:04.067Z","iobWithZeroTemp":{"iob":-1.284,"basaliob":-1.552,"bolussnooze":0,"activity":-0.0125,"lastBolusTime":1703056037129,"time":"2023-12-20T09:22:04.067Z"}},{"iob":0.085,"basaliob":-0.159,"bolussnooze":0,"activity":0.0016,"lastBolusTime":1703056037129,"time":"2023-12-20T09:27:04.067Z","iobWithZeroTemp":{"iob":-1.303,"basaliob":-1.547,"bolussnooze":0,"activity":-0.013,"lastBolusTime":1703056037129,"time":"2023-12-20T09:27:04.067Z"}},{"iob":0.077,"basaliob":-0.145,"bolussnooze":0,"activity":0.0015,"lastBolusTime":1703056037129,"time":"2023-12-20T09:32:04.067Z","iobWithZeroTemp":{"iob":-1.321,"basaliob":-1.543,"bolussnooze":0,"activity":-0.0134,"lastBolusTime":1703056037129,"time":"2023-12-20T09:32:04.067Z"}},{"iob":0.069,"basaliob":-0.132,"bolussnooze":0,"activity":0.0014,"lastBolusTime":1703056037129,"time":"2023-12-20T09:37:04.067Z","iobWithZeroTemp":{"iob":-1.338,"basaliob":-1.539,"bolussnooze":0,"activity":-0.0137,"lastBolusTime":1703056037129,"time":"2023-12-20T09:37:04.067Z"}},{"iob":0.063,"basaliob":-0.12,"bolussnooze":0,"activity":0.0013,"lastBolusTime":1703056037129,"time":"2023-12-20T09:42:04.067Z","iobWithZeroTemp":{"iob":-1.351,"basaliob":-1.534,"bolussnooze":0,"activity":-0.014,"lastBolusTime":1703056037129,"time":"2023-12-20T09:42:04.067Z"}},{"iob":0.057,"basaliob":-0.109,"bolussnooze":0,"activity":0.0011,"lastBolusTime":1703056037129,"time":"2023-12-20T09:47:04.067Z","iobWithZeroTemp":{"iob":-1.364,"basaliob":-1.53,"bolussnooze":0,"activity":-0.0143,"lastBolusTime":1703056037129,"time":"2023-12-20T09:47:04.067Z"}},{"iob":0.051,"basaliob":-0.099,"bolussnooze":0,"activity":0.0011,"lastBolusTime":1703056037129,"time":"2023-12-20T09:52:04.067Z","iobWithZeroTemp":{"iob":-1.376,"basaliob":-1.526,"bolussnooze":0,"activity":-0.0145,"lastBolusTime":1703056037129,"time":"2023-12-20T09:52:04.067Z"}},{"iob":0.047,"basaliob":-0.089,"bolussnooze":0,"activity":9.0E-4,"lastBolusTime":1703056037129,"time":"2023-12-20T09:57:04.067Z","iobWithZeroTemp":{"iob":-1.385,"basaliob":-1.521,"bolussnooze":0,"activity":-0.0148,"lastBolusTime":1703056037129,"time":"2023-12-20T09:57:04.067Z"}},{"iob":0.042,"basaliob":-0.081,"bolussnooze":0,"activity":9.0E-4,"lastBolusTime":1703056037129,"time":"2023-12-20T10:02:04.067Z","iobWithZeroTemp":{"iob":-1.394,"basaliob":-1.517,"bolussnooze":0,"activity":-0.0149,"lastBolusTime":1703056037129,"time":"2023-12-20T10:02:04.067Z"}},{"iob":0.038,"basaliob":-0.073,"bolussnooze":0,"activity":7.0E-4,"lastBolusTime":1703056037129,"time":"2023-12-20T10:07:04.067Z","iobWithZeroTemp":{"iob":-1.394,"basaliob":-1.505,"bolussnooze":0,"activity":-0.0152,"lastBolusTime":1703056037129,"time":"2023-12-20T10:07:04.067Z"}},{"iob":0.035,"basaliob":-0.066,"bolussnooze":0,"activity":7.0E-4,"lastBolusTime":1703056037129,"time":"2023-12-20T10:12:04.067Z","iobWithZeroTemp":{"iob":-1.388,"basaliob":-1.489,"bolussnooze":0,"activity":-0.0152,"lastBolusTime":1703056037129,"time":"2023-12-20T10:12:04.067Z"}},{"iob":0.031,"basaliob":-0.06,"bolussnooze":0,"activity":7.0E-4,"lastBolusTime":1703056037129,"time":"2023-12-20T10:17:04.067Z","iobWithZeroTemp":{"iob":-1.387,"basaliob":-1.478,"bolussnooze":0,"activity":-0.0153,"lastBolusTime":1703056037129,"time":"2023-12-20T10:17:04.067Z"}},{"iob":0.028,"basaliob":-0.054,"bolussnooze":0,"activity":6.0E-4,"lastBolusTime":1703056037129,"time":"2023-12-20T10:22:04.067Z","iobWithZeroTemp":{"iob":-1.386,"basaliob":-1.468,"bolussnooze":0,"activity":-0.0154,"lastBolusTime":1703056037129,"time":"2023-12-20T10:22:04.067Z"}},{"iob":0.025,"basaliob":-0.049,"bolussnooze":0,"activity":5.0E-4,"lastBolusTime":1703056037129,"time":"2023-12-20T10:27:04.067Z","iobWithZeroTemp":{"iob":-1.384,"basaliob":-1.458,"bolussnooze":0,"activity":-0.0155,"lastBolusTime":1703056037129,"time":"2023-12-20T10:27:04.067Z"}},{"iob":0.023,"basaliob":-0.044,"bolussnooze":0,"activity":5.0E-4,"lastBolusTime":1703056037129,"time":"2023-12-20T10:32:04.067Z","iobWithZeroTemp":{"iob":-1.381,"basaliob":-1.448,"bolussnooze":0,"activity":-0.0155,"lastBolusTime":1703056037129,"time":"2023-12-20T10:32:04.067Z"}},{"iob":0.02,"basaliob":-0.04,"bolussnooze":0,"activity":5.0E-4,"lastBolusTime":1703056037129,"time":"2023-12-20T10:37:04.067Z","iobWithZeroTemp":{"iob":-1.379,"basaliob":-1.439,"bolussnooze":0,"activity":-0.0155,"lastBolusTime":1703056037129,"time":"2023-12-20T10:37:04.067Z"}},{"iob":0.018,"basaliob":-0.036,"bolussnooze":0,"activity":3.0E-4,"lastBolusTime":1703056037129,"time":"2023-12-20T10:42:04.067Z","iobWithZeroTemp":{"iob":-1.376,"basaliob":-1.43,"bolussnooze":0,"activity":-0.0157,"lastBolusTime":1703056037129,"time":"2023-12-20T10:42:04.067Z"}},{"iob":0.017,"basaliob":-0.032,"bolussnooze":0,"activity":3.0E-4,"lastBolusTime":1703056037129,"time":"2023-12-20T10:47:04.067Z","iobWithZeroTemp":{"iob":-1.372,"basaliob":-1.421,"bolussnooze":0,"activity":-0.0156,"lastBolusTime":1703056037129,"time":"2023-12-20T10:47:04.067Z"}},{"iob":0.015,"basaliob":-0.029,"bolussnooze":0,"activity":3.0E-4,"lastBolusTime":1703056037129,"time":"2023-12-20T10:52:04.067Z","iobWithZeroTemp":{"iob":-1.37,"basaliob":-1.414,"bolussnooze":0,"activity":-0.0156,"lastBolusTime":1703056037129,"time":"2023-12-20T10:52:04.067Z"}},{"iob":0.013,"basaliob":-0.026,"bolussnooze":0,"activity":2.0E-4,"lastBolusTime":1703056037129,"time":"2023-12-20T10:57:04.067Z","iobWithZeroTemp":{"iob":-1.367,"basaliob":-1.406,"bolussnooze":0,"activity":-0.0157,"lastBolusTime":1703056037129,"time":"2023-12-20T10:57:04.067Z"}},{"iob":0.012,"basaliob":-0.023,"bolussnooze":0,"activity":3.0E-4,"lastBolusTime":1703056037129,"time":"2023-12-20T11:02:04.067Z","iobWithZeroTemp":{"iob":-1.364,"basaliob":-1.399,"bolussnooze":0,"activity":-0.0155,"lastBolusTime":1703056037129,"time":"2023-12-20T11:02:04.067Z"}},{"iob":0.011,"basaliob":-0.021,"bolussnooze":0,"activity":2.0E-4,"lastBolusTime":1703056037129,"time":"2023-12-20T11:07:04.067Z","iobWithZeroTemp":{"iob":-1.353,"basaliob":-1.385,"bolussnooze":0,"activity":-0.0156,"lastBolusTime":1703056037129,"time":"2023-12-20T11:07:04.067Z"}},{"iob":0.009,"basaliob":-0.019,"bolussnooze":0,"activity":2.0E-4,"lastBolusTime":1703056037129,"time":"2023-12-20T11:12:04.067Z","iobWithZeroTemp":{"iob":-1.343,"basaliob":-1.371,"bolussnooze":0,"activity":-0.0155,"lastBolusTime":1703056037129,"time":"2023-12-20T11:12:04.067Z"}}],"profile":{"max_iob":20,"type":"current","max_daily_basal":1.6,"max_basal":4.8,"min_bg":81,"max_bg":81,"target_bg":81,"carb_ratio":5.5,"sens":72,"max_daily_safety_multiplier":3,"current_basal_safety_multiplier":4,"high_temptarget_raises_sensitivity":false,"low_temptarget_lowers_sensitivity":false,"sensitivity_raises_target":false,"resistance_lowers_target":false,"adv_target_adjustments":false,"exercise_mode":false,"half_basal_exercise_target":160,"maxCOB":120,"skip_neutral_temps":false,"remainingCarbsCap":90,"enableUAM":true,"A52_risk_enable":false,"SMBInterval":3,"enableSMB_with_COB":false,"enableSMB_with_temptarget":false,"allowSMB_with_high_temptarget":true,"enableSMB_always":true,"enableSMB_after_carbs":false,"maxSMBBasalMinutes":120,"maxUAMSMBBasalMinutes":120,"bolus_increment":0.05,"carbsReqThreshold":1,"current_basal":1.2,"temptargetSet":true,"autosens_max":1.8,"out_units":"mmol\/L"},"autosens_data":{"ratio":1},"meal_data":{"carbs":50,"mealCOB":13.277777777777782,"slopeFromMaxDeviation":-0.28174999999999994,"slopeFromMinDeviation":0.46972727272727277,"lastBolusTime":1703056037129,"lastCarbTime":1703053023000},"microBolusAllowed":true,"currentTime":1703056628222,"flatBGsDetected":false},"output":{"temp":"absolute","bg":95,"tick":-1,"eventualBG":206,"targetBG":81,"insulinReq":0.15,"deliverAt":"2023-12-20T07:17:08.222Z","sensitivityRatio":1,"predBGs":{"IOB":[95,94,92,91,90,88,87,85,83,81,80,78,76,74,72,70,69,67,66,65,64,63,62,61,60,59,59,58,58,57,57,56,56,56,55,55,55,55,54,54,54,54,54,54,53],"ZT":[95,91,87,84,81,78,76,74,73,72,71,71,72,72,74,75,77,80],"COB":[95,94,93,93,93,93,93,94,95,96,97,99,100,102,105,107,110,113,116,119,122,126,129,133,137,141,145,150,154,158,162,166,170,173,177,180,183,186,189,191,194,196,198,200,202,203,204,206],"UAM":[95,94,92,91,89,88,86,84,82,80,77,75,73,71,70,68,66,65,64,62,61,60,59,59,58,57,56,56,55,55,54,54,54,53,53,53,52,52,52,52,52,51]},"COB":13.277777777777782,"IOB":0.784,"reason":"COB: 13.3, Dev: 0.9, BGI: -0.2, ISF: 4.0, CR: 5.5, Target: 4.5, minPredBG 5.1, minGuardBG 3.4, IOBpredBG 2.9, COBpredBG 11.4, UAMpredBG 2.8; Eventual BG 11.4 >= 4.5,  insulinReq 0.15; setting 30m low temp of 0.96U\/h. Microbolusing 0.05U. ","units":0.05,"rate":0.96,"duration":30,"timestamp":"2023-12-20T07:17:08.354Z"}}