{"algorithm":"OpenAPSSMBPlugin","input":{"glucoseStatus":{"glucose":39,"noise":0,"delta":-1,"short_avgdelta":-3.67,"long_avgdelta":-8.33,"date":1703079101558},"currenttemp":{"temp":"absolute","duration":100,"rate":0,"minutesrunning":20},"iob_data":[{"iob":0.765,"basaliob":-1.077,"bolussnooze":0.6647,"activity":0.0128,"lastBolusTime":1703076907848,"time":"2023-12-20T13:32:03.989Z","iobWithZeroTemp":{"iob":0.765,"basaliob":-1.077,"bolussnooze":0.6647,"activity":0.0128,"lastBolusTime":1703076907848,"time":"2023-12-20T13:32:03.989Z"}},{"iob":0.704,"basaliob":-1.014,"bolussnooze":0.5644,"activity":0.0119,"lastBolusTime":1703076907848,"time":"2023-12-20T13:37:03.989Z","iobWithZeroTemp":{"iob":0.657,"basaliob":-1.061,"bolussnooze":0.5644,"activity":0.0119,"lastBolusTime":1703076907848,"time":"2023-12-20T13:37:03.989Z"}},{"iob":0.646,"basaliob":-0.953,"bolussnooze":0.4769,"activity":0.011,"lastBolusTime":1703076907848,"time":"2023-12-20T13:42:03.989Z","iobWithZeroTemp":{"iob":0.542,"basaliob":-1.057,"bolussnooze":0.4769,"activity":0.0108,"lastBolusTime":1703076907848,"time":"2023-12-20T13:42:03.989Z"}},{"iob":0.593,"basaliob":-0.893,"bolussnooze":0.4013,"activity":0.0103,"lastBolusTime":1703076907848,"time":"2023-12-20T13:47:03.989Z","iobWithZeroTemp":{"iob":0.432,"basaliob":-1.054,"bolussnooze":0.4013,"activity":0.0098,"lastBolusTime":1703076907848,"time":"2023-12-20T13:47:03.989Z"}},{"iob":0.543,"basaliob":-0.835,"bolussnooze":0.3363,"activity":0.0095,"lastBolusTime":1703076907848,"time":"2023-12-20T13:52:03.989Z","iobWithZeroTemp":{"iob":0.327,"basaliob":-1.051,"bolussnooze":0.3363,"activity":0.0087,"lastBolusTime":1703076907848,"time":"2023-12-20T13:52:03.989Z"}},{"iob":0.497,"basaliob":-0.779,"bolussnooze":0.2808,"activity":0.0088,"lastBolusTime":1703076907848,"time":"2023-12-20T13:57:03.989Z","iobWithZeroTemp":{"iob":0.227,"basaliob":-1.049,"bolussnooze":0.2808,"activity":0.0076,"lastBolusTime":1703076907848,"time":"2023-12-20T13:57:03.989Z"}},{"iob":0.455,"basaliob":-0.725,"bolussnooze":0.2337,"activity":0.0081,"lastBolusTime":1703076907848,"time":"2023-12-20T14:02:03.989Z","iobWithZeroTemp":{"iob":0.134,"basaliob":-1.046,"bolussnooze":0.2337,"activity":0.0065,"lastBolusTime":1703076907848,"time":"2023-12-20T14:02:03.989Z"}},{"iob":0.416,"basaliob":-0.674,"bolussnooze":0.1939,"activity":0.0075,"lastBolusTime":1703076907848,"time":"2023-12-20T14:07:03.989Z","iobWithZeroTemp":{"iob":0.046,"basaliob":-1.044,"bolussnooze":0.1939,"activity":0.0054,"lastBolusTime":1703076907848,"time":"2023-12-20T14:07:03.989Z"}},{"iob":0.38,"basaliob":-0.625,"bolussnooze":0.1603,"activity":0.0069,"lastBolusTime":1703076907848,"time":"2023-12-20T14:12:03.989Z","iobWithZeroTemp":{"iob":-0.037,"basaliob":-1.042,"bolussnooze":0.1603,"activity":0.0043,"lastBolusTime":1703076907848,"time":"2023-12-20T14:12:03.989Z"}},{"iob":0.347,"basaliob":-0.579,"bolussnooze":0.1322,"activity":0.0063,"lastBolusTime":1703076907848,"time":"2023-12-20T14:17:03.989Z","iobWithZeroTemp":{"iob":-0.114,"basaliob":-1.04,"bolussnooze":0.1322,"activity":0.0033,"lastBolusTime":1703076907848,"time":"2023-12-20T14:17:03.989Z"}},{"iob":0.317,"basaliob":-0.535,"bolussnooze":0.1086,"activity":0.0059,"lastBolusTime":1703076907848,"time":"2023-12-20T14:22:03.989Z","iobWithZeroTemp":{"iob":-0.186,"basaliob":-1.038,"bolussnooze":0.1086,"activity":0.0024,"lastBolusTime":1703076907848,"time":"2023-12-20T14:22:03.989Z"}},{"iob":0.289,"basaliob":-0.494,"bolussnooze":0.0891,"activity":0.0054,"lastBolusTime":1703076907848,"time":"2023-12-20T14:27:03.989Z","iobWithZeroTemp":{"iob":-0.254,"basaliob":-1.037,"bolussnooze":0.0891,"activity":0.0014,"lastBolusTime":1703076907848,"time":"2023-12-20T14:27:03.989Z"}},{"iob":0.262,"basaliob":-0.456,"bolussnooze":0.0728,"activity":0.005,"lastBolusTime":1703076907848,"time":"2023-12-20T14:32:03.989Z","iobWithZeroTemp":{"iob":-0.318,"basaliob":-1.036,"bolussnooze":0.0728,"activity":5.0E-4,"lastBolusTime":1703076907848,"time":"2023-12-20T14:32:03.989Z"}},{"iob":0.239,"basaliob":-0.42,"bolussnooze":0.0593,"activity":0.0045,"lastBolusTime":1703076907848,"time":"2023-12-20T14:37:03.989Z","iobWithZeroTemp":{"iob":-0.376,"basaliob":-1.035,"bolussnooze":0.0593,"activity":-4.0E-4,"lastBolusTime":1703076907848,"time":"2023-12-20T14:37:03.989Z"}},{"iob":0.217,"basaliob":-0.386,"bolussnooze":0.0482,"activity":0.0041,"lastBolusTime":1703076907848,"time":"2023-12-20T14:42:03.989Z","iobWithZeroTemp":{"iob":-0.43,"basaliob":-1.033,"bolussnooze":0.0482,"activity":-0.0013,"lastBolusTime":1703076907848,"time":"2023-12-20T14:42:03.989Z"}},{"iob":0.197,"basaliob":-0.355,"bolussnooze":0.0391,"activity":0.0038,"lastBolusTime":1703076907848,"time":"2023-12-20T14:47:03.989Z","iobWithZeroTemp":{"iob":-0.481,"basaliob":-1.033,"bolussnooze":0.0391,"activity":-0.002,"lastBolusTime":1703076907848,"time":"2023-12-20T14:47:03.989Z"}},{"iob":0.179,"basaliob":-0.326,"bolussnooze":0.0316,"activity":0.0035,"lastBolusTime":1703076907848,"time":"2023-12-20T14:52:03.989Z","iobWithZeroTemp":{"iob":-0.527,"basaliob":-1.032,"bolussnooze":0.0316,"activity":-0.0027,"lastBolusTime":1703076907848,"time":"2023-12-20T14:52:03.989Z"}},{"iob":0.162,"basaliob":-0.299,"bolussnooze":0.0255,"activity":0.0032,"lastBolusTime":1703076907848,"time":"2023-12-20T14:57:03.989Z","iobWithZeroTemp":{"iob":-0.571,"basaliob":-1.032,"bolussnooze":0.0255,"activity":-0.0034,"lastBolusTime":1703076907848,"time":"2023-12-20T14:57:03.989Z"}},{"iob":0.147,"basaliob":-0.274,"bolussnooze":0.0205,"activity":0.0029,"lastBolusTime":1703076907848,"time":"2023-12-20T15:02:03.989Z","iobWithZeroTemp":{"iob":-0.61,"basaliob":-1.031,"bolussnooze":0.0205,"activity":-0.0041,"lastBolusTime":1703076907848,"time":"2023-12-20T15:02:03.989Z"}},{"iob":0.133,"basaliob":-0.251,"bolussnooze":0.0164,"activity":0.0026,"lastBolusTime":1703076907848,"time":"2023-12-20T15:07:03.989Z","iobWithZeroTemp":{"iob":-0.638,"basaliob":-1.022,"bolussnooze":0.0164,"activity":-0.0047,"lastBolusTime":1703076907848,"time":"2023-12-20T15:07:03.989Z"}},{"iob":0.121,"basaliob":-0.229,"bolussnooze":0.0131,"activity":0.0024,"lastBolusTime":1703076907848,"time":"2023-12-20T15:12:03.989Z","iobWithZeroTemp":{"iob":-0.663,"basaliob":-1.013,"bolussnooze":0.0131,"activity":-0.0052,"lastBolusTime":1703076907848,"time":"2023-12-20T15:12:03.989Z"}},{"iob":0.109,"basaliob":-0.209,"bolussnooze":0.0104,"activity":0.0022,"lastBolusTime":1703076907848,"time":"2023-12-20T15:17:03.989Z","iobWithZeroTemp":{"iob":-0.687,"basaliob":-1.005,"bolussnooze":0.0104,"activity":-0.0057,"lastBolusTime":1703076907848,"time":"2023-12-20T15:17:03.989Z"}},{"iob":0.098,"basaliob":-0.191,"bolussnooze":0.0082,"activity":0.002,"lastBolusTime":1703076907848,"time":"2023-12-20T15:22:03.989Z","iobWithZeroTemp":{"iob":-0.708,"basaliob":-0.997,"bolussnooze":0.0082,"activity":-0.0061,"lastBolusTime":1703076907848,"time":"2023-12-20T15:22:03.989Z"}},{"iob":0.089,"basaliob":-0.174,"bolussnooze":0.0065,"activity":0.0018,"lastBolusTime":1703076907848,"time":"2023-12-20T15:27:03.989Z","iobWithZeroTemp":{"iob":-0.726,"basaliob":-0.989,"bolussnooze":0.0065,"activity":-0.0065,"lastBolusTime":1703076907848,"time":"2023-12-20T15:27:03.989Z"}},{"iob":0.08,"basaliob":-0.159,"bolussnooze":0.0051,"activity":0.0016,"lastBolusTime":1703076907848,"time":"2023-12-20T15:32:03.989Z","iobWithZeroTemp":{"iob":-0.743,"basaliob":-0.982,"bolussnooze":0.0051,"activity":-0.0069,"lastBolusTime":1703076907848,"time":"2023-12-20T15:32:03.989Z"}},{"iob":0.073,"basaliob":-0.144,"bolussnooze":0.004,"activity":0.0015,"lastBolusTime":1703076907848,"time":"2023-12-20T15:37:03.989Z","iobWithZeroTemp":{"iob":-0.757,"basaliob":-0.974,"bolussnooze":0.004,"activity":-0.0072,"lastBolusTime":1703076907848,"time":"2023-12-20T15:37:03.989Z"}},{"iob":0.066,"basaliob":-0.131,"bolussnooze":0.0031,"activity":0.0014,"lastBolusTime":1703076907848,"time":"2023-12-20T15:42:03.989Z","iobWithZeroTemp":{"iob":-0.77,"basaliob":-0.967,"bolussnooze":0.0031,"activity":-0.0074,"lastBolusTime":1703076907848,"time":"2023-12-20T15:42:03.989Z"}},{"iob":0.059,"basaliob":-0.119,"bolussnooze":0.0024,"activity":0.0012,"lastBolusTime":1703076907848,"time":"2023-12-20T15:47:03.989Z","iobWithZeroTemp":{"iob":-0.782,"basaliob":-0.96,"bolussnooze":0.0024,"activity":-0.0078,"lastBolusTime":1703076907848,"time":"2023-12-20T15:47:03.989Z"}},{"iob":0.053,"basaliob":-0.108,"bolussnooze":0.0018,"activity":0.0011,"lastBolusTime":1703076907848,"time":"2023-12-20T15:52:03.989Z","iobWithZeroTemp":{"iob":-0.793,"basaliob":-0.954,"bolussnooze":0.0018,"activity":-0.008,"lastBolusTime":1703076907848,"time":"2023-12-20T15:52:03.989Z"}},{"iob":0.048,"basaliob":-0.098,"bolussnooze":0.0014,"activity":0.001,"lastBolusTime":1703076907848,"time":"2023-12-20T15:57:03.989Z","iobWithZeroTemp":{"iob":-0.802,"basaliob":-0.948,"bolussnooze":0.0014,"activity":-0.0082,"lastBolusTime":1703076907848,"time":"2023-12-20T15:57:03.989Z"}},{"iob":0.043,"basaliob":-0.089,"bolussnooze":0.0011,"activity":9.0E-4,"lastBolusTime":1703076907848,"time":"2023-12-20T16:02:03.989Z","iobWithZeroTemp":{"iob":-0.806,"basaliob":-0.938,"bolussnooze":0.0011,"activity":-0.0083,"lastBolusTime":1703076907848,"time":"2023-12-20T16:02:03.989Z"}},{"iob":0.038,"basaliob":-0.081,"bolussnooze":8.0E-4,"activity":8.0E-4,"lastBolusTime":1703076907848,"time":"2023-12-20T16:07:03.989Z","iobWithZeroTemp":{"iob":-0.815,"basaliob":-0.934,"bolussnooze":8.0E-4,"activity":-0.0085,"lastBolusTime":1703076907848,"time":"2023-12-20T16:07:03.989Z"}},{"iob":0.035,"basaliob":-0.073,"bolussnooze":6.0E-4,"activity":7.0E-4,"lastBolusTime":1703076907848,"time":"2023-12-20T16:12:03.989Z","iobWithZeroTemp":{"iob":-0.821,"basaliob":-0.929,"bolussnooze":6.0E-4,"activity":-0.0087,"lastBolusTime":1703076907848,"time":"2023-12-20T16:12:03.989Z"}},{"iob":0.031,"basaliob":-0.066,"bolussnooze":4.0E-4,"activity":7.0E-4,"lastBolusTime":1703076907848,"time":"2023-12-20T16:17:03.989Z","iobWithZeroTemp":{"iob":-0.828,"basaliob":-0.925,"bolussnooze":4.0E-4,"activity":-0.0088,"lastBolusTime":1703076907848,"time":"2023-12-20T16:17:03.989Z"}},{"iob":0.028,"basaliob":-0.06,"bolussnooze":3.0E-4,"activity":6.0E-4,"lastBolusTime":1703076907848,"time":"2023-12-20T16:22:03.989Z","iobWithZeroTemp":{"iob":-0.833,"basaliob":-0.921,"bolussnooze":3.0E-4,"activity":-0.0089,"lastBolusTime":1703076907848,"time":"2023-12-20T16:22:03.989Z"}},{"iob":0.025,"basaliob":-0.054,"bolussnooze":2.0E-4,"activity":6.0E-4,"lastBolusTime":1703076907848,"time":"2023-12-20T16:27:03.989Z","iobWithZeroTemp":{"iob":-0.839,"basaliob":-0.918,"bolussnooze":2.0E-4,"activity":-0.009,"lastBolusTime":1703076907848,"time":"2023-12-20T16:27:03.989Z"}},{"iob":0.022,"basaliob":-0.049,"bolussnooze":1.0E-4,"activity":5.0E-4,"lastBolusTime":1703076907848,"time":"2023-12-20T16:32:03.989Z","iobWithZeroTemp":{"iob":-0.844,"basaliob":-0.915,"bolussnooze":1.0E-4,"activity":-0.0091,"lastBolusTime":1703076907848,"time":"2023-12-20T16:32:03.989Z"}},{"iob":0.02,"basaliob":-0.044,"bolussnooze":1.0E-4,"activity":5.0E-4,"lastBolusTime":1703076907848,"time":"2023-12-20T16:37:03.989Z","iobWithZeroTemp":{"iob":-0.847,"basaliob":-0.911,"bolussnooze":1.0E-4,"activity":-0.0092,"lastBolusTime":1703076907848,"time":"2023-12-20T16:37:03.989Z"}},{"iob":0.018,"basaliob":-0.04,"bolussnooze":1.0E-4,"activity":4.0E-4,"lastBolusTime":1703076907848,"time":"2023-12-20T16:42:03.989Z","iobWithZeroTemp":{"iob":-0.851,"basaliob":-0.909,"bolussnooze":1.0E-4,"activity":-0.0093,"lastBolusTime":1703076907848,"time":"2023-12-20T16:42:03.989Z"}},{"iob":0.016,"basaliob":-0.036,"bolussnooze":0,"activity":3.0E-4,"lastBolusTime":1703076907848,"time":"2023-12-20T16:47:03.989Z","iobWithZeroTemp":{"iob":-0.854,"basaliob":-0.906,"bolussnooze":0,"activity":-0.0095,"lastBolusTime":1703076907848,"time":"2023-12-20T16:47:03.989Z"}},{"iob":0.014,"basaliob":-0.032,"bolussnooze":0,"activity":3.0E-4,"lastBolusTime":1703076907848,"time":"2023-12-20T16:52:03.989Z","iobWithZeroTemp":{"iob":-0.857,"basaliob":-0.903,"bolussnooze":0,"activity":-0.0095,"lastBolusTime":1703076907848,"time":"2023-12-20T16:52:03.989Z"}},{"iob":0.013,"basaliob":-0.029,"bolussnooze":0,"activity":3.0E-4,"lastBolusTime":1703076907848,"time":"2023-12-20T16:57:03.989Z","iobWithZeroTemp":{"iob":-0.86,"basaliob":-0.902,"bolussnooze":0,"activity":-0.0095,"lastBolusTime":1703076907848,"time":"2023-12-20T16:57:03.989Z"}},{"iob":0.011,"basaliob":-0.026,"bolussnooze":0,"activity":2.0E-4,"lastBolusTime":1703076907848,"time":"2023-12-20T17:02:03.989Z","iobWithZeroTemp":{"iob":-0.862,"basaliob":-0.899,"bolussnooze":0,"activity":-0.0096,"lastBolusTime":1703076907848,"time":"2023-12-20T17:02:03.989Z"}},{"iob":0.01,"basaliob":-0.023,"bolussnooze":0,"activity":2.0E-4,"lastBolusTime":1703076907848,"time":"2023-12-20T17:07:03.989Z","iobWithZeroTemp":{"iob":-0.864,"basaliob":-0.897,"bolussnooze":0,"activity":-0.0097,"lastBolusTime":1703076907848,"time":"2023-12-20T17:07:03.989Z"}},{"iob":0.009,"basaliob":-0.021,"bolussnooze":0,"activity":2.0E-4,"lastBolusTime":1703076907848,"time":"2023-12-20T17:12:03.989Z","iobWithZeroTemp":{"iob":-0.866,"basaliob":-0.896,"bolussnooze":0,"activity":-0.0097,"lastBolusTime":1703076907848,"time":"2023-12-20T17:12:03.989Z"}},{"iob":0.008,"basaliob":-0.019,"bolussnooze":0,"activity":2.0E-4,"lastBolusTime":1703076907848,"time":"2023-12-20T17:17:03.989Z","iobWithZeroTemp":{"iob":-0.868,"basaliob":-0.895,"bolussnooze":0,"activity":-0.0097,"lastBolusTime":1703076907848,"time":"2023-12-20T17:17:03.989Z"}},{"iob":0.007,"basaliob":-0.017,"bolussnooze":0,"activity":1.0E-4,"lastBolusTime":1703076907848,"time":"2023-12-20T17:22:03.989Z","iobWithZeroTemp":{"iob":-0.869,"basaliob":-0.893,"bolussnooze":0,"activity":-0.0098,"lastBolusTime":1703076907848,"time":"2023-12-20T17:22:03.989Z"}},{"iob":0.006,"basaliob":-0.015,"bolussnooze":0,"activity":2.0E-4,"lastBolusTime":1703076907848,"time":"2023-12-20T17:27:03.989Z","iobWithZeroTemp":{"iob":-0.871,"basaliob":-0.892,"bolussnooze":0,"activity":-0.0097,"lastBolusTime":1703076907848,"time":"2023-12-20T17:27:03.989Z"}}],"profile":{"max_iob":20,"type":"current","max_daily_basal":1.6,"max_basal":2.8,"min_bg":81,"max_bg":81,"target_bg":81,"carb_ratio":8,"sens":108,"max_daily_safety_multiplier":3,"current_basal_safety_multiplier":4,"high_temptarget_raises_sensitivity":false,"low_temptarget_lowers_sensitivity":false,"sensitivity_raises_target":false,"resistance_lowers_target":false,"adv_target_adjustments":false,"exercise_mode":false,"half_basal_exercise_target":160,"maxCOB":120,"skip_neutral_temps":false,"remainingCarbsCap":90,"enableUAM":true,"A52_risk_enable":false,"SMBInterval":3,"enableSMB_with_COB":false,"enableSMB_with_temptarget":false,"allowSMB_with_high_temptarget":true,"enableSMB_always":true,"enableSMB_after_carbs":false,"maxSMBBasalMinutes":120,"maxUAMSMBBasalMinutes":120,"bolus_increment":0.05,"carbsReqThreshold":1,"current_basal":0.7,"temptargetSet":true,"autosens_max":1.8,"out_units":"mmol\/L"},"autosens_data":{"ratio":1},"meal_data":{"carbs":45,"mealCOB":0.5342222222222235,"slopeFromMaxDeviation":-1.7930909090909088,"slopeFromMinDeviation":1.2889999999999997,"lastBolusTime":1703076907848,"lastCarbTime":1703074649000},"microBolusAllowed":true,"currentTime":1703079127479,"flatBGsDetected":false},"output":{"temp":"absolute","bg":39,"tick":-1,"eventualBG":39,"targetBG":81,"insulinReq":0,"deliverAt":"2023-12-20T13:32:07.479Z","sensitivityRatio":1,"predBGs":{"IOB":[39,39,39,39,39,39,39,39,39,39,39,39,39],"ZT":[39,39,39,39,39,39,39,39,39,39,39,39,39,39,39,39,39,39,39,39,39,39,39,39,39,39,39,39,39,39,40,45,49,54,59,64,68,73,78],"COB":[39,39,39,39,39,39,39,39,39,39,39,39,39],"UAM":[39,39,39,39,39,39,39,39,39,39,39,39,39]},"COB":0.5342222222222235,"IOB":0.765,"reason":"COB: 0.5, Dev: 1.1, BGI: -0.4, ISF: 6.0, CR: 8, Target: 4.5, minPredBG -0.4, minGuardBG -2.5, IOBpredBG 2.2, COBpredBG 2.2, UAMpredBG 2.2; 8 add'l carbs req w\/in 0m; minGuardBG -2.5<3.4 100m left and 0 ~ req 0U\/hr: no temp required","carbsReq":8,"carbsReqWithin":0,"timestamp":"2023-12-20T13:32:07.630Z"}}