{"algorithm":"OpenAPSSMBPlugin","input":{"glucoseStatus":{"glucose":60,"noise":0,"delta":6,"short_avgdelta":5.61,"long_avgdelta":1.83,"date":1703145704606},"currenttemp":{"temp":"absolute","duration":0,"rate":0},"iob_data":[{"iob":-1.188,"basaliob":-1.631,"bolussnooze":0.006,"activity":-0.0108,"lastBolusTime":1703136515248,"time":"2023-12-21T08:02:05.840Z","iobWithZeroTemp":{"iob":-1.188,"basaliob":-1.631,"bolussnooze":0.006,"activity":-0.0108,"lastBolusTime":1703136515248,"time":"2023-12-21T08:02:05.840Z"}},{"iob":-1.133,"basaliob":-1.534,"bolussnooze":0.0046,"activity":-0.0113,"lastBolusTime":1703136515248,"time":"2023-12-21T08:07:05.840Z","iobWithZeroTemp":{"iob":-1.206,"basaliob":-1.607,"bolussnooze":0.0046,"activity":-0.0114,"lastBolusTime":1703136515248,"time":"2023-12-21T08:07:05.840Z"}},{"iob":-1.076,"basaliob":-1.438,"bolussnooze":0.0036,"activity":-0.0115,"lastBolusTime":1703136515248,"time":"2023-12-21T08:12:05.840Z","iobWithZeroTemp":{"iob":-1.24,"basaliob":-1.602,"bolussnooze":0.0036,"activity":-0.0118,"lastBolusTime":1703136515248,"time":"2023-12-21T08:12:05.840Z"}},{"iob":-1.018,"basaliob":-1.346,"bolussnooze":0.0027,"activity":-0.0116,"lastBolusTime":1703136515248,"time":"2023-12-21T08:17:05.840Z","iobWithZeroTemp":{"iob":-1.271,"basaliob":-1.599,"bolussnooze":0.0027,"activity":-0.0123,"lastBolusTime":1703136515248,"time":"2023-12-21T08:17:05.840Z"}},{"iob":-0.96,"basaliob":-1.256,"bolussnooze":0.0021,"activity":-0.0115,"lastBolusTime":1703136515248,"time":"2023-12-21T08:22:05.840Z","iobWithZeroTemp":{"iob":-1.3,"basaliob":-1.596,"bolussnooze":0.0021,"activity":-0.0128,"lastBolusTime":1703136515248,"time":"2023-12-21T08:22:05.840Z"}},{"iob":-0.903,"basaliob":-1.17,"bolussnooze":0.0016,"activity":-0.0113,"lastBolusTime":1703136515248,"time":"2023-12-21T08:27:05.840Z","iobWithZeroTemp":{"iob":-1.327,"basaliob":-1.594,"bolussnooze":0.0016,"activity":-0.0132,"lastBolusTime":1703136515248,"time":"2023-12-21T08:27:05.840Z"}},{"iob":-0.847,"basaliob":-1.088,"bolussnooze":0.0012,"activity":-0.011,"lastBolusTime":1703136515248,"time":"2023-12-21T08:32:05.840Z","iobWithZeroTemp":{"iob":-1.351,"basaliob":-1.592,"bolussnooze":0.0012,"activity":-0.0136,"lastBolusTime":1703136515248,"time":"2023-12-21T08:32:05.840Z"}},{"iob":-0.793,"basaliob":-1.01,"bolussnooze":9.0E-4,"activity":-0.0107,"lastBolusTime":1703136515248,"time":"2023-12-21T08:37:05.840Z","iobWithZeroTemp":{"iob":-1.375,"basaliob":-1.592,"bolussnooze":9.0E-4,"activity":-0.014,"lastBolusTime":1703136515248,"time":"2023-12-21T08:37:05.840Z"}},{"iob":-0.741,"basaliob":-0.936,"bolussnooze":7.0E-4,"activity":-0.0103,"lastBolusTime":1703136515248,"time":"2023-12-21T08:42:05.840Z","iobWithZeroTemp":{"iob":-1.396,"basaliob":-1.591,"bolussnooze":7.0E-4,"activity":-0.0143,"lastBolusTime":1703136515248,"time":"2023-12-21T08:42:05.840Z"}},{"iob":-0.69,"basaliob":-0.866,"bolussnooze":5.0E-4,"activity":-0.0099,"lastBolusTime":1703136515248,"time":"2023-12-21T08:47:05.840Z","iobWithZeroTemp":{"iob":-1.415,"basaliob":-1.591,"bolussnooze":5.0E-4,"activity":-0.0147,"lastBolusTime":1703136515248,"time":"2023-12-21T08:47:05.840Z"}},{"iob":-0.642,"basaliob":-0.8,"bolussnooze":3.0E-4,"activity":-0.0094,"lastBolusTime":1703136515248,"time":"2023-12-21T08:52:05.840Z","iobWithZeroTemp":{"iob":-1.433,"basaliob":-1.591,"bolussnooze":3.0E-4,"activity":-0.0149,"lastBolusTime":1703136515248,"time":"2023-12-21T08:52:05.840Z"}},{"iob":-0.596,"basaliob":-0.738,"bolussnooze":2.0E-4,"activity":-0.009,"lastBolusTime":1703136515248,"time":"2023-12-21T08:57:05.840Z","iobWithZeroTemp":{"iob":-1.449,"basaliob":-1.591,"bolussnooze":2.0E-4,"activity":-0.0153,"lastBolusTime":1703136515248,"time":"2023-12-21T08:57:05.840Z"}},{"iob":-0.552,"basaliob":-0.68,"bolussnooze":2.0E-4,"activity":-0.0084,"lastBolusTime":1703136515248,"time":"2023-12-21T09:02:05.840Z","iobWithZeroTemp":{"iob":-1.463,"basaliob":-1.591,"bolussnooze":2.0E-4,"activity":-0.0154,"lastBolusTime":1703136515248,"time":"2023-12-21T09:02:05.840Z"}},{"iob":-0.512,"basaliob":-0.626,"bolussnooze":1.0E-4,"activity":-0.008,"lastBolusTime":1703136515248,"time":"2023-12-21T09:07:05.840Z","iobWithZeroTemp":{"iob":-1.47,"basaliob":-1.584,"bolussnooze":1.0E-4,"activity":-0.0157,"lastBolusTime":1703136515248,"time":"2023-12-21T09:07:05.840Z"}},{"iob":-0.473,"basaliob":-0.576,"bolussnooze":1.0E-4,"activity":-0.0075,"lastBolusTime":1703136515248,"time":"2023-12-21T09:12:05.840Z","iobWithZeroTemp":{"iob":-1.474,"basaliob":-1.577,"bolussnooze":1.0E-4,"activity":-0.0159,"lastBolusTime":1703136515248,"time":"2023-12-21T09:12:05.840Z"}},{"iob":-0.437,"basaliob":-0.529,"bolussnooze":1.0E-4,"activity":-0.0071,"lastBolusTime":1703136515248,"time":"2023-12-21T09:17:05.840Z","iobWithZeroTemp":{"iob":-1.478,"basaliob":-1.57,"bolussnooze":1.0E-4,"activity":-0.0161,"lastBolusTime":1703136515248,"time":"2023-12-21T09:17:05.840Z"}},{"iob":-0.403,"basaliob":-0.485,"bolussnooze":0,"activity":-0.0066,"lastBolusTime":1703136515248,"time":"2023-12-21T09:22:05.840Z","iobWithZeroTemp":{"iob":-1.481,"basaliob":-1.563,"bolussnooze":0,"activity":-0.0162,"lastBolusTime":1703136515248,"time":"2023-12-21T09:22:05.840Z"}},{"iob":-0.37,"basaliob":-0.444,"bolussnooze":0,"activity":-0.0061,"lastBolusTime":1703136515248,"time":"2023-12-21T09:27:05.840Z","iobWithZeroTemp":{"iob":-1.482,"basaliob":-1.556,"bolussnooze":0,"activity":-0.0163,"lastBolusTime":1703136515248,"time":"2023-12-21T09:27:05.840Z"}},{"iob":-0.341,"basaliob":-0.407,"bolussnooze":0,"activity":-0.0057,"lastBolusTime":1703136515248,"time":"2023-12-21T09:32:05.840Z","iobWithZeroTemp":{"iob":-1.484,"basaliob":-1.55,"bolussnooze":0,"activity":-0.0164,"lastBolusTime":1703136515248,"time":"2023-12-21T09:32:05.840Z"}},{"iob":-0.313,"basaliob":-0.372,"bolussnooze":0,"activity":-0.0054,"lastBolusTime":1703136515248,"time":"2023-12-21T09:37:05.840Z","iobWithZeroTemp":{"iob":-1.484,"basaliob":-1.543,"bolussnooze":0,"activity":-0.0166,"lastBolusTime":1703136515248,"time":"2023-12-21T09:37:05.840Z"}},{"iob":-0.288,"basaliob":-0.34,"bolussnooze":0,"activity":-0.005,"lastBolusTime":1703136515248,"time":"2023-12-21T09:42:05.840Z","iobWithZeroTemp":{"iob":-1.479,"basaliob":-1.531,"bolussnooze":0,"activity":-0.0166,"lastBolusTime":1703136515248,"time":"2023-12-21T09:42:05.840Z"}},{"iob":-0.263,"basaliob":-0.31,"bolussnooze":0,"activity":-0.0046,"lastBolusTime":1703136515248,"time":"2023-12-21T09:47:05.840Z","iobWithZeroTemp":{"iob":-1.479,"basaliob":-1.526,"bolussnooze":0,"activity":-0.0166,"lastBolusTime":1703136515248,"time":"2023-12-21T09:47:05.840Z"}},{"iob":-0.241,"basaliob":-0.283,"bolussnooze":0,"activity":-0.0042,"lastBolusTime":1703136515248,"time":"2023-12-21T09:52:05.840Z","iobWithZeroTemp":{"iob":-1.479,"basaliob":-1.521,"bolussnooze":0,"activity":-0.0166,"lastBolusTime":1703136515248,"time":"2023-12-21T09:52:05.840Z"}},{"iob":-0.221,"basaliob":-0.258,"bolussnooze":0,"activity":-0.0039,"lastBolusTime":1703136515248,"time":"2023-12-21T09:57:05.840Z","iobWithZeroTemp":{"iob":-1.48,"basaliob":-1.517,"bolussnooze":0,"activity":-0.0166,"lastBolusTime":1703136515248,"time":"2023-12-21T09:57:05.840Z"}},{"iob":-0.202,"basaliob":-0.235,"bolussnooze":0,"activity":-0.0036,"lastBolusTime":1703136515248,"time":"2023-12-21T10:02:05.840Z","iobWithZeroTemp":{"iob":-1.48,"basaliob":-1.513,"bolussnooze":0,"activity":-0.0167,"lastBolusTime":1703136515248,"time":"2023-12-21T10:02:05.840Z"}},{"iob":-0.185,"basaliob":-0.214,"bolussnooze":0,"activity":-0.0034,"lastBolusTime":1703136515248,"time":"2023-12-21T10:07:05.840Z","iobWithZeroTemp":{"iob":-1.472,"basaliob":-1.501,"bolussnooze":0,"activity":-0.0168,"lastBolusTime":1703136515248,"time":"2023-12-21T10:07:05.840Z"}},{"iob":-0.168,"basaliob":-0.194,"bolussnooze":0,"activity":-0.0031,"lastBolusTime":1703136515248,"time":"2023-12-21T10:12:05.840Z","iobWithZeroTemp":{"iob":-1.463,"basaliob":-1.489,"bolussnooze":0,"activity":-0.0167,"lastBolusTime":1703136515248,"time":"2023-12-21T10:12:05.840Z"}},{"iob":-0.154,"basaliob":-0.177,"bolussnooze":0,"activity":-0.0028,"lastBolusTime":1703136515248,"time":"2023-12-21T10:17:05.840Z","iobWithZeroTemp":{"iob":-1.455,"basaliob":-1.478,"bolussnooze":0,"activity":-0.0166,"lastBolusTime":1703136515248,"time":"2023-12-21T10:17:05.840Z"}},{"iob":-0.14,"basaliob":-0.16,"bolussnooze":0,"activity":-0.0026,"lastBolusTime":1703136515248,"time":"2023-12-21T10:22:05.840Z","iobWithZeroTemp":{"iob":-1.446,"basaliob":-1.466,"bolussnooze":0,"activity":-0.0166,"lastBolusTime":1703136515248,"time":"2023-12-21T10:22:05.840Z"}},{"iob":-0.127,"basaliob":-0.145,"bolussnooze":0,"activity":-0.0024,"lastBolusTime":1703136515248,"time":"2023-12-21T10:27:05.840Z","iobWithZeroTemp":{"iob":-1.438,"basaliob":-1.456,"bolussnooze":0,"activity":-0.0166,"lastBolusTime":1703136515248,"time":"2023-12-21T10:27:05.840Z"}},{"iob":-0.116,"basaliob":-0.132,"bolussnooze":0,"activity":-0.0022,"lastBolusTime":1703136515248,"time":"2023-12-21T10:32:05.840Z","iobWithZeroTemp":{"iob":-1.43,"basaliob":-1.446,"bolussnooze":0,"activity":-0.0165,"lastBolusTime":1703136515248,"time":"2023-12-21T10:32:05.840Z"}},{"iob":-0.105,"basaliob":-0.119,"bolussnooze":0,"activity":-0.002,"lastBolusTime":1703136515248,"time":"2023-12-21T10:37:05.840Z","iobWithZeroTemp":{"iob":-1.422,"basaliob":-1.436,"bolussnooze":0,"activity":-0.0165,"lastBolusTime":1703136515248,"time":"2023-12-21T10:37:05.840Z"}},{"iob":-0.096,"basaliob":-0.108,"bolussnooze":0,"activity":-0.0019,"lastBolusTime":1703136515248,"time":"2023-12-21T10:42:05.840Z","iobWithZeroTemp":{"iob":-1.416,"basaliob":-1.428,"bolussnooze":0,"activity":-0.0165,"lastBolusTime":1703136515248,"time":"2023-12-21T10:42:05.840Z"}},{"iob":-0.087,"basaliob":-0.098,"bolussnooze":0,"activity":-0.0017,"lastBolusTime":1703136515248,"time":"2023-12-21T10:47:05.840Z","iobWithZeroTemp":{"iob":-1.409,"basaliob":-1.42,"bolussnooze":0,"activity":-0.0164,"lastBolusTime":1703136515248,"time":"2023-12-21T10:47:05.840Z"}},{"iob":-0.079,"basaliob":-0.088,"bolussnooze":0,"activity":-0.0016,"lastBolusTime":1703136515248,"time":"2023-12-21T10:52:05.840Z","iobWithZeroTemp":{"iob":-1.403,"basaliob":-1.412,"bolussnooze":0,"activity":-0.0163,"lastBolusTime":1703136515248,"time":"2023-12-21T10:52:05.840Z"}},{"iob":-0.072,"basaliob":-0.08,"bolussnooze":0,"activity":-0.0014,"lastBolusTime":1703136515248,"time":"2023-12-21T10:57:05.840Z","iobWithZeroTemp":{"iob":-1.397,"basaliob":-1.405,"bolussnooze":0,"activity":-0.0162,"lastBolusTime":1703136515248,"time":"2023-12-21T10:57:05.840Z"}},{"iob":-0.065,"basaliob":-0.072,"bolussnooze":0,"activity":-0.0013,"lastBolusTime":1703136515248,"time":"2023-12-21T11:02:05.840Z","iobWithZeroTemp":{"iob":-1.391,"basaliob":-1.398,"bolussnooze":0,"activity":-0.0162,"lastBolusTime":1703136515248,"time":"2023-12-21T11:02:05.840Z"}},{"iob":-0.059,"basaliob":-0.065,"bolussnooze":0,"activity":-0.0011,"lastBolusTime":1703136515248,"time":"2023-12-21T11:07:05.840Z","iobWithZeroTemp":{"iob":-1.377,"basaliob":-1.383,"bolussnooze":0,"activity":-0.016,"lastBolusTime":1703136515248,"time":"2023-12-21T11:07:05.840Z"}},{"iob":-0.054,"basaliob":-0.059,"bolussnooze":0,"activity":-0.001,"lastBolusTime":1703136515248,"time":"2023-12-21T11:12:05.840Z","iobWithZeroTemp":{"iob":-1.364,"basaliob":-1.369,"bolussnooze":0,"activity":-0.0159,"lastBolusTime":1703136515248,"time":"2023-12-21T11:12:05.840Z"}},{"iob":-0.048,"basaliob":-0.053,"bolussnooze":0,"activity":-0.001,"lastBolusTime":1703136515248,"time":"2023-12-21T11:17:05.840Z","iobWithZeroTemp":{"iob":-1.351,"basaliob":-1.356,"bolussnooze":0,"activity":-0.0159,"lastBolusTime":1703136515248,"time":"2023-12-21T11:17:05.840Z"}},{"iob":-0.043,"basaliob":-0.047,"bolussnooze":0,"activity":-9.0E-4,"lastBolusTime":1703136515248,"time":"2023-12-21T11:22:05.840Z","iobWithZeroTemp":{"iob":-1.334,"basaliob":-1.338,"bolussnooze":0,"activity":-0.0157,"lastBolusTime":1703136515248,"time":"2023-12-21T11:22:05.840Z"}},{"iob":-0.039,"basaliob":-0.043,"bolussnooze":0,"activity":-8.0E-4,"lastBolusTime":1703136515248,"time":"2023-12-21T11:27:05.840Z","iobWithZeroTemp":{"iob":-1.323,"basaliob":-1.327,"bolussnooze":0,"activity":-0.0156,"lastBolusTime":1703136515248,"time":"2023-12-21T11:27:05.840Z"}},{"iob":-0.035,"basaliob":-0.038,"bolussnooze":0,"activity":-7.0E-4,"lastBolusTime":1703136515248,"time":"2023-12-21T11:32:05.840Z","iobWithZeroTemp":{"iob":-1.312,"basaliob":-1.315,"bolussnooze":0,"activity":-0.0154,"lastBolusTime":1703136515248,"time":"2023-12-21T11:32:05.840Z"}},{"iob":-0.031,"basaliob":-0.034,"bolussnooze":0,"activity":-6.0E-4,"lastBolusTime":1703136515248,"time":"2023-12-21T11:37:05.840Z","iobWithZeroTemp":{"iob":-1.301,"basaliob":-1.304,"bolussnooze":0,"activity":-0.0153,"lastBolusTime":1703136515248,"time":"2023-12-21T11:37:05.840Z"}},{"iob":-0.029,"basaliob":-0.031,"bolussnooze":0,"activity":-6.0E-4,"lastBolusTime":1703136515248,"time":"2023-12-21T11:42:05.840Z","iobWithZeroTemp":{"iob":-1.292,"basaliob":-1.294,"bolussnooze":0,"activity":-0.0152,"lastBolusTime":1703136515248,"time":"2023-12-21T11:42:05.840Z"}},{"iob":-0.026,"basaliob":-0.028,"bolussnooze":0,"activity":-5.0E-4,"lastBolusTime":1703136515248,"time":"2023-12-21T11:47:05.840Z","iobWithZeroTemp":{"iob":-1.283,"basaliob":-1.285,"bolussnooze":0,"activity":-0.0151,"lastBolusTime":1703136515248,"time":"2023-12-21T11:47:05.840Z"}},{"iob":-0.023,"basaliob":-0.025,"bolussnooze":0,"activity":-4.0E-4,"lastBolusTime":1703136515248,"time":"2023-12-21T11:52:05.840Z","iobWithZeroTemp":{"iob":-1.274,"basaliob":-1.276,"bolussnooze":0,"activity":-0.0149,"lastBolusTime":1703136515248,"time":"2023-12-21T11:52:05.840Z"}},{"iob":-0.021,"basaliob":-0.022,"bolussnooze":0,"activity":-5.0E-4,"lastBolusTime":1703136515248,"time":"2023-12-21T11:57:05.840Z","iobWithZeroTemp":{"iob":-1.266,"basaliob":-1.267,"bolussnooze":0,"activity":-0.015,"lastBolusTime":1703136515248,"time":"2023-12-21T11:57:05.840Z"}}],"profile":{"max_iob":20,"type":"current","max_daily_basal":1.6,"max_basal":4.4,"min_bg":111.6,"max_bg":111.6,"target_bg":111.6,"carb_ratio":5.5,"sens":72,"max_daily_safety_multiplier":3,"current_basal_safety_multiplier":4,"high_temptarget_raises_sensitivity":false,"low_temptarget_lowers_sensitivity":false,"sensitivity_raises_target":false,"resistance_lowers_target":false,"adv_target_adjustments":false,"exercise_mode":false,"half_basal_exercise_target":160,"maxCOB":120,"skip_neutral_temps":false,"remainingCarbsCap":90,"enableUAM":true,"A52_risk_enable":false,"SMBInterval":3,"enableSMB_with_COB":false,"enableSMB_with_temptarget":false,"allowSMB_with_high_temptarget":true,"enableSMB_always":true,"enableSMB_after_carbs":false,"maxSMBBasalMinutes":120,"maxUAMSMBBasalMinutes":120,"bolus_increment":0.05,"carbsReqThreshold":1,"current_basal":1.1,"temptargetSet":true,"autosens_max":1.8,"out_units":"mmol\/L"},"autosens_data":{"ratio":1},"meal_data":{"carbs":20,"mealCOB":0,"slopeFromMaxDeviation":-0.03154545454545454,"slopeFromMinDeviation":1.8425,"lastBolusTime":1703136515248,"lastCarbTime":1703127724000},"microBolusAllowed":true,"currentTime":1703145726505,"flatBGsDetected":false},"output":{"temp":"absolute","bg":60,"tick":"+6","eventualBG":156,"targetBG":111.6,"insulinReq":0,"deliverAt":"2023-12-21T08:02:06.505Z","sensitivityRatio":1,"predBGs":{"IOB":[60,65,71,76,82,87,92,96,101,105,109,112,116,119,121,124,127,129,131,133,135,137,139,140,142,143,144,145,146,147,148,149,150,150,151,151,152,152,153,153,154,154,154,154,155],"ZT":[60,64,68,72,77,81,86,91,96,101,106],"UAM":[60,65,70,74,78,82,86,90,94,98,101,105,108,111,114,116,119,121,123,126,127,129,131,132,134,135,136,137,138,139,140,141,142,142,143,144,144,145,145,145,146,146,146,147]},"COB":0,"IOB":-1.188,"reason":"COB: 0, Dev: 0.6, BGI: 0.2, ISF: 4.0, CR: 5.5, Target: 6.2, minPredBG 4.8, minGuardBG 3.6, IOBpredBG 8.6, UAMpredBG 8.2; IOB -1.188 < -0.37 and minDelta 0.3 > expectedDelta 0.1; 8.7-4.8 in range: no temp required; setting current basal of 1.1 as temp. . Setting neutral temp basal of 1.1U\/hr","duration":30,"rate":1.1,"timestamp":"2023-12-21T08:02:06.590Z"}}