{"algorithm":"OpenAPSSMBPlugin","input":{"glucoseStatus":{"glucose":66,"noise":0,"delta":-4,"short_avgdelta":-3.17,"long_avgdelta":-2.08,"date":1703112103421},"currenttemp":{"temp":"absolute","duration":20,"rate":0,"minutesrunning":10},"iob_data":[{"iob":-0.601,"basaliob":-0.805,"bolussnooze":0,"activity":-0.0034,"lastBolusTime":1703108234902,"time":"2023-12-20T22:42:02.154Z","iobWithZeroTemp":{"iob":-0.601,"basaliob":-0.805,"bolussnooze":0,"activity":-0.0034,"lastBolusTime":1703108234902,"time":"2023-12-20T22:42:02.154Z"}},{"iob":-0.583,"basaliob":-0.771,"bolussnooze":0,"activity":-0.004,"lastBolusTime":1703108234902,"time":"2023-12-20T22:47:02.154Z","iobWithZeroTemp":{"iob":-0.683,"basaliob":-0.871,"bolussnooze":0,"activity":-0.0041,"lastBolusTime":1703108234902,"time":"2023-12-20T22:47:02.154Z"}},{"iob":-0.561,"basaliob":-0.735,"bolussnooze":0,"activity":-0.0045,"lastBolusTime":1703108234902,"time":"2023-12-20T22:52:02.154Z","iobWithZeroTemp":{"iob":-0.785,"basaliob":-0.959,"bolussnooze":0,"activity":-0.0049,"lastBolusTime":1703108234902,"time":"2023-12-20T22:52:02.154Z"}},{"iob":-0.537,"basaliob":-0.697,"bolussnooze":0,"activity":-0.0048,"lastBolusTime":1703108234902,"time":"2023-12-20T22:57:02.154Z","iobWithZeroTemp":{"iob":-0.882,"basaliob":-1.042,"bolussnooze":0,"activity":-0.0058,"lastBolusTime":1703108234902,"time":"2023-12-20T22:57:02.154Z"}},{"iob":-0.513,"basaliob":-0.66,"bolussnooze":0,"activity":-0.005,"lastBolusTime":1703108234902,"time":"2023-12-20T23:02:02.154Z","iobWithZeroTemp":{"iob":-0.977,"basaliob":-1.124,"bolussnooze":0,"activity":-0.0067,"lastBolusTime":1703108234902,"time":"2023-12-20T23:02:02.154Z"}},{"iob":-0.487,"basaliob":-0.622,"bolussnooze":0,"activity":-0.0052,"lastBolusTime":1703108234902,"time":"2023-12-20T23:07:02.154Z","iobWithZeroTemp":{"iob":-1.073,"basaliob":-1.208,"bolussnooze":0,"activity":-0.0078,"lastBolusTime":1703108234902,"time":"2023-12-20T23:07:02.154Z"}},{"iob":-0.461,"basaliob":-0.585,"bolussnooze":0,"activity":-0.0053,"lastBolusTime":1703108234902,"time":"2023-12-20T23:12:02.154Z","iobWithZeroTemp":{"iob":-1.165,"basaliob":-1.289,"bolussnooze":0,"activity":-0.0088,"lastBolusTime":1703108234902,"time":"2023-12-20T23:12:02.154Z"}},{"iob":-0.435,"basaliob":-0.549,"bolussnooze":0,"activity":-0.0052,"lastBolusTime":1703108234902,"time":"2023-12-20T23:17:02.154Z","iobWithZeroTemp":{"iob":-1.26,"basaliob":-1.374,"bolussnooze":0,"activity":-0.0098,"lastBolusTime":1703108234902,"time":"2023-12-20T23:17:02.154Z"}},{"iob":-0.409,"basaliob":-0.513,"bolussnooze":0,"activity":-0.0051,"lastBolusTime":1703108234902,"time":"2023-12-20T23:22:02.154Z","iobWithZeroTemp":{"iob":-1.342,"basaliob":-1.446,"bolussnooze":0,"activity":-0.0107,"lastBolusTime":1703108234902,"time":"2023-12-20T23:22:02.154Z"}},{"iob":-0.384,"basaliob":-0.479,"bolussnooze":0,"activity":-0.005,"lastBolusTime":1703108234902,"time":"2023-12-20T23:27:02.154Z","iobWithZeroTemp":{"iob":-1.419,"basaliob":-1.514,"bolussnooze":0,"activity":-0.0117,"lastBolusTime":1703108234902,"time":"2023-12-20T23:27:02.154Z"}},{"iob":-0.36,"basaliob":-0.447,"bolussnooze":0,"activity":-0.0048,"lastBolusTime":1703108234902,"time":"2023-12-20T23:32:02.154Z","iobWithZeroTemp":{"iob":-1.492,"basaliob":-1.579,"bolussnooze":0,"activity":-0.0126,"lastBolusTime":1703108234902,"time":"2023-12-20T23:32:02.154Z"}},{"iob":-0.335,"basaliob":-0.415,"bolussnooze":0,"activity":-0.0047,"lastBolusTime":1703108234902,"time":"2023-12-20T23:37:02.154Z","iobWithZeroTemp":{"iob":-1.558,"basaliob":-1.638,"bolussnooze":0,"activity":-0.0136,"lastBolusTime":1703108234902,"time":"2023-12-20T23:37:02.154Z"}},{"iob":-0.313,"basaliob":-0.386,"bolussnooze":0,"activity":-0.0045,"lastBolusTime":1703108234902,"time":"2023-12-20T23:42:02.154Z","iobWithZeroTemp":{"iob":-1.622,"basaliob":-1.695,"bolussnooze":0,"activity":-0.0145,"lastBolusTime":1703108234902,"time":"2023-12-20T23:42:02.154Z"}},{"iob":-0.291,"basaliob":-0.357,"bolussnooze":0,"activity":-0.0043,"lastBolusTime":1703108234902,"time":"2023-12-20T23:47:02.154Z","iobWithZeroTemp":{"iob":-1.681,"basaliob":-1.747,"bolussnooze":0,"activity":-0.0154,"lastBolusTime":1703108234902,"time":"2023-12-20T23:47:02.154Z"}},{"iob":-0.271,"basaliob":-0.331,"bolussnooze":0,"activity":-0.0041,"lastBolusTime":1703108234902,"time":"2023-12-20T23:52:02.154Z","iobWithZeroTemp":{"iob":-1.736,"basaliob":-1.796,"bolussnooze":0,"activity":-0.0162,"lastBolusTime":1703108234902,"time":"2023-12-20T23:52:02.154Z"}},{"iob":-0.251,"basaliob":-0.306,"bolussnooze":0,"activity":-0.0039,"lastBolusTime":1703108234902,"time":"2023-12-20T23:57:02.154Z","iobWithZeroTemp":{"iob":-1.787,"basaliob":-1.842,"bolussnooze":0,"activity":-0.017,"lastBolusTime":1703108234902,"time":"2023-12-20T23:57:02.154Z"}},{"iob":-0.232,"basaliob":-0.282,"bolussnooze":0,"activity":-0.0036,"lastBolusTime":1703108234902,"time":"2023-12-21T00:02:02.154Z","iobWithZeroTemp":{"iob":-1.833,"basaliob":-1.883,"bolussnooze":0,"activity":-0.0176,"lastBolusTime":1703108234902,"time":"2023-12-21T00:02:02.154Z"}},{"iob":-0.215,"basaliob":-0.26,"bolussnooze":0,"activity":-0.0034,"lastBolusTime":1703108234902,"time":"2023-12-21T00:07:02.154Z","iobWithZeroTemp":{"iob":-1.869,"basaliob":-1.914,"bolussnooze":0,"activity":-0.0183,"lastBolusTime":1703108234902,"time":"2023-12-21T00:07:02.154Z"}},{"iob":-0.198,"basaliob":-0.239,"bolussnooze":0,"activity":-0.0032,"lastBolusTime":1703108234902,"time":"2023-12-21T00:12:02.154Z","iobWithZeroTemp":{"iob":-1.901,"basaliob":-1.942,"bolussnooze":0,"activity":-0.0189,"lastBolusTime":1703108234902,"time":"2023-12-21T00:12:02.154Z"}},{"iob":-0.183,"basaliob":-0.22,"bolussnooze":0,"activity":-0.003,"lastBolusTime":1703108234902,"time":"2023-12-21T00:17:02.154Z","iobWithZeroTemp":{"iob":-1.93,"basaliob":-1.967,"bolussnooze":0,"activity":-0.0195,"lastBolusTime":1703108234902,"time":"2023-12-21T00:17:02.154Z"}},{"iob":-0.168,"basaliob":-0.202,"bolussnooze":0,"activity":-0.0028,"lastBolusTime":1703108234902,"time":"2023-12-21T00:22:02.154Z","iobWithZeroTemp":{"iob":-1.956,"basaliob":-1.99,"bolussnooze":0,"activity":-0.02,"lastBolusTime":1703108234902,"time":"2023-12-21T00:22:02.154Z"}},{"iob":-0.154,"basaliob":-0.185,"bolussnooze":0,"activity":-0.0026,"lastBolusTime":1703108234902,"time":"2023-12-21T00:27:02.154Z","iobWithZeroTemp":{"iob":-1.98,"basaliob":-2.011,"bolussnooze":0,"activity":-0.0205,"lastBolusTime":1703108234902,"time":"2023-12-21T00:27:02.154Z"}},{"iob":-0.142,"basaliob":-0.17,"bolussnooze":0,"activity":-0.0024,"lastBolusTime":1703108234902,"time":"2023-12-21T00:32:02.154Z","iobWithZeroTemp":{"iob":-2.002,"basaliob":-2.03,"bolussnooze":0,"activity":-0.0209,"lastBolusTime":1703108234902,"time":"2023-12-21T00:32:02.154Z"}},{"iob":-0.131,"basaliob":-0.156,"bolussnooze":0,"activity":-0.0023,"lastBolusTime":1703108234902,"time":"2023-12-21T00:37:02.154Z","iobWithZeroTemp":{"iob":-2.022,"basaliob":-2.047,"bolussnooze":0,"activity":-0.0213,"lastBolusTime":1703108234902,"time":"2023-12-21T00:37:02.154Z"}},{"iob":-0.119,"basaliob":-0.142,"bolussnooze":0,"activity":-0.002,"lastBolusTime":1703108234902,"time":"2023-12-21T00:42:02.154Z","iobWithZeroTemp":{"iob":-2.039,"basaliob":-2.062,"bolussnooze":0,"activity":-0.0216,"lastBolusTime":1703108234902,"time":"2023-12-21T00:42:02.154Z"}},{"iob":-0.109,"basaliob":-0.13,"bolussnooze":0,"activity":-0.002,"lastBolusTime":1703108234902,"time":"2023-12-21T00:47:02.154Z","iobWithZeroTemp":{"iob":-2.055,"basaliob":-2.076,"bolussnooze":0,"activity":-0.022,"lastBolusTime":1703108234902,"time":"2023-12-21T00:47:02.154Z"}},{"iob":-0.1,"basaliob":-0.119,"bolussnooze":0,"activity":-0.0018,"lastBolusTime":1703108234902,"time":"2023-12-21T00:52:02.154Z","iobWithZeroTemp":{"iob":-2.07,"basaliob":-2.089,"bolussnooze":0,"activity":-0.0223,"lastBolusTime":1703108234902,"time":"2023-12-21T00:52:02.154Z"}},{"iob":-0.091,"basaliob":-0.108,"bolussnooze":0,"activity":-0.0017,"lastBolusTime":1703108234902,"time":"2023-12-21T00:57:02.154Z","iobWithZeroTemp":{"iob":-2.083,"basaliob":-2.1,"bolussnooze":0,"activity":-0.0226,"lastBolusTime":1703108234902,"time":"2023-12-21T00:57:02.154Z"}},{"iob":-0.084,"basaliob":-0.099,"bolussnooze":0,"activity":-0.0015,"lastBolusTime":1703108234902,"time":"2023-12-21T01:02:02.154Z","iobWithZeroTemp":{"iob":-2.095,"basaliob":-2.11,"bolussnooze":0,"activity":-0.0227,"lastBolusTime":1703108234902,"time":"2023-12-21T01:02:02.154Z"}},{"iob":-0.076,"basaliob":-0.09,"bolussnooze":0,"activity":-0.0014,"lastBolusTime":1703108234902,"time":"2023-12-21T01:07:02.154Z","iobWithZeroTemp":{"iob":-2.101,"basaliob":-2.115,"bolussnooze":0,"activity":-0.0229,"lastBolusTime":1703108234902,"time":"2023-12-21T01:07:02.154Z"}},{"iob":-0.07,"basaliob":-0.082,"bolussnooze":0,"activity":-0.0012,"lastBolusTime":1703108234902,"time":"2023-12-21T01:12:02.154Z","iobWithZeroTemp":{"iob":-2.111,"basaliob":-2.123,"bolussnooze":0,"activity":-0.023,"lastBolusTime":1703108234902,"time":"2023-12-21T01:12:02.154Z"}},{"iob":-0.063,"basaliob":-0.074,"bolussnooze":0,"activity":-0.0012,"lastBolusTime":1703108234902,"time":"2023-12-21T01:17:02.154Z","iobWithZeroTemp":{"iob":-2.12,"basaliob":-2.131,"bolussnooze":0,"activity":-0.0233,"lastBolusTime":1703108234902,"time":"2023-12-21T01:17:02.154Z"}},{"iob":-0.058,"basaliob":-0.068,"bolussnooze":0,"activity":-0.0011,"lastBolusTime":1703108234902,"time":"2023-12-21T01:22:02.154Z","iobWithZeroTemp":{"iob":-2.128,"basaliob":-2.138,"bolussnooze":0,"activity":-0.0235,"lastBolusTime":1703108234902,"time":"2023-12-21T01:22:02.154Z"}},{"iob":-0.052,"basaliob":-0.061,"bolussnooze":0,"activity":-0.001,"lastBolusTime":1703108234902,"time":"2023-12-21T01:27:02.154Z","iobWithZeroTemp":{"iob":-2.135,"basaliob":-2.144,"bolussnooze":0,"activity":-0.0236,"lastBolusTime":1703108234902,"time":"2023-12-21T01:27:02.154Z"}},{"iob":-0.048,"basaliob":-0.056,"bolussnooze":0,"activity":-9.0E-4,"lastBolusTime":1703108234902,"time":"2023-12-21T01:32:02.154Z","iobWithZeroTemp":{"iob":-2.142,"basaliob":-2.15,"bolussnooze":0,"activity":-0.0238,"lastBolusTime":1703108234902,"time":"2023-12-21T01:32:02.154Z"}},{"iob":-0.044,"basaliob":-0.051,"bolussnooze":0,"activity":-8.0E-4,"lastBolusTime":1703108234902,"time":"2023-12-21T01:37:02.154Z","iobWithZeroTemp":{"iob":-2.149,"basaliob":-2.156,"bolussnooze":0,"activity":-0.0239,"lastBolusTime":1703108234902,"time":"2023-12-21T01:37:02.154Z"}},{"iob":-0.04,"basaliob":-0.046,"bolussnooze":0,"activity":-8.0E-4,"lastBolusTime":1703108234902,"time":"2023-12-21T01:42:02.154Z","iobWithZeroTemp":{"iob":-2.154,"basaliob":-2.16,"bolussnooze":0,"activity":-0.024,"lastBolusTime":1703108234902,"time":"2023-12-21T01:42:02.154Z"}},{"iob":-0.035,"basaliob":-0.041,"bolussnooze":0,"activity":-7.0E-4,"lastBolusTime":1703108234902,"time":"2023-12-21T01:47:02.154Z","iobWithZeroTemp":{"iob":-2.157,"basaliob":-2.163,"bolussnooze":0,"activity":-0.0241,"lastBolusTime":1703108234902,"time":"2023-12-21T01:47:02.154Z"}},{"iob":-0.033,"basaliob":-0.038,"bolussnooze":0,"activity":-7.0E-4,"lastBolusTime":1703108234902,"time":"2023-12-21T01:52:02.154Z","iobWithZeroTemp":{"iob":-2.163,"basaliob":-2.168,"bolussnooze":0,"activity":-0.0243,"lastBolusTime":1703108234902,"time":"2023-12-21T01:52:02.154Z"}},{"iob":-0.029,"basaliob":-0.034,"bolussnooze":0,"activity":-6.0E-4,"lastBolusTime":1703108234902,"time":"2023-12-21T01:57:02.154Z","iobWithZeroTemp":{"iob":-2.166,"basaliob":-2.171,"bolussnooze":0,"activity":-0.0243,"lastBolusTime":1703108234902,"time":"2023-12-21T01:57:02.154Z"}},{"iob":-0.027,"basaliob":-0.031,"bolussnooze":0,"activity":-5.0E-4,"lastBolusTime":1703108234902,"time":"2023-12-21T02:02:02.154Z","iobWithZeroTemp":{"iob":-2.17,"basaliob":-2.174,"bolussnooze":0,"activity":-0.0243,"lastBolusTime":1703108234902,"time":"2023-12-21T02:02:02.154Z"}},{"iob":-0.024,"basaliob":-0.028,"bolussnooze":0,"activity":-5.0E-4,"lastBolusTime":1703108234902,"time":"2023-12-21T02:07:02.154Z","iobWithZeroTemp":{"iob":-2.156,"basaliob":-2.16,"bolussnooze":0,"activity":-0.0244,"lastBolusTime":1703108234902,"time":"2023-12-21T02:07:02.154Z"}},{"iob":-0.022,"basaliob":-0.025,"bolussnooze":0,"activity":-4.0E-4,"lastBolusTime":1703108234902,"time":"2023-12-21T02:12:02.154Z","iobWithZeroTemp":{"iob":-2.143,"basaliob":-2.146,"bolussnooze":0,"activity":-0.0244,"lastBolusTime":1703108234902,"time":"2023-12-21T02:12:02.154Z"}},{"iob":-0.02,"basaliob":-0.023,"bolussnooze":0,"activity":-4.0E-4,"lastBolusTime":1703108234902,"time":"2023-12-21T02:17:02.154Z","iobWithZeroTemp":{"iob":-2.13,"basaliob":-2.133,"bolussnooze":0,"activity":-0.0244,"lastBolusTime":1703108234902,"time":"2023-12-21T02:17:02.154Z"}},{"iob":-0.017,"basaliob":-0.02,"bolussnooze":0,"activity":-3.0E-4,"lastBolusTime":1703108234902,"time":"2023-12-21T02:22:02.154Z","iobWithZeroTemp":{"iob":-2.115,"basaliob":-2.118,"bolussnooze":0,"activity":-0.0243,"lastBolusTime":1703108234902,"time":"2023-12-21T02:22:02.154Z"}},{"iob":-0.016,"basaliob":-0.018,"bolussnooze":0,"activity":-3.0E-4,"lastBolusTime":1703108234902,"time":"2023-12-21T02:27:02.154Z","iobWithZeroTemp":{"iob":-2.103,"basaliob":-2.105,"bolussnooze":0,"activity":-0.0242,"lastBolusTime":1703108234902,"time":"2023-12-21T02:27:02.154Z"}},{"iob":-0.014,"basaliob":-0.016,"bolussnooze":0,"activity":-3.0E-4,"lastBolusTime":1703108234902,"time":"2023-12-21T02:32:02.154Z","iobWithZeroTemp":{"iob":-2.09,"basaliob":-2.092,"bolussnooze":0,"activity":-0.0242,"lastBolusTime":1703108234902,"time":"2023-12-21T02:32:02.154Z"}},{"iob":-0.013,"basaliob":-0.015,"bolussnooze":0,"activity":-3.0E-4,"lastBolusTime":1703108234902,"time":"2023-12-21T02:37:02.154Z","iobWithZeroTemp":{"iob":-2.078,"basaliob":-2.08,"bolussnooze":0,"activity":-0.0241,"lastBolusTime":1703108234902,"time":"2023-12-21T02:37:02.154Z"}}],"profile":{"max_iob":20,"type":"current","max_daily_basal":1.6,"max_basal":4.8,"min_bg":111.6,"max_bg":111.6,"target_bg":111.6,"carb_ratio":4.5,"sens":63,"max_daily_safety_multiplier":3,"current_basal_safety_multiplier":4,"high_temptarget_raises_sensitivity":false,"low_temptarget_lowers_sensitivity":false,"sensitivity_raises_target":false,"resistance_lowers_target":false,"adv_target_adjustments":false,"exercise_mode":false,"half_basal_exercise_target":160,"maxCOB":120,"skip_neutral_temps":false,"remainingCarbsCap":90,"enableUAM":true,"A52_risk_enable":false,"SMBInterval":3,"enableSMB_with_COB":false,"enableSMB_with_temptarget":false,"allowSMB_with_high_temptarget":true,"enableSMB_always":true,"enableSMB_after_carbs":false,"maxSMBBasalMinutes":120,"maxUAMSMBBasalMinutes":120,"bolus_increment":0.05,"carbsReqThreshold":1,"current_basal":1.5,"temptargetSet":true,"autosens_max":1.8,"out_units":"mmol\/L"},"autosens_data":{"ratio":1},"meal_data":{"carbs":0,"mealCOB":0,"slopeFromMaxDeviation":-0.4864285714285715,"slopeFromMinDeviation":0.18374999999999997,"lastBolusTime":1703108234902,"lastCarbTime":0},"microBolusAllowed":true,"currentTime":1703112123831,"flatBGsDetected":false},"output":{"temp":"absolute","bg":66,"tick":-4,"eventualBG":85,"targetBG":111.6,"insulinReq":0,"deliverAt":"2023-12-20T22:42:03.831Z","sensitivityRatio":1,"predBGs":{"IOB":[66,62,59,57,55,54,53,52,52,53,53,54,56,57,59,60,61,62,63,64,65,66,67,68,69,69,70,70,71,71,72,72,73,73,73,74,74,74,74,74,75,75,75,75,75,75,75,76],"ZT":[66,67,68,70,72,74,76,79,82,86,89,93,97,102,107]},"COB":0,"IOB":-0.601,"reason":"COB: 0, Dev: -1.1, BGI: 0.1, ISF: 3.5, CR: 4.5, Target: 6.2, minPredBG 3.5, minGuardBG 2.9, IOBpredBG 4.2; minGuardBG 2.9<4.2","duration":30,"rate":0,"timestamp":"2023-12-20T22:42:03.907Z"}}