{"algorithm":"OpenAPSSMBPlugin","input":{"glucoseStatus":{"glucose":74,"noise":0,"delta":-7,"short_avgdelta":-7.89,"long_avgdelta":-8.05,"date":1703138504276},"currenttemp":{"temp":"absolute","duration":95,"rate":0,"minutesrunning":25},"iob_data":[{"iob":1.947,"basaliob":-1.814,"bolussnooze":0.9072,"activity":0.0369,"lastBolusTime":1703136515248,"time":"2023-12-21T06:02:03.971Z","iobWithZeroTemp":{"iob":1.947,"basaliob":-1.814,"bolussnooze":0.9072,"activity":0.0369,"lastBolusTime":1703136515248,"time":"2023-12-21T06:02:03.971Z"}},{"iob":1.77,"basaliob":-1.714,"bolussnooze":0.7646,"activity":0.0338,"lastBolusTime":1703136515248,"time":"2023-12-21T06:07:03.971Z","iobWithZeroTemp":{"iob":1.687,"basaliob":-1.797,"bolussnooze":0.7646,"activity":0.0337,"lastBolusTime":1703136515248,"time":"2023-12-21T06:07:03.971Z"}},{"iob":1.609,"basaliob":-1.614,"bolussnooze":0.6417,"activity":0.0309,"lastBolusTime":1703136515248,"time":"2023-12-21T06:12:03.971Z","iobWithZeroTemp":{"iob":1.423,"basaliob":-1.8,"bolussnooze":0.6417,"activity":0.0305,"lastBolusTime":1703136515248,"time":"2023-12-21T06:12:03.971Z"}},{"iob":1.46,"basaliob":-1.517,"bolussnooze":0.5365,"activity":0.0283,"lastBolusTime":1703136515248,"time":"2023-12-21T06:17:03.971Z","iobWithZeroTemp":{"iob":1.172,"basaliob":-1.805,"bolussnooze":0.5365,"activity":0.0275,"lastBolusTime":1703136515248,"time":"2023-12-21T06:17:03.971Z"}},{"iob":1.325,"basaliob":-1.421,"bolussnooze":0.4469,"activity":0.0258,"lastBolusTime":1703136515248,"time":"2023-12-21T06:22:03.971Z","iobWithZeroTemp":{"iob":0.939,"basaliob":-1.807,"bolussnooze":0.4469,"activity":0.0244,"lastBolusTime":1703136515248,"time":"2023-12-21T06:22:03.971Z"}},{"iob":1.202,"basaliob":-1.328,"bolussnooze":0.371,"activity":0.0236,"lastBolusTime":1703136515248,"time":"2023-12-21T06:27:03.971Z","iobWithZeroTemp":{"iob":0.72,"basaliob":-1.81,"bolussnooze":0.371,"activity":0.0215,"lastBolusTime":1703136515248,"time":"2023-12-21T06:27:03.971Z"}},{"iob":1.089,"basaliob":-1.239,"bolussnooze":0.3071,"activity":0.0215,"lastBolusTime":1703136515248,"time":"2023-12-21T06:32:03.971Z","iobWithZeroTemp":{"iob":0.516,"basaliob":-1.812,"bolussnooze":0.3071,"activity":0.0186,"lastBolusTime":1703136515248,"time":"2023-12-21T06:32:03.971Z"}},{"iob":0.986,"basaliob":-1.153,"bolussnooze":0.2533,"activity":0.0196,"lastBolusTime":1703136515248,"time":"2023-12-21T06:37:03.971Z","iobWithZeroTemp":{"iob":0.325,"basaliob":-1.814,"bolussnooze":0.2533,"activity":0.0159,"lastBolusTime":1703136515248,"time":"2023-12-21T06:37:03.971Z"}},{"iob":0.892,"basaliob":-1.072,"bolussnooze":0.2083,"activity":0.0179,"lastBolusTime":1703136515248,"time":"2023-12-21T06:42:03.971Z","iobWithZeroTemp":{"iob":0.147,"basaliob":-1.817,"bolussnooze":0.2083,"activity":0.0133,"lastBolusTime":1703136515248,"time":"2023-12-21T06:42:03.971Z"}},{"iob":0.807,"basaliob":-0.994,"bolussnooze":0.1708,"activity":0.0162,"lastBolusTime":1703136515248,"time":"2023-12-21T06:47:03.971Z","iobWithZeroTemp":{"iob":-0.017,"basaliob":-1.818,"bolussnooze":0.1708,"activity":0.0108,"lastBolusTime":1703136515248,"time":"2023-12-21T06:47:03.971Z"}},{"iob":0.729,"basaliob":-0.921,"bolussnooze":0.1397,"activity":0.0147,"lastBolusTime":1703136515248,"time":"2023-12-21T06:52:03.971Z","iobWithZeroTemp":{"iob":-0.17,"basaliob":-1.82,"bolussnooze":0.1397,"activity":0.0084,"lastBolusTime":1703136515248,"time":"2023-12-21T06:52:03.971Z"}},{"iob":0.66,"basaliob":-0.851,"bolussnooze":0.1139,"activity":0.0135,"lastBolusTime":1703136515248,"time":"2023-12-21T06:57:03.971Z","iobWithZeroTemp":{"iob":-0.309,"basaliob":-1.82,"bolussnooze":0.1139,"activity":0.0064,"lastBolusTime":1703136515248,"time":"2023-12-21T06:57:03.971Z"}},{"iob":0.595,"basaliob":-0.786,"bolussnooze":0.0926,"activity":0.0122,"lastBolusTime":1703136515248,"time":"2023-12-21T07:02:03.971Z","iobWithZeroTemp":{"iob":-0.441,"basaliob":-1.822,"bolussnooze":0.0926,"activity":0.0042,"lastBolusTime":1703136515248,"time":"2023-12-21T07:02:03.971Z"}},{"iob":0.537,"basaliob":-0.725,"bolussnooze":0.075,"activity":0.0111,"lastBolusTime":1703136515248,"time":"2023-12-21T07:07:03.971Z","iobWithZeroTemp":{"iob":-0.557,"basaliob":-1.819,"bolussnooze":0.075,"activity":0.0023,"lastBolusTime":1703136515248,"time":"2023-12-21T07:07:03.971Z"}},{"iob":0.484,"basaliob":-0.668,"bolussnooze":0.0606,"activity":0.01,"lastBolusTime":1703136515248,"time":"2023-12-21T07:12:03.971Z","iobWithZeroTemp":{"iob":-0.664,"basaliob":-1.816,"bolussnooze":0.0606,"activity":4.0E-4,"lastBolusTime":1703136515248,"time":"2023-12-21T07:12:03.971Z"}},{"iob":0.437,"basaliob":-0.614,"bolussnooze":0.0489,"activity":0.0091,"lastBolusTime":1703136515248,"time":"2023-12-21T07:17:03.971Z","iobWithZeroTemp":{"iob":-0.761,"basaliob":-1.812,"bolussnooze":0.0489,"activity":-0.0012,"lastBolusTime":1703136515248,"time":"2023-12-21T07:17:03.971Z"}},{"iob":0.393,"basaliob":-0.565,"bolussnooze":0.0393,"activity":0.0083,"lastBolusTime":1703136515248,"time":"2023-12-21T07:22:03.971Z","iobWithZeroTemp":{"iob":-0.852,"basaliob":-1.81,"bolussnooze":0.0393,"activity":-0.0027,"lastBolusTime":1703136515248,"time":"2023-12-21T07:22:03.971Z"}},{"iob":0.354,"basaliob":-0.518,"bolussnooze":0.0314,"activity":0.0075,"lastBolusTime":1703136515248,"time":"2023-12-21T07:27:03.971Z","iobWithZeroTemp":{"iob":-0.934,"basaliob":-1.806,"bolussnooze":0.0314,"activity":-0.0042,"lastBolusTime":1703136515248,"time":"2023-12-21T07:27:03.971Z"}},{"iob":0.318,"basaliob":-0.475,"bolussnooze":0.0251,"activity":0.0068,"lastBolusTime":1703136515248,"time":"2023-12-21T07:32:03.971Z","iobWithZeroTemp":{"iob":-1.01,"basaliob":-1.803,"bolussnooze":0.0251,"activity":-0.0055,"lastBolusTime":1703136515248,"time":"2023-12-21T07:32:03.971Z"}},{"iob":0.286,"basaliob":-0.435,"bolussnooze":0.0199,"activity":0.0061,"lastBolusTime":1703136515248,"time":"2023-12-21T07:37:03.971Z","iobWithZeroTemp":{"iob":-1.079,"basaliob":-1.8,"bolussnooze":0.0199,"activity":-0.0068,"lastBolusTime":1703136515248,"time":"2023-12-21T07:37:03.971Z"}},{"iob":0.257,"basaliob":-0.398,"bolussnooze":0.0158,"activity":0.0055,"lastBolusTime":1703136515248,"time":"2023-12-21T07:42:03.971Z","iobWithZeroTemp":{"iob":-1.142,"basaliob":-1.797,"bolussnooze":0.0158,"activity":-0.008,"lastBolusTime":1703136515248,"time":"2023-12-21T07:42:03.971Z"}},{"iob":0.231,"basaliob":-0.364,"bolussnooze":0.0125,"activity":0.005,"lastBolusTime":1703136515248,"time":"2023-12-21T07:47:03.971Z","iobWithZeroTemp":{"iob":-1.197,"basaliob":-1.792,"bolussnooze":0.0125,"activity":-0.0089,"lastBolusTime":1703136515248,"time":"2023-12-21T07:47:03.971Z"}},{"iob":0.206,"basaliob":-0.333,"bolussnooze":0.0098,"activity":0.0045,"lastBolusTime":1703136515248,"time":"2023-12-21T07:52:03.971Z","iobWithZeroTemp":{"iob":-1.251,"basaliob":-1.79,"bolussnooze":0.0098,"activity":-0.0099,"lastBolusTime":1703136515248,"time":"2023-12-21T07:52:03.971Z"}},{"iob":0.185,"basaliob":-0.304,"bolussnooze":0.0077,"activity":0.004,"lastBolusTime":1703136515248,"time":"2023-12-21T07:57:03.971Z","iobWithZeroTemp":{"iob":-1.299,"basaliob":-1.788,"bolussnooze":0.0077,"activity":-0.0109,"lastBolusTime":1703136515248,"time":"2023-12-21T07:57:03.971Z"}},{"iob":0.166,"basaliob":-0.277,"bolussnooze":0.006,"activity":0.0037,"lastBolusTime":1703136515248,"time":"2023-12-21T08:02:03.971Z","iobWithZeroTemp":{"iob":-1.342,"basaliob":-1.785,"bolussnooze":0.006,"activity":-0.0116,"lastBolusTime":1703136515248,"time":"2023-12-21T08:02:03.971Z"}},{"iob":0.149,"basaliob":-0.252,"bolussnooze":0.0046,"activity":0.0033,"lastBolusTime":1703136515248,"time":"2023-12-21T08:07:03.971Z","iobWithZeroTemp":{"iob":-1.374,"basaliob":-1.775,"bolussnooze":0.0046,"activity":-0.0124,"lastBolusTime":1703136515248,"time":"2023-12-21T08:07:03.971Z"}},{"iob":0.133,"basaliob":-0.23,"bolussnooze":0.0036,"activity":0.003,"lastBolusTime":1703136515248,"time":"2023-12-21T08:12:03.971Z","iobWithZeroTemp":{"iob":-1.402,"basaliob":-1.765,"bolussnooze":0.0036,"activity":-0.013,"lastBolusTime":1703136515248,"time":"2023-12-21T08:12:03.971Z"}},{"iob":0.119,"basaliob":-0.209,"bolussnooze":0.0027,"activity":0.0027,"lastBolusTime":1703136515248,"time":"2023-12-21T08:17:03.971Z","iobWithZeroTemp":{"iob":-1.427,"basaliob":-1.755,"bolussnooze":0.0027,"activity":-0.0136,"lastBolusTime":1703136515248,"time":"2023-12-21T08:17:03.971Z"}},{"iob":0.106,"basaliob":-0.19,"bolussnooze":0.0021,"activity":0.0024,"lastBolusTime":1703136515248,"time":"2023-12-21T08:22:03.971Z","iobWithZeroTemp":{"iob":-1.45,"basaliob":-1.746,"bolussnooze":0.0021,"activity":-0.0142,"lastBolusTime":1703136515248,"time":"2023-12-21T08:22:03.971Z"}},{"iob":0.094,"basaliob":-0.173,"bolussnooze":0.0016,"activity":0.0022,"lastBolusTime":1703136515248,"time":"2023-12-21T08:27:03.971Z","iobWithZeroTemp":{"iob":-1.47,"basaliob":-1.737,"bolussnooze":0.0016,"activity":-0.0146,"lastBolusTime":1703136515248,"time":"2023-12-21T08:27:03.971Z"}},{"iob":0.084,"basaliob":-0.157,"bolussnooze":0.0012,"activity":0.002,"lastBolusTime":1703136515248,"time":"2023-12-21T08:32:03.971Z","iobWithZeroTemp":{"iob":-1.487,"basaliob":-1.728,"bolussnooze":0.0012,"activity":-0.015,"lastBolusTime":1703136515248,"time":"2023-12-21T08:32:03.971Z"}},{"iob":0.075,"basaliob":-0.142,"bolussnooze":9.0E-4,"activity":0.0017,"lastBolusTime":1703136515248,"time":"2023-12-21T08:37:03.971Z","iobWithZeroTemp":{"iob":-1.503,"basaliob":-1.72,"bolussnooze":9.0E-4,"activity":-0.0155,"lastBolusTime":1703136515248,"time":"2023-12-21T08:37:03.971Z"}},{"iob":0.067,"basaliob":-0.129,"bolussnooze":7.0E-4,"activity":0.0016,"lastBolusTime":1703136515248,"time":"2023-12-21T08:42:03.971Z","iobWithZeroTemp":{"iob":-1.516,"basaliob":-1.712,"bolussnooze":7.0E-4,"activity":-0.0157,"lastBolusTime":1703136515248,"time":"2023-12-21T08:42:03.971Z"}},{"iob":0.059,"basaliob":-0.117,"bolussnooze":5.0E-4,"activity":0.0014,"lastBolusTime":1703136515248,"time":"2023-12-21T08:47:03.971Z","iobWithZeroTemp":{"iob":-1.529,"basaliob":-1.705,"bolussnooze":5.0E-4,"activity":-0.0161,"lastBolusTime":1703136515248,"time":"2023-12-21T08:47:03.971Z"}},{"iob":0.052,"basaliob":-0.106,"bolussnooze":3.0E-4,"activity":0.0013,"lastBolusTime":1703136515248,"time":"2023-12-21T08:52:03.971Z","iobWithZeroTemp":{"iob":-1.54,"basaliob":-1.698,"bolussnooze":3.0E-4,"activity":-0.0163,"lastBolusTime":1703136515248,"time":"2023-12-21T08:52:03.971Z"}},{"iob":0.047,"basaliob":-0.095,"bolussnooze":2.0E-4,"activity":0.0012,"lastBolusTime":1703136515248,"time":"2023-12-21T08:57:03.971Z","iobWithZeroTemp":{"iob":-1.548,"basaliob":-1.69,"bolussnooze":2.0E-4,"activity":-0.0165,"lastBolusTime":1703136515248,"time":"2023-12-21T08:57:03.971Z"}},{"iob":0.042,"basaliob":-0.086,"bolussnooze":2.0E-4,"activity":0.001,"lastBolusTime":1703136515248,"time":"2023-12-21T09:02:03.971Z","iobWithZeroTemp":{"iob":-1.556,"basaliob":-1.684,"bolussnooze":2.0E-4,"activity":-0.0168,"lastBolusTime":1703136515248,"time":"2023-12-21T09:02:03.971Z"}},{"iob":0.037,"basaliob":-0.078,"bolussnooze":1.0E-4,"activity":9.0E-4,"lastBolusTime":1703136515248,"time":"2023-12-21T09:07:03.971Z","iobWithZeroTemp":{"iob":-1.556,"basaliob":-1.671,"bolussnooze":1.0E-4,"activity":-0.017,"lastBolusTime":1703136515248,"time":"2023-12-21T09:07:03.971Z"}},{"iob":0.033,"basaliob":-0.07,"bolussnooze":1.0E-4,"activity":9.0E-4,"lastBolusTime":1703136515248,"time":"2023-12-21T09:12:03.971Z","iobWithZeroTemp":{"iob":-1.554,"basaliob":-1.657,"bolussnooze":1.0E-4,"activity":-0.017,"lastBolusTime":1703136515248,"time":"2023-12-21T09:12:03.971Z"}},{"iob":0.029,"basaliob":-0.063,"bolussnooze":1.0E-4,"activity":7.0E-4,"lastBolusTime":1703136515248,"time":"2023-12-21T09:17:03.971Z","iobWithZeroTemp":{"iob":-1.552,"basaliob":-1.644,"bolussnooze":1.0E-4,"activity":-0.0172,"lastBolusTime":1703136515248,"time":"2023-12-21T09:17:03.971Z"}},{"iob":0.025,"basaliob":-0.057,"bolussnooze":0,"activity":6.0E-4,"lastBolusTime":1703136515248,"time":"2023-12-21T09:22:03.971Z","iobWithZeroTemp":{"iob":-1.549,"basaliob":-1.631,"bolussnooze":0,"activity":-0.0173,"lastBolusTime":1703136515248,"time":"2023-12-21T09:22:03.971Z"}},{"iob":0.023,"basaliob":-0.051,"bolussnooze":0,"activity":6.0E-4,"lastBolusTime":1703136515248,"time":"2023-12-21T09:27:03.971Z","iobWithZeroTemp":{"iob":-1.542,"basaliob":-1.616,"bolussnooze":0,"activity":-0.0173,"lastBolusTime":1703136515248,"time":"2023-12-21T09:27:03.971Z"}},{"iob":0.02,"basaliob":-0.046,"bolussnooze":0,"activity":5.0E-4,"lastBolusTime":1703136515248,"time":"2023-12-21T09:32:03.971Z","iobWithZeroTemp":{"iob":-1.539,"basaliob":-1.605,"bolussnooze":0,"activity":-0.0173,"lastBolusTime":1703136515248,"time":"2023-12-21T09:32:03.971Z"}},{"iob":0.017,"basaliob":-0.042,"bolussnooze":0,"activity":4.0E-4,"lastBolusTime":1703136515248,"time":"2023-12-21T09:37:03.971Z","iobWithZeroTemp":{"iob":-1.536,"basaliob":-1.595,"bolussnooze":0,"activity":-0.0174,"lastBolusTime":1703136515248,"time":"2023-12-21T09:37:03.971Z"}},{"iob":0.015,"basaliob":-0.037,"bolussnooze":0,"activity":4.0E-4,"lastBolusTime":1703136515248,"time":"2023-12-21T09:42:03.971Z","iobWithZeroTemp":{"iob":-1.533,"basaliob":-1.585,"bolussnooze":0,"activity":-0.0174,"lastBolusTime":1703136515248,"time":"2023-12-21T09:42:03.971Z"}},{"iob":0.013,"basaliob":-0.034,"bolussnooze":0,"activity":4.0E-4,"lastBolusTime":1703136515248,"time":"2023-12-21T09:47:03.971Z","iobWithZeroTemp":{"iob":-1.529,"basaliob":-1.576,"bolussnooze":0,"activity":-0.0173,"lastBolusTime":1703136515248,"time":"2023-12-21T09:47:03.971Z"}},{"iob":0.012,"basaliob":-0.03,"bolussnooze":0,"activity":3.0E-4,"lastBolusTime":1703136515248,"time":"2023-12-21T09:52:03.971Z","iobWithZeroTemp":{"iob":-1.525,"basaliob":-1.567,"bolussnooze":0,"activity":-0.0174,"lastBolusTime":1703136515248,"time":"2023-12-21T09:52:03.971Z"}},{"iob":0.01,"basaliob":-0.027,"bolussnooze":0,"activity":3.0E-4,"lastBolusTime":1703136515248,"time":"2023-12-21T09:57:03.971Z","iobWithZeroTemp":{"iob":-1.522,"basaliob":-1.559,"bolussnooze":0,"activity":-0.0173,"lastBolusTime":1703136515248,"time":"2023-12-21T09:57:03.971Z"}}],"profile":{"max_iob":20,"type":"current","max_daily_basal":1.6,"max_basal":4.8,"min_bg":81,"max_bg":81,"target_bg":81,"carb_ratio":5.5,"sens":72,"max_daily_safety_multiplier":3,"current_basal_safety_multiplier":4,"high_temptarget_raises_sensitivity":false,"low_temptarget_lowers_sensitivity":false,"sensitivity_raises_target":false,"resistance_lowers_target":false,"adv_target_adjustments":false,"exercise_mode":false,"half_basal_exercise_target":160,"maxCOB":120,"skip_neutral_temps":false,"remainingCarbsCap":90,"enableUAM":true,"A52_risk_enable":false,"SMBInterval":3,"enableSMB_with_COB":false,"enableSMB_with_temptarget":false,"allowSMB_with_high_temptarget":true,"enableSMB_always":true,"enableSMB_after_carbs":false,"maxSMBBasalMinutes":120,"maxUAMSMBBasalMinutes":120,"bolus_increment":0.05,"carbsReqThreshold":1,"current_basal":1.25,"temptargetSet":true,"autosens_max":1.8,"out_units":"mmol\/L"},"autosens_data":{"ratio":1},"meal_data":{"carbs":20,"mealCOB":0,"slopeFromMaxDeviation":-1.91125,"slopeFromMinDeviation":0,"lastBolusTime":1703136515248,"lastCarbTime":1703127724000},"microBolusAllowed":true,"currentTime":1703138525659,"flatBGsDetected":false},"output":{"temp":"absolute","bg":74,"tick":-7,"eventualBG":39,"targetBG":81,"insulinReq":0,"deliverAt":"2023-12-21T06:02:05.659Z","sensitivityRatio":1,"predBGs":{"IOB":[74,66,58,51,44,39,39,39,39,39,39,39,39],"ZT":[74,61,49,39,39,39,39,39,39,39,39,39,39,39,39,39,39,39,39,39,39,39,39,39,39,39,39,39,39,39,39,39,43,48,54,60,66,72,78],"UAM":[74,64,54,42,39,39,39,39,39,39,39,39,39]},"COB":0,"IOB":1.947,"reason":"COB: 0, Dev: 1.8, BGI: -0.7, ISF: 4.0, CR: 5.5, Target: 4.5, minPredBG -1.0, minGuardBG -3.7, IOBpredBG 2.2, UAMpredBG 2.2; 9 add'l carbs req w\/in 10m; minGuardBG -3.7<3.4 95m left and 0 ~ req 0U\/hr: no temp required","carbsReq":9,"carbsReqWithin":10,"timestamp":"2023-12-21T06:02:05.758Z"}}