{"algorithm":"OpenAPSSMBPlugin","input":{"glucoseStatus":{"glucose":117,"noise":0,"delta":7,"short_avgdelta":6,"long_avgdelta":6.81,"date":1703067400956},"currenttemp":{"temp":"absolute","duration":110,"rate":0,"minutesrunning":10},"iob_data":[{"iob":4.744,"basaliob":-1.158,"bolussnooze":3.2298,"activity":0.0286,"lastBolusTime":1703067347572,"time":"2023-12-20T10:17:03.846Z","iobWithZeroTemp":{"iob":4.744,"basaliob":-1.158,"bolussnooze":3.2298,"activity":0.0286,"lastBolusTime":1703067347572,"time":"2023-12-20T10:17:03.846Z"}},{"iob":4.589,"basaliob":-1.092,"bolussnooze":2.9627,"activity":0.0333,"lastBolusTime":1703067347572,"time":"2023-12-20T10:22:03.846Z","iobWithZeroTemp":{"iob":4.529,"basaliob":-1.152,"bolussnooze":2.9627,"activity":0.0332,"lastBolusTime":1703067347572,"time":"2023-12-20T10:22:03.846Z"}},{"iob":4.413,"basaliob":-1.027,"bolussnooze":2.6715,"activity":0.0368,"lastBolusTime":1703067347572,"time":"2023-12-20T10:27:03.846Z","iobWithZeroTemp":{"iob":4.279,"basaliob":-1.161,"bolussnooze":2.6715,"activity":0.0365,"lastBolusTime":1703067347572,"time":"2023-12-20T10:27:03.846Z"}},{"iob":4.222,"basaliob":-0.964,"bolussnooze":2.3764,"activity":0.0392,"lastBolusTime":1703067347572,"time":"2023-12-20T10:32:03.846Z","iobWithZeroTemp":{"iob":4.015,"basaliob":-1.171,"bolussnooze":2.3764,"activity":0.0386,"lastBolusTime":1703067347572,"time":"2023-12-20T10:32:03.846Z"}},{"iob":4.022,"basaliob":-0.902,"bolussnooze":2.0908,"activity":0.0407,"lastBolusTime":1703067347572,"time":"2023-12-20T10:37:03.846Z","iobWithZeroTemp":{"iob":3.744,"basaliob":-1.18,"bolussnooze":2.0908,"activity":0.0397,"lastBolusTime":1703067347572,"time":"2023-12-20T10:37:03.846Z"}},{"iob":3.816,"basaliob":-0.842,"bolussnooze":1.8226,"activity":0.0415,"lastBolusTime":1703067347572,"time":"2023-12-20T10:42:03.846Z","iobWithZeroTemp":{"iob":3.469,"basaliob":-1.189,"bolussnooze":1.8226,"activity":0.04,"lastBolusTime":1703067347572,"time":"2023-12-20T10:42:03.846Z"}},{"iob":3.608,"basaliob":-0.785,"bolussnooze":1.5765,"activity":0.0416,"lastBolusTime":1703067347572,"time":"2023-12-20T10:47:03.846Z","iobWithZeroTemp":{"iob":3.195,"basaliob":-1.198,"bolussnooze":1.5765,"activity":0.0395,"lastBolusTime":1703067347572,"time":"2023-12-20T10:47:03.846Z"}},{"iob":3.401,"basaliob":-0.73,"bolussnooze":1.3544,"activity":0.0412,"lastBolusTime":1703067347572,"time":"2023-12-20T10:52:03.846Z","iobWithZeroTemp":{"iob":2.925,"basaliob":-1.206,"bolussnooze":1.3544,"activity":0.0385,"lastBolusTime":1703067347572,"time":"2023-12-20T10:52:03.846Z"}},{"iob":3.197,"basaliob":-0.677,"bolussnooze":1.1567,"activity":0.0404,"lastBolusTime":1703067347572,"time":"2023-12-20T10:57:03.846Z","iobWithZeroTemp":{"iob":2.661,"basaliob":-1.213,"bolussnooze":1.1567,"activity":0.0371,"lastBolusTime":1703067347572,"time":"2023-12-20T10:57:03.846Z"}},{"iob":2.997,"basaliob":-0.628,"bolussnooze":0.9827,"activity":0.0395,"lastBolusTime":1703067347572,"time":"2023-12-20T11:02:03.846Z","iobWithZeroTemp":{"iob":2.404,"basaliob":-1.221,"bolussnooze":0.9827,"activity":0.0356,"lastBolusTime":1703067347572,"time":"2023-12-20T11:02:03.846Z"}},{"iob":2.803,"basaliob":-0.581,"bolussnooze":0.8309,"activity":0.0381,"lastBolusTime":1703067347572,"time":"2023-12-20T11:07:03.846Z","iobWithZeroTemp":{"iob":2.164,"basaliob":-1.22,"bolussnooze":0.8309,"activity":0.0336,"lastBolusTime":1703067347572,"time":"2023-12-20T11:07:03.846Z"}},{"iob":2.616,"basaliob":-0.537,"bolussnooze":0.6995,"activity":0.0366,"lastBolusTime":1703067347572,"time":"2023-12-20T11:12:03.846Z","iobWithZeroTemp":{"iob":1.934,"basaliob":-1.219,"bolussnooze":0.6995,"activity":0.0315,"lastBolusTime":1703067347572,"time":"2023-12-20T11:12:03.846Z"}},{"iob":2.437,"basaliob":-0.495,"bolussnooze":0.5866,"activity":0.0351,"lastBolusTime":1703067347572,"time":"2023-12-20T11:17:03.846Z","iobWithZeroTemp":{"iob":1.715,"basaliob":-1.217,"bolussnooze":0.5866,"activity":0.0294,"lastBolusTime":1703067347572,"time":"2023-12-20T11:17:03.846Z"}},{"iob":2.265,"basaliob":-0.457,"bolussnooze":0.4901,"activity":0.0334,"lastBolusTime":1703067347572,"time":"2023-12-20T11:22:03.846Z","iobWithZeroTemp":{"iob":1.506,"basaliob":-1.216,"bolussnooze":0.4901,"activity":0.0272,"lastBolusTime":1703067347572,"time":"2023-12-20T11:22:03.846Z"}},{"iob":2.103,"basaliob":-0.42,"bolussnooze":0.4081,"activity":0.0317,"lastBolusTime":1703067347572,"time":"2023-12-20T11:27:03.846Z","iobWithZeroTemp":{"iob":1.31,"basaliob":-1.213,"bolussnooze":0.4081,"activity":0.025,"lastBolusTime":1703067347572,"time":"2023-12-20T11:27:03.846Z"}},{"iob":1.949,"basaliob":-0.386,"bolussnooze":0.3386,"activity":0.03,"lastBolusTime":1703067347572,"time":"2023-12-20T11:32:03.846Z","iobWithZeroTemp":{"iob":1.131,"basaliob":-1.204,"bolussnooze":0.3386,"activity":0.0228,"lastBolusTime":1703067347572,"time":"2023-12-20T11:32:03.846Z"}},{"iob":1.802,"basaliob":-0.355,"bolussnooze":0.2802,"activity":0.0283,"lastBolusTime":1703067347572,"time":"2023-12-20T11:37:03.846Z","iobWithZeroTemp":{"iob":0.954,"basaliob":-1.203,"bolussnooze":0.2802,"activity":0.0207,"lastBolusTime":1703067347572,"time":"2023-12-20T11:37:03.846Z"}},{"iob":1.665,"basaliob":-0.326,"bolussnooze":0.2311,"activity":0.0266,"lastBolusTime":1703067347572,"time":"2023-12-20T11:42:03.846Z","iobWithZeroTemp":{"iob":0.79,"basaliob":-1.201,"bolussnooze":0.2311,"activity":0.0186,"lastBolusTime":1703067347572,"time":"2023-12-20T11:42:03.846Z"}},{"iob":1.537,"basaliob":-0.298,"bolussnooze":0.19,"activity":0.025,"lastBolusTime":1703067347572,"time":"2023-12-20T11:47:03.846Z","iobWithZeroTemp":{"iob":0.636,"basaliob":-1.199,"bolussnooze":0.19,"activity":0.0166,"lastBolusTime":1703067347572,"time":"2023-12-20T11:47:03.846Z"}},{"iob":1.416,"basaliob":-0.273,"bolussnooze":0.1558,"activity":0.0234,"lastBolusTime":1703067347572,"time":"2023-12-20T11:52:03.846Z","iobWithZeroTemp":{"iob":0.492,"basaliob":-1.197,"bolussnooze":0.1558,"activity":0.0146,"lastBolusTime":1703067347572,"time":"2023-12-20T11:52:03.846Z"}},{"iob":1.303,"basaliob":-0.25,"bolussnooze":0.1274,"activity":0.0218,"lastBolusTime":1703067347572,"time":"2023-12-20T11:57:03.846Z","iobWithZeroTemp":{"iob":0.357,"basaliob":-1.196,"bolussnooze":0.1274,"activity":0.0126,"lastBolusTime":1703067347572,"time":"2023-12-20T11:57:03.846Z"}},{"iob":1.198,"basaliob":-0.228,"bolussnooze":0.1039,"activity":0.0203,"lastBolusTime":1703067347572,"time":"2023-12-20T12:02:03.846Z","iobWithZeroTemp":{"iob":0.232,"basaliob":-1.194,"bolussnooze":0.1039,"activity":0.0108,"lastBolusTime":1703067347572,"time":"2023-12-20T12:02:03.846Z"}},{"iob":1.101,"basaliob":-0.208,"bolussnooze":0.0845,"activity":0.0189,"lastBolusTime":1703067347572,"time":"2023-12-20T12:07:03.846Z","iobWithZeroTemp":{"iob":0.117,"basaliob":-1.192,"bolussnooze":0.0845,"activity":0.0091,"lastBolusTime":1703067347572,"time":"2023-12-20T12:07:03.846Z"}},{"iob":1.009,"basaliob":-0.19,"bolussnooze":0.0685,"activity":0.0175,"lastBolusTime":1703067347572,"time":"2023-12-20T12:12:03.846Z","iobWithZeroTemp":{"iob":0.008,"basaliob":-1.191,"bolussnooze":0.0685,"activity":0.0074,"lastBolusTime":1703067347572,"time":"2023-12-20T12:12:03.846Z"}},{"iob":0.925,"basaliob":-0.173,"bolussnooze":0.0554,"activity":0.0163,"lastBolusTime":1703067347572,"time":"2023-12-20T12:17:03.846Z","iobWithZeroTemp":{"iob":-0.092,"basaliob":-1.19,"bolussnooze":0.0554,"activity":0.0059,"lastBolusTime":1703067347572,"time":"2023-12-20T12:17:03.846Z"}},{"iob":0.847,"basaliob":-0.158,"bolussnooze":0.0446,"activity":0.015,"lastBolusTime":1703067347572,"time":"2023-12-20T12:22:03.846Z","iobWithZeroTemp":{"iob":-0.184,"basaliob":-1.189,"bolussnooze":0.0446,"activity":0.0044,"lastBolusTime":1703067347572,"time":"2023-12-20T12:22:03.846Z"}},{"iob":0.774,"basaliob":-0.144,"bolussnooze":0.0359,"activity":0.0139,"lastBolusTime":1703067347572,"time":"2023-12-20T12:27:03.846Z","iobWithZeroTemp":{"iob":-0.27,"basaliob":-1.188,"bolussnooze":0.0359,"activity":0.003,"lastBolusTime":1703067347572,"time":"2023-12-20T12:27:03.846Z"}},{"iob":0.708,"basaliob":-0.131,"bolussnooze":0.0287,"activity":0.0128,"lastBolusTime":1703067347572,"time":"2023-12-20T12:32:03.846Z","iobWithZeroTemp":{"iob":-0.348,"basaliob":-1.187,"bolussnooze":0.0287,"activity":0.0017,"lastBolusTime":1703067347572,"time":"2023-12-20T12:32:03.846Z"}},{"iob":0.646,"basaliob":-0.119,"bolussnooze":0.0229,"activity":0.0118,"lastBolusTime":1703067347572,"time":"2023-12-20T12:37:03.846Z","iobWithZeroTemp":{"iob":-0.421,"basaliob":-1.186,"bolussnooze":0.0229,"activity":5.0E-4,"lastBolusTime":1703067347572,"time":"2023-12-20T12:37:03.846Z"}},{"iob":0.589,"basaliob":-0.108,"bolussnooze":0.0182,"activity":0.0109,"lastBolusTime":1703067347572,"time":"2023-12-20T12:42:03.846Z","iobWithZeroTemp":{"iob":-0.488,"basaliob":-1.185,"bolussnooze":0.0182,"activity":-5.0E-4,"lastBolusTime":1703067347572,"time":"2023-12-20T12:42:03.846Z"}},{"iob":0.537,"basaliob":-0.098,"bolussnooze":0.0145,"activity":0.01,"lastBolusTime":1703067347572,"time":"2023-12-20T12:47:03.846Z","iobWithZeroTemp":{"iob":-0.549,"basaliob":-1.184,"bolussnooze":0.0145,"activity":-0.0016,"lastBolusTime":1703067347572,"time":"2023-12-20T12:47:03.846Z"}},{"iob":0.489,"basaliob":-0.089,"bolussnooze":0.0114,"activity":0.0092,"lastBolusTime":1703067347572,"time":"2023-12-20T12:52:03.846Z","iobWithZeroTemp":{"iob":-0.605,"basaliob":-1.183,"bolussnooze":0.0114,"activity":-0.0026,"lastBolusTime":1703067347572,"time":"2023-12-20T12:52:03.846Z"}},{"iob":0.446,"basaliob":-0.08,"bolussnooze":0.009,"activity":0.0084,"lastBolusTime":1703067347572,"time":"2023-12-20T12:57:03.846Z","iobWithZeroTemp":{"iob":-0.655,"basaliob":-1.181,"bolussnooze":0.009,"activity":-0.0035,"lastBolusTime":1703067347572,"time":"2023-12-20T12:57:03.846Z"}},{"iob":0.405,"basaliob":-0.073,"bolussnooze":0.007,"activity":0.0077,"lastBolusTime":1703067347572,"time":"2023-12-20T13:02:03.846Z","iobWithZeroTemp":{"iob":-0.703,"basaliob":-1.181,"bolussnooze":0.007,"activity":-0.0043,"lastBolusTime":1703067347572,"time":"2023-12-20T13:02:03.846Z"}},{"iob":0.368,"basaliob":-0.066,"bolussnooze":0.0054,"activity":0.0071,"lastBolusTime":1703067347572,"time":"2023-12-20T13:07:03.846Z","iobWithZeroTemp":{"iob":-0.738,"basaliob":-1.172,"bolussnooze":0.0054,"activity":-0.005,"lastBolusTime":1703067347572,"time":"2023-12-20T13:07:03.846Z"}},{"iob":0.335,"basaliob":-0.059,"bolussnooze":0.0042,"activity":0.0065,"lastBolusTime":1703067347572,"time":"2023-12-20T13:12:03.846Z","iobWithZeroTemp":{"iob":-0.769,"basaliob":-1.163,"bolussnooze":0.0042,"activity":-0.0057,"lastBolusTime":1703067347572,"time":"2023-12-20T13:12:03.846Z"}},{"iob":0.303,"basaliob":-0.054,"bolussnooze":0.0032,"activity":0.0059,"lastBolusTime":1703067347572,"time":"2023-12-20T13:17:03.846Z","iobWithZeroTemp":{"iob":-0.798,"basaliob":-1.155,"bolussnooze":0.0032,"activity":-0.0064,"lastBolusTime":1703067347572,"time":"2023-12-20T13:17:03.846Z"}},{"iob":0.276,"basaliob":-0.048,"bolussnooze":0.0025,"activity":0.0054,"lastBolusTime":1703067347572,"time":"2023-12-20T13:22:03.846Z","iobWithZeroTemp":{"iob":-0.822,"basaliob":-1.146,"bolussnooze":0.0025,"activity":-0.0069,"lastBolusTime":1703067347572,"time":"2023-12-20T13:22:03.846Z"}},{"iob":0.249,"basaliob":-0.044,"bolussnooze":0.0019,"activity":0.0049,"lastBolusTime":1703067347572,"time":"2023-12-20T13:27:03.846Z","iobWithZeroTemp":{"iob":-0.845,"basaliob":-1.138,"bolussnooze":0.0019,"activity":-0.0075,"lastBolusTime":1703067347572,"time":"2023-12-20T13:27:03.846Z"}},{"iob":0.226,"basaliob":-0.039,"bolussnooze":0.0014,"activity":0.0045,"lastBolusTime":1703067347572,"time":"2023-12-20T13:32:03.846Z","iobWithZeroTemp":{"iob":-0.865,"basaliob":-1.13,"bolussnooze":0.0014,"activity":-0.0079,"lastBolusTime":1703067347572,"time":"2023-12-20T13:32:03.846Z"}},{"iob":0.205,"basaliob":-0.035,"bolussnooze":0.001,"activity":0.0041,"lastBolusTime":1703067347572,"time":"2023-12-20T13:37:03.846Z","iobWithZeroTemp":{"iob":-0.883,"basaliob":-1.123,"bolussnooze":0.001,"activity":-0.0083,"lastBolusTime":1703067347572,"time":"2023-12-20T13:37:03.846Z"}},{"iob":0.185,"basaliob":-0.032,"bolussnooze":8.0E-4,"activity":0.0037,"lastBolusTime":1703067347572,"time":"2023-12-20T13:42:03.846Z","iobWithZeroTemp":{"iob":-0.899,"basaliob":-1.116,"bolussnooze":8.0E-4,"activity":-0.0087,"lastBolusTime":1703067347572,"time":"2023-12-20T13:42:03.846Z"}},{"iob":0.167,"basaliob":-0.029,"bolussnooze":5.0E-4,"activity":0.0034,"lastBolusTime":1703067347572,"time":"2023-12-20T13:47:03.846Z","iobWithZeroTemp":{"iob":-0.914,"basaliob":-1.11,"bolussnooze":5.0E-4,"activity":-0.009,"lastBolusTime":1703067347572,"time":"2023-12-20T13:47:03.846Z"}},{"iob":0.15,"basaliob":-0.026,"bolussnooze":4.0E-4,"activity":0.003,"lastBolusTime":1703067347572,"time":"2023-12-20T13:52:03.846Z","iobWithZeroTemp":{"iob":-0.927,"basaliob":-1.103,"bolussnooze":4.0E-4,"activity":-0.0093,"lastBolusTime":1703067347572,"time":"2023-12-20T13:52:03.846Z"}},{"iob":0.136,"basaliob":-0.023,"bolussnooze":3.0E-4,"activity":0.0028,"lastBolusTime":1703067347572,"time":"2023-12-20T13:57:03.846Z","iobWithZeroTemp":{"iob":-0.938,"basaliob":-1.097,"bolussnooze":3.0E-4,"activity":-0.0095,"lastBolusTime":1703067347572,"time":"2023-12-20T13:57:03.846Z"}},{"iob":0.122,"basaliob":-0.021,"bolussnooze":2.0E-4,"activity":0.0025,"lastBolusTime":1703067347572,"time":"2023-12-20T14:02:03.846Z","iobWithZeroTemp":{"iob":-0.949,"basaliob":-1.092,"bolussnooze":2.0E-4,"activity":-0.0098,"lastBolusTime":1703067347572,"time":"2023-12-20T14:02:03.846Z"}},{"iob":0.11,"basaliob":-0.019,"bolussnooze":1.0E-4,"activity":0.0023,"lastBolusTime":1703067347572,"time":"2023-12-20T14:07:03.846Z","iobWithZeroTemp":{"iob":-0.958,"basaliob":-1.087,"bolussnooze":1.0E-4,"activity":-0.01,"lastBolusTime":1703067347572,"time":"2023-12-20T14:07:03.846Z"}},{"iob":0.099,"basaliob":-0.017,"bolussnooze":1.0E-4,"activity":0.0021,"lastBolusTime":1703067347572,"time":"2023-12-20T14:12:03.846Z","iobWithZeroTemp":{"iob":-0.966,"basaliob":-1.082,"bolussnooze":1.0E-4,"activity":-0.0101,"lastBolusTime":1703067347572,"time":"2023-12-20T14:12:03.846Z"}}],"profile":{"max_iob":20,"type":"current","max_daily_basal":1.6,"max_basal":3.6,"min_bg":81,"max_bg":81,"target_bg":81,"carb_ratio":6,"sens":81,"max_daily_safety_multiplier":3,"current_basal_safety_multiplier":4,"high_temptarget_raises_sensitivity":false,"low_temptarget_lowers_sensitivity":false,"sensitivity_raises_target":false,"resistance_lowers_target":false,"adv_target_adjustments":false,"exercise_mode":false,"half_basal_exercise_target":160,"maxCOB":120,"skip_neutral_temps":false,"remainingCarbsCap":90,"enableUAM":true,"A52_risk_enable":false,"SMBInterval":3,"enableSMB_with_COB":false,"enableSMB_with_temptarget":false,"allowSMB_with_high_temptarget":true,"enableSMB_always":true,"enableSMB_after_carbs":false,"maxSMBBasalMinutes":120,"maxUAMSMBBasalMinutes":120,"bolus_increment":0.05,"carbsReqThreshold":1,"current_basal":0.9,"temptargetSet":true,"autosens_max":1.8,"out_units":"mmol\/L"},"autosens_data":{"ratio":1},"meal_data":{"carbs":50,"mealCOB":20.265370370370388,"slopeFromMaxDeviation":-0.35800000000000054,"slopeFromMinDeviation":3.7956000000000008,"lastBolusTime":1703067347572,"lastCarbTime":1703065246000},"microBolusAllowed":true,"currentTime":1703067428258,"flatBGsDetected":false},"output":{"temp":"absolute","bg":117,"tick":"+7","eventualBG":39,"targetBG":81,"insulinReq":0,"deliverAt":"2023-12-20T10:17:08.258Z","sensitivityRatio":1,"predBGs":{"IOB":[117,122,123,121,117,111,103,93,82,70,57,43,39],"ZT":[117,105,92,77,62,45,39,39,39,39,39,39,39,39,39,39,39,39,39,39,39,39,39,39,39,39,39,39,39,39,39,39,39,39,39,39,39,39,39,39,39,39,39,39,39,39,39,39],"COB":[117,122,125,126,126,124,122,118,115,111,107,103,99,95,91,87,84,80,77,73,70,67,64,61,58,55,52,48,45,41,39],"UAM":[117,122,123,122,119,114,107,99,90,79,68,57,44,39]},"COB":20.265370370370388,"IOB":4.744,"reason":"COB: 20.3, Dev: 5.8, BGI: -0.6, ISF: 4.5, CR: 6, Target: 4.5, minPredBG -5.0, minGuardBG -5.0, IOBpredBG 2.2, COBpredBG 2.2, UAMpredBG 2.2; minGuardBG -5.0<3.4","duration":120,"rate":0,"timestamp":"2023-12-20T10:17:08.410Z"}}