{"algorithm":"OpenAPSSMBPlugin","input":{"glucoseStatus":{"glucose":72,"noise":0,"delta":1,"short_avgdelta":2.83,"long_avgdelta":4.02,"date":1703142104248},"currenttemp":{"temp":"absolute","duration":35,"rate":0,"minutesrunning":85},"iob_data":[{"iob":-0.455,"basaliob":-1.83,"bolussnooze":0.0916,"activity":0.0039,"lastBolusTime":1703136515248,"time":"2023-12-21T07:02:19.872Z","iobWithZeroTemp":{"iob":-0.455,"basaliob":-1.83,"bolussnooze":0.0916,"activity":0.0039,"lastBolusTime":1703136515248,"time":"2023-12-21T07:02:19.872Z"}},{"iob":-0.47,"basaliob":-1.726,"bolussnooze":0.0742,"activity":0.0021,"lastBolusTime":1703136515248,"time":"2023-12-21T07:07:19.872Z","iobWithZeroTemp":{"iob":-0.55,"basaliob":-1.806,"bolussnooze":0.0742,"activity":0.002,"lastBolusTime":1703136515248,"time":"2023-12-21T07:07:19.872Z"}},{"iob":-0.476,"basaliob":-1.623,"bolussnooze":0.06,"activity":7.0E-4,"lastBolusTime":1703136515248,"time":"2023-12-21T07:12:19.872Z","iobWithZeroTemp":{"iob":-0.655,"basaliob":-1.802,"bolussnooze":0.06,"activity":3.0E-4,"lastBolusTime":1703136515248,"time":"2023-12-21T07:12:19.872Z"}},{"iob":-0.477,"basaliob":-1.523,"bolussnooze":0.0483,"activity":-6.0E-4,"lastBolusTime":1703136515248,"time":"2023-12-21T07:17:19.872Z","iobWithZeroTemp":{"iob":-0.753,"basaliob":-1.799,"bolussnooze":0.0483,"activity":-0.0014,"lastBolusTime":1703136515248,"time":"2023-12-21T07:17:19.872Z"}},{"iob":-0.472,"basaliob":-1.425,"bolussnooze":0.0388,"activity":-0.0014,"lastBolusTime":1703136515248,"time":"2023-12-21T07:22:19.872Z","iobWithZeroTemp":{"iob":-0.843,"basaliob":-1.796,"bolussnooze":0.0388,"activity":-0.0028,"lastBolusTime":1703136515248,"time":"2023-12-21T07:22:19.872Z"}},{"iob":-0.463,"basaliob":-1.331,"bolussnooze":0.0311,"activity":-0.0022,"lastBolusTime":1703136515248,"time":"2023-12-21T07:27:19.872Z","iobWithZeroTemp":{"iob":-0.925,"basaliob":-1.793,"bolussnooze":0.0311,"activity":-0.0042,"lastBolusTime":1703136515248,"time":"2023-12-21T07:27:19.872Z"}},{"iob":-0.451,"basaliob":-1.24,"bolussnooze":0.0248,"activity":-0.0028,"lastBolusTime":1703136515248,"time":"2023-12-21T07:32:19.872Z","iobWithZeroTemp":{"iob":-1.001,"basaliob":-1.79,"bolussnooze":0.0248,"activity":-0.0056,"lastBolusTime":1703136515248,"time":"2023-12-21T07:32:19.872Z"}},{"iob":-0.435,"basaliob":-1.153,"bolussnooze":0.0197,"activity":-0.0032,"lastBolusTime":1703136515248,"time":"2023-12-21T07:37:19.872Z","iobWithZeroTemp":{"iob":-1.07,"basaliob":-1.788,"bolussnooze":0.0197,"activity":-0.0068,"lastBolusTime":1703136515248,"time":"2023-12-21T07:37:19.872Z"}},{"iob":-0.419,"basaliob":-1.071,"bolussnooze":0.0156,"activity":-0.0035,"lastBolusTime":1703136515248,"time":"2023-12-21T07:42:19.872Z","iobWithZeroTemp":{"iob":-1.134,"basaliob":-1.786,"bolussnooze":0.0156,"activity":-0.0079,"lastBolusTime":1703136515248,"time":"2023-12-21T07:42:19.872Z"}},{"iob":-0.4,"basaliob":-0.992,"bolussnooze":0.0123,"activity":-0.0037,"lastBolusTime":1703136515248,"time":"2023-12-21T07:47:19.872Z","iobWithZeroTemp":{"iob":-1.191,"basaliob":-1.783,"bolussnooze":0.0123,"activity":-0.0089,"lastBolusTime":1703136515248,"time":"2023-12-21T07:47:19.872Z"}},{"iob":-0.381,"basaliob":-0.918,"bolussnooze":0.0097,"activity":-0.0039,"lastBolusTime":1703136515248,"time":"2023-12-21T07:52:19.872Z","iobWithZeroTemp":{"iob":-1.244,"basaliob":-1.781,"bolussnooze":0.0097,"activity":-0.0099,"lastBolusTime":1703136515248,"time":"2023-12-21T07:52:19.872Z"}},{"iob":-0.363,"basaliob":-0.849,"bolussnooze":0.0076,"activity":-0.0039,"lastBolusTime":1703136515248,"time":"2023-12-21T07:57:19.872Z","iobWithZeroTemp":{"iob":-1.294,"basaliob":-1.78,"bolussnooze":0.0076,"activity":-0.0108,"lastBolusTime":1703136515248,"time":"2023-12-21T07:57:19.872Z"}},{"iob":-0.342,"basaliob":-0.783,"bolussnooze":0.0059,"activity":-0.0039,"lastBolusTime":1703136515248,"time":"2023-12-21T08:02:19.872Z","iobWithZeroTemp":{"iob":-1.336,"basaliob":-1.777,"bolussnooze":0.0059,"activity":-0.0116,"lastBolusTime":1703136515248,"time":"2023-12-21T08:02:19.872Z"}},{"iob":-0.323,"basaliob":-0.722,"bolussnooze":0.0046,"activity":-0.0039,"lastBolusTime":1703136515248,"time":"2023-12-21T08:07:19.872Z","iobWithZeroTemp":{"iob":-1.369,"basaliob":-1.768,"bolussnooze":0.0046,"activity":-0.0123,"lastBolusTime":1703136515248,"time":"2023-12-21T08:07:19.872Z"}},{"iob":-0.303,"basaliob":-0.664,"bolussnooze":0.0035,"activity":-0.0038,"lastBolusTime":1703136515248,"time":"2023-12-21T08:12:19.872Z","iobWithZeroTemp":{"iob":-1.389,"basaliob":-1.75,"bolussnooze":0.0035,"activity":-0.0129,"lastBolusTime":1703136515248,"time":"2023-12-21T08:12:19.872Z"}},{"iob":-0.285,"basaliob":-0.611,"bolussnooze":0.0027,"activity":-0.0037,"lastBolusTime":1703136515248,"time":"2023-12-21T08:17:19.872Z","iobWithZeroTemp":{"iob":-1.415,"basaliob":-1.741,"bolussnooze":0.0027,"activity":-0.0135,"lastBolusTime":1703136515248,"time":"2023-12-21T08:17:19.872Z"}},{"iob":-0.267,"basaliob":-0.561,"bolussnooze":0.0021,"activity":-0.0036,"lastBolusTime":1703136515248,"time":"2023-12-21T08:22:19.872Z","iobWithZeroTemp":{"iob":-1.438,"basaliob":-1.732,"bolussnooze":0.0021,"activity":-0.0141,"lastBolusTime":1703136515248,"time":"2023-12-21T08:22:19.872Z"}},{"iob":-0.249,"basaliob":-0.515,"bolussnooze":0.0016,"activity":-0.0034,"lastBolusTime":1703136515248,"time":"2023-12-21T08:27:19.872Z","iobWithZeroTemp":{"iob":-1.458,"basaliob":-1.724,"bolussnooze":0.0016,"activity":-0.0145,"lastBolusTime":1703136515248,"time":"2023-12-21T08:27:19.872Z"}},{"iob":-0.232,"basaliob":-0.472,"bolussnooze":0.0012,"activity":-0.0033,"lastBolusTime":1703136515248,"time":"2023-12-21T08:32:19.872Z","iobWithZeroTemp":{"iob":-1.476,"basaliob":-1.716,"bolussnooze":0.0012,"activity":-0.0149,"lastBolusTime":1703136515248,"time":"2023-12-21T08:32:19.872Z"}},{"iob":-0.216,"basaliob":-0.432,"bolussnooze":9.0E-4,"activity":-0.0032,"lastBolusTime":1703136515248,"time":"2023-12-21T08:37:19.872Z","iobWithZeroTemp":{"iob":-1.492,"basaliob":-1.708,"bolussnooze":9.0E-4,"activity":-0.0154,"lastBolusTime":1703136515248,"time":"2023-12-21T08:37:19.872Z"}},{"iob":-0.201,"basaliob":-0.395,"bolussnooze":6.0E-4,"activity":-0.003,"lastBolusTime":1703136515248,"time":"2023-12-21T08:42:19.872Z","iobWithZeroTemp":{"iob":-1.507,"basaliob":-1.701,"bolussnooze":6.0E-4,"activity":-0.0157,"lastBolusTime":1703136515248,"time":"2023-12-21T08:42:19.872Z"}},{"iob":-0.186,"basaliob":-0.361,"bolussnooze":5.0E-4,"activity":-0.0028,"lastBolusTime":1703136515248,"time":"2023-12-21T08:47:19.872Z","iobWithZeroTemp":{"iob":-1.519,"basaliob":-1.694,"bolussnooze":5.0E-4,"activity":-0.0159,"lastBolusTime":1703136515248,"time":"2023-12-21T08:47:19.872Z"}},{"iob":-0.173,"basaliob":-0.33,"bolussnooze":3.0E-4,"activity":-0.0026,"lastBolusTime":1703136515248,"time":"2023-12-21T08:52:19.872Z","iobWithZeroTemp":{"iob":-1.531,"basaliob":-1.688,"bolussnooze":3.0E-4,"activity":-0.0162,"lastBolusTime":1703136515248,"time":"2023-12-21T08:52:19.872Z"}},{"iob":-0.16,"basaliob":-0.301,"bolussnooze":2.0E-4,"activity":-0.0025,"lastBolusTime":1703136515248,"time":"2023-12-21T08:57:19.872Z","iobWithZeroTemp":{"iob":-1.541,"basaliob":-1.682,"bolussnooze":2.0E-4,"activity":-0.0165,"lastBolusTime":1703136515248,"time":"2023-12-21T08:57:19.872Z"}},{"iob":-0.147,"basaliob":-0.274,"bolussnooze":2.0E-4,"activity":-0.0024,"lastBolusTime":1703136515248,"time":"2023-12-21T09:02:19.872Z","iobWithZeroTemp":{"iob":-1.549,"basaliob":-1.676,"bolussnooze":2.0E-4,"activity":-0.0167,"lastBolusTime":1703136515248,"time":"2023-12-21T09:02:19.872Z"}},{"iob":-0.136,"basaliob":-0.25,"bolussnooze":1.0E-4,"activity":-0.0022,"lastBolusTime":1703136515248,"time":"2023-12-21T09:07:19.872Z","iobWithZeroTemp":{"iob":-1.549,"basaliob":-1.663,"bolussnooze":1.0E-4,"activity":-0.0169,"lastBolusTime":1703136515248,"time":"2023-12-21T09:07:19.872Z"}},{"iob":-0.125,"basaliob":-0.227,"bolussnooze":1.0E-4,"activity":-0.0021,"lastBolusTime":1703136515248,"time":"2023-12-21T09:12:19.872Z","iobWithZeroTemp":{"iob":-1.548,"basaliob":-1.65,"bolussnooze":1.0E-4,"activity":-0.017,"lastBolusTime":1703136515248,"time":"2023-12-21T09:12:19.872Z"}},{"iob":-0.116,"basaliob":-0.207,"bolussnooze":0,"activity":-0.0019,"lastBolusTime":1703136515248,"time":"2023-12-21T09:17:19.872Z","iobWithZeroTemp":{"iob":-1.547,"basaliob":-1.638,"bolussnooze":0,"activity":-0.0171,"lastBolusTime":1703136515248,"time":"2023-12-21T09:17:19.872Z"}},{"iob":-0.106,"basaliob":-0.188,"bolussnooze":0,"activity":-0.0018,"lastBolusTime":1703136515248,"time":"2023-12-21T09:22:19.872Z","iobWithZeroTemp":{"iob":-1.544,"basaliob":-1.626,"bolussnooze":0,"activity":-0.0172,"lastBolusTime":1703136515248,"time":"2023-12-21T09:22:19.872Z"}},{"iob":-0.097,"basaliob":-0.17,"bolussnooze":0,"activity":-0.0017,"lastBolusTime":1703136515248,"time":"2023-12-21T09:27:19.872Z","iobWithZeroTemp":{"iob":-1.533,"basaliob":-1.606,"bolussnooze":0,"activity":-0.0172,"lastBolusTime":1703136515248,"time":"2023-12-21T09:27:19.872Z"}},{"iob":-0.09,"basaliob":-0.155,"bolussnooze":0,"activity":-0.0015,"lastBolusTime":1703136515248,"time":"2023-12-21T09:32:19.872Z","iobWithZeroTemp":{"iob":-1.531,"basaliob":-1.596,"bolussnooze":0,"activity":-0.0172,"lastBolusTime":1703136515248,"time":"2023-12-21T09:32:19.872Z"}},{"iob":-0.082,"basaliob":-0.14,"bolussnooze":0,"activity":-0.0015,"lastBolusTime":1703136515248,"time":"2023-12-21T09:37:19.872Z","iobWithZeroTemp":{"iob":-1.528,"basaliob":-1.586,"bolussnooze":0,"activity":-0.0173,"lastBolusTime":1703136515248,"time":"2023-12-21T09:37:19.872Z"}},{"iob":-0.075,"basaliob":-0.127,"bolussnooze":0,"activity":-0.0013,"lastBolusTime":1703136515248,"time":"2023-12-21T09:42:19.872Z","iobWithZeroTemp":{"iob":-1.525,"basaliob":-1.577,"bolussnooze":0,"activity":-0.0173,"lastBolusTime":1703136515248,"time":"2023-12-21T09:42:19.872Z"}},{"iob":-0.069,"basaliob":-0.115,"bolussnooze":0,"activity":-0.0012,"lastBolusTime":1703136515248,"time":"2023-12-21T09:47:19.872Z","iobWithZeroTemp":{"iob":-1.522,"basaliob":-1.568,"bolussnooze":0,"activity":-0.0173,"lastBolusTime":1703136515248,"time":"2023-12-21T09:47:19.872Z"}},{"iob":-0.063,"basaliob":-0.104,"bolussnooze":0,"activity":-0.0011,"lastBolusTime":1703136515248,"time":"2023-12-21T09:52:19.872Z","iobWithZeroTemp":{"iob":-1.519,"basaliob":-1.56,"bolussnooze":0,"activity":-0.0173,"lastBolusTime":1703136515248,"time":"2023-12-21T09:52:19.872Z"}},{"iob":-0.057,"basaliob":-0.094,"bolussnooze":0,"activity":-0.001,"lastBolusTime":1703136515248,"time":"2023-12-21T09:57:19.872Z","iobWithZeroTemp":{"iob":-1.515,"basaliob":-1.552,"bolussnooze":0,"activity":-0.0172,"lastBolusTime":1703136515248,"time":"2023-12-21T09:57:19.872Z"}},{"iob":-0.052,"basaliob":-0.085,"bolussnooze":0,"activity":-9.0E-4,"lastBolusTime":1703136515248,"time":"2023-12-21T10:02:19.872Z","iobWithZeroTemp":{"iob":-1.512,"basaliob":-1.545,"bolussnooze":0,"activity":-0.0172,"lastBolusTime":1703136515248,"time":"2023-12-21T10:02:19.872Z"}},{"iob":-0.048,"basaliob":-0.077,"bolussnooze":0,"activity":-9.0E-4,"lastBolusTime":1703136515248,"time":"2023-12-21T10:07:19.872Z","iobWithZeroTemp":{"iob":-1.502,"basaliob":-1.531,"bolussnooze":0,"activity":-0.0173,"lastBolusTime":1703136515248,"time":"2023-12-21T10:07:19.872Z"}},{"iob":-0.043,"basaliob":-0.069,"bolussnooze":0,"activity":-8.0E-4,"lastBolusTime":1703136515248,"time":"2023-12-21T10:12:19.872Z","iobWithZeroTemp":{"iob":-1.49,"basaliob":-1.516,"bolussnooze":0,"activity":-0.0172,"lastBolusTime":1703136515248,"time":"2023-12-21T10:12:19.872Z"}},{"iob":-0.039,"basaliob":-0.062,"bolussnooze":0,"activity":-7.0E-4,"lastBolusTime":1703136515248,"time":"2023-12-21T10:17:19.872Z","iobWithZeroTemp":{"iob":-1.479,"basaliob":-1.502,"bolussnooze":0,"activity":-0.0171,"lastBolusTime":1703136515248,"time":"2023-12-21T10:17:19.872Z"}},{"iob":-0.036,"basaliob":-0.056,"bolussnooze":0,"activity":-7.0E-4,"lastBolusTime":1703136515248,"time":"2023-12-21T10:22:19.872Z","iobWithZeroTemp":{"iob":-1.469,"basaliob":-1.489,"bolussnooze":0,"activity":-0.0171,"lastBolusTime":1703136515248,"time":"2023-12-21T10:22:19.872Z"}},{"iob":-0.033,"basaliob":-0.051,"bolussnooze":0,"activity":-7.0E-4,"lastBolusTime":1703136515248,"time":"2023-12-21T10:27:19.872Z","iobWithZeroTemp":{"iob":-1.459,"basaliob":-1.477,"bolussnooze":0,"activity":-0.0171,"lastBolusTime":1703136515248,"time":"2023-12-21T10:27:19.872Z"}},{"iob":-0.029,"basaliob":-0.045,"bolussnooze":0,"activity":-6.0E-4,"lastBolusTime":1703136515248,"time":"2023-12-21T10:32:19.872Z","iobWithZeroTemp":{"iob":-1.449,"basaliob":-1.465,"bolussnooze":0,"activity":-0.0169,"lastBolusTime":1703136515248,"time":"2023-12-21T10:32:19.872Z"}},{"iob":-0.027,"basaliob":-0.041,"bolussnooze":0,"activity":-5.0E-4,"lastBolusTime":1703136515248,"time":"2023-12-21T10:37:19.872Z","iobWithZeroTemp":{"iob":-1.434,"basaliob":-1.448,"bolussnooze":0,"activity":-0.0167,"lastBolusTime":1703136515248,"time":"2023-12-21T10:37:19.872Z"}},{"iob":-0.025,"basaliob":-0.037,"bolussnooze":0,"activity":-5.0E-4,"lastBolusTime":1703136515248,"time":"2023-12-21T10:42:19.872Z","iobWithZeroTemp":{"iob":-1.426,"basaliob":-1.438,"bolussnooze":0,"activity":-0.0167,"lastBolusTime":1703136515248,"time":"2023-12-21T10:42:19.872Z"}},{"iob":-0.022,"basaliob":-0.033,"bolussnooze":0,"activity":-4.0E-4,"lastBolusTime":1703136515248,"time":"2023-12-21T10:47:19.872Z","iobWithZeroTemp":{"iob":-1.417,"basaliob":-1.428,"bolussnooze":0,"activity":-0.0165,"lastBolusTime":1703136515248,"time":"2023-12-21T10:47:19.872Z"}},{"iob":-0.021,"basaliob":-0.03,"bolussnooze":0,"activity":-4.0E-4,"lastBolusTime":1703136515248,"time":"2023-12-21T10:52:19.872Z","iobWithZeroTemp":{"iob":-1.411,"basaliob":-1.42,"bolussnooze":0,"activity":-0.0165,"lastBolusTime":1703136515248,"time":"2023-12-21T10:52:19.872Z"}},{"iob":-0.018,"basaliob":-0.026,"bolussnooze":0,"activity":-4.0E-4,"lastBolusTime":1703136515248,"time":"2023-12-21T10:57:19.872Z","iobWithZeroTemp":{"iob":-1.403,"basaliob":-1.411,"bolussnooze":0,"activity":-0.0164,"lastBolusTime":1703136515248,"time":"2023-12-21T10:57:19.872Z"}}],"profile":{"max_iob":20,"type":"current","max_daily_basal":1.6,"max_basal":4.8,"min_bg":111.6,"max_bg":111.6,"target_bg":111.6,"carb_ratio":5.5,"sens":72,"max_daily_safety_multiplier":3,"current_basal_safety_multiplier":4,"high_temptarget_raises_sensitivity":false,"low_temptarget_lowers_sensitivity":false,"sensitivity_raises_target":false,"resistance_lowers_target":false,"adv_target_adjustments":false,"exercise_mode":false,"half_basal_exercise_target":160,"maxCOB":120,"skip_neutral_temps":false,"remainingCarbsCap":90,"enableUAM":true,"A52_risk_enable":false,"SMBInterval":3,"enableSMB_with_COB":false,"enableSMB_with_temptarget":false,"allowSMB_with_high_temptarget":true,"enableSMB_always":true,"enableSMB_after_carbs":false,"maxSMBBasalMinutes":120,"maxUAMSMBBasalMinutes":120,"bolus_increment":0.05,"carbsReqThreshold":1,"current_basal":1.2,"temptargetSet":true,"autosens_max":1.8,"out_units":"mmol\/L"},"autosens_data":{"ratio":1},"meal_data":{"carbs":20,"mealCOB":0,"slopeFromMaxDeviation":-2.273999999999999,"slopeFromMinDeviation":0.6910000000000001,"lastBolusTime":1703136515248,"lastCarbTime":1703127724000},"microBolusAllowed":true,"currentTime":1703142140732,"flatBGsDetected":false},"output":{"temp":"absolute","bg":72,"tick":"+1","eventualBG":119,"targetBG":111.6,"insulinReq":0,"deliverAt":"2023-12-21T07:02:20.732Z","sensitivityRatio":1,"predBGs":{"IOB":[72,73,74,76,77,79,81,83,85,87,89,90,92,93,95,96,97,99,100,101,102,103,104,105,106,107,108,109,109,110,110,111,112,112,112,113,113,114,114,114,114,115,115,115,115,115,116],"ZT":[72,71,70,70,70,71,73,75,77,80,83,87,91,95,99,104,109],"UAM":[72,71,70,70,70,70,71,72,73,75,76,77,79,80,82,83,84,86,87,88,89,90,91,92,93,94,95,95,96,97,97,98,99,99,99,100,100,100,101,101,101,102,102,102,102,102,103]},"COB":0,"IOB":-0.455,"reason":"COB: 0, Dev: 0.8, BGI: -0.1, ISF: 4.0, CR: 5.5, Target: 6.2, minPredBG 4.2, minGuardBG 3.9, IOBpredBG 6.4, UAMpredBG 5.7; IOB -0.455 < -0.4 and minDelta 0.1 > expectedDelta -0.1; 6.6-4.2 in range: no temp required; setting current basal of 1.2 as temp. . Setting neutral temp basal of 1.2U\/hr","duration":30,"rate":1.2,"timestamp":"2023-12-21T07:02:20.822Z"}}