{"algorithm":"OpenAPSSMBPlugin","input":{"glucoseStatus":{"glucose":67,"noise":0,"delta":8,"short_avgdelta":3.89,"long_avgdelta":-0.04,"date":1703129503864},"currenttemp":{"temp":"absolute","duration":30,"rate":0,"minutesrunning":30},"iob_data":[{"iob":-0.124,"basaliob":-1.608,"bolussnooze":0.6405,"activity":0.0011,"lastBolusTime":1703127657550,"time":"2023-12-21T03:32:04.197Z","iobWithZeroTemp":{"iob":-0.124,"basaliob":-1.608,"bolussnooze":0.6405,"activity":0.0011,"lastBolusTime":1703127657550,"time":"2023-12-21T03:32:04.197Z"}},{"iob":-0.128,"basaliob":-1.519,"bolussnooze":0.5557,"activity":6.0E-4,"lastBolusTime":1703127657550,"time":"2023-12-21T03:37:04.197Z","iobWithZeroTemp":{"iob":-0.215,"basaliob":-1.606,"bolussnooze":0.5557,"activity":5.0E-4,"lastBolusTime":1703127657550,"time":"2023-12-21T03:37:04.197Z"}},{"iob":-0.131,"basaliob":-1.431,"bolussnooze":0.4786,"activity":2.0E-4,"lastBolusTime":1703127657550,"time":"2023-12-21T03:42:04.197Z","iobWithZeroTemp":{"iob":-0.325,"basaliob":-1.625,"bolussnooze":0.4786,"activity":-2.0E-4,"lastBolusTime":1703127657550,"time":"2023-12-21T03:42:04.197Z"}},{"iob":-0.131,"basaliob":-1.344,"bolussnooze":0.4097,"activity":-1.0E-4,"lastBolusTime":1703127657550,"time":"2023-12-21T03:47:04.197Z","iobWithZeroTemp":{"iob":-0.43,"basaliob":-1.643,"bolussnooze":0.4097,"activity":-0.001,"lastBolusTime":1703127657550,"time":"2023-12-21T03:47:04.197Z"}},{"iob":-0.13,"basaliob":-1.259,"bolussnooze":0.3487,"activity":-4.0E-4,"lastBolusTime":1703127657550,"time":"2023-12-21T03:52:04.197Z","iobWithZeroTemp":{"iob":-0.532,"basaliob":-1.661,"bolussnooze":0.3487,"activity":-0.0019,"lastBolusTime":1703127657550,"time":"2023-12-21T03:52:04.197Z"}},{"iob":-0.126,"basaliob":-1.176,"bolussnooze":0.2954,"activity":-6.0E-4,"lastBolusTime":1703127657550,"time":"2023-12-21T03:57:04.197Z","iobWithZeroTemp":{"iob":-0.627,"basaliob":-1.677,"bolussnooze":0.2954,"activity":-0.0028,"lastBolusTime":1703127657550,"time":"2023-12-21T03:57:04.197Z"}},{"iob":-0.123,"basaliob":-1.097,"bolussnooze":0.249,"activity":-7.0E-4,"lastBolusTime":1703127657550,"time":"2023-12-21T04:02:04.197Z","iobWithZeroTemp":{"iob":-0.719,"basaliob":-1.693,"bolussnooze":0.249,"activity":-0.0037,"lastBolusTime":1703127657550,"time":"2023-12-21T04:02:04.197Z"}},{"iob":-0.119,"basaliob":-1.021,"bolussnooze":0.2091,"activity":-8.0E-4,"lastBolusTime":1703127657550,"time":"2023-12-21T04:07:04.197Z","iobWithZeroTemp":{"iob":-0.806,"basaliob":-1.708,"bolussnooze":0.2091,"activity":-0.0047,"lastBolusTime":1703127657550,"time":"2023-12-21T04:07:04.197Z"}},{"iob":-0.114,"basaliob":-0.948,"bolussnooze":0.1749,"activity":-9.0E-4,"lastBolusTime":1703127657550,"time":"2023-12-21T04:12:04.197Z","iobWithZeroTemp":{"iob":-0.888,"basaliob":-1.722,"bolussnooze":0.1749,"activity":-0.0056,"lastBolusTime":1703127657550,"time":"2023-12-21T04:12:04.197Z"}},{"iob":-0.11,"basaliob":-0.88,"bolussnooze":0.1458,"activity":-0.001,"lastBolusTime":1703127657550,"time":"2023-12-21T04:17:04.197Z","iobWithZeroTemp":{"iob":-0.967,"basaliob":-1.737,"bolussnooze":0.1458,"activity":-0.0066,"lastBolusTime":1703127657550,"time":"2023-12-21T04:17:04.197Z"}},{"iob":-0.105,"basaliob":-0.815,"bolussnooze":0.1211,"activity":-0.001,"lastBolusTime":1703127657550,"time":"2023-12-21T04:22:04.197Z","iobWithZeroTemp":{"iob":-1.04,"basaliob":-1.75,"bolussnooze":0.1211,"activity":-0.0075,"lastBolusTime":1703127657550,"time":"2023-12-21T04:22:04.197Z"}},{"iob":-0.099,"basaliob":-0.753,"bolussnooze":0.1003,"activity":-0.0011,"lastBolusTime":1703127657550,"time":"2023-12-21T04:27:04.197Z","iobWithZeroTemp":{"iob":-1.107,"basaliob":-1.761,"bolussnooze":0.1003,"activity":-0.0085,"lastBolusTime":1703127657550,"time":"2023-12-21T04:27:04.197Z"}},{"iob":-0.093,"basaliob":-0.695,"bolussnooze":0.0828,"activity":-0.0011,"lastBolusTime":1703127657550,"time":"2023-12-21T04:32:04.197Z","iobWithZeroTemp":{"iob":-1.17,"basaliob":-1.772,"bolussnooze":0.0828,"activity":-0.0094,"lastBolusTime":1703127657550,"time":"2023-12-21T04:32:04.197Z"}},{"iob":-0.088,"basaliob":-0.641,"bolussnooze":0.0681,"activity":-0.0011,"lastBolusTime":1703127657550,"time":"2023-12-21T04:37:04.197Z","iobWithZeroTemp":{"iob":-1.23,"basaliob":-1.783,"bolussnooze":0.0681,"activity":-0.0103,"lastBolusTime":1703127657550,"time":"2023-12-21T04:37:04.197Z"}},{"iob":-0.083,"basaliob":-0.591,"bolussnooze":0.0559,"activity":-0.001,"lastBolusTime":1703127657550,"time":"2023-12-21T04:42:04.197Z","iobWithZeroTemp":{"iob":-1.285,"basaliob":-1.793,"bolussnooze":0.0559,"activity":-0.011,"lastBolusTime":1703127657550,"time":"2023-12-21T04:42:04.197Z"}},{"iob":-0.077,"basaliob":-0.543,"bolussnooze":0.0458,"activity":-0.001,"lastBolusTime":1703127657550,"time":"2023-12-21T04:47:04.197Z","iobWithZeroTemp":{"iob":-1.336,"basaliob":-1.802,"bolussnooze":0.0458,"activity":-0.0118,"lastBolusTime":1703127657550,"time":"2023-12-21T04:47:04.197Z"}},{"iob":-0.072,"basaliob":-0.499,"bolussnooze":0.0373,"activity":-0.001,"lastBolusTime":1703127657550,"time":"2023-12-21T04:52:04.197Z","iobWithZeroTemp":{"iob":-1.384,"basaliob":-1.811,"bolussnooze":0.0373,"activity":-0.0125,"lastBolusTime":1703127657550,"time":"2023-12-21T04:52:04.197Z"}},{"iob":-0.068,"basaliob":-0.458,"bolussnooze":0.0304,"activity":-9.0E-4,"lastBolusTime":1703127657550,"time":"2023-12-21T04:57:04.197Z","iobWithZeroTemp":{"iob":-1.428,"basaliob":-1.818,"bolussnooze":0.0304,"activity":-0.0132,"lastBolusTime":1703127657550,"time":"2023-12-21T04:57:04.197Z"}},{"iob":-0.063,"basaliob":-0.42,"bolussnooze":0.0247,"activity":-9.0E-4,"lastBolusTime":1703127657550,"time":"2023-12-21T05:02:04.197Z","iobWithZeroTemp":{"iob":-1.469,"basaliob":-1.826,"bolussnooze":0.0247,"activity":-0.0138,"lastBolusTime":1703127657550,"time":"2023-12-21T05:02:04.197Z"}},{"iob":-0.059,"basaliob":-0.385,"bolussnooze":0.02,"activity":-9.0E-4,"lastBolusTime":1703127657550,"time":"2023-12-21T05:07:04.197Z","iobWithZeroTemp":{"iob":-1.507,"basaliob":-1.833,"bolussnooze":0.02,"activity":-0.0145,"lastBolusTime":1703127657550,"time":"2023-12-21T05:07:04.197Z"}},{"iob":-0.054,"basaliob":-0.352,"bolussnooze":0.0161,"activity":-8.0E-4,"lastBolusTime":1703127657550,"time":"2023-12-21T05:12:04.197Z","iobWithZeroTemp":{"iob":-1.541,"basaliob":-1.839,"bolussnooze":0.0161,"activity":-0.015,"lastBolusTime":1703127657550,"time":"2023-12-21T05:12:04.197Z"}},{"iob":-0.051,"basaliob":-0.322,"bolussnooze":0.0129,"activity":-8.0E-4,"lastBolusTime":1703127657550,"time":"2023-12-21T05:17:04.197Z","iobWithZeroTemp":{"iob":-1.574,"basaliob":-1.845,"bolussnooze":0.0129,"activity":-0.0156,"lastBolusTime":1703127657550,"time":"2023-12-21T05:17:04.197Z"}},{"iob":-0.047,"basaliob":-0.294,"bolussnooze":0.0104,"activity":-8.0E-4,"lastBolusTime":1703127657550,"time":"2023-12-21T05:22:04.197Z","iobWithZeroTemp":{"iob":-1.603,"basaliob":-1.85,"bolussnooze":0.0104,"activity":-0.0161,"lastBolusTime":1703127657550,"time":"2023-12-21T05:22:04.197Z"}},{"iob":-0.043,"basaliob":-0.268,"bolussnooze":0.0083,"activity":-7.0E-4,"lastBolusTime":1703127657550,"time":"2023-12-21T05:27:04.197Z","iobWithZeroTemp":{"iob":-1.629,"basaliob":-1.854,"bolussnooze":0.0083,"activity":-0.0165,"lastBolusTime":1703127657550,"time":"2023-12-21T05:27:04.197Z"}},{"iob":-0.04,"basaliob":-0.245,"bolussnooze":0.0066,"activity":-6.0E-4,"lastBolusTime":1703127657550,"time":"2023-12-21T05:32:04.197Z","iobWithZeroTemp":{"iob":-1.655,"basaliob":-1.86,"bolussnooze":0.0066,"activity":-0.0169,"lastBolusTime":1703127657550,"time":"2023-12-21T05:32:04.197Z"}},{"iob":-0.037,"basaliob":-0.223,"bolussnooze":0.0052,"activity":-6.0E-4,"lastBolusTime":1703127657550,"time":"2023-12-21T05:37:04.197Z","iobWithZeroTemp":{"iob":-1.677,"basaliob":-1.863,"bolussnooze":0.0052,"activity":-0.0173,"lastBolusTime":1703127657550,"time":"2023-12-21T05:37:04.197Z"}},{"iob":-0.034,"basaliob":-0.203,"bolussnooze":0.0041,"activity":-5.0E-4,"lastBolusTime":1703127657550,"time":"2023-12-21T05:42:04.197Z","iobWithZeroTemp":{"iob":-1.698,"basaliob":-1.867,"bolussnooze":0.0041,"activity":-0.0176,"lastBolusTime":1703127657550,"time":"2023-12-21T05:42:04.197Z"}},{"iob":-0.031,"basaliob":-0.184,"bolussnooze":0.0033,"activity":-5.0E-4,"lastBolusTime":1703127657550,"time":"2023-12-21T05:47:04.197Z","iobWithZeroTemp":{"iob":-1.717,"basaliob":-1.87,"bolussnooze":0.0033,"activity":-0.018,"lastBolusTime":1703127657550,"time":"2023-12-21T05:47:04.197Z"}},{"iob":-0.029,"basaliob":-0.168,"bolussnooze":0.0026,"activity":-5.0E-4,"lastBolusTime":1703127657550,"time":"2023-12-21T05:52:04.197Z","iobWithZeroTemp":{"iob":-1.735,"basaliob":-1.874,"bolussnooze":0.0026,"activity":-0.0184,"lastBolusTime":1703127657550,"time":"2023-12-21T05:52:04.197Z"}},{"iob":-0.026,"basaliob":-0.152,"bolussnooze":0.002,"activity":-4.0E-4,"lastBolusTime":1703127657550,"time":"2023-12-21T05:57:04.197Z","iobWithZeroTemp":{"iob":-1.75,"basaliob":-1.876,"bolussnooze":0.002,"activity":-0.0186,"lastBolusTime":1703127657550,"time":"2023-12-21T05:57:04.197Z"}},{"iob":-0.024,"basaliob":-0.138,"bolussnooze":0.0016,"activity":-4.0E-4,"lastBolusTime":1703127657550,"time":"2023-12-21T06:02:04.197Z","iobWithZeroTemp":{"iob":-1.765,"basaliob":-1.879,"bolussnooze":0.0016,"activity":-0.0189,"lastBolusTime":1703127657550,"time":"2023-12-21T06:02:04.197Z"}},{"iob":-0.022,"basaliob":-0.125,"bolussnooze":0.0012,"activity":-4.0E-4,"lastBolusTime":1703127657550,"time":"2023-12-21T06:07:04.197Z","iobWithZeroTemp":{"iob":-1.774,"basaliob":-1.877,"bolussnooze":0.0012,"activity":-0.0192,"lastBolusTime":1703127657550,"time":"2023-12-21T06:07:04.197Z"}},{"iob":-0.021,"basaliob":-0.114,"bolussnooze":9.0E-4,"activity":-3.0E-4,"lastBolusTime":1703127657550,"time":"2023-12-21T06:12:04.197Z","iobWithZeroTemp":{"iob":-1.783,"basaliob":-1.876,"bolussnooze":9.0E-4,"activity":-0.0193,"lastBolusTime":1703127657550,"time":"2023-12-21T06:12:04.197Z"}},{"iob":-0.019,"basaliob":-0.103,"bolussnooze":7.0E-4,"activity":-3.0E-4,"lastBolusTime":1703127657550,"time":"2023-12-21T06:17:04.197Z","iobWithZeroTemp":{"iob":-1.79,"basaliob":-1.874,"bolussnooze":7.0E-4,"activity":-0.0195,"lastBolusTime":1703127657550,"time":"2023-12-21T06:17:04.197Z"}},{"iob":-0.017,"basaliob":-0.093,"bolussnooze":5.0E-4,"activity":-3.0E-4,"lastBolusTime":1703127657550,"time":"2023-12-21T06:22:04.197Z","iobWithZeroTemp":{"iob":-1.795,"basaliob":-1.871,"bolussnooze":5.0E-4,"activity":-0.0197,"lastBolusTime":1703127657550,"time":"2023-12-21T06:22:04.197Z"}},{"iob":-0.015,"basaliob":-0.084,"bolussnooze":4.0E-4,"activity":-3.0E-4,"lastBolusTime":1703127657550,"time":"2023-12-21T06:27:04.197Z","iobWithZeroTemp":{"iob":-1.8,"basaliob":-1.869,"bolussnooze":4.0E-4,"activity":-0.0199,"lastBolusTime":1703127657550,"time":"2023-12-21T06:27:04.197Z"}},{"iob":-0.014,"basaliob":-0.076,"bolussnooze":3.0E-4,"activity":-2.0E-4,"lastBolusTime":1703127657550,"time":"2023-12-21T06:32:04.197Z","iobWithZeroTemp":{"iob":-1.805,"basaliob":-1.867,"bolussnooze":3.0E-4,"activity":-0.0199,"lastBolusTime":1703127657550,"time":"2023-12-21T06:32:04.197Z"}},{"iob":-0.013,"basaliob":-0.069,"bolussnooze":2.0E-4,"activity":-2.0E-4,"lastBolusTime":1703127657550,"time":"2023-12-21T06:37:04.197Z","iobWithZeroTemp":{"iob":-1.81,"basaliob":-1.866,"bolussnooze":2.0E-4,"activity":-0.0201,"lastBolusTime":1703127657550,"time":"2023-12-21T06:37:04.197Z"}},{"iob":-0.012,"basaliob":-0.062,"bolussnooze":2.0E-4,"activity":-2.0E-4,"lastBolusTime":1703127657550,"time":"2023-12-21T06:42:04.197Z","iobWithZeroTemp":{"iob":-1.813,"basaliob":-1.863,"bolussnooze":2.0E-4,"activity":-0.0202,"lastBolusTime":1703127657550,"time":"2023-12-21T06:42:04.197Z"}},{"iob":-0.011,"basaliob":-0.056,"bolussnooze":1.0E-4,"activity":-2.0E-4,"lastBolusTime":1703127657550,"time":"2023-12-21T06:47:04.197Z","iobWithZeroTemp":{"iob":-1.816,"basaliob":-1.861,"bolussnooze":1.0E-4,"activity":-0.0203,"lastBolusTime":1703127657550,"time":"2023-12-21T06:47:04.197Z"}},{"iob":-0.009,"basaliob":-0.05,"bolussnooze":1.0E-4,"activity":-2.0E-4,"lastBolusTime":1703127657550,"time":"2023-12-21T06:52:04.197Z","iobWithZeroTemp":{"iob":-1.818,"basaliob":-1.859,"bolussnooze":1.0E-4,"activity":-0.0204,"lastBolusTime":1703127657550,"time":"2023-12-21T06:52:04.197Z"}},{"iob":-0.008,"basaliob":-0.045,"bolussnooze":0,"activity":-2.0E-4,"lastBolusTime":1703127657550,"time":"2023-12-21T06:57:04.197Z","iobWithZeroTemp":{"iob":-1.82,"basaliob":-1.857,"bolussnooze":0,"activity":-0.0205,"lastBolusTime":1703127657550,"time":"2023-12-21T06:57:04.197Z"}},{"iob":-0.008,"basaliob":-0.041,"bolussnooze":0,"activity":-2.0E-4,"lastBolusTime":1703127657550,"time":"2023-12-21T07:02:04.197Z","iobWithZeroTemp":{"iob":-1.823,"basaliob":-1.856,"bolussnooze":0,"activity":-0.0205,"lastBolusTime":1703127657550,"time":"2023-12-21T07:02:04.197Z"}},{"iob":-0.008,"basaliob":-0.037,"bolussnooze":0,"activity":-2.0E-4,"lastBolusTime":1703127657550,"time":"2023-12-21T07:07:04.197Z","iobWithZeroTemp":{"iob":-1.821,"basaliob":-1.85,"bolussnooze":0,"activity":-0.0206,"lastBolusTime":1703127657550,"time":"2023-12-21T07:07:04.197Z"}},{"iob":-0.007,"basaliob":-0.033,"bolussnooze":0,"activity":-1.0E-4,"lastBolusTime":1703127657550,"time":"2023-12-21T07:12:04.197Z","iobWithZeroTemp":{"iob":-1.818,"basaliob":-1.844,"bolussnooze":0,"activity":-0.0205,"lastBolusTime":1703127657550,"time":"2023-12-21T07:12:04.197Z"}},{"iob":-0.006,"basaliob":-0.03,"bolussnooze":0,"activity":-1.0E-4,"lastBolusTime":1703127657550,"time":"2023-12-21T07:17:04.197Z","iobWithZeroTemp":{"iob":-1.815,"basaliob":-1.839,"bolussnooze":0,"activity":-0.0206,"lastBolusTime":1703127657550,"time":"2023-12-21T07:17:04.197Z"}},{"iob":-0.006,"basaliob":-0.027,"bolussnooze":0,"activity":-1.0E-4,"lastBolusTime":1703127657550,"time":"2023-12-21T07:22:04.197Z","iobWithZeroTemp":{"iob":-1.813,"basaliob":-1.834,"bolussnooze":0,"activity":-0.0206,"lastBolusTime":1703127657550,"time":"2023-12-21T07:22:04.197Z"}},{"iob":-0.005,"basaliob":-0.024,"bolussnooze":0,"activity":-1.0E-4,"lastBolusTime":1703127657550,"time":"2023-12-21T07:27:04.197Z","iobWithZeroTemp":{"iob":-1.809,"basaliob":-1.828,"bolussnooze":0,"activity":-0.0206,"lastBolusTime":1703127657550,"time":"2023-12-21T07:27:04.197Z"}}],"profile":{"max_iob":20,"type":"current","max_daily_basal":1.6,"max_basal":4.8,"min_bg":81,"max_bg":81,"target_bg":81,"carb_ratio":4.5,"sens":72,"max_daily_safety_multiplier":3,"current_basal_safety_multiplier":4,"high_temptarget_raises_sensitivity":false,"low_temptarget_lowers_sensitivity":false,"sensitivity_raises_target":false,"resistance_lowers_target":false,"adv_target_adjustments":false,"exercise_mode":false,"half_basal_exercise_target":160,"maxCOB":120,"skip_neutral_temps":false,"remainingCarbsCap":90,"enableUAM":true,"A52_risk_enable":false,"SMBInterval":3,"enableSMB_with_COB":false,"enableSMB_with_temptarget":false,"allowSMB_with_high_temptarget":true,"enableSMB_always":true,"enableSMB_after_carbs":false,"maxSMBBasalMinutes":120,"maxUAMSMBBasalMinutes":120,"bolus_increment":0.05,"carbsReqThreshold":1,"current_basal":1.3,"temptargetSet":true,"autosens_max":1.8,"out_units":"mmol\/L"},"autosens_data":{"ratio":1},"meal_data":{"carbs":20,"mealCOB":17.47525,"slopeFromMaxDeviation":-0.11399999999999996,"slopeFromMinDeviation":1.223,"lastBolusTime":1703127657550,"lastCarbTime":1703127724000},"microBolusAllowed":true,"currentTime":1703129525956,"flatBGsDetected":false},"output":{"temp":"absolute","bg":67,"tick":"+8","eventualBG":353,"targetBG":81,"insulinReq":1.54,"deliverAt":"2023-12-21T03:32:05.956Z","sensitivityRatio":1,"predBGs":{"IOB":[67,71,74,77,80,83,85,87,89,90,91,92,92,93,93,94,94,94,95,95,95,95,96,96,96,97,97,97,97,97,97,98,98,98,98,98,98,98,98,98,98,98,99],"ZT":[67,67,66,66,67,68,69,70,72,74,76,79],"COB":[67,71,76,81,86,92,98,104,111,118,125,132,140,148,156,165,174,183,192,201,211,221,231,242,251,261,270,278,286,294,301,307,313,319,324,329,334,337,341,344,346,349,350,351,352,353],"UAM":[67,70,74,77,79,82,84,86,87,88,89,89,89,90,90,90,91,91,92,92,92,92,93,93,93,94,94,94,94,94,94,95,95,95,95,95,95,95,95,95,95,95,96]},"COB":17.47525,"IOB":-0.124,"reason":"COB: 17.5, Dev: 1.4, BGI: 0.0, ISF: 4.0, CR: 4.5, Target: 4.5, minPredBG 10.7, minGuardBG 3.9, IOBpredBG 5.5, COBpredBG 19.6, UAMpredBG 5.3; Eventual BG 19.6 >= 4.5,  insulinReq 1.54. Microbolusing 0.75U. temp 0.00 < 4.38U\/hr. ","units":0.75,"duration":30,"rate":4.38,"timestamp":"2023-12-21T03:32:06.043Z"}}