{"algorithm":"OpenAPSSMBPlugin","input":{"glucoseStatus":{"glucose":90,"noise":0,"delta":-3,"short_avgdelta":-1.5,"long_avgdelta":0.43,"date":1703096202366},"currenttemp":{"temp":"absolute","duration":15,"rate":0.8,"minutesrunning":15},"iob_data":[{"iob":-0.02,"basaliob":-0.219,"bolussnooze":0,"activity":-9.0E-4,"lastBolusTime":1703095633882,"time":"2023-12-20T18:17:06.480Z","iobWithZeroTemp":{"iob":-0.02,"basaliob":-0.219,"bolussnooze":0,"activity":-9.0E-4,"lastBolusTime":1703095633882,"time":"2023-12-20T18:17:06.480Z"}},{"iob":-0.016,"basaliob":-0.203,"bolussnooze":0,"activity":-8.0E-4,"lastBolusTime":1703095633882,"time":"2023-12-20T18:22:06.480Z","iobWithZeroTemp":{"iob":-0.056,"basaliob":-0.243,"bolussnooze":0,"activity":-8.0E-4,"lastBolusTime":1703095633882,"time":"2023-12-20T18:22:06.480Z"}},{"iob":-0.012,"basaliob":-0.187,"bolussnooze":0,"activity":-7.0E-4,"lastBolusTime":1703095633882,"time":"2023-12-20T18:27:06.480Z","iobWithZeroTemp":{"iob":-0.101,"basaliob":-0.276,"bolussnooze":0,"activity":-9.0E-4,"lastBolusTime":1703095633882,"time":"2023-12-20T18:27:06.480Z"}},{"iob":-0.008,"basaliob":-0.172,"bolussnooze":0,"activity":-5.0E-4,"lastBolusTime":1703095633882,"time":"2023-12-20T18:32:06.480Z","iobWithZeroTemp":{"iob":-0.146,"basaliob":-0.31,"bolussnooze":0,"activity":-9.0E-4,"lastBolusTime":1703095633882,"time":"2023-12-20T18:32:06.480Z"}},{"iob":-0.006,"basaliob":-0.159,"bolussnooze":0,"activity":-4.0E-4,"lastBolusTime":1703095633882,"time":"2023-12-20T18:37:06.480Z","iobWithZeroTemp":{"iob":-0.191,"basaliob":-0.344,"bolussnooze":0,"activity":-0.0011,"lastBolusTime":1703095633882,"time":"2023-12-20T18:37:06.480Z"}},{"iob":-0.004,"basaliob":-0.146,"bolussnooze":0,"activity":-4.0E-4,"lastBolusTime":1703095633882,"time":"2023-12-20T18:42:06.480Z","iobWithZeroTemp":{"iob":-0.235,"basaliob":-0.377,"bolussnooze":0,"activity":-0.0014,"lastBolusTime":1703095633882,"time":"2023-12-20T18:42:06.480Z"}},{"iob":-0.002,"basaliob":-0.134,"bolussnooze":0,"activity":-3.0E-4,"lastBolusTime":1703095633882,"time":"2023-12-20T18:47:06.480Z","iobWithZeroTemp":{"iob":-0.277,"basaliob":-0.409,"bolussnooze":0,"activity":-0.0017,"lastBolusTime":1703095633882,"time":"2023-12-20T18:47:06.480Z"}},{"iob":-0.001,"basaliob":-0.123,"bolussnooze":0,"activity":-2.0E-4,"lastBolusTime":1703095633882,"time":"2023-12-20T18:52:06.480Z","iobWithZeroTemp":{"iob":-0.318,"basaliob":-0.44,"bolussnooze":0,"activity":-0.002,"lastBolusTime":1703095633882,"time":"2023-12-20T18:52:06.480Z"}},{"iob":0,"basaliob":-0.113,"bolussnooze":0,"activity":-2.0E-4,"lastBolusTime":1703095633882,"time":"2023-12-20T18:57:06.480Z","iobWithZeroTemp":{"iob":-0.357,"basaliob":-0.47,"bolussnooze":0,"activity":-0.0024,"lastBolusTime":1703095633882,"time":"2023-12-20T18:57:06.480Z"}},{"iob":0.002,"basaliob":-0.103,"bolussnooze":0,"activity":-1.0E-4,"lastBolusTime":1703095633882,"time":"2023-12-20T19:02:06.480Z","iobWithZeroTemp":{"iob":-0.393,"basaliob":-0.498,"bolussnooze":0,"activity":-0.0027,"lastBolusTime":1703095633882,"time":"2023-12-20T19:02:06.480Z"}},{"iob":0.003,"basaliob":-0.094,"bolussnooze":0,"activity":-1.0E-4,"lastBolusTime":1703095633882,"time":"2023-12-20T19:07:06.480Z","iobWithZeroTemp":{"iob":-0.428,"basaliob":-0.525,"bolussnooze":0,"activity":-0.0031,"lastBolusTime":1703095633882,"time":"2023-12-20T19:07:06.480Z"}},{"iob":0.003,"basaliob":-0.086,"bolussnooze":0,"activity":-1.0E-4,"lastBolusTime":1703095633882,"time":"2023-12-20T19:12:06.480Z","iobWithZeroTemp":{"iob":-0.462,"basaliob":-0.551,"bolussnooze":0,"activity":-0.0035,"lastBolusTime":1703095633882,"time":"2023-12-20T19:12:06.480Z"}},{"iob":0.003,"basaliob":-0.079,"bolussnooze":0,"activity":0,"lastBolusTime":1703095633882,"time":"2023-12-20T19:17:06.480Z","iobWithZeroTemp":{"iob":-0.494,"basaliob":-0.576,"bolussnooze":0,"activity":-0.0038,"lastBolusTime":1703095633882,"time":"2023-12-20T19:17:06.480Z"}},{"iob":0.004,"basaliob":-0.072,"bolussnooze":0,"activity":0,"lastBolusTime":1703095633882,"time":"2023-12-20T19:22:06.480Z","iobWithZeroTemp":{"iob":-0.523,"basaliob":-0.599,"bolussnooze":0,"activity":-0.0042,"lastBolusTime":1703095633882,"time":"2023-12-20T19:22:06.480Z"}},{"iob":0.004,"basaliob":-0.065,"bolussnooze":0,"activity":0,"lastBolusTime":1703095633882,"time":"2023-12-20T19:27:06.480Z","iobWithZeroTemp":{"iob":-0.551,"basaliob":-0.62,"bolussnooze":0,"activity":-0.0046,"lastBolusTime":1703095633882,"time":"2023-12-20T19:27:06.480Z"}},{"iob":0.004,"basaliob":-0.06,"bolussnooze":0,"activity":0,"lastBolusTime":1703095633882,"time":"2023-12-20T19:32:06.480Z","iobWithZeroTemp":{"iob":-0.577,"basaliob":-0.641,"bolussnooze":0,"activity":-0.005,"lastBolusTime":1703095633882,"time":"2023-12-20T19:32:06.480Z"}},{"iob":0.004,"basaliob":-0.054,"bolussnooze":0,"activity":0,"lastBolusTime":1703095633882,"time":"2023-12-20T19:37:06.480Z","iobWithZeroTemp":{"iob":-0.601,"basaliob":-0.659,"bolussnooze":0,"activity":-0.0053,"lastBolusTime":1703095633882,"time":"2023-12-20T19:37:06.480Z"}},{"iob":0.004,"basaliob":-0.049,"bolussnooze":0,"activity":0,"lastBolusTime":1703095633882,"time":"2023-12-20T19:42:06.480Z","iobWithZeroTemp":{"iob":-0.624,"basaliob":-0.677,"bolussnooze":0,"activity":-0.0057,"lastBolusTime":1703095633882,"time":"2023-12-20T19:42:06.480Z"}},{"iob":0.004,"basaliob":-0.045,"bolussnooze":0,"activity":0,"lastBolusTime":1703095633882,"time":"2023-12-20T19:47:06.480Z","iobWithZeroTemp":{"iob":-0.645,"basaliob":-0.694,"bolussnooze":0,"activity":-0.006,"lastBolusTime":1703095633882,"time":"2023-12-20T19:47:06.480Z"}},{"iob":0.004,"basaliob":-0.041,"bolussnooze":0,"activity":0,"lastBolusTime":1703095633882,"time":"2023-12-20T19:52:06.480Z","iobWithZeroTemp":{"iob":-0.664,"basaliob":-0.709,"bolussnooze":0,"activity":-0.0063,"lastBolusTime":1703095633882,"time":"2023-12-20T19:52:06.480Z"}},{"iob":0.004,"basaliob":-0.037,"bolussnooze":0,"activity":0,"lastBolusTime":1703095633882,"time":"2023-12-20T19:57:06.480Z","iobWithZeroTemp":{"iob":-0.682,"basaliob":-0.723,"bolussnooze":0,"activity":-0.0066,"lastBolusTime":1703095633882,"time":"2023-12-20T19:57:06.480Z"}},{"iob":0.004,"basaliob":-0.033,"bolussnooze":0,"activity":0,"lastBolusTime":1703095633882,"time":"2023-12-20T20:02:06.480Z","iobWithZeroTemp":{"iob":-0.699,"basaliob":-0.736,"bolussnooze":0,"activity":-0.0068,"lastBolusTime":1703095633882,"time":"2023-12-20T20:02:06.480Z"}},{"iob":0.004,"basaliob":-0.03,"bolussnooze":0,"activity":0,"lastBolusTime":1703095633882,"time":"2023-12-20T20:07:06.480Z","iobWithZeroTemp":{"iob":-0.727,"basaliob":-0.761,"bolussnooze":0,"activity":-0.0071,"lastBolusTime":1703095633882,"time":"2023-12-20T20:07:06.480Z"}},{"iob":0.004,"basaliob":-0.027,"bolussnooze":0,"activity":1.0E-4,"lastBolusTime":1703095633882,"time":"2023-12-20T20:12:06.480Z","iobWithZeroTemp":{"iob":-0.753,"basaliob":-0.784,"bolussnooze":0,"activity":-0.0073,"lastBolusTime":1703095633882,"time":"2023-12-20T20:12:06.480Z"}},{"iob":0.003,"basaliob":-0.025,"bolussnooze":0,"activity":0,"lastBolusTime":1703095633882,"time":"2023-12-20T20:17:06.480Z","iobWithZeroTemp":{"iob":-0.779,"basaliob":-0.807,"bolussnooze":0,"activity":-0.0076,"lastBolusTime":1703095633882,"time":"2023-12-20T20:17:06.480Z"}},{"iob":0.004,"basaliob":-0.022,"bolussnooze":0,"activity":0,"lastBolusTime":1703095633882,"time":"2023-12-20T20:22:06.480Z","iobWithZeroTemp":{"iob":-0.802,"basaliob":-0.828,"bolussnooze":0,"activity":-0.0079,"lastBolusTime":1703095633882,"time":"2023-12-20T20:22:06.480Z"}},{"iob":0.003,"basaliob":-0.02,"bolussnooze":0,"activity":0,"lastBolusTime":1703095633882,"time":"2023-12-20T20:27:06.480Z","iobWithZeroTemp":{"iob":-0.825,"basaliob":-0.848,"bolussnooze":0,"activity":-0.0082,"lastBolusTime":1703095633882,"time":"2023-12-20T20:27:06.480Z"}},{"iob":0.003,"basaliob":-0.018,"bolussnooze":0,"activity":0,"lastBolusTime":1703095633882,"time":"2023-12-20T20:32:06.480Z","iobWithZeroTemp":{"iob":-0.846,"basaliob":-0.867,"bolussnooze":0,"activity":-0.0084,"lastBolusTime":1703095633882,"time":"2023-12-20T20:32:06.480Z"}},{"iob":0.003,"basaliob":-0.016,"bolussnooze":0,"activity":1.0E-4,"lastBolusTime":1703095633882,"time":"2023-12-20T20:37:06.480Z","iobWithZeroTemp":{"iob":-0.865,"basaliob":-0.884,"bolussnooze":0,"activity":-0.0086,"lastBolusTime":1703095633882,"time":"2023-12-20T20:37:06.480Z"}},{"iob":0.002,"basaliob":-0.015,"bolussnooze":0,"activity":0,"lastBolusTime":1703095633882,"time":"2023-12-20T20:42:06.480Z","iobWithZeroTemp":{"iob":-0.885,"basaliob":-0.902,"bolussnooze":0,"activity":-0.009,"lastBolusTime":1703095633882,"time":"2023-12-20T20:42:06.480Z"}},{"iob":0.003,"basaliob":-0.013,"bolussnooze":0,"activity":0,"lastBolusTime":1703095633882,"time":"2023-12-20T20:47:06.480Z","iobWithZeroTemp":{"iob":-0.901,"basaliob":-0.917,"bolussnooze":0,"activity":-0.0092,"lastBolusTime":1703095633882,"time":"2023-12-20T20:47:06.480Z"}},{"iob":0.002,"basaliob":-0.012,"bolussnooze":0,"activity":0,"lastBolusTime":1703095633882,"time":"2023-12-20T20:52:06.480Z","iobWithZeroTemp":{"iob":-0.918,"basaliob":-0.932,"bolussnooze":0,"activity":-0.0094,"lastBolusTime":1703095633882,"time":"2023-12-20T20:52:06.480Z"}},{"iob":0.002,"basaliob":-0.011,"bolussnooze":0,"activity":1.0E-4,"lastBolusTime":1703095633882,"time":"2023-12-20T20:57:06.480Z","iobWithZeroTemp":{"iob":-0.933,"basaliob":-0.946,"bolussnooze":0,"activity":-0.0095,"lastBolusTime":1703095633882,"time":"2023-12-20T20:57:06.480Z"}},{"iob":0.002,"basaliob":-0.01,"bolussnooze":0,"activity":0,"lastBolusTime":1703095633882,"time":"2023-12-20T21:02:06.480Z","iobWithZeroTemp":{"iob":-0.954,"basaliob":-0.966,"bolussnooze":0,"activity":-0.01,"lastBolusTime":1703095633882,"time":"2023-12-20T21:02:06.480Z"}},{"iob":0.002,"basaliob":-0.009,"bolussnooze":0,"activity":0,"lastBolusTime":1703095633882,"time":"2023-12-20T21:07:06.480Z","iobWithZeroTemp":{"iob":-1.011,"basaliob":-1.022,"bolussnooze":0,"activity":-0.0102,"lastBolusTime":1703095633882,"time":"2023-12-20T21:07:06.480Z"}},{"iob":0.002,"basaliob":-0.008,"bolussnooze":0,"activity":0,"lastBolusTime":1703095633882,"time":"2023-12-20T21:12:06.480Z","iobWithZeroTemp":{"iob":-1.068,"basaliob":-1.078,"bolussnooze":0,"activity":-0.0105,"lastBolusTime":1703095633882,"time":"2023-12-20T21:12:06.480Z"}},{"iob":0.002,"basaliob":-0.007,"bolussnooze":0,"activity":0,"lastBolusTime":1703095633882,"time":"2023-12-20T21:17:06.480Z","iobWithZeroTemp":{"iob":-1.122,"basaliob":-1.131,"bolussnooze":0,"activity":-0.0109,"lastBolusTime":1703095633882,"time":"2023-12-20T21:17:06.480Z"}},{"iob":0.002,"basaliob":-0.006,"bolussnooze":0,"activity":1.0E-4,"lastBolusTime":1703095633882,"time":"2023-12-20T21:22:06.480Z","iobWithZeroTemp":{"iob":-1.175,"basaliob":-1.183,"bolussnooze":0,"activity":-0.0112,"lastBolusTime":1703095633882,"time":"2023-12-20T21:22:06.480Z"}},{"iob":0.001,"basaliob":-0.006,"bolussnooze":0,"activity":0,"lastBolusTime":1703095633882,"time":"2023-12-20T21:27:06.480Z","iobWithZeroTemp":{"iob":-1.226,"basaliob":-1.233,"bolussnooze":0,"activity":-0.0118,"lastBolusTime":1703095633882,"time":"2023-12-20T21:27:06.480Z"}},{"iob":0.001,"basaliob":-0.005,"bolussnooze":0,"activity":0,"lastBolusTime":1703095633882,"time":"2023-12-20T21:32:06.480Z","iobWithZeroTemp":{"iob":-1.274,"basaliob":-1.28,"bolussnooze":0,"activity":-0.0123,"lastBolusTime":1703095633882,"time":"2023-12-20T21:32:06.480Z"}},{"iob":0.001,"basaliob":-0.005,"bolussnooze":0,"activity":0,"lastBolusTime":1703095633882,"time":"2023-12-20T21:37:06.480Z","iobWithZeroTemp":{"iob":-1.32,"basaliob":-1.326,"bolussnooze":0,"activity":-0.0128,"lastBolusTime":1703095633882,"time":"2023-12-20T21:37:06.480Z"}},{"iob":0.001,"basaliob":-0.004,"bolussnooze":0,"activity":0,"lastBolusTime":1703095633882,"time":"2023-12-20T21:42:06.480Z","iobWithZeroTemp":{"iob":-1.363,"basaliob":-1.368,"bolussnooze":0,"activity":-0.0133,"lastBolusTime":1703095633882,"time":"2023-12-20T21:42:06.480Z"}},{"iob":0.001,"basaliob":-0.004,"bolussnooze":0,"activity":0,"lastBolusTime":1703095633882,"time":"2023-12-20T21:47:06.480Z","iobWithZeroTemp":{"iob":-1.404,"basaliob":-1.409,"bolussnooze":0,"activity":-0.0137,"lastBolusTime":1703095633882,"time":"2023-12-20T21:47:06.480Z"}},{"iob":0.001,"basaliob":-0.003,"bolussnooze":0,"activity":0,"lastBolusTime":1703095633882,"time":"2023-12-20T21:52:06.480Z","iobWithZeroTemp":{"iob":-1.442,"basaliob":-1.446,"bolussnooze":0,"activity":-0.0142,"lastBolusTime":1703095633882,"time":"2023-12-20T21:52:06.480Z"}},{"iob":0.001,"basaliob":-0.003,"bolussnooze":0,"activity":0,"lastBolusTime":1703095633882,"time":"2023-12-20T21:57:06.480Z","iobWithZeroTemp":{"iob":-1.478,"basaliob":-1.482,"bolussnooze":0,"activity":-0.0147,"lastBolusTime":1703095633882,"time":"2023-12-20T21:57:06.480Z"}},{"iob":0,"basaliob":-0.003,"bolussnooze":0,"activity":0,"lastBolusTime":1703095633882,"time":"2023-12-20T22:02:06.480Z","iobWithZeroTemp":{"iob":-1.513,"basaliob":-1.516,"bolussnooze":0,"activity":-0.0152,"lastBolusTime":1703095633882,"time":"2023-12-20T22:02:06.480Z"}},{"iob":0.001,"basaliob":-0.002,"bolussnooze":0,"activity":0,"lastBolusTime":1703095633882,"time":"2023-12-20T22:07:06.480Z","iobWithZeroTemp":{"iob":-1.56,"basaliob":-1.563,"bolussnooze":0,"activity":-0.0156,"lastBolusTime":1703095633882,"time":"2023-12-20T22:07:06.480Z"}},{"iob":0.001,"basaliob":-0.002,"bolussnooze":0,"activity":1.0E-4,"lastBolusTime":1703095633882,"time":"2023-12-20T22:12:06.480Z","iobWithZeroTemp":{"iob":-1.605,"basaliob":-1.608,"bolussnooze":0,"activity":-0.016,"lastBolusTime":1703095633882,"time":"2023-12-20T22:12:06.480Z"}}],"profile":{"max_iob":20,"type":"current","max_daily_basal":1.6,"max_basal":2.4,"min_bg":90,"max_bg":90,"target_bg":90,"carb_ratio":4.5,"sens":90,"max_daily_safety_multiplier":3,"current_basal_safety_multiplier":4,"high_temptarget_raises_sensitivity":false,"low_temptarget_lowers_sensitivity":false,"sensitivity_raises_target":false,"resistance_lowers_target":false,"adv_target_adjustments":false,"exercise_mode":false,"half_basal_exercise_target":160,"maxCOB":120,"skip_neutral_temps":false,"remainingCarbsCap":90,"enableUAM":true,"A52_risk_enable":false,"SMBInterval":3,"enableSMB_with_COB":false,"enableSMB_with_temptarget":false,"allowSMB_with_high_temptarget":true,"enableSMB_always":true,"enableSMB_after_carbs":false,"maxSMBBasalMinutes":120,"maxUAMSMBBasalMinutes":120,"bolus_increment":0.05,"carbsReqThreshold":1,"current_basal":0.6,"temptargetSet":false,"autosens_max":1.8,"out_units":"mmol\/L"},"autosens_data":{"ratio":1},"meal_data":{"carbs":10,"mealCOB":0,"slopeFromMaxDeviation":-0.5726666666666667,"slopeFromMinDeviation":0.3805,"lastBolusTime":1703095633882,"lastCarbTime":1703074649000},"microBolusAllowed":true,"currentTime":1703096229616,"flatBGsDetected":false},"output":{"temp":"absolute","bg":90,"tick":-3,"eventualBG":92,"targetBG":90,"insulinReq":-0.09,"deliverAt":"2023-12-20T18:17:09.616Z","sensitivityRatio":1,"predBGs":{"IOB":[90,87,85,83,81,79,77,76,75,74,74,73,73],"ZT":[90,90,91,91,92,92,93,93]},"COB":0,"IOB":-0.02,"reason":"COB: 0, Dev: 0.0, BGI: 0.0, ISF: 5.0, CR: 4.5, Target: 5.0, minPredBG 4.6, minGuardBG 4.1, IOBpredBG 4.1; Eventual BG 5.1 >= 5.0,  insulinReq -0.09; setting 30m low temp of 0.16U\/h. ","rate":0.16,"duration":30,"timestamp":"2023-12-20T18:17:09.753Z"}}