{"algorithm":"OpenAPSSMBPlugin","input":{"glucoseStatus":{"glucose":63,"noise":0,"delta":1,"short_avgdelta":-0.22,"long_avgdelta":-1.19,"date":1703048202285},"currenttemp":{"temp":"absolute","duration":20,"rate":0,"minutesrunning":10},"iob_data":[{"iob":-0.587,"basaliob":-1.753,"bolussnooze":0.0279,"activity":1.0E-4,"lastBolusTime":1703045531010,"time":"2023-12-20T04:57:00.920Z","iobWithZeroTemp":{"iob":-0.587,"basaliob":-1.753,"bolussnooze":0.0279,"activity":1.0E-4,"lastBolusTime":1703045531010,"time":"2023-12-20T04:57:00.920Z"}},{"iob":-0.584,"basaliob":-1.657,"bolussnooze":0.0227,"activity":-0.0012,"lastBolusTime":1703045531010,"time":"2023-12-20T05:02:00.920Z","iobWithZeroTemp":{"iob":-0.671,"basaliob":-1.744,"bolussnooze":0.0227,"activity":-0.0013,"lastBolusTime":1703045531010,"time":"2023-12-20T05:02:00.920Z"}},{"iob":-0.575,"basaliob":-1.561,"bolussnooze":0.0184,"activity":-0.0022,"lastBolusTime":1703045531010,"time":"2023-12-20T05:07:00.920Z","iobWithZeroTemp":{"iob":-0.769,"basaliob":-1.755,"bolussnooze":0.0184,"activity":-0.0026,"lastBolusTime":1703045531010,"time":"2023-12-20T05:07:00.920Z"}},{"iob":-0.562,"basaliob":-1.467,"bolussnooze":0.0148,"activity":-0.0031,"lastBolusTime":1703045531010,"time":"2023-12-20T05:12:00.920Z","iobWithZeroTemp":{"iob":-0.861,"basaliob":-1.766,"bolussnooze":0.0148,"activity":-0.004,"lastBolusTime":1703045531010,"time":"2023-12-20T05:12:00.920Z"}},{"iob":-0.546,"basaliob":-1.375,"bolussnooze":0.012,"activity":-0.0037,"lastBolusTime":1703045531010,"time":"2023-12-20T05:17:00.920Z","iobWithZeroTemp":{"iob":-0.948,"basaliob":-1.777,"bolussnooze":0.012,"activity":-0.0052,"lastBolusTime":1703045531010,"time":"2023-12-20T05:17:00.920Z"}},{"iob":-0.525,"basaliob":-1.285,"bolussnooze":0.0096,"activity":-0.0042,"lastBolusTime":1703045531010,"time":"2023-12-20T05:22:00.920Z","iobWithZeroTemp":{"iob":-1.026,"basaliob":-1.786,"bolussnooze":0.0096,"activity":-0.0064,"lastBolusTime":1703045531010,"time":"2023-12-20T05:22:00.920Z"}},{"iob":-0.504,"basaliob":-1.199,"bolussnooze":0.0077,"activity":-0.0045,"lastBolusTime":1703045531010,"time":"2023-12-20T05:27:00.920Z","iobWithZeroTemp":{"iob":-1.1,"basaliob":-1.795,"bolussnooze":0.0077,"activity":-0.0075,"lastBolusTime":1703045531010,"time":"2023-12-20T05:27:00.920Z"}},{"iob":-0.481,"basaliob":-1.117,"bolussnooze":0.0061,"activity":-0.0046,"lastBolusTime":1703045531010,"time":"2023-12-20T05:32:00.920Z","iobWithZeroTemp":{"iob":-1.168,"basaliob":-1.804,"bolussnooze":0.0061,"activity":-0.0085,"lastBolusTime":1703045531010,"time":"2023-12-20T05:32:00.920Z"}},{"iob":-0.457,"basaliob":-1.038,"bolussnooze":0.0049,"activity":-0.0048,"lastBolusTime":1703045531010,"time":"2023-12-20T05:37:00.920Z","iobWithZeroTemp":{"iob":-1.231,"basaliob":-1.812,"bolussnooze":0.0049,"activity":-0.0095,"lastBolusTime":1703045531010,"time":"2023-12-20T05:37:00.920Z"}},{"iob":-0.433,"basaliob":-0.963,"bolussnooze":0.0039,"activity":-0.0049,"lastBolusTime":1703045531010,"time":"2023-12-20T05:42:00.920Z","iobWithZeroTemp":{"iob":-1.29,"basaliob":-1.82,"bolussnooze":0.0039,"activity":-0.0105,"lastBolusTime":1703045531010,"time":"2023-12-20T05:42:00.920Z"}},{"iob":-0.409,"basaliob":-0.892,"bolussnooze":0.003,"activity":-0.0048,"lastBolusTime":1703045531010,"time":"2023-12-20T05:47:00.920Z","iobWithZeroTemp":{"iob":-1.344,"basaliob":-1.827,"bolussnooze":0.003,"activity":-0.0113,"lastBolusTime":1703045531010,"time":"2023-12-20T05:47:00.920Z"}},{"iob":-0.385,"basaliob":-0.825,"bolussnooze":0.0024,"activity":-0.0048,"lastBolusTime":1703045531010,"time":"2023-12-20T05:52:00.920Z","iobWithZeroTemp":{"iob":-1.393,"basaliob":-1.833,"bolussnooze":0.0024,"activity":-0.0122,"lastBolusTime":1703045531010,"time":"2023-12-20T05:52:00.920Z"}},{"iob":-0.361,"basaliob":-0.762,"bolussnooze":0.0019,"activity":-0.0046,"lastBolusTime":1703045531010,"time":"2023-12-20T05:57:00.920Z","iobWithZeroTemp":{"iob":-1.438,"basaliob":-1.839,"bolussnooze":0.0019,"activity":-0.0129,"lastBolusTime":1703045531010,"time":"2023-12-20T05:57:00.920Z"}},{"iob":-0.339,"basaliob":-0.703,"bolussnooze":0.0014,"activity":-0.0045,"lastBolusTime":1703045531010,"time":"2023-12-20T06:02:00.920Z","iobWithZeroTemp":{"iob":-1.481,"basaliob":-1.845,"bolussnooze":0.0014,"activity":-0.0137,"lastBolusTime":1703045531010,"time":"2023-12-20T06:02:00.920Z"}},{"iob":-0.317,"basaliob":-0.648,"bolussnooze":0.0011,"activity":-0.0043,"lastBolusTime":1703045531010,"time":"2023-12-20T06:07:00.920Z","iobWithZeroTemp":{"iob":-1.515,"basaliob":-1.846,"bolussnooze":0.0011,"activity":-0.0143,"lastBolusTime":1703045531010,"time":"2023-12-20T06:07:00.920Z"}},{"iob":-0.295,"basaliob":-0.596,"bolussnooze":9.0E-4,"activity":-0.0042,"lastBolusTime":1703045531010,"time":"2023-12-20T06:12:00.920Z","iobWithZeroTemp":{"iob":-1.546,"basaliob":-1.847,"bolussnooze":9.0E-4,"activity":-0.015,"lastBolusTime":1703045531010,"time":"2023-12-20T06:12:00.920Z"}},{"iob":-0.275,"basaliob":-0.548,"bolussnooze":7.0E-4,"activity":-0.004,"lastBolusTime":1703045531010,"time":"2023-12-20T06:17:00.920Z","iobWithZeroTemp":{"iob":-1.574,"basaliob":-1.847,"bolussnooze":7.0E-4,"activity":-0.0155,"lastBolusTime":1703045531010,"time":"2023-12-20T06:17:00.920Z"}},{"iob":-0.255,"basaliob":-0.503,"bolussnooze":5.0E-4,"activity":-0.0038,"lastBolusTime":1703045531010,"time":"2023-12-20T06:22:00.920Z","iobWithZeroTemp":{"iob":-1.599,"basaliob":-1.847,"bolussnooze":5.0E-4,"activity":-0.016,"lastBolusTime":1703045531010,"time":"2023-12-20T06:22:00.920Z"}},{"iob":-0.237,"basaliob":-0.461,"bolussnooze":4.0E-4,"activity":-0.0036,"lastBolusTime":1703045531010,"time":"2023-12-20T06:27:00.920Z","iobWithZeroTemp":{"iob":-1.623,"basaliob":-1.847,"bolussnooze":4.0E-4,"activity":-0.0165,"lastBolusTime":1703045531010,"time":"2023-12-20T06:27:00.920Z"}},{"iob":-0.219,"basaliob":-0.422,"bolussnooze":3.0E-4,"activity":-0.0034,"lastBolusTime":1703045531010,"time":"2023-12-20T06:32:00.920Z","iobWithZeroTemp":{"iob":-1.643,"basaliob":-1.846,"bolussnooze":3.0E-4,"activity":-0.0169,"lastBolusTime":1703045531010,"time":"2023-12-20T06:32:00.920Z"}},{"iob":-0.203,"basaliob":-0.387,"bolussnooze":2.0E-4,"activity":-0.0032,"lastBolusTime":1703045531010,"time":"2023-12-20T06:37:00.920Z","iobWithZeroTemp":{"iob":-1.663,"basaliob":-1.847,"bolussnooze":2.0E-4,"activity":-0.0172,"lastBolusTime":1703045531010,"time":"2023-12-20T06:37:00.920Z"}},{"iob":-0.188,"basaliob":-0.354,"bolussnooze":1.0E-4,"activity":-0.003,"lastBolusTime":1703045531010,"time":"2023-12-20T06:42:00.920Z","iobWithZeroTemp":{"iob":-1.681,"basaliob":-1.847,"bolussnooze":1.0E-4,"activity":-0.0176,"lastBolusTime":1703045531010,"time":"2023-12-20T06:42:00.920Z"}},{"iob":-0.173,"basaliob":-0.323,"bolussnooze":1.0E-4,"activity":-0.0028,"lastBolusTime":1703045531010,"time":"2023-12-20T06:47:00.920Z","iobWithZeroTemp":{"iob":-1.696,"basaliob":-1.846,"bolussnooze":1.0E-4,"activity":-0.0179,"lastBolusTime":1703045531010,"time":"2023-12-20T06:47:00.920Z"}},{"iob":-0.159,"basaliob":-0.295,"bolussnooze":1.0E-4,"activity":-0.0026,"lastBolusTime":1703045531010,"time":"2023-12-20T06:52:00.920Z","iobWithZeroTemp":{"iob":-1.709,"basaliob":-1.845,"bolussnooze":1.0E-4,"activity":-0.0182,"lastBolusTime":1703045531010,"time":"2023-12-20T06:52:00.920Z"}},{"iob":-0.147,"basaliob":-0.269,"bolussnooze":0,"activity":-0.0025,"lastBolusTime":1703045531010,"time":"2023-12-20T06:57:00.920Z","iobWithZeroTemp":{"iob":-1.722,"basaliob":-1.844,"bolussnooze":0,"activity":-0.0185,"lastBolusTime":1703045531010,"time":"2023-12-20T06:57:00.920Z"}},{"iob":-0.135,"basaliob":-0.245,"bolussnooze":0,"activity":-0.0023,"lastBolusTime":1703045531010,"time":"2023-12-20T07:02:00.920Z","iobWithZeroTemp":{"iob":-1.731,"basaliob":-1.841,"bolussnooze":0,"activity":-0.0187,"lastBolusTime":1703045531010,"time":"2023-12-20T07:02:00.920Z"}},{"iob":-0.124,"basaliob":-0.223,"bolussnooze":0,"activity":-0.0021,"lastBolusTime":1703045531010,"time":"2023-12-20T07:07:00.920Z","iobWithZeroTemp":{"iob":-1.738,"basaliob":-1.837,"bolussnooze":0,"activity":-0.0188,"lastBolusTime":1703045531010,"time":"2023-12-20T07:07:00.920Z"}},{"iob":-0.113,"basaliob":-0.203,"bolussnooze":0,"activity":-0.002,"lastBolusTime":1703045531010,"time":"2023-12-20T07:12:00.920Z","iobWithZeroTemp":{"iob":-1.742,"basaliob":-1.832,"bolussnooze":0,"activity":-0.0191,"lastBolusTime":1703045531010,"time":"2023-12-20T07:12:00.920Z"}},{"iob":-0.104,"basaliob":-0.185,"bolussnooze":0,"activity":-0.0018,"lastBolusTime":1703045531010,"time":"2023-12-20T07:17:00.920Z","iobWithZeroTemp":{"iob":-1.747,"basaliob":-1.828,"bolussnooze":0,"activity":-0.0192,"lastBolusTime":1703045531010,"time":"2023-12-20T07:17:00.920Z"}},{"iob":-0.096,"basaliob":-0.168,"bolussnooze":0,"activity":-0.0017,"lastBolusTime":1703045531010,"time":"2023-12-20T07:22:00.920Z","iobWithZeroTemp":{"iob":-1.752,"basaliob":-1.824,"bolussnooze":0,"activity":-0.0193,"lastBolusTime":1703045531010,"time":"2023-12-20T07:22:00.920Z"}},{"iob":-0.087,"basaliob":-0.152,"bolussnooze":0,"activity":-0.0016,"lastBolusTime":1703045531010,"time":"2023-12-20T07:27:00.920Z","iobWithZeroTemp":{"iob":-1.754,"basaliob":-1.819,"bolussnooze":0,"activity":-0.0195,"lastBolusTime":1703045531010,"time":"2023-12-20T07:27:00.920Z"}},{"iob":-0.08,"basaliob":-0.138,"bolussnooze":0,"activity":-0.0014,"lastBolusTime":1703045531010,"time":"2023-12-20T07:32:00.920Z","iobWithZeroTemp":{"iob":-1.757,"basaliob":-1.815,"bolussnooze":0,"activity":-0.0195,"lastBolusTime":1703045531010,"time":"2023-12-20T07:32:00.920Z"}},{"iob":-0.073,"basaliob":-0.125,"bolussnooze":0,"activity":-0.0014,"lastBolusTime":1703045531010,"time":"2023-12-20T07:37:00.920Z","iobWithZeroTemp":{"iob":-1.759,"basaliob":-1.811,"bolussnooze":0,"activity":-0.0197,"lastBolusTime":1703045531010,"time":"2023-12-20T07:37:00.920Z"}},{"iob":-0.066,"basaliob":-0.113,"bolussnooze":0,"activity":-0.0013,"lastBolusTime":1703045531010,"time":"2023-12-20T07:42:00.920Z","iobWithZeroTemp":{"iob":-1.76,"basaliob":-1.807,"bolussnooze":0,"activity":-0.0198,"lastBolusTime":1703045531010,"time":"2023-12-20T07:42:00.920Z"}},{"iob":-0.061,"basaliob":-0.103,"bolussnooze":0,"activity":-0.0012,"lastBolusTime":1703045531010,"time":"2023-12-20T07:47:00.920Z","iobWithZeroTemp":{"iob":-1.762,"basaliob":-1.804,"bolussnooze":0,"activity":-0.0199,"lastBolusTime":1703045531010,"time":"2023-12-20T07:47:00.920Z"}},{"iob":-0.055,"basaliob":-0.093,"bolussnooze":0,"activity":-0.0011,"lastBolusTime":1703045531010,"time":"2023-12-20T07:52:00.920Z","iobWithZeroTemp":{"iob":-1.763,"basaliob":-1.801,"bolussnooze":0,"activity":-0.0199,"lastBolusTime":1703045531010,"time":"2023-12-20T07:52:00.920Z"}},{"iob":-0.05,"basaliob":-0.084,"bolussnooze":0,"activity":-9.0E-4,"lastBolusTime":1703045531010,"time":"2023-12-20T07:57:00.920Z","iobWithZeroTemp":{"iob":-1.763,"basaliob":-1.797,"bolussnooze":0,"activity":-0.0198,"lastBolusTime":1703045531010,"time":"2023-12-20T07:57:00.920Z"}},{"iob":-0.046,"basaliob":-0.076,"bolussnooze":0,"activity":-8.0E-4,"lastBolusTime":1703045531010,"time":"2023-12-20T08:02:00.920Z","iobWithZeroTemp":{"iob":-1.764,"basaliob":-1.794,"bolussnooze":0,"activity":-0.0198,"lastBolusTime":1703045531010,"time":"2023-12-20T08:02:00.920Z"}},{"iob":-0.041,"basaliob":-0.068,"bolussnooze":0,"activity":-8.0E-4,"lastBolusTime":1703045531010,"time":"2023-12-20T08:07:00.920Z","iobWithZeroTemp":{"iob":-1.756,"basaliob":-1.783,"bolussnooze":0,"activity":-0.0199,"lastBolusTime":1703045531010,"time":"2023-12-20T08:07:00.920Z"}},{"iob":-0.038,"basaliob":-0.062,"bolussnooze":0,"activity":-7.0E-4,"lastBolusTime":1703045531010,"time":"2023-12-20T08:12:00.920Z","iobWithZeroTemp":{"iob":-1.749,"basaliob":-1.773,"bolussnooze":0,"activity":-0.0199,"lastBolusTime":1703045531010,"time":"2023-12-20T08:12:00.920Z"}},{"iob":-0.035,"basaliob":-0.056,"bolussnooze":0,"activity":-7.0E-4,"lastBolusTime":1703045531010,"time":"2023-12-20T08:17:00.920Z","iobWithZeroTemp":{"iob":-1.741,"basaliob":-1.762,"bolussnooze":0,"activity":-0.0199,"lastBolusTime":1703045531010,"time":"2023-12-20T08:17:00.920Z"}},{"iob":-0.031,"basaliob":-0.05,"bolussnooze":0,"activity":-7.0E-4,"lastBolusTime":1703045531010,"time":"2023-12-20T08:22:00.920Z","iobWithZeroTemp":{"iob":-1.733,"basaliob":-1.752,"bolussnooze":0,"activity":-0.02,"lastBolusTime":1703045531010,"time":"2023-12-20T08:22:00.920Z"}},{"iob":-0.028,"basaliob":-0.045,"bolussnooze":0,"activity":-6.0E-4,"lastBolusTime":1703045531010,"time":"2023-12-20T08:27:00.920Z","iobWithZeroTemp":{"iob":-1.725,"basaliob":-1.742,"bolussnooze":0,"activity":-0.0199,"lastBolusTime":1703045531010,"time":"2023-12-20T08:27:00.920Z"}},{"iob":-0.026,"basaliob":-0.041,"bolussnooze":0,"activity":-5.0E-4,"lastBolusTime":1703045531010,"time":"2023-12-20T08:32:00.920Z","iobWithZeroTemp":{"iob":-1.718,"basaliob":-1.733,"bolussnooze":0,"activity":-0.0198,"lastBolusTime":1703045531010,"time":"2023-12-20T08:32:00.920Z"}},{"iob":-0.023,"basaliob":-0.036,"bolussnooze":0,"activity":-5.0E-4,"lastBolusTime":1703045531010,"time":"2023-12-20T08:37:00.920Z","iobWithZeroTemp":{"iob":-1.711,"basaliob":-1.724,"bolussnooze":0,"activity":-0.0198,"lastBolusTime":1703045531010,"time":"2023-12-20T08:37:00.920Z"}},{"iob":-0.021,"basaliob":-0.033,"bolussnooze":0,"activity":-4.0E-4,"lastBolusTime":1703045531010,"time":"2023-12-20T08:42:00.920Z","iobWithZeroTemp":{"iob":-1.704,"basaliob":-1.716,"bolussnooze":0,"activity":-0.0197,"lastBolusTime":1703045531010,"time":"2023-12-20T08:42:00.920Z"}},{"iob":-0.019,"basaliob":-0.029,"bolussnooze":0,"activity":-3.0E-4,"lastBolusTime":1703045531010,"time":"2023-12-20T08:47:00.920Z","iobWithZeroTemp":{"iob":-1.698,"basaliob":-1.708,"bolussnooze":0,"activity":-0.0195,"lastBolusTime":1703045531010,"time":"2023-12-20T08:47:00.920Z"}},{"iob":-0.017,"basaliob":-0.026,"bolussnooze":0,"activity":-4.0E-4,"lastBolusTime":1703045531010,"time":"2023-12-20T08:52:00.920Z","iobWithZeroTemp":{"iob":-1.691,"basaliob":-1.7,"bolussnooze":0,"activity":-0.0196,"lastBolusTime":1703045531010,"time":"2023-12-20T08:52:00.920Z"}}],"profile":{"max_iob":20,"type":"current","max_daily_basal":1.6,"max_basal":4.8,"min_bg":90,"max_bg":90,"target_bg":90,"carb_ratio":5.5,"sens":72,"max_daily_safety_multiplier":3,"current_basal_safety_multiplier":4,"high_temptarget_raises_sensitivity":false,"low_temptarget_lowers_sensitivity":false,"sensitivity_raises_target":false,"resistance_lowers_target":false,"adv_target_adjustments":false,"exercise_mode":false,"half_basal_exercise_target":160,"maxCOB":120,"skip_neutral_temps":false,"remainingCarbsCap":90,"enableUAM":true,"A52_risk_enable":false,"SMBInterval":3,"enableSMB_with_COB":false,"enableSMB_with_temptarget":false,"allowSMB_with_high_temptarget":true,"enableSMB_always":true,"enableSMB_after_carbs":false,"maxSMBBasalMinutes":120,"maxUAMSMBBasalMinutes":120,"bolus_increment":0.05,"carbsReqThreshold":1,"current_basal":1.3,"temptargetSet":false,"autosens_max":1.8,"out_units":"mmol\/L"},"autosens_data":{"ratio":1},"meal_data":{"carbs":40,"mealCOB":10.294777777777785,"slopeFromMaxDeviation":-0.4875454545454545,"slopeFromMinDeviation":0,"lastBolusTime":1703045531010,"lastCarbTime":1703039119000},"microBolusAllowed":true,"currentTime":1703048221790,"flatBGsDetected":false},"output":{"temp":"absolute","bg":63,"tick":"+1","eventualBG":191,"targetBG":90,"insulinReq":0,"deliverAt":"2023-12-20T04:57:01.790Z","sensitivityRatio":1,"predBGs":{"IOB":[63,63,63,64,65,66,67,69,70,72,74,76,77,79,81,82,84,85,86,88,89,90,91,92,93,94,95,96,96,97,98,98,99,99,100,100,100,101,101,101,102,102,102,102,103],"ZT":[63,63,63,64,66,68,70,73,76,79,83,87],"COB":[63,63,63,64,65,67,69,71,73,76,78,81,84,86,89,92,95,97,100,103,106,109,112,115,117,120,123,126,129,132,135,138,141,145,148,151,154,158,161,165,168,172,175,178,182,185,188,191],"UAM":[63,63,63,64,65,66,67,69,70,72,74,76,77,79,81,82,84,85,86,88,89,90,91,92,93,94,95,96,96,97,98,98,99,99,100,100,100,101,101,101,102,102,102,102,103]},"COB":10.294777777777785,"IOB":-0.587,"reason":"COB: 10.3, Dev: -0.4, BGI: 0.0, ISF: 4.0, CR: 5.5, Target: 5.0, minPredBG 5.6, minGuardBG 3.5, IOBpredBG 5.7, COBpredBG 10.6, UAMpredBG 5.7; minGuardBG 3.5<3.6","duration":30,"rate":0,"timestamp":"2023-12-20T04:57:01.856Z"}}