{"algorithm":"OpenAPSSMBPlugin","input":{"glucoseStatus":{"glucose":106,"noise":0,"delta":-1,"short_avgdelta":0.72,"long_avgdelta":1.94,"date":1703106103057},"currenttemp":{"temp":"absolute","duration":24,"rate":1.05,"minutesrunning":6},"iob_data":[{"iob":0.395,"basaliob":-0.035,"bolussnooze":0,"activity":0.0024,"lastBolusTime":1703105834420,"time":"2023-12-20T21:02:42.160Z","iobWithZeroTemp":{"iob":0.395,"basaliob":-0.035,"bolussnooze":0,"activity":0.0024,"lastBolusTime":1703105834420,"time":"2023-12-20T21:02:42.160Z"}},{"iob":0.383,"basaliob":-0.029,"bolussnooze":0,"activity":0.0027,"lastBolusTime":1703105834420,"time":"2023-12-20T21:07:42.160Z","iobWithZeroTemp":{"iob":0.296,"basaliob":-0.116,"bolussnooze":0,"activity":0.0026,"lastBolusTime":1703105834420,"time":"2023-12-20T21:07:42.160Z"}},{"iob":0.368,"basaliob":-0.024,"bolussnooze":0,"activity":0.0031,"lastBolusTime":1703105834420,"time":"2023-12-20T21:12:42.160Z","iobWithZeroTemp":{"iob":0.174,"basaliob":-0.218,"bolussnooze":0,"activity":0.0027,"lastBolusTime":1703105834420,"time":"2023-12-20T21:12:42.160Z"}},{"iob":0.352,"basaliob":-0.02,"bolussnooze":0,"activity":0.0032,"lastBolusTime":1703105834420,"time":"2023-12-20T21:17:42.160Z","iobWithZeroTemp":{"iob":0.053,"basaliob":-0.319,"bolussnooze":0,"activity":0.0023,"lastBolusTime":1703105834420,"time":"2023-12-20T21:17:42.160Z"}},{"iob":0.336,"basaliob":-0.016,"bolussnooze":0,"activity":0.0034,"lastBolusTime":1703105834420,"time":"2023-12-20T21:22:42.160Z","iobWithZeroTemp":{"iob":-0.066,"basaliob":-0.418,"bolussnooze":0,"activity":0.0019,"lastBolusTime":1703105834420,"time":"2023-12-20T21:22:42.160Z"}},{"iob":0.319,"basaliob":-0.013,"bolussnooze":0,"activity":0.0034,"lastBolusTime":1703105834420,"time":"2023-12-20T21:27:42.160Z","iobWithZeroTemp":{"iob":-0.182,"basaliob":-0.514,"bolussnooze":0,"activity":0.0012,"lastBolusTime":1703105834420,"time":"2023-12-20T21:27:42.160Z"}},{"iob":0.301,"basaliob":-0.011,"bolussnooze":0,"activity":0.0034,"lastBolusTime":1703105834420,"time":"2023-12-20T21:32:42.160Z","iobWithZeroTemp":{"iob":-0.295,"basaliob":-0.607,"bolussnooze":0,"activity":4.0E-4,"lastBolusTime":1703105834420,"time":"2023-12-20T21:32:42.160Z"}},{"iob":0.284,"basaliob":-0.008,"bolussnooze":0,"activity":0.0034,"lastBolusTime":1703105834420,"time":"2023-12-20T21:37:42.160Z","iobWithZeroTemp":{"iob":-0.403,"basaliob":-0.695,"bolussnooze":0,"activity":-5.0E-4,"lastBolusTime":1703105834420,"time":"2023-12-20T21:37:42.160Z"}},{"iob":0.266,"basaliob":-0.007,"bolussnooze":0,"activity":0.0034,"lastBolusTime":1703105834420,"time":"2023-12-20T21:42:42.160Z","iobWithZeroTemp":{"iob":-0.508,"basaliob":-0.781,"bolussnooze":0,"activity":-0.0013,"lastBolusTime":1703105834420,"time":"2023-12-20T21:42:42.160Z"}},{"iob":0.25,"basaliob":-0.005,"bolussnooze":0,"activity":0.0033,"lastBolusTime":1703105834420,"time":"2023-12-20T21:47:42.160Z","iobWithZeroTemp":{"iob":-0.607,"basaliob":-0.862,"bolussnooze":0,"activity":-0.0023,"lastBolusTime":1703105834420,"time":"2023-12-20T21:47:42.160Z"}},{"iob":0.234,"basaliob":-0.004,"bolussnooze":0,"activity":0.0032,"lastBolusTime":1703105834420,"time":"2023-12-20T21:52:42.160Z","iobWithZeroTemp":{"iob":-0.701,"basaliob":-0.939,"bolussnooze":0,"activity":-0.0033,"lastBolusTime":1703105834420,"time":"2023-12-20T21:52:42.160Z"}},{"iob":0.218,"basaliob":-0.003,"bolussnooze":0,"activity":0.0031,"lastBolusTime":1703105834420,"time":"2023-12-20T21:57:42.160Z","iobWithZeroTemp":{"iob":-0.79,"basaliob":-1.011,"bolussnooze":0,"activity":-0.0043,"lastBolusTime":1703105834420,"time":"2023-12-20T21:57:42.160Z"}},{"iob":0.203,"basaliob":-0.002,"bolussnooze":0,"activity":0.0029,"lastBolusTime":1703105834420,"time":"2023-12-20T22:02:42.160Z","iobWithZeroTemp":{"iob":-0.891,"basaliob":-1.096,"bolussnooze":0,"activity":-0.0054,"lastBolusTime":1703105834420,"time":"2023-12-20T22:02:42.160Z"}},{"iob":0.189,"basaliob":-0.001,"bolussnooze":0,"activity":0.0028,"lastBolusTime":1703105834420,"time":"2023-12-20T22:07:42.160Z","iobWithZeroTemp":{"iob":-0.985,"basaliob":-1.175,"bolussnooze":0,"activity":-0.0064,"lastBolusTime":1703105834420,"time":"2023-12-20T22:07:42.160Z"}},{"iob":0.176,"basaliob":0,"bolussnooze":0,"activity":0.0027,"lastBolusTime":1703105834420,"time":"2023-12-20T22:12:42.160Z","iobWithZeroTemp":{"iob":-1.075,"basaliob":-1.251,"bolussnooze":0,"activity":-0.0074,"lastBolusTime":1703105834420,"time":"2023-12-20T22:12:42.160Z"}},{"iob":0.162,"basaliob":0,"bolussnooze":0,"activity":0.0025,"lastBolusTime":1703105834420,"time":"2023-12-20T22:17:42.160Z","iobWithZeroTemp":{"iob":-1.161,"basaliob":-1.323,"bolussnooze":0,"activity":-0.0085,"lastBolusTime":1703105834420,"time":"2023-12-20T22:17:42.160Z"}},{"iob":0.151,"basaliob":0.001,"bolussnooze":0,"activity":0.0023,"lastBolusTime":1703105834420,"time":"2023-12-20T22:22:42.160Z","iobWithZeroTemp":{"iob":-1.24,"basaliob":-1.39,"bolussnooze":0,"activity":-0.0096,"lastBolusTime":1703105834420,"time":"2023-12-20T22:22:42.160Z"}},{"iob":0.139,"basaliob":0.001,"bolussnooze":0,"activity":0.0022,"lastBolusTime":1703105834420,"time":"2023-12-20T22:27:42.160Z","iobWithZeroTemp":{"iob":-1.315,"basaliob":-1.453,"bolussnooze":0,"activity":-0.0105,"lastBolusTime":1703105834420,"time":"2023-12-20T22:27:42.160Z"}},{"iob":0.128,"basaliob":0.001,"bolussnooze":0,"activity":0.0021,"lastBolusTime":1703105834420,"time":"2023-12-20T22:32:42.160Z","iobWithZeroTemp":{"iob":-1.385,"basaliob":-1.512,"bolussnooze":0,"activity":-0.0114,"lastBolusTime":1703105834420,"time":"2023-12-20T22:32:42.160Z"}},{"iob":0.118,"basaliob":0.001,"bolussnooze":0,"activity":0.002,"lastBolusTime":1703105834420,"time":"2023-12-20T22:37:42.160Z","iobWithZeroTemp":{"iob":-1.451,"basaliob":-1.568,"bolussnooze":0,"activity":-0.0123,"lastBolusTime":1703105834420,"time":"2023-12-20T22:37:42.160Z"}},{"iob":0.109,"basaliob":0.002,"bolussnooze":0,"activity":0.0018,"lastBolusTime":1703105834420,"time":"2023-12-20T22:42:42.160Z","iobWithZeroTemp":{"iob":-1.511,"basaliob":-1.618,"bolussnooze":0,"activity":-0.0133,"lastBolusTime":1703105834420,"time":"2023-12-20T22:42:42.160Z"}},{"iob":0.1,"basaliob":0.002,"bolussnooze":0,"activity":0.0017,"lastBolusTime":1703105834420,"time":"2023-12-20T22:47:42.160Z","iobWithZeroTemp":{"iob":-1.568,"basaliob":-1.666,"bolussnooze":0,"activity":-0.0141,"lastBolusTime":1703105834420,"time":"2023-12-20T22:47:42.160Z"}},{"iob":0.092,"basaliob":0.002,"bolussnooze":0,"activity":0.0016,"lastBolusTime":1703105834420,"time":"2023-12-20T22:52:42.160Z","iobWithZeroTemp":{"iob":-1.62,"basaliob":-1.71,"bolussnooze":0,"activity":-0.0149,"lastBolusTime":1703105834420,"time":"2023-12-20T22:52:42.160Z"}},{"iob":0.084,"basaliob":0.002,"bolussnooze":0,"activity":0.0015,"lastBolusTime":1703105834420,"time":"2023-12-20T22:57:42.160Z","iobWithZeroTemp":{"iob":-1.669,"basaliob":-1.751,"bolussnooze":0,"activity":-0.0156,"lastBolusTime":1703105834420,"time":"2023-12-20T22:57:42.160Z"}},{"iob":0.077,"basaliob":0.002,"bolussnooze":0,"activity":0.0014,"lastBolusTime":1703105834420,"time":"2023-12-20T23:02:42.160Z","iobWithZeroTemp":{"iob":-1.723,"basaliob":-1.798,"bolussnooze":0,"activity":-0.0163,"lastBolusTime":1703105834420,"time":"2023-12-20T23:02:42.160Z"}},{"iob":0.071,"basaliob":0.002,"bolussnooze":0,"activity":0.0012,"lastBolusTime":1703105834420,"time":"2023-12-20T23:07:42.160Z","iobWithZeroTemp":{"iob":-1.772,"basaliob":-1.841,"bolussnooze":0,"activity":-0.0171,"lastBolusTime":1703105834420,"time":"2023-12-20T23:07:42.160Z"}},{"iob":0.065,"basaliob":0.002,"bolussnooze":0,"activity":0.0012,"lastBolusTime":1703105834420,"time":"2023-12-20T23:12:42.160Z","iobWithZeroTemp":{"iob":-1.818,"basaliob":-1.881,"bolussnooze":0,"activity":-0.0177,"lastBolusTime":1703105834420,"time":"2023-12-20T23:12:42.160Z"}},{"iob":0.059,"basaliob":0.002,"bolussnooze":0,"activity":0.0011,"lastBolusTime":1703105834420,"time":"2023-12-20T23:17:42.160Z","iobWithZeroTemp":{"iob":-1.862,"basaliob":-1.919,"bolussnooze":0,"activity":-0.0183,"lastBolusTime":1703105834420,"time":"2023-12-20T23:17:42.160Z"}},{"iob":0.054,"basaliob":0.002,"bolussnooze":0,"activity":0.001,"lastBolusTime":1703105834420,"time":"2023-12-20T23:22:42.160Z","iobWithZeroTemp":{"iob":-1.902,"basaliob":-1.954,"bolussnooze":0,"activity":-0.0189,"lastBolusTime":1703105834420,"time":"2023-12-20T23:22:42.160Z"}},{"iob":0.05,"basaliob":0.002,"bolussnooze":0,"activity":9.0E-4,"lastBolusTime":1703105834420,"time":"2023-12-20T23:27:42.160Z","iobWithZeroTemp":{"iob":-1.938,"basaliob":-1.986,"bolussnooze":0,"activity":-0.0195,"lastBolusTime":1703105834420,"time":"2023-12-20T23:27:42.160Z"}},{"iob":0.045,"basaliob":0.002,"bolussnooze":0,"activity":8.0E-4,"lastBolusTime":1703105834420,"time":"2023-12-20T23:32:42.160Z","iobWithZeroTemp":{"iob":-1.973,"basaliob":-2.016,"bolussnooze":0,"activity":-0.0201,"lastBolusTime":1703105834420,"time":"2023-12-20T23:32:42.160Z"}},{"iob":0.04,"basaliob":0.001,"bolussnooze":0,"activity":8.0E-4,"lastBolusTime":1703105834420,"time":"2023-12-20T23:37:42.160Z","iobWithZeroTemp":{"iob":-2.006,"basaliob":-2.045,"bolussnooze":0,"activity":-0.0205,"lastBolusTime":1703105834420,"time":"2023-12-20T23:37:42.160Z"}},{"iob":0.037,"basaliob":0.001,"bolussnooze":0,"activity":7.0E-4,"lastBolusTime":1703105834420,"time":"2023-12-20T23:42:42.160Z","iobWithZeroTemp":{"iob":-2.035,"basaliob":-2.071,"bolussnooze":0,"activity":-0.021,"lastBolusTime":1703105834420,"time":"2023-12-20T23:42:42.160Z"}},{"iob":0.034,"basaliob":0.001,"bolussnooze":0,"activity":6.0E-4,"lastBolusTime":1703105834420,"time":"2023-12-20T23:47:42.160Z","iobWithZeroTemp":{"iob":-2.062,"basaliob":-2.095,"bolussnooze":0,"activity":-0.0215,"lastBolusTime":1703105834420,"time":"2023-12-20T23:47:42.160Z"}},{"iob":0.03,"basaliob":0.001,"bolussnooze":0,"activity":6.0E-4,"lastBolusTime":1703105834420,"time":"2023-12-20T23:52:42.160Z","iobWithZeroTemp":{"iob":-2.087,"basaliob":-2.116,"bolussnooze":0,"activity":-0.0219,"lastBolusTime":1703105834420,"time":"2023-12-20T23:52:42.160Z"}},{"iob":0.028,"basaliob":0.001,"bolussnooze":0,"activity":5.0E-4,"lastBolusTime":1703105834420,"time":"2023-12-20T23:57:42.160Z","iobWithZeroTemp":{"iob":-2.11,"basaliob":-2.137,"bolussnooze":0,"activity":-0.0223,"lastBolusTime":1703105834420,"time":"2023-12-20T23:57:42.160Z"}},{"iob":0.025,"basaliob":0.001,"bolussnooze":0,"activity":5.0E-4,"lastBolusTime":1703105834420,"time":"2023-12-21T00:02:42.160Z","iobWithZeroTemp":{"iob":-2.123,"basaliob":-2.147,"bolussnooze":0,"activity":-0.0226,"lastBolusTime":1703105834420,"time":"2023-12-21T00:02:42.160Z"}},{"iob":0.023,"basaliob":0.001,"bolussnooze":0,"activity":4.0E-4,"lastBolusTime":1703105834420,"time":"2023-12-21T00:07:42.160Z","iobWithZeroTemp":{"iob":-2.134,"basaliob":-2.156,"bolussnooze":0,"activity":-0.023,"lastBolusTime":1703105834420,"time":"2023-12-21T00:07:42.160Z"}},{"iob":0.021,"basaliob":0.001,"bolussnooze":0,"activity":4.0E-4,"lastBolusTime":1703105834420,"time":"2023-12-21T00:12:42.160Z","iobWithZeroTemp":{"iob":-2.143,"basaliob":-2.163,"bolussnooze":0,"activity":-0.0232,"lastBolusTime":1703105834420,"time":"2023-12-21T00:12:42.160Z"}},{"iob":0.019,"basaliob":0.001,"bolussnooze":0,"activity":4.0E-4,"lastBolusTime":1703105834420,"time":"2023-12-21T00:17:42.160Z","iobWithZeroTemp":{"iob":-2.152,"basaliob":-2.17,"bolussnooze":0,"activity":-0.0234,"lastBolusTime":1703105834420,"time":"2023-12-21T00:17:42.160Z"}},{"iob":0.017,"basaliob":0.001,"bolussnooze":0,"activity":3.0E-4,"lastBolusTime":1703105834420,"time":"2023-12-21T00:22:42.160Z","iobWithZeroTemp":{"iob":-2.159,"basaliob":-2.175,"bolussnooze":0,"activity":-0.0237,"lastBolusTime":1703105834420,"time":"2023-12-21T00:22:42.160Z"}},{"iob":0.016,"basaliob":0.001,"bolussnooze":0,"activity":3.0E-4,"lastBolusTime":1703105834420,"time":"2023-12-21T00:27:42.160Z","iobWithZeroTemp":{"iob":-2.165,"basaliob":-2.18,"bolussnooze":0,"activity":-0.0239,"lastBolusTime":1703105834420,"time":"2023-12-21T00:27:42.160Z"}},{"iob":0.014,"basaliob":0.001,"bolussnooze":0,"activity":3.0E-4,"lastBolusTime":1703105834420,"time":"2023-12-21T00:32:42.160Z","iobWithZeroTemp":{"iob":-2.171,"basaliob":-2.184,"bolussnooze":0,"activity":-0.024,"lastBolusTime":1703105834420,"time":"2023-12-21T00:32:42.160Z"}},{"iob":0.013,"basaliob":0.001,"bolussnooze":0,"activity":2.0E-4,"lastBolusTime":1703105834420,"time":"2023-12-21T00:37:42.160Z","iobWithZeroTemp":{"iob":-2.175,"basaliob":-2.187,"bolussnooze":0,"activity":-0.0242,"lastBolusTime":1703105834420,"time":"2023-12-21T00:37:42.160Z"}},{"iob":0.012,"basaliob":0.001,"bolussnooze":0,"activity":2.0E-4,"lastBolusTime":1703105834420,"time":"2023-12-21T00:42:42.160Z","iobWithZeroTemp":{"iob":-2.179,"basaliob":-2.19,"bolussnooze":0,"activity":-0.0243,"lastBolusTime":1703105834420,"time":"2023-12-21T00:42:42.160Z"}},{"iob":0.011,"basaliob":0.001,"bolussnooze":0,"activity":2.0E-4,"lastBolusTime":1703105834420,"time":"2023-12-21T00:47:42.160Z","iobWithZeroTemp":{"iob":-2.182,"basaliob":-2.192,"bolussnooze":0,"activity":-0.0244,"lastBolusTime":1703105834420,"time":"2023-12-21T00:47:42.160Z"}},{"iob":0.01,"basaliob":0.001,"bolussnooze":0,"activity":2.0E-4,"lastBolusTime":1703105834420,"time":"2023-12-21T00:52:42.160Z","iobWithZeroTemp":{"iob":-2.185,"basaliob":-2.194,"bolussnooze":0,"activity":-0.0245,"lastBolusTime":1703105834420,"time":"2023-12-21T00:52:42.160Z"}},{"iob":0.008,"basaliob":0,"bolussnooze":0,"activity":2.0E-4,"lastBolusTime":1703105834420,"time":"2023-12-21T00:57:42.160Z","iobWithZeroTemp":{"iob":-2.189,"basaliob":-2.197,"bolussnooze":0,"activity":-0.0245,"lastBolusTime":1703105834420,"time":"2023-12-21T00:57:42.160Z"}}],"profile":{"max_iob":20,"type":"current","max_daily_basal":1.6,"max_basal":4.8,"min_bg":81,"max_bg":81,"target_bg":81,"carb_ratio":4.5,"sens":63,"max_daily_safety_multiplier":3,"current_basal_safety_multiplier":4,"high_temptarget_raises_sensitivity":false,"low_temptarget_lowers_sensitivity":false,"sensitivity_raises_target":false,"resistance_lowers_target":false,"adv_target_adjustments":false,"exercise_mode":false,"half_basal_exercise_target":160,"maxCOB":120,"skip_neutral_temps":false,"remainingCarbsCap":90,"enableUAM":true,"A52_risk_enable":false,"SMBInterval":3,"enableSMB_with_COB":false,"enableSMB_with_temptarget":false,"allowSMB_with_high_temptarget":true,"enableSMB_always":true,"enableSMB_after_carbs":false,"maxSMBBasalMinutes":120,"maxUAMSMBBasalMinutes":120,"bolus_increment":0.05,"carbsReqThreshold":1,"current_basal":1.3,"temptargetSet":true,"autosens_max":1.8,"out_units":"mmol\/L"},"autosens_data":{"ratio":1},"meal_data":{"carbs":0,"mealCOB":0,"slopeFromMaxDeviation":-0.7829999999999998,"slopeFromMinDeviation":0.9511428571428571,"lastBolusTime":1703105834420,"lastCarbTime":0},"microBolusAllowed":true,"currentTime":1703106165233,"flatBGsDetected":false},"output":{"temp":"absolute","bg":106,"tick":-1,"eventualBG":90,"targetBG":81,"insulinReq":0.14,"deliverAt":"2023-12-20T21:02:45.233Z","sensitivityRatio":1,"predBGs":{"IOB":[106,105,104,103,102,101,99,98,97,96,95,94,93,92,91,90,89,89,88,87,87,86,86,85,85,84,84,84,83,83,83,82,82,82,82,81,81,81,81,81,81,81,81,80],"ZT":[106,105,104,104,103,102,102,102,102,102]},"COB":0,"IOB":0.395,"reason":"COB: 0, Dev: 0.5, BGI: 0.0, ISF: 3.5, CR: 4.5, Target: 4.5, minPredBG 5.1, minGuardBG 4.4, IOBpredBG 4.4; Eventual BG 5.0 >= 4.5,  insulinReq 0.14. Microbolusing 0.05U. temp 1.05 < 1.58U\/hr. ","units":0.05,"duration":30,"rate":1.58,"timestamp":"2023-12-20T21:02:45.325Z"}}