{"algorithm":"OpenAPSSMBPlugin","input":{"glucoseStatus":{"glucose":96,"noise":0,"delta":3,"short_avgdelta":2.61,"long_avgdelta":1.68,"date":1703099202428},"currenttemp":{"temp":"absolute","duration":10,"rate":0.85,"minutesrunning":20},"iob_data":[{"iob":0.065,"basaliob":-0.127,"bolussnooze":0,"activity":-5.0E-4,"lastBolusTime":1703098630630,"time":"2023-12-20T19:07:06.341Z","iobWithZeroTemp":{"iob":0.065,"basaliob":-0.127,"bolussnooze":0,"activity":-5.0E-4,"lastBolusTime":1703098630630,"time":"2023-12-20T19:07:06.341Z"}},{"iob":0.067,"basaliob":-0.114,"bolussnooze":0,"activity":-2.0E-4,"lastBolusTime":1703098630630,"time":"2023-12-20T19:12:06.341Z","iobWithZeroTemp":{"iob":0.027,"basaliob":-0.154,"bolussnooze":0,"activity":-2.0E-4,"lastBolusTime":1703098630630,"time":"2023-12-20T19:12:06.341Z"}},{"iob":0.068,"basaliob":-0.103,"bolussnooze":0,"activity":0,"lastBolusTime":1703098630630,"time":"2023-12-20T19:17:06.341Z","iobWithZeroTemp":{"iob":-0.021,"basaliob":-0.192,"bolussnooze":0,"activity":-2.0E-4,"lastBolusTime":1703098630630,"time":"2023-12-20T19:17:06.341Z"}},{"iob":0.068,"basaliob":-0.093,"bolussnooze":0,"activity":1.0E-4,"lastBolusTime":1703098630630,"time":"2023-12-20T19:22:06.341Z","iobWithZeroTemp":{"iob":-0.07,"basaliob":-0.231,"bolussnooze":0,"activity":-3.0E-4,"lastBolusTime":1703098630630,"time":"2023-12-20T19:22:06.341Z"}},{"iob":0.067,"basaliob":-0.084,"bolussnooze":0,"activity":3.0E-4,"lastBolusTime":1703098630630,"time":"2023-12-20T19:27:06.341Z","iobWithZeroTemp":{"iob":-0.118,"basaliob":-0.269,"bolussnooze":0,"activity":-4.0E-4,"lastBolusTime":1703098630630,"time":"2023-12-20T19:27:06.341Z"}},{"iob":0.065,"basaliob":-0.076,"bolussnooze":0,"activity":3.0E-4,"lastBolusTime":1703098630630,"time":"2023-12-20T19:32:06.341Z","iobWithZeroTemp":{"iob":-0.166,"basaliob":-0.307,"bolussnooze":0,"activity":-7.0E-4,"lastBolusTime":1703098630630,"time":"2023-12-20T19:32:06.341Z"}},{"iob":0.064,"basaliob":-0.068,"bolussnooze":0,"activity":4.0E-4,"lastBolusTime":1703098630630,"time":"2023-12-20T19:37:06.341Z","iobWithZeroTemp":{"iob":-0.211,"basaliob":-0.343,"bolussnooze":0,"activity":-0.001,"lastBolusTime":1703098630630,"time":"2023-12-20T19:37:06.341Z"}},{"iob":0.062,"basaliob":-0.061,"bolussnooze":0,"activity":5.0E-4,"lastBolusTime":1703098630630,"time":"2023-12-20T19:42:06.341Z","iobWithZeroTemp":{"iob":-0.255,"basaliob":-0.378,"bolussnooze":0,"activity":-0.0013,"lastBolusTime":1703098630630,"time":"2023-12-20T19:42:06.341Z"}},{"iob":0.059,"basaliob":-0.055,"bolussnooze":0,"activity":5.0E-4,"lastBolusTime":1703098630630,"time":"2023-12-20T19:47:06.341Z","iobWithZeroTemp":{"iob":-0.298,"basaliob":-0.412,"bolussnooze":0,"activity":-0.0017,"lastBolusTime":1703098630630,"time":"2023-12-20T19:47:06.341Z"}},{"iob":0.057,"basaliob":-0.049,"bolussnooze":0,"activity":5.0E-4,"lastBolusTime":1703098630630,"time":"2023-12-20T19:52:06.341Z","iobWithZeroTemp":{"iob":-0.338,"basaliob":-0.444,"bolussnooze":0,"activity":-0.0021,"lastBolusTime":1703098630630,"time":"2023-12-20T19:52:06.341Z"}},{"iob":0.054,"basaliob":-0.044,"bolussnooze":0,"activity":5.0E-4,"lastBolusTime":1703098630630,"time":"2023-12-20T19:57:06.341Z","iobWithZeroTemp":{"iob":-0.377,"basaliob":-0.475,"bolussnooze":0,"activity":-0.0025,"lastBolusTime":1703098630630,"time":"2023-12-20T19:57:06.341Z"}},{"iob":0.051,"basaliob":-0.04,"bolussnooze":0,"activity":5.0E-4,"lastBolusTime":1703098630630,"time":"2023-12-20T20:02:06.341Z","iobWithZeroTemp":{"iob":-0.414,"basaliob":-0.505,"bolussnooze":0,"activity":-0.0029,"lastBolusTime":1703098630630,"time":"2023-12-20T20:02:06.341Z"}},{"iob":0.048,"basaliob":-0.036,"bolussnooze":0,"activity":5.0E-4,"lastBolusTime":1703098630630,"time":"2023-12-20T20:07:06.341Z","iobWithZeroTemp":{"iob":-0.461,"basaliob":-0.545,"bolussnooze":0,"activity":-0.0033,"lastBolusTime":1703098630630,"time":"2023-12-20T20:07:06.341Z"}},{"iob":0.045,"basaliob":-0.032,"bolussnooze":0,"activity":6.0E-4,"lastBolusTime":1703098630630,"time":"2023-12-20T20:12:06.341Z","iobWithZeroTemp":{"iob":-0.506,"basaliob":-0.583,"bolussnooze":0,"activity":-0.0037,"lastBolusTime":1703098630630,"time":"2023-12-20T20:12:06.341Z"}},{"iob":0.042,"basaliob":-0.029,"bolussnooze":0,"activity":6.0E-4,"lastBolusTime":1703098630630,"time":"2023-12-20T20:17:06.341Z","iobWithZeroTemp":{"iob":-0.549,"basaliob":-0.62,"bolussnooze":0,"activity":-0.0041,"lastBolusTime":1703098630630,"time":"2023-12-20T20:17:06.341Z"}},{"iob":0.039,"basaliob":-0.026,"bolussnooze":0,"activity":5.0E-4,"lastBolusTime":1703098630630,"time":"2023-12-20T20:22:06.341Z","iobWithZeroTemp":{"iob":-0.59,"basaliob":-0.655,"bolussnooze":0,"activity":-0.0047,"lastBolusTime":1703098630630,"time":"2023-12-20T20:22:06.341Z"}},{"iob":0.037,"basaliob":-0.023,"bolussnooze":0,"activity":5.0E-4,"lastBolusTime":1703098630630,"time":"2023-12-20T20:27:06.341Z","iobWithZeroTemp":{"iob":-0.628,"basaliob":-0.688,"bolussnooze":0,"activity":-0.0051,"lastBolusTime":1703098630630,"time":"2023-12-20T20:27:06.341Z"}},{"iob":0.034,"basaliob":-0.021,"bolussnooze":0,"activity":4.0E-4,"lastBolusTime":1703098630630,"time":"2023-12-20T20:32:06.341Z","iobWithZeroTemp":{"iob":-0.664,"basaliob":-0.719,"bolussnooze":0,"activity":-0.0056,"lastBolusTime":1703098630630,"time":"2023-12-20T20:32:06.341Z"}},{"iob":0.033,"basaliob":-0.018,"bolussnooze":0,"activity":5.0E-4,"lastBolusTime":1703098630630,"time":"2023-12-20T20:37:06.341Z","iobWithZeroTemp":{"iob":-0.706,"basaliob":-0.757,"bolussnooze":0,"activity":-0.006,"lastBolusTime":1703098630630,"time":"2023-12-20T20:37:06.341Z"}},{"iob":0.03,"basaliob":-0.016,"bolussnooze":0,"activity":4.0E-4,"lastBolusTime":1703098630630,"time":"2023-12-20T20:42:06.341Z","iobWithZeroTemp":{"iob":-0.738,"basaliob":-0.784,"bolussnooze":0,"activity":-0.0065,"lastBolusTime":1703098630630,"time":"2023-12-20T20:42:06.341Z"}},{"iob":0.027,"basaliob":-0.015,"bolussnooze":0,"activity":5.0E-4,"lastBolusTime":1703098630630,"time":"2023-12-20T20:47:06.341Z","iobWithZeroTemp":{"iob":-0.768,"basaliob":-0.81,"bolussnooze":0,"activity":-0.0068,"lastBolusTime":1703098630630,"time":"2023-12-20T20:47:06.341Z"}},{"iob":0.026,"basaliob":-0.013,"bolussnooze":0,"activity":4.0E-4,"lastBolusTime":1703098630630,"time":"2023-12-20T20:52:06.341Z","iobWithZeroTemp":{"iob":-0.794,"basaliob":-0.833,"bolussnooze":0,"activity":-0.0073,"lastBolusTime":1703098630630,"time":"2023-12-20T20:52:06.341Z"}},{"iob":0.024,"basaliob":-0.012,"bolussnooze":0,"activity":3.0E-4,"lastBolusTime":1703098630630,"time":"2023-12-20T20:57:06.341Z","iobWithZeroTemp":{"iob":-0.819,"basaliob":-0.855,"bolussnooze":0,"activity":-0.0077,"lastBolusTime":1703098630630,"time":"2023-12-20T20:57:06.341Z"}},{"iob":0.022,"basaliob":-0.01,"bolussnooze":0,"activity":4.0E-4,"lastBolusTime":1703098630630,"time":"2023-12-20T21:02:06.341Z","iobWithZeroTemp":{"iob":-0.843,"basaliob":-0.875,"bolussnooze":0,"activity":-0.008,"lastBolusTime":1703098630630,"time":"2023-12-20T21:02:06.341Z"}},{"iob":0.021,"basaliob":-0.009,"bolussnooze":0,"activity":3.0E-4,"lastBolusTime":1703098630630,"time":"2023-12-20T21:07:06.341Z","iobWithZeroTemp":{"iob":-0.909,"basaliob":-0.939,"bolussnooze":0,"activity":-0.0084,"lastBolusTime":1703098630630,"time":"2023-12-20T21:07:06.341Z"}},{"iob":0.019,"basaliob":-0.008,"bolussnooze":0,"activity":3.0E-4,"lastBolusTime":1703098630630,"time":"2023-12-20T21:12:06.341Z","iobWithZeroTemp":{"iob":-0.974,"basaliob":-1.001,"bolussnooze":0,"activity":-0.0089,"lastBolusTime":1703098630630,"time":"2023-12-20T21:12:06.341Z"}},{"iob":0.018,"basaliob":-0.007,"bolussnooze":0,"activity":3.0E-4,"lastBolusTime":1703098630630,"time":"2023-12-20T21:17:06.341Z","iobWithZeroTemp":{"iob":-1.036,"basaliob":-1.061,"bolussnooze":0,"activity":-0.0094,"lastBolusTime":1703098630630,"time":"2023-12-20T21:17:06.341Z"}},{"iob":0.016,"basaliob":-0.006,"bolussnooze":0,"activity":2.0E-4,"lastBolusTime":1703098630630,"time":"2023-12-20T21:22:06.341Z","iobWithZeroTemp":{"iob":-1.097,"basaliob":-1.119,"bolussnooze":0,"activity":-0.01,"lastBolusTime":1703098630630,"time":"2023-12-20T21:22:06.341Z"}},{"iob":0.014,"basaliob":-0.006,"bolussnooze":0,"activity":3.0E-4,"lastBolusTime":1703098630630,"time":"2023-12-20T21:27:06.341Z","iobWithZeroTemp":{"iob":-1.155,"basaliob":-1.175,"bolussnooze":0,"activity":-0.0104,"lastBolusTime":1703098630630,"time":"2023-12-20T21:27:06.341Z"}},{"iob":0.013,"basaliob":-0.005,"bolussnooze":0,"activity":3.0E-4,"lastBolusTime":1703098630630,"time":"2023-12-20T21:32:06.341Z","iobWithZeroTemp":{"iob":-1.209,"basaliob":-1.227,"bolussnooze":0,"activity":-0.011,"lastBolusTime":1703098630630,"time":"2023-12-20T21:32:06.341Z"}},{"iob":0.013,"basaliob":-0.004,"bolussnooze":0,"activity":2.0E-4,"lastBolusTime":1703098630630,"time":"2023-12-20T21:37:06.341Z","iobWithZeroTemp":{"iob":-1.259,"basaliob":-1.276,"bolussnooze":0,"activity":-0.0117,"lastBolusTime":1703098630630,"time":"2023-12-20T21:37:06.341Z"}},{"iob":0.011,"basaliob":-0.004,"bolussnooze":0,"activity":2.0E-4,"lastBolusTime":1703098630630,"time":"2023-12-20T21:42:06.341Z","iobWithZeroTemp":{"iob":-1.309,"basaliob":-1.324,"bolussnooze":0,"activity":-0.0122,"lastBolusTime":1703098630630,"time":"2023-12-20T21:42:06.341Z"}},{"iob":0.01,"basaliob":-0.004,"bolussnooze":0,"activity":2.0E-4,"lastBolusTime":1703098630630,"time":"2023-12-20T21:47:06.341Z","iobWithZeroTemp":{"iob":-1.354,"basaliob":-1.368,"bolussnooze":0,"activity":-0.0128,"lastBolusTime":1703098630630,"time":"2023-12-20T21:47:06.341Z"}},{"iob":0.009,"basaliob":-0.003,"bolussnooze":0,"activity":1.0E-4,"lastBolusTime":1703098630630,"time":"2023-12-20T21:52:06.341Z","iobWithZeroTemp":{"iob":-1.397,"basaliob":-1.409,"bolussnooze":0,"activity":-0.0134,"lastBolusTime":1703098630630,"time":"2023-12-20T21:52:06.341Z"}},{"iob":0.008,"basaliob":-0.003,"bolussnooze":0,"activity":1.0E-4,"lastBolusTime":1703098630630,"time":"2023-12-20T21:57:06.341Z","iobWithZeroTemp":{"iob":-1.437,"basaliob":-1.448,"bolussnooze":0,"activity":-0.014,"lastBolusTime":1703098630630,"time":"2023-12-20T21:57:06.341Z"}},{"iob":0.008,"basaliob":-0.002,"bolussnooze":0,"activity":1.0E-4,"lastBolusTime":1703098630630,"time":"2023-12-20T22:02:06.341Z","iobWithZeroTemp":{"iob":-1.474,"basaliob":-1.484,"bolussnooze":0,"activity":-0.0145,"lastBolusTime":1703098630630,"time":"2023-12-20T22:02:06.341Z"}},{"iob":0.007,"basaliob":-0.002,"bolussnooze":0,"activity":1.0E-4,"lastBolusTime":1703098630630,"time":"2023-12-20T22:07:06.341Z","iobWithZeroTemp":{"iob":-1.526,"basaliob":-1.535,"bolussnooze":0,"activity":-0.015,"lastBolusTime":1703098630630,"time":"2023-12-20T22:07:06.341Z"}},{"iob":0.006,"basaliob":-0.002,"bolussnooze":0,"activity":2.0E-4,"lastBolusTime":1703098630630,"time":"2023-12-20T22:12:06.341Z","iobWithZeroTemp":{"iob":-1.599,"basaliob":-1.607,"bolussnooze":0,"activity":-0.0157,"lastBolusTime":1703098630630,"time":"2023-12-20T22:12:06.341Z"}},{"iob":0.006,"basaliob":-0.002,"bolussnooze":0,"activity":2.0E-4,"lastBolusTime":1703098630630,"time":"2023-12-20T22:17:06.341Z","iobWithZeroTemp":{"iob":-1.643,"basaliob":-1.651,"bolussnooze":0,"activity":-0.0162,"lastBolusTime":1703098630630,"time":"2023-12-20T22:17:06.341Z"}},{"iob":0.006,"basaliob":-0.001,"bolussnooze":0,"activity":1.0E-4,"lastBolusTime":1703098630630,"time":"2023-12-20T22:22:06.341Z","iobWithZeroTemp":{"iob":-1.684,"basaliob":-1.691,"bolussnooze":0,"activity":-0.0168,"lastBolusTime":1703098630630,"time":"2023-12-20T22:22:06.341Z"}},{"iob":0.005,"basaliob":-0.001,"bolussnooze":0,"activity":1.0E-4,"lastBolusTime":1703098630630,"time":"2023-12-20T22:27:06.341Z","iobWithZeroTemp":{"iob":-1.724,"basaliob":-1.73,"bolussnooze":0,"activity":-0.0173,"lastBolusTime":1703098630630,"time":"2023-12-20T22:27:06.341Z"}},{"iob":0.005,"basaliob":-0.001,"bolussnooze":0,"activity":1.0E-4,"lastBolusTime":1703098630630,"time":"2023-12-20T22:32:06.341Z","iobWithZeroTemp":{"iob":-1.761,"basaliob":-1.767,"bolussnooze":0,"activity":-0.0178,"lastBolusTime":1703098630630,"time":"2023-12-20T22:32:06.341Z"}},{"iob":0.004,"basaliob":-0.001,"bolussnooze":0,"activity":1.0E-4,"lastBolusTime":1703098630630,"time":"2023-12-20T22:37:06.341Z","iobWithZeroTemp":{"iob":-1.796,"basaliob":-1.801,"bolussnooze":0,"activity":-0.0183,"lastBolusTime":1703098630630,"time":"2023-12-20T22:37:06.341Z"}},{"iob":0.003,"basaliob":-0.001,"bolussnooze":0,"activity":1.0E-4,"lastBolusTime":1703098630630,"time":"2023-12-20T22:42:06.341Z","iobWithZeroTemp":{"iob":-1.829,"basaliob":-1.833,"bolussnooze":0,"activity":-0.0187,"lastBolusTime":1703098630630,"time":"2023-12-20T22:42:06.341Z"}},{"iob":0.003,"basaliob":-0.001,"bolussnooze":0,"activity":1.0E-4,"lastBolusTime":1703098630630,"time":"2023-12-20T22:47:06.341Z","iobWithZeroTemp":{"iob":-1.859,"basaliob":-1.863,"bolussnooze":0,"activity":-0.0192,"lastBolusTime":1703098630630,"time":"2023-12-20T22:47:06.341Z"}},{"iob":0.003,"basaliob":-0.001,"bolussnooze":0,"activity":1.0E-4,"lastBolusTime":1703098630630,"time":"2023-12-20T22:52:06.341Z","iobWithZeroTemp":{"iob":-1.887,"basaliob":-1.891,"bolussnooze":0,"activity":-0.0196,"lastBolusTime":1703098630630,"time":"2023-12-20T22:52:06.341Z"}},{"iob":0.002,"basaliob":-0.001,"bolussnooze":0,"activity":1.0E-4,"lastBolusTime":1703098630630,"time":"2023-12-20T22:57:06.341Z","iobWithZeroTemp":{"iob":-1.913,"basaliob":-1.916,"bolussnooze":0,"activity":-0.02,"lastBolusTime":1703098630630,"time":"2023-12-20T22:57:06.341Z"}},{"iob":0.003,"basaliob":0,"bolussnooze":0,"activity":1.0E-4,"lastBolusTime":1703098630630,"time":"2023-12-20T23:02:06.341Z","iobWithZeroTemp":{"iob":-1.936,"basaliob":-1.939,"bolussnooze":0,"activity":-0.0203,"lastBolusTime":1703098630630,"time":"2023-12-20T23:02:06.341Z"}}],"profile":{"max_iob":20,"type":"current","max_daily_basal":1.6,"max_basal":2.4,"min_bg":90,"max_bg":90,"target_bg":90,"carb_ratio":4.5,"sens":90,"max_daily_safety_multiplier":3,"current_basal_safety_multiplier":4,"high_temptarget_raises_sensitivity":false,"low_temptarget_lowers_sensitivity":false,"sensitivity_raises_target":false,"resistance_lowers_target":false,"adv_target_adjustments":false,"exercise_mode":false,"half_basal_exercise_target":160,"maxCOB":120,"skip_neutral_temps":false,"remainingCarbsCap":90,"enableUAM":true,"A52_risk_enable":false,"SMBInterval":3,"enableSMB_with_COB":false,"enableSMB_with_temptarget":false,"allowSMB_with_high_temptarget":true,"enableSMB_always":true,"enableSMB_after_carbs":false,"maxSMBBasalMinutes":120,"maxUAMSMBBasalMinutes":120,"bolus_increment":0.05,"carbsReqThreshold":1,"current_basal":0.6,"temptargetSet":false,"autosens_max":1.8,"out_units":"mmol\/L"},"autosens_data":{"ratio":1},"meal_data":{"carbs":0,"mealCOB":0,"slopeFromMaxDeviation":0,"slopeFromMinDeviation":0.564125,"lastBolusTime":1703098630630,"lastCarbTime":0},"microBolusAllowed":true,"currentTime":1703099229080,"flatBGsDetected":false},"output":{"temp":"absolute","bg":96,"tick":"+3","eventualBG":105,"targetBG":90,"insulinReq":0.16,"deliverAt":"2023-12-20T19:07:09.080Z","sensitivityRatio":1,"predBGs":{"IOB":[96,98,101,102,104,105,106,107,108,108,108,108,108,108,107,107,107,107,107,106,106,106,106,106,105,105,105,105,105,105,105,105,105,104],"ZT":[96,96,96,96,97,97,97,97],"UAM":[96,98,101,102,104,105,106,107,108,109,109,109,109,109,108,108,108,108,108,107,107,107,107,107,106,106,106,106,106,106,106,106,106,105]},"COB":0,"IOB":0.065,"reason":"COB: 0, Dev: 0.8, BGI: 0.0, ISF: 5.0, CR: 4.5, Target: 5.0, minPredBG 5.8, minGuardBG 5.4, IOBpredBG 5.8, UAMpredBG 5.8; Eventual BG 5.8 >= 5.0,  insulinReq 0.16. Microbolusing 0.05U. temp 0.85 < 0.92U\/hr. ","units":0.05,"duration":30,"rate":0.9199999999999999,"timestamp":"2023-12-20T19:07:09.164Z"}}