{"algorithm":"OpenAPSSMBPlugin","input":{"glucoseStatus":{"glucose":86,"noise":0,"delta":-2,"short_avgdelta":-1.78,"long_avgdelta":0.41,"date":1703094702987},"currenttemp":{"temp":"absolute","duration":25,"rate":0.05,"minutesrunning":5},"iob_data":[{"iob":-0.093,"basaliob":-0.307,"bolussnooze":0,"activity":-0.001,"lastBolusTime":1703093235212,"time":"2023-12-20T17:52:13.087Z","iobWithZeroTemp":{"iob":-0.093,"basaliob":-0.307,"bolussnooze":0,"activity":-0.001,"lastBolusTime":1703093235212,"time":"2023-12-20T17:52:13.087Z"}},{"iob":-0.088,"basaliob":-0.288,"bolussnooze":0,"activity":-0.001,"lastBolusTime":1703093235212,"time":"2023-12-20T17:57:13.087Z","iobWithZeroTemp":{"iob":-0.128,"basaliob":-0.328,"bolussnooze":0,"activity":-0.001,"lastBolusTime":1703093235212,"time":"2023-12-20T17:57:13.087Z"}},{"iob":-0.083,"basaliob":-0.27,"bolussnooze":0,"activity":-0.001,"lastBolusTime":1703093235212,"time":"2023-12-20T18:02:13.087Z","iobWithZeroTemp":{"iob":-0.172,"basaliob":-0.359,"bolussnooze":0,"activity":-0.0012,"lastBolusTime":1703093235212,"time":"2023-12-20T18:02:13.087Z"}},{"iob":-0.078,"basaliob":-0.252,"bolussnooze":0,"activity":-0.001,"lastBolusTime":1703093235212,"time":"2023-12-20T18:07:13.087Z","iobWithZeroTemp":{"iob":-0.216,"basaliob":-0.39,"bolussnooze":0,"activity":-0.0014,"lastBolusTime":1703093235212,"time":"2023-12-20T18:07:13.087Z"}},{"iob":-0.073,"basaliob":-0.235,"bolussnooze":0,"activity":-0.001,"lastBolusTime":1703093235212,"time":"2023-12-20T18:12:13.087Z","iobWithZeroTemp":{"iob":-0.258,"basaliob":-0.42,"bolussnooze":0,"activity":-0.0017,"lastBolusTime":1703093235212,"time":"2023-12-20T18:12:13.087Z"}},{"iob":-0.069,"basaliob":-0.219,"bolussnooze":0,"activity":-9.0E-4,"lastBolusTime":1703093235212,"time":"2023-12-20T18:17:13.087Z","iobWithZeroTemp":{"iob":-0.3,"basaliob":-0.45,"bolussnooze":0,"activity":-0.0019,"lastBolusTime":1703093235212,"time":"2023-12-20T18:17:13.087Z"}},{"iob":-0.064,"basaliob":-0.203,"bolussnooze":0,"activity":-9.0E-4,"lastBolusTime":1703093235212,"time":"2023-12-20T18:22:13.087Z","iobWithZeroTemp":{"iob":-0.339,"basaliob":-0.478,"bolussnooze":0,"activity":-0.0023,"lastBolusTime":1703093235212,"time":"2023-12-20T18:22:13.087Z"}},{"iob":-0.059,"basaliob":-0.188,"bolussnooze":0,"activity":-9.0E-4,"lastBolusTime":1703093235212,"time":"2023-12-20T18:27:13.087Z","iobWithZeroTemp":{"iob":-0.376,"basaliob":-0.505,"bolussnooze":0,"activity":-0.0027,"lastBolusTime":1703093235212,"time":"2023-12-20T18:27:13.087Z"}},{"iob":-0.055,"basaliob":-0.174,"bolussnooze":0,"activity":-8.0E-4,"lastBolusTime":1703093235212,"time":"2023-12-20T18:32:13.087Z","iobWithZeroTemp":{"iob":-0.412,"basaliob":-0.531,"bolussnooze":0,"activity":-0.003,"lastBolusTime":1703093235212,"time":"2023-12-20T18:32:13.087Z"}},{"iob":-0.051,"basaliob":-0.161,"bolussnooze":0,"activity":-8.0E-4,"lastBolusTime":1703093235212,"time":"2023-12-20T18:37:13.087Z","iobWithZeroTemp":{"iob":-0.446,"basaliob":-0.556,"bolussnooze":0,"activity":-0.0034,"lastBolusTime":1703093235212,"time":"2023-12-20T18:37:13.087Z"}},{"iob":-0.047,"basaliob":-0.148,"bolussnooze":0,"activity":-7.0E-4,"lastBolusTime":1703093235212,"time":"2023-12-20T18:42:13.087Z","iobWithZeroTemp":{"iob":-0.478,"basaliob":-0.579,"bolussnooze":0,"activity":-0.0037,"lastBolusTime":1703093235212,"time":"2023-12-20T18:42:13.087Z"}},{"iob":-0.044,"basaliob":-0.137,"bolussnooze":0,"activity":-7.0E-4,"lastBolusTime":1703093235212,"time":"2023-12-20T18:47:13.087Z","iobWithZeroTemp":{"iob":-0.509,"basaliob":-0.602,"bolussnooze":0,"activity":-0.0041,"lastBolusTime":1703093235212,"time":"2023-12-20T18:47:13.087Z"}},{"iob":-0.04,"basaliob":-0.126,"bolussnooze":0,"activity":-6.0E-4,"lastBolusTime":1703093235212,"time":"2023-12-20T18:52:13.087Z","iobWithZeroTemp":{"iob":-0.537,"basaliob":-0.623,"bolussnooze":0,"activity":-0.0044,"lastBolusTime":1703093235212,"time":"2023-12-20T18:52:13.087Z"}},{"iob":-0.037,"basaliob":-0.116,"bolussnooze":0,"activity":-7.0E-4,"lastBolusTime":1703093235212,"time":"2023-12-20T18:57:13.087Z","iobWithZeroTemp":{"iob":-0.564,"basaliob":-0.643,"bolussnooze":0,"activity":-0.0049,"lastBolusTime":1703093235212,"time":"2023-12-20T18:57:13.087Z"}},{"iob":-0.034,"basaliob":-0.106,"bolussnooze":0,"activity":-5.0E-4,"lastBolusTime":1703093235212,"time":"2023-12-20T19:02:13.087Z","iobWithZeroTemp":{"iob":-0.589,"basaliob":-0.661,"bolussnooze":0,"activity":-0.0051,"lastBolusTime":1703093235212,"time":"2023-12-20T19:02:13.087Z"}},{"iob":-0.032,"basaliob":-0.098,"bolussnooze":0,"activity":-5.0E-4,"lastBolusTime":1703093235212,"time":"2023-12-20T19:07:13.087Z","iobWithZeroTemp":{"iob":-0.613,"basaliob":-0.679,"bolussnooze":0,"activity":-0.0055,"lastBolusTime":1703093235212,"time":"2023-12-20T19:07:13.087Z"}},{"iob":-0.029,"basaliob":-0.089,"bolussnooze":0,"activity":-5.0E-4,"lastBolusTime":1703093235212,"time":"2023-12-20T19:12:13.087Z","iobWithZeroTemp":{"iob":-0.634,"basaliob":-0.694,"bolussnooze":0,"activity":-0.0058,"lastBolusTime":1703093235212,"time":"2023-12-20T19:12:13.087Z"}},{"iob":-0.027,"basaliob":-0.082,"bolussnooze":0,"activity":-5.0E-4,"lastBolusTime":1703093235212,"time":"2023-12-20T19:17:13.087Z","iobWithZeroTemp":{"iob":-0.655,"basaliob":-0.71,"bolussnooze":0,"activity":-0.0062,"lastBolusTime":1703093235212,"time":"2023-12-20T19:17:13.087Z"}},{"iob":-0.024,"basaliob":-0.075,"bolussnooze":0,"activity":-4.0E-4,"lastBolusTime":1703093235212,"time":"2023-12-20T19:22:13.087Z","iobWithZeroTemp":{"iob":-0.673,"basaliob":-0.724,"bolussnooze":0,"activity":-0.0064,"lastBolusTime":1703093235212,"time":"2023-12-20T19:22:13.087Z"}},{"iob":-0.022,"basaliob":-0.068,"bolussnooze":0,"activity":-4.0E-4,"lastBolusTime":1703093235212,"time":"2023-12-20T19:27:13.087Z","iobWithZeroTemp":{"iob":-0.69,"basaliob":-0.736,"bolussnooze":0,"activity":-0.0067,"lastBolusTime":1703093235212,"time":"2023-12-20T19:27:13.087Z"}},{"iob":-0.02,"basaliob":-0.062,"bolussnooze":0,"activity":-3.0E-4,"lastBolusTime":1703093235212,"time":"2023-12-20T19:32:13.087Z","iobWithZeroTemp":{"iob":-0.706,"basaliob":-0.748,"bolussnooze":0,"activity":-0.0069,"lastBolusTime":1703093235212,"time":"2023-12-20T19:32:13.087Z"}},{"iob":-0.019,"basaliob":-0.057,"bolussnooze":0,"activity":-4.0E-4,"lastBolusTime":1703093235212,"time":"2023-12-20T19:37:13.087Z","iobWithZeroTemp":{"iob":-0.722,"basaliob":-0.76,"bolussnooze":0,"activity":-0.0072,"lastBolusTime":1703093235212,"time":"2023-12-20T19:37:13.087Z"}},{"iob":-0.017,"basaliob":-0.052,"bolussnooze":0,"activity":-3.0E-4,"lastBolusTime":1703093235212,"time":"2023-12-20T19:42:13.087Z","iobWithZeroTemp":{"iob":-0.735,"basaliob":-0.77,"bolussnooze":0,"activity":-0.0074,"lastBolusTime":1703093235212,"time":"2023-12-20T19:42:13.087Z"}},{"iob":-0.015,"basaliob":-0.047,"bolussnooze":0,"activity":-3.0E-4,"lastBolusTime":1703093235212,"time":"2023-12-20T19:47:13.087Z","iobWithZeroTemp":{"iob":-0.747,"basaliob":-0.779,"bolussnooze":0,"activity":-0.0076,"lastBolusTime":1703093235212,"time":"2023-12-20T19:47:13.087Z"}},{"iob":-0.014,"basaliob":-0.043,"bolussnooze":0,"activity":-2.0E-4,"lastBolusTime":1703093235212,"time":"2023-12-20T19:52:13.087Z","iobWithZeroTemp":{"iob":-0.759,"basaliob":-0.788,"bolussnooze":0,"activity":-0.0077,"lastBolusTime":1703093235212,"time":"2023-12-20T19:52:13.087Z"}},{"iob":-0.013,"basaliob":-0.039,"bolussnooze":0,"activity":-2.0E-4,"lastBolusTime":1703093235212,"time":"2023-12-20T19:57:13.087Z","iobWithZeroTemp":{"iob":-0.77,"basaliob":-0.796,"bolussnooze":0,"activity":-0.0079,"lastBolusTime":1703093235212,"time":"2023-12-20T19:57:13.087Z"}},{"iob":-0.011,"basaliob":-0.035,"bolussnooze":0,"activity":-2.0E-4,"lastBolusTime":1703093235212,"time":"2023-12-20T20:02:13.087Z","iobWithZeroTemp":{"iob":-0.779,"basaliob":-0.803,"bolussnooze":0,"activity":-0.0081,"lastBolusTime":1703093235212,"time":"2023-12-20T20:02:13.087Z"}},{"iob":-0.01,"basaliob":-0.032,"bolussnooze":0,"activity":-2.0E-4,"lastBolusTime":1703093235212,"time":"2023-12-20T20:07:13.087Z","iobWithZeroTemp":{"iob":-0.801,"basaliob":-0.823,"bolussnooze":0,"activity":-0.0083,"lastBolusTime":1703093235212,"time":"2023-12-20T20:07:13.087Z"}},{"iob":-0.009,"basaliob":-0.029,"bolussnooze":0,"activity":-2.0E-4,"lastBolusTime":1703093235212,"time":"2023-12-20T20:12:13.087Z","iobWithZeroTemp":{"iob":-0.821,"basaliob":-0.841,"bolussnooze":0,"activity":-0.0085,"lastBolusTime":1703093235212,"time":"2023-12-20T20:12:13.087Z"}},{"iob":-0.008,"basaliob":-0.026,"bolussnooze":0,"activity":-1.0E-4,"lastBolusTime":1703093235212,"time":"2023-12-20T20:17:13.087Z","iobWithZeroTemp":{"iob":-0.841,"basaliob":-0.859,"bolussnooze":0,"activity":-0.0086,"lastBolusTime":1703093235212,"time":"2023-12-20T20:17:13.087Z"}},{"iob":-0.008,"basaliob":-0.024,"bolussnooze":0,"activity":-2.0E-4,"lastBolusTime":1703093235212,"time":"2023-12-20T20:22:13.087Z","iobWithZeroTemp":{"iob":-0.86,"basaliob":-0.876,"bolussnooze":0,"activity":-0.0089,"lastBolusTime":1703093235212,"time":"2023-12-20T20:22:13.087Z"}},{"iob":-0.007,"basaliob":-0.022,"bolussnooze":0,"activity":-1.0E-4,"lastBolusTime":1703093235212,"time":"2023-12-20T20:27:13.087Z","iobWithZeroTemp":{"iob":-0.877,"basaliob":-0.892,"bolussnooze":0,"activity":-0.009,"lastBolusTime":1703093235212,"time":"2023-12-20T20:27:13.087Z"}},{"iob":-0.007,"basaliob":-0.02,"bolussnooze":0,"activity":-1.0E-4,"lastBolusTime":1703093235212,"time":"2023-12-20T20:32:13.087Z","iobWithZeroTemp":{"iob":-0.895,"basaliob":-0.908,"bolussnooze":0,"activity":-0.0092,"lastBolusTime":1703093235212,"time":"2023-12-20T20:32:13.087Z"}},{"iob":-0.006,"basaliob":-0.018,"bolussnooze":0,"activity":-2.0E-4,"lastBolusTime":1703093235212,"time":"2023-12-20T20:37:13.087Z","iobWithZeroTemp":{"iob":-0.91,"basaliob":-0.922,"bolussnooze":0,"activity":-0.0095,"lastBolusTime":1703093235212,"time":"2023-12-20T20:37:13.087Z"}},{"iob":-0.005,"basaliob":-0.016,"bolussnooze":0,"activity":-1.0E-4,"lastBolusTime":1703093235212,"time":"2023-12-20T20:42:13.087Z","iobWithZeroTemp":{"iob":-0.924,"basaliob":-0.935,"bolussnooze":0,"activity":-0.0096,"lastBolusTime":1703093235212,"time":"2023-12-20T20:42:13.087Z"}},{"iob":-0.004,"basaliob":-0.014,"bolussnooze":0,"activity":-1.0E-4,"lastBolusTime":1703093235212,"time":"2023-12-20T20:47:13.087Z","iobWithZeroTemp":{"iob":-0.946,"basaliob":-0.956,"bolussnooze":0,"activity":-0.0099,"lastBolusTime":1703093235212,"time":"2023-12-20T20:47:13.087Z"}},{"iob":-0.004,"basaliob":-0.013,"bolussnooze":0,"activity":-1.0E-4,"lastBolusTime":1703093235212,"time":"2023-12-20T20:52:13.087Z","iobWithZeroTemp":{"iob":-0.959,"basaliob":-0.968,"bolussnooze":0,"activity":-0.0101,"lastBolusTime":1703093235212,"time":"2023-12-20T20:52:13.087Z"}},{"iob":-0.004,"basaliob":-0.012,"bolussnooze":0,"activity":0,"lastBolusTime":1703093235212,"time":"2023-12-20T20:57:13.087Z","iobWithZeroTemp":{"iob":-0.971,"basaliob":-0.979,"bolussnooze":0,"activity":-0.0102,"lastBolusTime":1703093235212,"time":"2023-12-20T20:57:13.087Z"}},{"iob":-0.004,"basaliob":-0.011,"bolussnooze":0,"activity":-1.0E-4,"lastBolusTime":1703093235212,"time":"2023-12-20T21:02:13.087Z","iobWithZeroTemp":{"iob":-0.982,"basaliob":-0.989,"bolussnooze":0,"activity":-0.0105,"lastBolusTime":1703093235212,"time":"2023-12-20T21:02:13.087Z"}},{"iob":-0.003,"basaliob":-0.009,"bolussnooze":0,"activity":-1.0E-4,"lastBolusTime":1703093235212,"time":"2023-12-20T21:07:13.087Z","iobWithZeroTemp":{"iob":-1.037,"basaliob":-1.043,"bolussnooze":0,"activity":-0.0107,"lastBolusTime":1703093235212,"time":"2023-12-20T21:07:13.087Z"}},{"iob":-0.003,"basaliob":-0.009,"bolussnooze":0,"activity":-1.0E-4,"lastBolusTime":1703093235212,"time":"2023-12-20T21:12:13.087Z","iobWithZeroTemp":{"iob":-1.091,"basaliob":-1.097,"bolussnooze":0,"activity":-0.011,"lastBolusTime":1703093235212,"time":"2023-12-20T21:12:13.087Z"}},{"iob":-0.003,"basaliob":-0.008,"bolussnooze":0,"activity":-1.0E-4,"lastBolusTime":1703093235212,"time":"2023-12-20T21:17:13.087Z","iobWithZeroTemp":{"iob":-1.144,"basaliob":-1.149,"bolussnooze":0,"activity":-0.0113,"lastBolusTime":1703093235212,"time":"2023-12-20T21:17:13.087Z"}},{"iob":-0.002,"basaliob":-0.007,"bolussnooze":0,"activity":0,"lastBolusTime":1703093235212,"time":"2023-12-20T21:22:13.087Z","iobWithZeroTemp":{"iob":-1.194,"basaliob":-1.199,"bolussnooze":0,"activity":-0.0116,"lastBolusTime":1703093235212,"time":"2023-12-20T21:22:13.087Z"}},{"iob":-0.002,"basaliob":-0.006,"bolussnooze":0,"activity":0,"lastBolusTime":1703093235212,"time":"2023-12-20T21:27:13.087Z","iobWithZeroTemp":{"iob":-1.243,"basaliob":-1.247,"bolussnooze":0,"activity":-0.0121,"lastBolusTime":1703093235212,"time":"2023-12-20T21:27:13.087Z"}},{"iob":-0.002,"basaliob":-0.006,"bolussnooze":0,"activity":0,"lastBolusTime":1703093235212,"time":"2023-12-20T21:32:13.087Z","iobWithZeroTemp":{"iob":-1.29,"basaliob":-1.294,"bolussnooze":0,"activity":-0.0125,"lastBolusTime":1703093235212,"time":"2023-12-20T21:32:13.087Z"}},{"iob":-0.002,"basaliob":-0.005,"bolussnooze":0,"activity":0,"lastBolusTime":1703093235212,"time":"2023-12-20T21:37:13.087Z","iobWithZeroTemp":{"iob":-1.334,"basaliob":-1.337,"bolussnooze":0,"activity":-0.013,"lastBolusTime":1703093235212,"time":"2023-12-20T21:37:13.087Z"}},{"iob":-0.001,"basaliob":-0.004,"bolussnooze":0,"activity":0,"lastBolusTime":1703093235212,"time":"2023-12-20T21:42:13.087Z","iobWithZeroTemp":{"iob":-1.376,"basaliob":-1.379,"bolussnooze":0,"activity":-0.0135,"lastBolusTime":1703093235212,"time":"2023-12-20T21:42:13.087Z"}},{"iob":-0.001,"basaliob":-0.004,"bolussnooze":0,"activity":0,"lastBolusTime":1703093235212,"time":"2023-12-20T21:47:13.087Z","iobWithZeroTemp":{"iob":-1.415,"basaliob":-1.418,"bolussnooze":0,"activity":-0.0139,"lastBolusTime":1703093235212,"time":"2023-12-20T21:47:13.087Z"}}],"profile":{"max_iob":20,"type":"current","max_daily_basal":1.6,"max_basal":2.4,"min_bg":90,"max_bg":90,"target_bg":90,"carb_ratio":8,"sens":108,"max_daily_safety_multiplier":3,"current_basal_safety_multiplier":4,"high_temptarget_raises_sensitivity":false,"low_temptarget_lowers_sensitivity":false,"sensitivity_raises_target":false,"resistance_lowers_target":false,"adv_target_adjustments":false,"exercise_mode":false,"half_basal_exercise_target":160,"maxCOB":120,"skip_neutral_temps":false,"remainingCarbsCap":90,"enableUAM":true,"A52_risk_enable":false,"SMBInterval":3,"enableSMB_with_COB":false,"enableSMB_with_temptarget":false,"allowSMB_with_high_temptarget":true,"enableSMB_always":true,"enableSMB_after_carbs":false,"maxSMBBasalMinutes":120,"maxUAMSMBBasalMinutes":120,"bolus_increment":0.05,"carbsReqThreshold":1,"current_basal":0.6,"temptargetSet":false,"autosens_max":1.8,"out_units":"mmol\/L"},"autosens_data":{"ratio":1},"meal_data":{"carbs":10,"mealCOB":0,"slopeFromMaxDeviation":-1.6555,"slopeFromMinDeviation":0.7592857142857141,"lastBolusTime":1703093235212,"lastCarbTime":1703074649000},"microBolusAllowed":true,"currentTime":1703094736173,"flatBGsDetected":false},"output":{"temp":"absolute","bg":86,"tick":-2,"eventualBG":95,"targetBG":90,"insulinReq":-0.1,"deliverAt":"2023-12-20T17:52:16.173Z","sensitivityRatio":1,"predBGs":{"IOB":[86,84,83,81,80,79,79,78,78,77,77,78,78,78,79,79,79,80,80,80,80,80,81,81,81,81,81,81,81,82],"ZT":[86,87,87,88,88,89,90]},"COB":0,"IOB":-0.093,"reason":"COB: 0, Dev: -0.1, BGI: 0.0, ISF: 6.0, CR: 8, Target: 5.0, minPredBG 4.4, minGuardBG 4.3, IOBpredBG 4.6; Eventual BG 5.3 >= 5.0,  insulinReq -0.1; setting 30m low temp of 0.04U\/h. ","rate":0.04,"duration":30,"timestamp":"2023-12-20T17:52:16.309Z"}}