{"algorithm":"OpenAPSSMBPlugin","input":{"glucoseStatus":{"glucose":91,"noise":0,"delta":-4,"short_avgdelta":-2.72,"long_avgdelta":-0.05,"date":1703056902742},"currenttemp":{"temp":"absolute","duration":25,"rate":0.95,"minutesrunning":5},"iob_data":[{"iob":0.76,"basaliob":-1.173,"bolussnooze":0,"activity":0.0104,"lastBolusTime":1703056633512,"time":"2023-12-20T07:22:13.661Z","iobWithZeroTemp":{"iob":0.76,"basaliob":-1.173,"bolussnooze":0,"activity":0.0104,"lastBolusTime":1703056633512,"time":"2023-12-20T07:22:13.661Z"}},{"iob":0.708,"basaliob":-1.109,"bolussnooze":0,"activity":0.01,"lastBolusTime":1703056633512,"time":"2023-12-20T07:27:13.661Z","iobWithZeroTemp":{"iob":0.628,"basaliob":-1.189,"bolussnooze":0,"activity":0.0099,"lastBolusTime":1703056633512,"time":"2023-12-20T07:27:13.661Z"}},{"iob":0.66,"basaliob":-1.044,"bolussnooze":0,"activity":0.0095,"lastBolusTime":1703056633512,"time":"2023-12-20T07:32:13.661Z","iobWithZeroTemp":{"iob":0.481,"basaliob":-1.223,"bolussnooze":0,"activity":0.0091,"lastBolusTime":1703056633512,"time":"2023-12-20T07:32:13.661Z"}},{"iob":0.613,"basaliob":-0.981,"bolussnooze":0,"activity":0.0091,"lastBolusTime":1703056633512,"time":"2023-12-20T07:37:13.661Z","iobWithZeroTemp":{"iob":0.337,"basaliob":-1.257,"bolussnooze":0,"activity":0.0083,"lastBolusTime":1703056633512,"time":"2023-12-20T07:37:13.661Z"}},{"iob":0.569,"basaliob":-0.919,"bolussnooze":0,"activity":0.0086,"lastBolusTime":1703056633512,"time":"2023-12-20T07:42:13.661Z","iobWithZeroTemp":{"iob":0.198,"basaliob":-1.29,"bolussnooze":0,"activity":0.0072,"lastBolusTime":1703056633512,"time":"2023-12-20T07:42:13.661Z"}},{"iob":0.527,"basaliob":-0.859,"bolussnooze":0,"activity":0.0081,"lastBolusTime":1703056633512,"time":"2023-12-20T07:47:13.661Z","iobWithZeroTemp":{"iob":0.065,"basaliob":-1.321,"bolussnooze":0,"activity":0.0061,"lastBolusTime":1703056633512,"time":"2023-12-20T07:47:13.661Z"}},{"iob":0.487,"basaliob":-0.802,"bolussnooze":0,"activity":0.0077,"lastBolusTime":1703056633512,"time":"2023-12-20T07:52:13.661Z","iobWithZeroTemp":{"iob":-0.063,"basaliob":-1.352,"bolussnooze":0,"activity":0.0049,"lastBolusTime":1703056633512,"time":"2023-12-20T07:52:13.661Z"}},{"iob":0.45,"basaliob":-0.746,"bolussnooze":0,"activity":0.0072,"lastBolusTime":1703056633512,"time":"2023-12-20T07:57:13.661Z","iobWithZeroTemp":{"iob":-0.185,"basaliob":-1.381,"bolussnooze":0,"activity":0.0036,"lastBolusTime":1703056633512,"time":"2023-12-20T07:57:13.661Z"}},{"iob":0.416,"basaliob":-0.693,"bolussnooze":0,"activity":0.0068,"lastBolusTime":1703056633512,"time":"2023-12-20T08:02:13.661Z","iobWithZeroTemp":{"iob":-0.299,"basaliob":-1.408,"bolussnooze":0,"activity":0.0024,"lastBolusTime":1703056633512,"time":"2023-12-20T08:02:13.661Z"}},{"iob":0.383,"basaliob":-0.643,"bolussnooze":0,"activity":0.0063,"lastBolusTime":1703056633512,"time":"2023-12-20T08:07:13.661Z","iobWithZeroTemp":{"iob":-0.4,"basaliob":-1.426,"bolussnooze":0,"activity":0.0011,"lastBolusTime":1703056633512,"time":"2023-12-20T08:07:13.661Z"}},{"iob":0.352,"basaliob":-0.596,"bolussnooze":0,"activity":0.0059,"lastBolusTime":1703056633512,"time":"2023-12-20T08:12:13.661Z","iobWithZeroTemp":{"iob":-0.495,"basaliob":-1.443,"bolussnooze":0,"activity":-1.0E-4,"lastBolusTime":1703056633512,"time":"2023-12-20T08:12:13.661Z"}},{"iob":0.323,"basaliob":-0.551,"bolussnooze":0,"activity":0.0055,"lastBolusTime":1703056633512,"time":"2023-12-20T08:17:13.661Z","iobWithZeroTemp":{"iob":-0.576,"basaliob":-1.45,"bolussnooze":0,"activity":-0.0012,"lastBolusTime":1703056633512,"time":"2023-12-20T08:17:13.661Z"}},{"iob":0.297,"basaliob":-0.509,"bolussnooze":0,"activity":0.0051,"lastBolusTime":1703056633512,"time":"2023-12-20T08:22:13.661Z","iobWithZeroTemp":{"iob":-0.658,"basaliob":-1.464,"bolussnooze":0,"activity":-0.0024,"lastBolusTime":1703056633512,"time":"2023-12-20T08:22:13.661Z"}},{"iob":0.273,"basaliob":-0.469,"bolussnooze":0,"activity":0.0047,"lastBolusTime":1703056633512,"time":"2023-12-20T08:27:13.661Z","iobWithZeroTemp":{"iob":-0.734,"basaliob":-1.476,"bolussnooze":0,"activity":-0.0035,"lastBolusTime":1703056633512,"time":"2023-12-20T08:27:13.661Z"}},{"iob":0.25,"basaliob":-0.432,"bolussnooze":0,"activity":0.0043,"lastBolusTime":1703056633512,"time":"2023-12-20T08:32:13.661Z","iobWithZeroTemp":{"iob":-0.806,"basaliob":-1.488,"bolussnooze":0,"activity":-0.0046,"lastBolusTime":1703056633512,"time":"2023-12-20T08:32:13.661Z"}},{"iob":0.228,"basaliob":-0.398,"bolussnooze":0,"activity":0.004,"lastBolusTime":1703056633512,"time":"2023-12-20T08:37:13.661Z","iobWithZeroTemp":{"iob":-0.874,"basaliob":-1.5,"bolussnooze":0,"activity":-0.0056,"lastBolusTime":1703056633512,"time":"2023-12-20T08:37:13.661Z"}},{"iob":0.209,"basaliob":-0.365,"bolussnooze":0,"activity":0.0038,"lastBolusTime":1703056633512,"time":"2023-12-20T08:42:13.661Z","iobWithZeroTemp":{"iob":-0.935,"basaliob":-1.509,"bolussnooze":0,"activity":-0.0064,"lastBolusTime":1703056633512,"time":"2023-12-20T08:42:13.661Z"}},{"iob":0.191,"basaliob":-0.335,"bolussnooze":0,"activity":0.0034,"lastBolusTime":1703056633512,"time":"2023-12-20T08:47:13.661Z","iobWithZeroTemp":{"iob":-0.992,"basaliob":-1.518,"bolussnooze":0,"activity":-0.0074,"lastBolusTime":1703056633512,"time":"2023-12-20T08:47:13.661Z"}},{"iob":0.174,"basaliob":-0.308,"bolussnooze":0,"activity":0.0032,"lastBolusTime":1703056633512,"time":"2023-12-20T08:52:13.661Z","iobWithZeroTemp":{"iob":-1.046,"basaliob":-1.528,"bolussnooze":0,"activity":-0.0082,"lastBolusTime":1703056633512,"time":"2023-12-20T08:52:13.661Z"}},{"iob":0.159,"basaliob":-0.282,"bolussnooze":0,"activity":0.0029,"lastBolusTime":1703056633512,"time":"2023-12-20T08:57:13.661Z","iobWithZeroTemp":{"iob":-1.094,"basaliob":-1.535,"bolussnooze":0,"activity":-0.009,"lastBolusTime":1703056633512,"time":"2023-12-20T08:57:13.661Z"}},{"iob":0.145,"basaliob":-0.258,"bolussnooze":0,"activity":0.0027,"lastBolusTime":1703056633512,"time":"2023-12-20T09:02:13.661Z","iobWithZeroTemp":{"iob":-1.139,"basaliob":-1.542,"bolussnooze":0,"activity":-0.0097,"lastBolusTime":1703056633512,"time":"2023-12-20T09:02:13.661Z"}},{"iob":0.132,"basaliob":-0.236,"bolussnooze":0,"activity":0.0025,"lastBolusTime":1703056633512,"time":"2023-12-20T09:07:13.661Z","iobWithZeroTemp":{"iob":-1.173,"basaliob":-1.541,"bolussnooze":0,"activity":-0.0104,"lastBolusTime":1703056633512,"time":"2023-12-20T09:07:13.661Z"}},{"iob":0.12,"basaliob":-0.215,"bolussnooze":0,"activity":0.0023,"lastBolusTime":1703056633512,"time":"2023-12-20T09:12:13.661Z","iobWithZeroTemp":{"iob":-1.203,"basaliob":-1.538,"bolussnooze":0,"activity":-0.011,"lastBolusTime":1703056633512,"time":"2023-12-20T09:12:13.661Z"}},{"iob":0.11,"basaliob":-0.196,"bolussnooze":0,"activity":0.0021,"lastBolusTime":1703056633512,"time":"2023-12-20T09:17:13.661Z","iobWithZeroTemp":{"iob":-1.229,"basaliob":-1.535,"bolussnooze":0,"activity":-0.0115,"lastBolusTime":1703056633512,"time":"2023-12-20T09:17:13.661Z"}},{"iob":0.099,"basaliob":-0.179,"bolussnooze":0,"activity":0.0019,"lastBolusTime":1703056633512,"time":"2023-12-20T09:22:13.661Z","iobWithZeroTemp":{"iob":-1.255,"basaliob":-1.533,"bolussnooze":0,"activity":-0.0121,"lastBolusTime":1703056633512,"time":"2023-12-20T09:22:13.661Z"}},{"iob":0.09,"basaliob":-0.163,"bolussnooze":0,"activity":0.0017,"lastBolusTime":1703056633512,"time":"2023-12-20T09:27:13.661Z","iobWithZeroTemp":{"iob":-1.276,"basaliob":-1.529,"bolussnooze":0,"activity":-0.0126,"lastBolusTime":1703056633512,"time":"2023-12-20T09:27:13.661Z"}},{"iob":0.081,"basaliob":-0.149,"bolussnooze":0,"activity":0.0016,"lastBolusTime":1703056633512,"time":"2023-12-20T09:32:13.661Z","iobWithZeroTemp":{"iob":-1.297,"basaliob":-1.527,"bolussnooze":0,"activity":-0.0129,"lastBolusTime":1703056633512,"time":"2023-12-20T09:32:13.661Z"}},{"iob":0.074,"basaliob":-0.135,"bolussnooze":0,"activity":0.0014,"lastBolusTime":1703056633512,"time":"2023-12-20T09:37:13.661Z","iobWithZeroTemp":{"iob":-1.308,"basaliob":-1.517,"bolussnooze":0,"activity":-0.0133,"lastBolusTime":1703056633512,"time":"2023-12-20T09:37:13.661Z"}},{"iob":0.067,"basaliob":-0.123,"bolussnooze":0,"activity":0.0013,"lastBolusTime":1703056633512,"time":"2023-12-20T09:42:13.661Z","iobWithZeroTemp":{"iob":-1.324,"basaliob":-1.514,"bolussnooze":0,"activity":-0.0136,"lastBolusTime":1703056633512,"time":"2023-12-20T09:42:13.661Z"}},{"iob":0.06,"basaliob":-0.112,"bolussnooze":0,"activity":0.0012,"lastBolusTime":1703056633512,"time":"2023-12-20T09:47:13.661Z","iobWithZeroTemp":{"iob":-1.339,"basaliob":-1.511,"bolussnooze":0,"activity":-0.0139,"lastBolusTime":1703056633512,"time":"2023-12-20T09:47:13.661Z"}},{"iob":0.055,"basaliob":-0.101,"bolussnooze":0,"activity":0.0011,"lastBolusTime":1703056633512,"time":"2023-12-20T09:52:13.661Z","iobWithZeroTemp":{"iob":-1.352,"basaliob":-1.508,"bolussnooze":0,"activity":-0.0142,"lastBolusTime":1703056633512,"time":"2023-12-20T09:52:13.661Z"}},{"iob":0.05,"basaliob":-0.092,"bolussnooze":0,"activity":0.001,"lastBolusTime":1703056633512,"time":"2023-12-20T09:57:13.661Z","iobWithZeroTemp":{"iob":-1.364,"basaliob":-1.506,"bolussnooze":0,"activity":-0.0144,"lastBolusTime":1703056633512,"time":"2023-12-20T09:57:13.661Z"}},{"iob":0.045,"basaliob":-0.083,"bolussnooze":0,"activity":0.001,"lastBolusTime":1703056633512,"time":"2023-12-20T10:02:13.661Z","iobWithZeroTemp":{"iob":-1.375,"basaliob":-1.503,"bolussnooze":0,"activity":-0.0146,"lastBolusTime":1703056633512,"time":"2023-12-20T10:02:13.661Z"}},{"iob":0.041,"basaliob":-0.075,"bolussnooze":0,"activity":8.0E-4,"lastBolusTime":1703056633512,"time":"2023-12-20T10:07:13.661Z","iobWithZeroTemp":{"iob":-1.376,"basaliob":-1.492,"bolussnooze":0,"activity":-0.0149,"lastBolusTime":1703056633512,"time":"2023-12-20T10:07:13.661Z"}},{"iob":0.037,"basaliob":-0.068,"bolussnooze":0,"activity":7.0E-4,"lastBolusTime":1703056633512,"time":"2023-12-20T10:12:13.661Z","iobWithZeroTemp":{"iob":-1.376,"basaliob":-1.481,"bolussnooze":0,"activity":-0.015,"lastBolusTime":1703056633512,"time":"2023-12-20T10:12:13.661Z"}},{"iob":0.033,"basaliob":-0.062,"bolussnooze":0,"activity":7.0E-4,"lastBolusTime":1703056633512,"time":"2023-12-20T10:17:13.661Z","iobWithZeroTemp":{"iob":-1.376,"basaliob":-1.471,"bolussnooze":0,"activity":-0.0151,"lastBolusTime":1703056633512,"time":"2023-12-20T10:17:13.661Z"}},{"iob":0.03,"basaliob":-0.056,"bolussnooze":0,"activity":7.0E-4,"lastBolusTime":1703056633512,"time":"2023-12-20T10:22:13.661Z","iobWithZeroTemp":{"iob":-1.375,"basaliob":-1.461,"bolussnooze":0,"activity":-0.0151,"lastBolusTime":1703056633512,"time":"2023-12-20T10:22:13.661Z"}},{"iob":0.027,"basaliob":-0.05,"bolussnooze":0,"activity":6.0E-4,"lastBolusTime":1703056633512,"time":"2023-12-20T10:27:13.661Z","iobWithZeroTemp":{"iob":-1.374,"basaliob":-1.451,"bolussnooze":0,"activity":-0.0153,"lastBolusTime":1703056633512,"time":"2023-12-20T10:27:13.661Z"}},{"iob":0.025,"basaliob":-0.045,"bolussnooze":0,"activity":5.0E-4,"lastBolusTime":1703056633512,"time":"2023-12-20T10:32:13.661Z","iobWithZeroTemp":{"iob":-1.372,"basaliob":-1.442,"bolussnooze":0,"activity":-0.0154,"lastBolusTime":1703056633512,"time":"2023-12-20T10:32:13.661Z"}},{"iob":0.022,"basaliob":-0.041,"bolussnooze":0,"activity":4.0E-4,"lastBolusTime":1703056633512,"time":"2023-12-20T10:37:13.661Z","iobWithZeroTemp":{"iob":-1.371,"basaliob":-1.434,"bolussnooze":0,"activity":-0.0155,"lastBolusTime":1703056633512,"time":"2023-12-20T10:37:13.661Z"}},{"iob":0.019,"basaliob":-0.037,"bolussnooze":0,"activity":4.0E-4,"lastBolusTime":1703056633512,"time":"2023-12-20T10:42:13.661Z","iobWithZeroTemp":{"iob":-1.369,"basaliob":-1.425,"bolussnooze":0,"activity":-0.0155,"lastBolusTime":1703056633512,"time":"2023-12-20T10:42:13.661Z"}},{"iob":0.018,"basaliob":-0.033,"bolussnooze":0,"activity":4.0E-4,"lastBolusTime":1703056633512,"time":"2023-12-20T10:47:13.661Z","iobWithZeroTemp":{"iob":-1.366,"basaliob":-1.417,"bolussnooze":0,"activity":-0.0154,"lastBolusTime":1703056633512,"time":"2023-12-20T10:47:13.661Z"}},{"iob":0.016,"basaliob":-0.03,"bolussnooze":0,"activity":4.0E-4,"lastBolusTime":1703056633512,"time":"2023-12-20T10:52:13.661Z","iobWithZeroTemp":{"iob":-1.359,"basaliob":-1.405,"bolussnooze":0,"activity":-0.0154,"lastBolusTime":1703056633512,"time":"2023-12-20T10:52:13.661Z"}},{"iob":0.014,"basaliob":-0.027,"bolussnooze":0,"activity":3.0E-4,"lastBolusTime":1703056633512,"time":"2023-12-20T10:57:13.661Z","iobWithZeroTemp":{"iob":-1.357,"basaliob":-1.398,"bolussnooze":0,"activity":-0.0154,"lastBolusTime":1703056633512,"time":"2023-12-20T10:57:13.661Z"}},{"iob":0.013,"basaliob":-0.024,"bolussnooze":0,"activity":3.0E-4,"lastBolusTime":1703056633512,"time":"2023-12-20T11:02:13.661Z","iobWithZeroTemp":{"iob":-1.354,"basaliob":-1.391,"bolussnooze":0,"activity":-0.0154,"lastBolusTime":1703056633512,"time":"2023-12-20T11:02:13.661Z"}},{"iob":0.011,"basaliob":-0.022,"bolussnooze":0,"activity":2.0E-4,"lastBolusTime":1703056633512,"time":"2023-12-20T11:07:13.661Z","iobWithZeroTemp":{"iob":-1.345,"basaliob":-1.378,"bolussnooze":0,"activity":-0.0155,"lastBolusTime":1703056633512,"time":"2023-12-20T11:07:13.661Z"}},{"iob":0.011,"basaliob":-0.019,"bolussnooze":0,"activity":2.0E-4,"lastBolusTime":1703056633512,"time":"2023-12-20T11:12:13.661Z","iobWithZeroTemp":{"iob":-1.333,"basaliob":-1.363,"bolussnooze":0,"activity":-0.0154,"lastBolusTime":1703056633512,"time":"2023-12-20T11:12:13.661Z"}},{"iob":0.009,"basaliob":-0.017,"bolussnooze":0,"activity":2.0E-4,"lastBolusTime":1703056633512,"time":"2023-12-20T11:17:13.661Z","iobWithZeroTemp":{"iob":-1.324,"basaliob":-1.35,"bolussnooze":0,"activity":-0.0153,"lastBolusTime":1703056633512,"time":"2023-12-20T11:17:13.661Z"}}],"profile":{"max_iob":20,"type":"current","max_daily_basal":1.6,"max_basal":4.8,"min_bg":81,"max_bg":81,"target_bg":81,"carb_ratio":5.5,"sens":72,"max_daily_safety_multiplier":3,"current_basal_safety_multiplier":4,"high_temptarget_raises_sensitivity":false,"low_temptarget_lowers_sensitivity":false,"sensitivity_raises_target":false,"resistance_lowers_target":false,"adv_target_adjustments":false,"exercise_mode":false,"half_basal_exercise_target":160,"maxCOB":120,"skip_neutral_temps":false,"remainingCarbsCap":90,"enableUAM":true,"A52_risk_enable":false,"SMBInterval":3,"enableSMB_with_COB":false,"enableSMB_with_temptarget":false,"allowSMB_with_high_temptarget":true,"enableSMB_always":true,"enableSMB_after_carbs":false,"maxSMBBasalMinutes":120,"maxUAMSMBBasalMinutes":120,"bolus_increment":0.05,"carbsReqThreshold":1,"current_basal":1.2,"temptargetSet":true,"autosens_max":1.8,"out_units":"mmol\/L"},"autosens_data":{"ratio":1},"meal_data":{"carbs":50,"mealCOB":12.666666666666671,"slopeFromMaxDeviation":-0.7876,"slopeFromMinDeviation":0.11581818181818182,"lastBolusTime":1703056633512,"lastCarbTime":1703053023000},"microBolusAllowed":true,"currentTime":1703056937804,"flatBGsDetected":false},"output":{"temp":"absolute","bg":91,"tick":-4,"eventualBG":193,"targetBG":81,"insulinReq":0,"deliverAt":"2023-12-20T07:22:17.804Z","sensitivityRatio":1,"predBGs":{"IOB":[91,87,83,79,76,73,70,67,64,62,59,57,55,53,52,50,49,47,46,45,44,43,42,41,40,40,39],"ZT":[91,87,84,80,77,75,73,71,70,69,68,68,69,70,71,73,75,77,80],"COB":[91,87,84,81,78,76,74,73,72,71,71,71,72,73,74,76,78,81,83,86,90,93,97,101,106,110,115,121,126,131,136,141,146,151,155,159,163,167,170,173,177,180,182,185,187,189,191,193],"UAM":[91,87,83,79,76,73,70,67,64,62,59,57,55,53,52,50,49,47,46,45,44,43,42,41,40,40,39]},"COB":12.666666666666671,"IOB":0.76,"reason":"COB: 12.7, Dev: 0.3, BGI: -0.2, ISF: 4.0, CR: 5.5, Target: 4.5, minPredBG 4.1, minGuardBG 2.4, IOBpredBG 2.2, COBpredBG 10.7, UAMpredBG 2.2; minGuardBG 2.4<3.4","duration":30,"rate":0,"timestamp":"2023-12-20T07:22:17.971Z"}}