{"algorithm":"OpenAPSSMBPlugin","input":{"glucoseStatus":{"glucose":89,"noise":0,"delta":7,"short_avgdelta":6.5,"long_avgdelta":0.49,"date":1703093202153},"currenttemp":{"temp":"absolute","duration":0,"rate":0},"iob_data":[{"iob":-0.117,"basaliob":-0.354,"bolussnooze":0,"activity":-0.0018,"lastBolusTime":1703091736345,"time":"2023-12-20T17:27:08.307Z","iobWithZeroTemp":{"iob":-0.117,"basaliob":-0.354,"bolussnooze":0,"activity":-0.0018,"lastBolusTime":1703091736345,"time":"2023-12-20T17:27:08.307Z"}},{"iob":-0.108,"basaliob":-0.331,"bolussnooze":0,"activity":-0.0018,"lastBolusTime":1703091736345,"time":"2023-12-20T17:32:08.307Z","iobWithZeroTemp":{"iob":-0.148,"basaliob":-0.371,"bolussnooze":0,"activity":-0.0018,"lastBolusTime":1703091736345,"time":"2023-12-20T17:32:08.307Z"}},{"iob":-0.099,"basaliob":-0.308,"bolussnooze":0,"activity":-0.0017,"lastBolusTime":1703091736345,"time":"2023-12-20T17:37:08.307Z","iobWithZeroTemp":{"iob":-0.188,"basaliob":-0.397,"bolussnooze":0,"activity":-0.0019,"lastBolusTime":1703091736345,"time":"2023-12-20T17:37:08.307Z"}},{"iob":-0.092,"basaliob":-0.287,"bolussnooze":0,"activity":-0.0015,"lastBolusTime":1703091736345,"time":"2023-12-20T17:42:08.307Z","iobWithZeroTemp":{"iob":-0.23,"basaliob":-0.425,"bolussnooze":0,"activity":-0.0019,"lastBolusTime":1703091736345,"time":"2023-12-20T17:42:08.307Z"}},{"iob":-0.084,"basaliob":-0.266,"bolussnooze":0,"activity":-0.0014,"lastBolusTime":1703091736345,"time":"2023-12-20T17:47:08.307Z","iobWithZeroTemp":{"iob":-0.269,"basaliob":-0.451,"bolussnooze":0,"activity":-0.0021,"lastBolusTime":1703091736345,"time":"2023-12-20T17:47:08.307Z"}},{"iob":-0.077,"basaliob":-0.247,"bolussnooze":0,"activity":-0.0014,"lastBolusTime":1703091736345,"time":"2023-12-20T17:52:08.307Z","iobWithZeroTemp":{"iob":-0.308,"basaliob":-0.478,"bolussnooze":0,"activity":-0.0024,"lastBolusTime":1703091736345,"time":"2023-12-20T17:52:08.307Z"}},{"iob":-0.07,"basaliob":-0.228,"bolussnooze":0,"activity":-0.0013,"lastBolusTime":1703091736345,"time":"2023-12-20T17:57:08.307Z","iobWithZeroTemp":{"iob":-0.345,"basaliob":-0.503,"bolussnooze":0,"activity":-0.0027,"lastBolusTime":1703091736345,"time":"2023-12-20T17:57:08.307Z"}},{"iob":-0.065,"basaliob":-0.211,"bolussnooze":0,"activity":-0.0012,"lastBolusTime":1703091736345,"time":"2023-12-20T18:02:08.307Z","iobWithZeroTemp":{"iob":-0.382,"basaliob":-0.528,"bolussnooze":0,"activity":-0.003,"lastBolusTime":1703091736345,"time":"2023-12-20T18:02:08.307Z"}},{"iob":-0.059,"basaliob":-0.195,"bolussnooze":0,"activity":-0.0011,"lastBolusTime":1703091736345,"time":"2023-12-20T18:07:08.307Z","iobWithZeroTemp":{"iob":-0.416,"basaliob":-0.552,"bolussnooze":0,"activity":-0.0033,"lastBolusTime":1703091736345,"time":"2023-12-20T18:07:08.307Z"}},{"iob":-0.055,"basaliob":-0.18,"bolussnooze":0,"activity":-0.001,"lastBolusTime":1703091736345,"time":"2023-12-20T18:12:08.307Z","iobWithZeroTemp":{"iob":-0.45,"basaliob":-0.575,"bolussnooze":0,"activity":-0.0036,"lastBolusTime":1703091736345,"time":"2023-12-20T18:12:08.307Z"}},{"iob":-0.049,"basaliob":-0.165,"bolussnooze":0,"activity":-9.0E-4,"lastBolusTime":1703091736345,"time":"2023-12-20T18:17:08.307Z","iobWithZeroTemp":{"iob":-0.48,"basaliob":-0.596,"bolussnooze":0,"activity":-0.0039,"lastBolusTime":1703091736345,"time":"2023-12-20T18:17:08.307Z"}},{"iob":-0.045,"basaliob":-0.152,"bolussnooze":0,"activity":-9.0E-4,"lastBolusTime":1703091736345,"time":"2023-12-20T18:22:08.307Z","iobWithZeroTemp":{"iob":-0.51,"basaliob":-0.617,"bolussnooze":0,"activity":-0.0043,"lastBolusTime":1703091736345,"time":"2023-12-20T18:22:08.307Z"}},{"iob":-0.042,"basaliob":-0.14,"bolussnooze":0,"activity":-8.0E-4,"lastBolusTime":1703091736345,"time":"2023-12-20T18:27:08.307Z","iobWithZeroTemp":{"iob":-0.539,"basaliob":-0.637,"bolussnooze":0,"activity":-0.0046,"lastBolusTime":1703091736345,"time":"2023-12-20T18:27:08.307Z"}},{"iob":-0.037,"basaliob":-0.128,"bolussnooze":0,"activity":-7.0E-4,"lastBolusTime":1703091736345,"time":"2023-12-20T18:32:08.307Z","iobWithZeroTemp":{"iob":-0.564,"basaliob":-0.655,"bolussnooze":0,"activity":-0.0049,"lastBolusTime":1703091736345,"time":"2023-12-20T18:32:08.307Z"}},{"iob":-0.034,"basaliob":-0.117,"bolussnooze":0,"activity":-7.0E-4,"lastBolusTime":1703091736345,"time":"2023-12-20T18:37:08.307Z","iobWithZeroTemp":{"iob":-0.589,"basaliob":-0.672,"bolussnooze":0,"activity":-0.0053,"lastBolusTime":1703091736345,"time":"2023-12-20T18:37:08.307Z"}},{"iob":-0.031,"basaliob":-0.107,"bolussnooze":0,"activity":-6.0E-4,"lastBolusTime":1703091736345,"time":"2023-12-20T18:42:08.307Z","iobWithZeroTemp":{"iob":-0.612,"basaliob":-0.688,"bolussnooze":0,"activity":-0.0056,"lastBolusTime":1703091736345,"time":"2023-12-20T18:42:08.307Z"}},{"iob":-0.028,"basaliob":-0.098,"bolussnooze":0,"activity":-6.0E-4,"lastBolusTime":1703091736345,"time":"2023-12-20T18:47:08.307Z","iobWithZeroTemp":{"iob":-0.633,"basaliob":-0.703,"bolussnooze":0,"activity":-0.0059,"lastBolusTime":1703091736345,"time":"2023-12-20T18:47:08.307Z"}},{"iob":-0.026,"basaliob":-0.09,"bolussnooze":0,"activity":-5.0E-4,"lastBolusTime":1703091736345,"time":"2023-12-20T18:52:08.307Z","iobWithZeroTemp":{"iob":-0.654,"basaliob":-0.718,"bolussnooze":0,"activity":-0.0062,"lastBolusTime":1703091736345,"time":"2023-12-20T18:52:08.307Z"}},{"iob":-0.023,"basaliob":-0.082,"bolussnooze":0,"activity":-5.0E-4,"lastBolusTime":1703091736345,"time":"2023-12-20T18:57:08.307Z","iobWithZeroTemp":{"iob":-0.672,"basaliob":-0.731,"bolussnooze":0,"activity":-0.0065,"lastBolusTime":1703091736345,"time":"2023-12-20T18:57:08.307Z"}},{"iob":-0.021,"basaliob":-0.075,"bolussnooze":0,"activity":-4.0E-4,"lastBolusTime":1703091736345,"time":"2023-12-20T19:02:08.307Z","iobWithZeroTemp":{"iob":-0.689,"basaliob":-0.743,"bolussnooze":0,"activity":-0.0067,"lastBolusTime":1703091736345,"time":"2023-12-20T19:02:08.307Z"}},{"iob":-0.019,"basaliob":-0.068,"bolussnooze":0,"activity":-4.0E-4,"lastBolusTime":1703091736345,"time":"2023-12-20T19:07:08.307Z","iobWithZeroTemp":{"iob":-0.705,"basaliob":-0.754,"bolussnooze":0,"activity":-0.007,"lastBolusTime":1703091736345,"time":"2023-12-20T19:07:08.307Z"}},{"iob":-0.017,"basaliob":-0.062,"bolussnooze":0,"activity":-4.0E-4,"lastBolusTime":1703091736345,"time":"2023-12-20T19:12:08.307Z","iobWithZeroTemp":{"iob":-0.72,"basaliob":-0.765,"bolussnooze":0,"activity":-0.0072,"lastBolusTime":1703091736345,"time":"2023-12-20T19:12:08.307Z"}},{"iob":-0.015,"basaliob":-0.056,"bolussnooze":0,"activity":-3.0E-4,"lastBolusTime":1703091736345,"time":"2023-12-20T19:17:08.307Z","iobWithZeroTemp":{"iob":-0.733,"basaliob":-0.774,"bolussnooze":0,"activity":-0.0074,"lastBolusTime":1703091736345,"time":"2023-12-20T19:17:08.307Z"}},{"iob":-0.014,"basaliob":-0.051,"bolussnooze":0,"activity":-3.0E-4,"lastBolusTime":1703091736345,"time":"2023-12-20T19:22:08.307Z","iobWithZeroTemp":{"iob":-0.746,"basaliob":-0.783,"bolussnooze":0,"activity":-0.0076,"lastBolusTime":1703091736345,"time":"2023-12-20T19:22:08.307Z"}},{"iob":-0.013,"basaliob":-0.047,"bolussnooze":0,"activity":-3.0E-4,"lastBolusTime":1703091736345,"time":"2023-12-20T19:27:08.307Z","iobWithZeroTemp":{"iob":-0.758,"basaliob":-0.792,"bolussnooze":0,"activity":-0.0078,"lastBolusTime":1703091736345,"time":"2023-12-20T19:27:08.307Z"}},{"iob":-0.011,"basaliob":-0.042,"bolussnooze":0,"activity":-2.0E-4,"lastBolusTime":1703091736345,"time":"2023-12-20T19:32:08.307Z","iobWithZeroTemp":{"iob":-0.768,"basaliob":-0.799,"bolussnooze":0,"activity":-0.0079,"lastBolusTime":1703091736345,"time":"2023-12-20T19:32:08.307Z"}},{"iob":-0.01,"basaliob":-0.038,"bolussnooze":0,"activity":-3.0E-4,"lastBolusTime":1703091736345,"time":"2023-12-20T19:37:08.307Z","iobWithZeroTemp":{"iob":-0.778,"basaliob":-0.806,"bolussnooze":0,"activity":-0.0082,"lastBolusTime":1703091736345,"time":"2023-12-20T19:37:08.307Z"}},{"iob":-0.009,"basaliob":-0.035,"bolussnooze":0,"activity":-2.0E-4,"lastBolusTime":1703091736345,"time":"2023-12-20T19:42:08.307Z","iobWithZeroTemp":{"iob":-0.787,"basaliob":-0.813,"bolussnooze":0,"activity":-0.0083,"lastBolusTime":1703091736345,"time":"2023-12-20T19:42:08.307Z"}},{"iob":-0.008,"basaliob":-0.031,"bolussnooze":0,"activity":-2.0E-4,"lastBolusTime":1703091736345,"time":"2023-12-20T19:47:08.307Z","iobWithZeroTemp":{"iob":-0.795,"basaliob":-0.818,"bolussnooze":0,"activity":-0.0084,"lastBolusTime":1703091736345,"time":"2023-12-20T19:47:08.307Z"}},{"iob":-0.007,"basaliob":-0.028,"bolussnooze":0,"activity":-2.0E-4,"lastBolusTime":1703091736345,"time":"2023-12-20T19:52:08.307Z","iobWithZeroTemp":{"iob":-0.803,"basaliob":-0.824,"bolussnooze":0,"activity":-0.0086,"lastBolusTime":1703091736345,"time":"2023-12-20T19:52:08.307Z"}},{"iob":-0.007,"basaliob":-0.026,"bolussnooze":0,"activity":-1.0E-4,"lastBolusTime":1703091736345,"time":"2023-12-20T19:57:08.307Z","iobWithZeroTemp":{"iob":-0.811,"basaliob":-0.83,"bolussnooze":0,"activity":-0.0086,"lastBolusTime":1703091736345,"time":"2023-12-20T19:57:08.307Z"}},{"iob":-0.006,"basaliob":-0.023,"bolussnooze":0,"activity":-2.0E-4,"lastBolusTime":1703091736345,"time":"2023-12-20T20:02:08.307Z","iobWithZeroTemp":{"iob":-0.817,"basaliob":-0.834,"bolussnooze":0,"activity":-0.0089,"lastBolusTime":1703091736345,"time":"2023-12-20T20:02:08.307Z"}},{"iob":-0.005,"basaliob":-0.021,"bolussnooze":0,"activity":-1.0E-4,"lastBolusTime":1703091736345,"time":"2023-12-20T20:07:08.307Z","iobWithZeroTemp":{"iob":-0.835,"basaliob":-0.851,"bolussnooze":0,"activity":-0.0089,"lastBolusTime":1703091736345,"time":"2023-12-20T20:07:08.307Z"}},{"iob":-0.005,"basaliob":-0.019,"bolussnooze":0,"activity":-1.0E-4,"lastBolusTime":1703091736345,"time":"2023-12-20T20:12:08.307Z","iobWithZeroTemp":{"iob":-0.853,"basaliob":-0.867,"bolussnooze":0,"activity":-0.009,"lastBolusTime":1703091736345,"time":"2023-12-20T20:12:08.307Z"}},{"iob":-0.004,"basaliob":-0.017,"bolussnooze":0,"activity":-1.0E-4,"lastBolusTime":1703091736345,"time":"2023-12-20T20:17:08.307Z","iobWithZeroTemp":{"iob":-0.869,"basaliob":-0.882,"bolussnooze":0,"activity":-0.0092,"lastBolusTime":1703091736345,"time":"2023-12-20T20:17:08.307Z"}},{"iob":-0.003,"basaliob":-0.015,"bolussnooze":0,"activity":-1.0E-4,"lastBolusTime":1703091736345,"time":"2023-12-20T20:22:08.307Z","iobWithZeroTemp":{"iob":-0.885,"basaliob":-0.897,"bolussnooze":0,"activity":-0.0094,"lastBolusTime":1703091736345,"time":"2023-12-20T20:22:08.307Z"}},{"iob":-0.004,"basaliob":-0.014,"bolussnooze":0,"activity":-1.0E-4,"lastBolusTime":1703091736345,"time":"2023-12-20T20:27:08.307Z","iobWithZeroTemp":{"iob":-0.901,"basaliob":-0.911,"bolussnooze":0,"activity":-0.0095,"lastBolusTime":1703091736345,"time":"2023-12-20T20:27:08.307Z"}},{"iob":-0.003,"basaliob":-0.012,"bolussnooze":0,"activity":-1.0E-4,"lastBolusTime":1703091736345,"time":"2023-12-20T20:32:08.307Z","iobWithZeroTemp":{"iob":-0.915,"basaliob":-0.924,"bolussnooze":0,"activity":-0.0097,"lastBolusTime":1703091736345,"time":"2023-12-20T20:32:08.307Z"}},{"iob":-0.003,"basaliob":-0.011,"bolussnooze":0,"activity":0,"lastBolusTime":1703091736345,"time":"2023-12-20T20:37:08.307Z","iobWithZeroTemp":{"iob":-0.929,"basaliob":-0.937,"bolussnooze":0,"activity":-0.0098,"lastBolusTime":1703091736345,"time":"2023-12-20T20:37:08.307Z"}},{"iob":-0.002,"basaliob":-0.01,"bolussnooze":0,"activity":0,"lastBolusTime":1703091736345,"time":"2023-12-20T20:42:08.307Z","iobWithZeroTemp":{"iob":-0.942,"basaliob":-0.95,"bolussnooze":0,"activity":-0.0099,"lastBolusTime":1703091736345,"time":"2023-12-20T20:42:08.307Z"}},{"iob":-0.002,"basaliob":-0.009,"bolussnooze":0,"activity":-1.0E-4,"lastBolusTime":1703091736345,"time":"2023-12-20T20:47:08.307Z","iobWithZeroTemp":{"iob":-0.954,"basaliob":-0.961,"bolussnooze":0,"activity":-0.0102,"lastBolusTime":1703091736345,"time":"2023-12-20T20:47:08.307Z"}},{"iob":-0.002,"basaliob":-0.008,"bolussnooze":0,"activity":-1.0E-4,"lastBolusTime":1703091736345,"time":"2023-12-20T20:52:08.307Z","iobWithZeroTemp":{"iob":-0.966,"basaliob":-0.972,"bolussnooze":0,"activity":-0.0104,"lastBolusTime":1703091736345,"time":"2023-12-20T20:52:08.307Z"}},{"iob":-0.001,"basaliob":-0.007,"bolussnooze":0,"activity":-1.0E-4,"lastBolusTime":1703091736345,"time":"2023-12-20T20:57:08.307Z","iobWithZeroTemp":{"iob":-0.976,"basaliob":-0.982,"bolussnooze":0,"activity":-0.0105,"lastBolusTime":1703091736345,"time":"2023-12-20T20:57:08.307Z"}},{"iob":-0.002,"basaliob":-0.007,"bolussnooze":0,"activity":0,"lastBolusTime":1703091736345,"time":"2023-12-20T21:02:08.307Z","iobWithZeroTemp":{"iob":-0.987,"basaliob":-0.992,"bolussnooze":0,"activity":-0.0105,"lastBolusTime":1703091736345,"time":"2023-12-20T21:02:08.307Z"}},{"iob":-0.002,"basaliob":-0.006,"bolussnooze":0,"activity":0,"lastBolusTime":1703091736345,"time":"2023-12-20T21:07:08.307Z","iobWithZeroTemp":{"iob":-1.042,"basaliob":-1.046,"bolussnooze":0,"activity":-0.0107,"lastBolusTime":1703091736345,"time":"2023-12-20T21:07:08.307Z"}},{"iob":-0.001,"basaliob":-0.005,"bolussnooze":0,"activity":0,"lastBolusTime":1703091736345,"time":"2023-12-20T21:12:08.307Z","iobWithZeroTemp":{"iob":-1.094,"basaliob":-1.098,"bolussnooze":0,"activity":-0.011,"lastBolusTime":1703091736345,"time":"2023-12-20T21:12:08.307Z"}},{"iob":-0.001,"basaliob":-0.005,"bolussnooze":0,"activity":0,"lastBolusTime":1703091736345,"time":"2023-12-20T21:17:08.307Z","iobWithZeroTemp":{"iob":-1.147,"basaliob":-1.151,"bolussnooze":0,"activity":-0.0114,"lastBolusTime":1703091736345,"time":"2023-12-20T21:17:08.307Z"}},{"iob":-0.001,"basaliob":-0.004,"bolussnooze":0,"activity":0,"lastBolusTime":1703091736345,"time":"2023-12-20T21:22:08.307Z","iobWithZeroTemp":{"iob":-1.203,"basaliob":-1.206,"bolussnooze":0,"activity":-0.0118,"lastBolusTime":1703091736345,"time":"2023-12-20T21:22:08.307Z"}}],"profile":{"max_iob":20,"type":"current","max_daily_basal":1.6,"max_basal":2.4,"min_bg":90,"max_bg":90,"target_bg":90,"carb_ratio":8,"sens":108,"max_daily_safety_multiplier":3,"current_basal_safety_multiplier":4,"high_temptarget_raises_sensitivity":false,"low_temptarget_lowers_sensitivity":false,"sensitivity_raises_target":false,"resistance_lowers_target":false,"adv_target_adjustments":false,"exercise_mode":false,"half_basal_exercise_target":160,"maxCOB":120,"skip_neutral_temps":false,"remainingCarbsCap":90,"enableUAM":true,"A52_risk_enable":false,"SMBInterval":3,"enableSMB_with_COB":false,"enableSMB_with_temptarget":false,"allowSMB_with_high_temptarget":true,"enableSMB_always":true,"enableSMB_after_carbs":false,"maxSMBBasalMinutes":120,"maxUAMSMBBasalMinutes":120,"bolus_increment":0.05,"carbsReqThreshold":1,"current_basal":0.6,"temptargetSet":false,"autosens_max":1.8,"out_units":"mmol\/L"},"autosens_data":{"ratio":1},"meal_data":{"carbs":15,"mealCOB":0,"slopeFromMaxDeviation":0,"slopeFromMinDeviation":5.608,"lastBolusTime":1703091736345,"lastCarbTime":1703074649000},"microBolusAllowed":true,"currentTime":1703093231190,"flatBGsDetected":false},"output":{"temp":"absolute","bg":89,"tick":"+7","eventualBG":135,"targetBG":90,"insulinReq":0.12,"deliverAt":"2023-12-20T17:27:11.190Z","sensitivityRatio":1,"predBGs":{"IOB":[89,95,101,106,110,114,118,121,123,125,126,127,128,128,129,129,129,130,130,130,130,131,131,131,131,131,132,132,132,132,132,132,132,132,132,132,132,132,132,132,132,133],"ZT":[89,90,91,92,93,94,95],"UAM":[89,94,96,97,98,99,100,100,101,102,102,103,103,103,104,104,105,105,105,105,106,106,106,106,106,107,107,107,107,107,107,107,107,107,107,107,108]},"COB":0,"IOB":-0.117,"reason":"COB: 0, Dev: 1.8, BGI: 0.1, ISF: 6.0, CR: 8, Target: 5.0, minPredBG 5.7, minGuardBG 5.2, IOBpredBG 7.4, UAMpredBG 6.0; Eventual BG 7.5 >= 5.0,  insulinReq 0.12. Microbolusing 0.05U. no temp, setting 0.84U\/hr. ","units":0.05,"duration":30,"rate":0.84,"timestamp":"2023-12-20T17:27:11.391Z"}}