{"algorithm":"OpenAPSSMBPlugin","input":{"glucoseStatus":{"glucose":91,"noise":0,"delta":-3,"short_avgdelta":2.17,"long_avgdelta":8.4,"date":1703076101480},"currenttemp":{"temp":"absolute","duration":25,"rate":0.3,"minutesrunning":5},"iob_data":[{"iob":1.655,"basaliob":-1.104,"bolussnooze":1.756,"activity":0.0092,"lastBolusTime":1703076100409,"time":"2023-12-20T12:42:00.804Z","iobWithZeroTemp":{"iob":1.655,"basaliob":-1.104,"bolussnooze":1.756,"activity":0.0092,"lastBolusTime":1703076100409,"time":"2023-12-20T12:42:00.804Z"}},{"iob":1.604,"basaliob":-1.037,"bolussnooze":1.6265,"activity":0.011,"lastBolusTime":1703076100409,"time":"2023-12-20T12:47:00.804Z","iobWithZeroTemp":{"iob":1.551,"basaliob":-1.09,"bolussnooze":1.6265,"activity":0.0109,"lastBolusTime":1703076100409,"time":"2023-12-20T12:47:00.804Z"}},{"iob":1.546,"basaliob":-0.972,"bolussnooze":1.4776,"activity":0.0124,"lastBolusTime":1703076100409,"time":"2023-12-20T12:52:00.804Z","iobWithZeroTemp":{"iob":1.427,"basaliob":-1.091,"bolussnooze":1.4776,"activity":0.0122,"lastBolusTime":1703076100409,"time":"2023-12-20T12:52:00.804Z"}},{"iob":1.481,"basaliob":-0.909,"bolussnooze":1.3222,"activity":0.0133,"lastBolusTime":1703076100409,"time":"2023-12-20T12:57:00.804Z","iobWithZeroTemp":{"iob":1.297,"basaliob":-1.093,"bolussnooze":1.3222,"activity":0.0128,"lastBolusTime":1703076100409,"time":"2023-12-20T12:57:00.804Z"}},{"iob":1.412,"basaliob":-0.849,"bolussnooze":1.1689,"activity":0.014,"lastBolusTime":1703076100409,"time":"2023-12-20T13:02:00.804Z","iobWithZeroTemp":{"iob":1.165,"basaliob":-1.096,"bolussnooze":1.1689,"activity":0.0131,"lastBolusTime":1703076100409,"time":"2023-12-20T13:02:00.804Z"}},{"iob":1.342,"basaliob":-0.79,"bolussnooze":1.0231,"activity":0.0143,"lastBolusTime":1703076100409,"time":"2023-12-20T13:07:00.804Z","iobWithZeroTemp":{"iob":1.042,"basaliob":-1.09,"bolussnooze":1.0231,"activity":0.0129,"lastBolusTime":1703076100409,"time":"2023-12-20T13:07:00.804Z"}},{"iob":1.269,"basaliob":-0.735,"bolussnooze":0.888,"activity":0.0144,"lastBolusTime":1703076100409,"time":"2023-12-20T13:12:00.804Z","iobWithZeroTemp":{"iob":0.918,"basaliob":-1.086,"bolussnooze":0.888,"activity":0.0126,"lastBolusTime":1703076100409,"time":"2023-12-20T13:12:00.804Z"}},{"iob":1.197,"basaliob":-0.682,"bolussnooze":0.7652,"activity":0.0143,"lastBolusTime":1703076100409,"time":"2023-12-20T13:17:00.804Z","iobWithZeroTemp":{"iob":0.806,"basaliob":-1.073,"bolussnooze":0.7652,"activity":0.012,"lastBolusTime":1703076100409,"time":"2023-12-20T13:17:00.804Z"}},{"iob":1.127,"basaliob":-0.631,"bolussnooze":0.6552,"activity":0.0141,"lastBolusTime":1703076100409,"time":"2023-12-20T13:22:00.804Z","iobWithZeroTemp":{"iob":0.69,"basaliob":-1.068,"bolussnooze":0.6552,"activity":0.0114,"lastBolusTime":1703076100409,"time":"2023-12-20T13:22:00.804Z"}},{"iob":1.057,"basaliob":-0.584,"bolussnooze":0.5579,"activity":0.0138,"lastBolusTime":1703076100409,"time":"2023-12-20T13:27:00.804Z","iobWithZeroTemp":{"iob":0.576,"basaliob":-1.065,"bolussnooze":0.5579,"activity":0.0106,"lastBolusTime":1703076100409,"time":"2023-12-20T13:27:00.804Z"}},{"iob":0.989,"basaliob":-0.54,"bolussnooze":0.4727,"activity":0.0134,"lastBolusTime":1703076100409,"time":"2023-12-20T13:32:00.804Z","iobWithZeroTemp":{"iob":0.467,"basaliob":-1.062,"bolussnooze":0.4727,"activity":0.0097,"lastBolusTime":1703076100409,"time":"2023-12-20T13:32:00.804Z"}},{"iob":0.923,"basaliob":-0.498,"bolussnooze":0.3987,"activity":0.0129,"lastBolusTime":1703076100409,"time":"2023-12-20T13:37:00.804Z","iobWithZeroTemp":{"iob":0.363,"basaliob":-1.058,"bolussnooze":0.3987,"activity":0.0087,"lastBolusTime":1703076100409,"time":"2023-12-20T13:37:00.804Z"}},{"iob":0.86,"basaliob":-0.459,"bolussnooze":0.3349,"activity":0.0123,"lastBolusTime":1703076100409,"time":"2023-12-20T13:42:00.804Z","iobWithZeroTemp":{"iob":0.263,"basaliob":-1.056,"bolussnooze":0.3349,"activity":0.0076,"lastBolusTime":1703076100409,"time":"2023-12-20T13:42:00.804Z"}},{"iob":0.8,"basaliob":-0.422,"bolussnooze":0.2803,"activity":0.0117,"lastBolusTime":1703076100409,"time":"2023-12-20T13:47:00.804Z","iobWithZeroTemp":{"iob":0.169,"basaliob":-1.053,"bolussnooze":0.2803,"activity":0.0066,"lastBolusTime":1703076100409,"time":"2023-12-20T13:47:00.804Z"}},{"iob":0.743,"basaliob":-0.388,"bolussnooze":0.2337,"activity":0.0112,"lastBolusTime":1703076100409,"time":"2023-12-20T13:52:00.804Z","iobWithZeroTemp":{"iob":0.081,"basaliob":-1.05,"bolussnooze":0.2337,"activity":0.0056,"lastBolusTime":1703076100409,"time":"2023-12-20T13:52:00.804Z"}},{"iob":0.689,"basaliob":-0.356,"bolussnooze":0.1942,"activity":0.0106,"lastBolusTime":1703076100409,"time":"2023-12-20T13:57:00.804Z","iobWithZeroTemp":{"iob":-0.003,"basaliob":-1.048,"bolussnooze":0.1942,"activity":0.0046,"lastBolusTime":1703076100409,"time":"2023-12-20T13:57:00.804Z"}},{"iob":0.637,"basaliob":-0.327,"bolussnooze":0.1609,"activity":0.01,"lastBolusTime":1703076100409,"time":"2023-12-20T14:02:00.804Z","iobWithZeroTemp":{"iob":-0.082,"basaliob":-1.046,"bolussnooze":0.1609,"activity":0.0036,"lastBolusTime":1703076100409,"time":"2023-12-20T14:02:00.804Z"}},{"iob":0.589,"basaliob":-0.299,"bolussnooze":0.1329,"activity":0.0094,"lastBolusTime":1703076100409,"time":"2023-12-20T14:07:00.804Z","iobWithZeroTemp":{"iob":-0.156,"basaliob":-1.044,"bolussnooze":0.1329,"activity":0.0026,"lastBolusTime":1703076100409,"time":"2023-12-20T14:07:00.804Z"}},{"iob":0.543,"basaliob":-0.274,"bolussnooze":0.1094,"activity":0.0088,"lastBolusTime":1703076100409,"time":"2023-12-20T14:12:00.804Z","iobWithZeroTemp":{"iob":-0.225,"basaliob":-1.042,"bolussnooze":0.1094,"activity":0.0017,"lastBolusTime":1703076100409,"time":"2023-12-20T14:12:00.804Z"}},{"iob":0.501,"basaliob":-0.25,"bolussnooze":0.0899,"activity":0.0082,"lastBolusTime":1703076100409,"time":"2023-12-20T14:17:00.804Z","iobWithZeroTemp":{"iob":-0.289,"basaliob":-1.04,"bolussnooze":0.0899,"activity":7.0E-4,"lastBolusTime":1703076100409,"time":"2023-12-20T14:17:00.804Z"}},{"iob":0.461,"basaliob":-0.229,"bolussnooze":0.0736,"activity":0.0077,"lastBolusTime":1703076100409,"time":"2023-12-20T14:22:00.804Z","iobWithZeroTemp":{"iob":-0.349,"basaliob":-1.039,"bolussnooze":0.0736,"activity":-1.0E-4,"lastBolusTime":1703076100409,"time":"2023-12-20T14:22:00.804Z"}},{"iob":0.424,"basaliob":-0.209,"bolussnooze":0.0601,"activity":0.0072,"lastBolusTime":1703076100409,"time":"2023-12-20T14:27:00.804Z","iobWithZeroTemp":{"iob":-0.405,"basaliob":-1.038,"bolussnooze":0.0601,"activity":-9.0E-4,"lastBolusTime":1703076100409,"time":"2023-12-20T14:27:00.804Z"}},{"iob":0.39,"basaliob":-0.19,"bolussnooze":0.0489,"activity":0.0067,"lastBolusTime":1703076100409,"time":"2023-12-20T14:32:00.804Z","iobWithZeroTemp":{"iob":-0.456,"basaliob":-1.036,"bolussnooze":0.0489,"activity":-0.0017,"lastBolusTime":1703076100409,"time":"2023-12-20T14:32:00.804Z"}},{"iob":0.357,"basaliob":-0.174,"bolussnooze":0.0397,"activity":0.0062,"lastBolusTime":1703076100409,"time":"2023-12-20T14:37:00.804Z","iobWithZeroTemp":{"iob":-0.505,"basaliob":-1.036,"bolussnooze":0.0397,"activity":-0.0024,"lastBolusTime":1703076100409,"time":"2023-12-20T14:37:00.804Z"}},{"iob":0.327,"basaliob":-0.158,"bolussnooze":0.0322,"activity":0.0057,"lastBolusTime":1703076100409,"time":"2023-12-20T14:42:00.804Z","iobWithZeroTemp":{"iob":-0.549,"basaliob":-1.034,"bolussnooze":0.0322,"activity":-0.0032,"lastBolusTime":1703076100409,"time":"2023-12-20T14:42:00.804Z"}},{"iob":0.299,"basaliob":-0.144,"bolussnooze":0.026,"activity":0.0053,"lastBolusTime":1703076100409,"time":"2023-12-20T14:47:00.804Z","iobWithZeroTemp":{"iob":-0.591,"basaliob":-1.034,"bolussnooze":0.026,"activity":-0.0038,"lastBolusTime":1703076100409,"time":"2023-12-20T14:47:00.804Z"}},{"iob":0.274,"basaliob":-0.131,"bolussnooze":0.0209,"activity":0.0049,"lastBolusTime":1703076100409,"time":"2023-12-20T14:52:00.804Z","iobWithZeroTemp":{"iob":-0.628,"basaliob":-1.033,"bolussnooze":0.0209,"activity":-0.0044,"lastBolusTime":1703076100409,"time":"2023-12-20T14:52:00.804Z"}},{"iob":0.25,"basaliob":-0.119,"bolussnooze":0.0168,"activity":0.0045,"lastBolusTime":1703076100409,"time":"2023-12-20T14:57:00.804Z","iobWithZeroTemp":{"iob":-0.663,"basaliob":-1.032,"bolussnooze":0.0168,"activity":-0.005,"lastBolusTime":1703076100409,"time":"2023-12-20T14:57:00.804Z"}},{"iob":0.228,"basaliob":-0.108,"bolussnooze":0.0134,"activity":0.0042,"lastBolusTime":1703076100409,"time":"2023-12-20T15:02:00.804Z","iobWithZeroTemp":{"iob":-0.696,"basaliob":-1.032,"bolussnooze":0.0134,"activity":-0.0055,"lastBolusTime":1703076100409,"time":"2023-12-20T15:02:00.804Z"}},{"iob":0.208,"basaliob":-0.098,"bolussnooze":0.0107,"activity":0.0039,"lastBolusTime":1703076100409,"time":"2023-12-20T15:07:00.804Z","iobWithZeroTemp":{"iob":-0.717,"basaliob":-1.023,"bolussnooze":0.0107,"activity":-0.006,"lastBolusTime":1703076100409,"time":"2023-12-20T15:07:00.804Z"}},{"iob":0.19,"basaliob":-0.089,"bolussnooze":0.0085,"activity":0.0036,"lastBolusTime":1703076100409,"time":"2023-12-20T15:12:00.804Z","iobWithZeroTemp":{"iob":-0.735,"basaliob":-1.014,"bolussnooze":0.0085,"activity":-0.0064,"lastBolusTime":1703076100409,"time":"2023-12-20T15:12:00.804Z"}},{"iob":0.173,"basaliob":-0.08,"bolussnooze":0.0067,"activity":0.0032,"lastBolusTime":1703076100409,"time":"2023-12-20T15:17:00.804Z","iobWithZeroTemp":{"iob":-0.752,"basaliob":-1.005,"bolussnooze":0.0067,"activity":-0.0069,"lastBolusTime":1703076100409,"time":"2023-12-20T15:17:00.804Z"}},{"iob":0.157,"basaliob":-0.073,"bolussnooze":0.0053,"activity":0.0029,"lastBolusTime":1703076100409,"time":"2023-12-20T15:22:00.804Z","iobWithZeroTemp":{"iob":-0.767,"basaliob":-0.997,"bolussnooze":0.0053,"activity":-0.0073,"lastBolusTime":1703076100409,"time":"2023-12-20T15:22:00.804Z"}},{"iob":0.143,"basaliob":-0.066,"bolussnooze":0.0041,"activity":0.0028,"lastBolusTime":1703076100409,"time":"2023-12-20T15:27:00.804Z","iobWithZeroTemp":{"iob":-0.78,"basaliob":-0.989,"bolussnooze":0.0041,"activity":-0.0074,"lastBolusTime":1703076100409,"time":"2023-12-20T15:27:00.804Z"}},{"iob":0.13,"basaliob":-0.059,"bolussnooze":0.0032,"activity":0.0025,"lastBolusTime":1703076100409,"time":"2023-12-20T15:32:00.804Z","iobWithZeroTemp":{"iob":-0.792,"basaliob":-0.981,"bolussnooze":0.0032,"activity":-0.0078,"lastBolusTime":1703076100409,"time":"2023-12-20T15:32:00.804Z"}},{"iob":0.118,"basaliob":-0.054,"bolussnooze":0.0025,"activity":0.0023,"lastBolusTime":1703076100409,"time":"2023-12-20T15:37:00.804Z","iobWithZeroTemp":{"iob":-0.803,"basaliob":-0.975,"bolussnooze":0.0025,"activity":-0.008,"lastBolusTime":1703076100409,"time":"2023-12-20T15:37:00.804Z"}},{"iob":0.108,"basaliob":-0.048,"bolussnooze":0.0019,"activity":0.0021,"lastBolusTime":1703076100409,"time":"2023-12-20T15:42:00.804Z","iobWithZeroTemp":{"iob":-0.811,"basaliob":-0.967,"bolussnooze":0.0019,"activity":-0.0083,"lastBolusTime":1703076100409,"time":"2023-12-20T15:42:00.804Z"}},{"iob":0.097,"basaliob":-0.044,"bolussnooze":0.0015,"activity":0.0019,"lastBolusTime":1703076100409,"time":"2023-12-20T15:47:00.804Z","iobWithZeroTemp":{"iob":-0.82,"basaliob":-0.961,"bolussnooze":0.0015,"activity":-0.0085,"lastBolusTime":1703076100409,"time":"2023-12-20T15:47:00.804Z"}},{"iob":0.088,"basaliob":-0.039,"bolussnooze":0.0011,"activity":0.0018,"lastBolusTime":1703076100409,"time":"2023-12-20T15:52:00.804Z","iobWithZeroTemp":{"iob":-0.827,"basaliob":-0.954,"bolussnooze":0.0011,"activity":-0.0086,"lastBolusTime":1703076100409,"time":"2023-12-20T15:52:00.804Z"}},{"iob":0.08,"basaliob":-0.035,"bolussnooze":8.0E-4,"activity":0.0016,"lastBolusTime":1703076100409,"time":"2023-12-20T15:57:00.804Z","iobWithZeroTemp":{"iob":-0.834,"basaliob":-0.949,"bolussnooze":8.0E-4,"activity":-0.0088,"lastBolusTime":1703076100409,"time":"2023-12-20T15:57:00.804Z"}},{"iob":0.072,"basaliob":-0.032,"bolussnooze":6.0E-4,"activity":0.0014,"lastBolusTime":1703076100409,"time":"2023-12-20T16:02:00.804Z","iobWithZeroTemp":{"iob":-0.84,"basaliob":-0.944,"bolussnooze":6.0E-4,"activity":-0.009,"lastBolusTime":1703076100409,"time":"2023-12-20T16:02:00.804Z"}},{"iob":0.065,"basaliob":-0.029,"bolussnooze":5.0E-4,"activity":0.0013,"lastBolusTime":1703076100409,"time":"2023-12-20T16:07:00.804Z","iobWithZeroTemp":{"iob":-0.845,"basaliob":-0.939,"bolussnooze":5.0E-4,"activity":-0.0091,"lastBolusTime":1703076100409,"time":"2023-12-20T16:07:00.804Z"}},{"iob":0.059,"basaliob":-0.026,"bolussnooze":3.0E-4,"activity":0.0012,"lastBolusTime":1703076100409,"time":"2023-12-20T16:12:00.804Z","iobWithZeroTemp":{"iob":-0.849,"basaliob":-0.934,"bolussnooze":3.0E-4,"activity":-0.0092,"lastBolusTime":1703076100409,"time":"2023-12-20T16:12:00.804Z"}},{"iob":0.053,"basaliob":-0.023,"bolussnooze":2.0E-4,"activity":0.0011,"lastBolusTime":1703076100409,"time":"2023-12-20T16:17:00.804Z","iobWithZeroTemp":{"iob":-0.853,"basaliob":-0.929,"bolussnooze":2.0E-4,"activity":-0.0093,"lastBolusTime":1703076100409,"time":"2023-12-20T16:17:00.804Z"}},{"iob":0.048,"basaliob":-0.021,"bolussnooze":2.0E-4,"activity":9.0E-4,"lastBolusTime":1703076100409,"time":"2023-12-20T16:22:00.804Z","iobWithZeroTemp":{"iob":-0.856,"basaliob":-0.925,"bolussnooze":2.0E-4,"activity":-0.0094,"lastBolusTime":1703076100409,"time":"2023-12-20T16:22:00.804Z"}},{"iob":0.043,"basaliob":-0.019,"bolussnooze":1.0E-4,"activity":9.0E-4,"lastBolusTime":1703076100409,"time":"2023-12-20T16:27:00.804Z","iobWithZeroTemp":{"iob":-0.86,"basaliob":-0.922,"bolussnooze":1.0E-4,"activity":-0.0094,"lastBolusTime":1703076100409,"time":"2023-12-20T16:27:00.804Z"}},{"iob":0.039,"basaliob":-0.017,"bolussnooze":1.0E-4,"activity":8.0E-4,"lastBolusTime":1703076100409,"time":"2023-12-20T16:32:00.804Z","iobWithZeroTemp":{"iob":-0.862,"basaliob":-0.918,"bolussnooze":1.0E-4,"activity":-0.0095,"lastBolusTime":1703076100409,"time":"2023-12-20T16:32:00.804Z"}},{"iob":0.035,"basaliob":-0.015,"bolussnooze":0,"activity":8.0E-4,"lastBolusTime":1703076100409,"time":"2023-12-20T16:37:00.804Z","iobWithZeroTemp":{"iob":-0.865,"basaliob":-0.915,"bolussnooze":0,"activity":-0.0095,"lastBolusTime":1703076100409,"time":"2023-12-20T16:37:00.804Z"}}],"profile":{"max_iob":20,"type":"current","max_daily_basal":1.6,"max_basal":3.2,"min_bg":81,"max_bg":81,"target_bg":81,"carb_ratio":8,"sens":108,"max_daily_safety_multiplier":3,"current_basal_safety_multiplier":4,"high_temptarget_raises_sensitivity":false,"low_temptarget_lowers_sensitivity":false,"sensitivity_raises_target":false,"resistance_lowers_target":false,"adv_target_adjustments":false,"exercise_mode":false,"half_basal_exercise_target":160,"maxCOB":120,"skip_neutral_temps":false,"remainingCarbsCap":90,"enableUAM":true,"A52_risk_enable":false,"SMBInterval":3,"enableSMB_with_COB":false,"enableSMB_with_temptarget":false,"allowSMB_with_high_temptarget":true,"enableSMB_always":true,"enableSMB_after_carbs":false,"maxSMBBasalMinutes":120,"maxUAMSMBBasalMinutes":120,"bolus_increment":0.05,"carbsReqThreshold":1,"current_basal":0.8,"temptargetSet":true,"autosens_max":1.8,"out_units":"mmol\/L"},"autosens_data":{"ratio":1},"meal_data":{"carbs":45,"mealCOB":6.643407407407408,"slopeFromMaxDeviation":-0.17999999999999966,"slopeFromMinDeviation":1.9761428571428572,"lastBolusTime":1703076100409,"lastCarbTime":1703074649000},"microBolusAllowed":true,"currentTime":1703076122537,"flatBGsDetected":false},"output":{"temp":"absolute","bg":91,"tick":-3,"eventualBG":39,"targetBG":81,"insulinReq":0,"deliverAt":"2023-12-20T12:42:02.537Z","sensitivityRatio":1,"predBGs":{"IOB":[91,88,84,78,73,66,59,52,45,39,39,39,39],"ZT":[91,86,80,74,67,60,53,46,39,39,39,39,39,39,39,39,39,39,39,39,39,39,39,39,39,39,39,39,39,39,39,39,39,39,39,39,41,46,50,55,60,65,69,74,79],"COB":[91,88,84,80,75,69,64,59,53,48,43,39,39],"UAM":[91,87,82,75,68,61,53,45,39,39,39,39,39]},"COB":6.643407407407408,"IOB":1.655,"reason":"COB: 6.6, Dev: 0.7, BGI: -0.3, ISF: 6.0, CR: 8, Target: 4.5, minPredBG 0.0, minGuardBG -3.9, IOBpredBG 2.2, COBpredBG 2.2, UAMpredBG 2.2; 7 add'l carbs req w\/in 35m; minGuardBG -3.9<3.4","carbsReq":7,"carbsReqWithin":35,"duration":120,"rate":0,"timestamp":"2023-12-20T12:42:02.590Z"}}