{"algorithm":"OpenAPSSMBPlugin","input":{"glucoseStatus":{"glucose":71,"noise":0,"delta":1,"short_avgdelta":1,"long_avgdelta":1.12,"date":1703088101910},"currenttemp":{"temp":"absolute","duration":30,"rate":0,"minutesrunning":30},"iob_data":[{"iob":-0.748,"basaliob":-0.88,"bolussnooze":0.0011,"activity":-0.0075,"lastBolusTime":1703076907848,"time":"2023-12-20T16:02:05.097Z","iobWithZeroTemp":{"iob":-0.748,"basaliob":-0.88,"bolussnooze":0.0011,"activity":-0.0075,"lastBolusTime":1703076907848,"time":"2023-12-20T16:02:05.097Z"}},{"iob":-0.71,"basaliob":-0.829,"bolussnooze":8.0E-4,"activity":-0.0077,"lastBolusTime":1703076907848,"time":"2023-12-20T16:07:05.097Z","iobWithZeroTemp":{"iob":-0.75,"basaliob":-0.869,"bolussnooze":8.0E-4,"activity":-0.0077,"lastBolusTime":1703076907848,"time":"2023-12-20T16:07:05.097Z"}},{"iob":-0.671,"basaliob":-0.779,"bolussnooze":6.0E-4,"activity":-0.0077,"lastBolusTime":1703076907848,"time":"2023-12-20T16:12:05.097Z","iobWithZeroTemp":{"iob":-0.76,"basaliob":-0.868,"bolussnooze":6.0E-4,"activity":-0.0079,"lastBolusTime":1703076907848,"time":"2023-12-20T16:12:05.097Z"}},{"iob":-0.633,"basaliob":-0.73,"bolussnooze":4.0E-4,"activity":-0.0077,"lastBolusTime":1703076907848,"time":"2023-12-20T16:17:05.097Z","iobWithZeroTemp":{"iob":-0.771,"basaliob":-0.868,"bolussnooze":4.0E-4,"activity":-0.0081,"lastBolusTime":1703076907848,"time":"2023-12-20T16:17:05.097Z"}},{"iob":-0.594,"basaliob":-0.682,"bolussnooze":3.0E-4,"activity":-0.0075,"lastBolusTime":1703076907848,"time":"2023-12-20T16:22:05.097Z","iobWithZeroTemp":{"iob":-0.779,"basaliob":-0.867,"bolussnooze":3.0E-4,"activity":-0.0082,"lastBolusTime":1703076907848,"time":"2023-12-20T16:22:05.097Z"}},{"iob":-0.557,"basaliob":-0.636,"bolussnooze":2.0E-4,"activity":-0.0073,"lastBolusTime":1703076907848,"time":"2023-12-20T16:27:05.097Z","iobWithZeroTemp":{"iob":-0.788,"basaliob":-0.867,"bolussnooze":2.0E-4,"activity":-0.0083,"lastBolusTime":1703076907848,"time":"2023-12-20T16:27:05.097Z"}},{"iob":-0.521,"basaliob":-0.592,"bolussnooze":1.0E-4,"activity":-0.0071,"lastBolusTime":1703076907848,"time":"2023-12-20T16:32:05.097Z","iobWithZeroTemp":{"iob":-0.796,"basaliob":-0.867,"bolussnooze":1.0E-4,"activity":-0.0085,"lastBolusTime":1703076907848,"time":"2023-12-20T16:32:05.097Z"}},{"iob":-0.487,"basaliob":-0.551,"bolussnooze":1.0E-4,"activity":-0.0068,"lastBolusTime":1703076907848,"time":"2023-12-20T16:37:05.097Z","iobWithZeroTemp":{"iob":-0.804,"basaliob":-0.868,"bolussnooze":1.0E-4,"activity":-0.0086,"lastBolusTime":1703076907848,"time":"2023-12-20T16:37:05.097Z"}},{"iob":-0.453,"basaliob":-0.511,"bolussnooze":1.0E-4,"activity":-0.0066,"lastBolusTime":1703076907848,"time":"2023-12-20T16:42:05.097Z","iobWithZeroTemp":{"iob":-0.81,"basaliob":-0.868,"bolussnooze":1.0E-4,"activity":-0.0088,"lastBolusTime":1703076907848,"time":"2023-12-20T16:42:05.097Z"}},{"iob":-0.421,"basaliob":-0.473,"bolussnooze":0,"activity":-0.0062,"lastBolusTime":1703076907848,"time":"2023-12-20T16:47:05.097Z","iobWithZeroTemp":{"iob":-0.816,"basaliob":-0.868,"bolussnooze":0,"activity":-0.0088,"lastBolusTime":1703076907848,"time":"2023-12-20T16:47:05.097Z"}},{"iob":-0.392,"basaliob":-0.438,"bolussnooze":0,"activity":-0.0059,"lastBolusTime":1703076907848,"time":"2023-12-20T16:52:05.097Z","iobWithZeroTemp":{"iob":-0.823,"basaliob":-0.869,"bolussnooze":0,"activity":-0.0089,"lastBolusTime":1703076907848,"time":"2023-12-20T16:52:05.097Z"}},{"iob":-0.362,"basaliob":-0.404,"bolussnooze":0,"activity":-0.0056,"lastBolusTime":1703076907848,"time":"2023-12-20T16:57:05.097Z","iobWithZeroTemp":{"iob":-0.827,"basaliob":-0.869,"bolussnooze":0,"activity":-0.009,"lastBolusTime":1703076907848,"time":"2023-12-20T16:57:05.097Z"}},{"iob":-0.336,"basaliob":-0.373,"bolussnooze":0,"activity":-0.0053,"lastBolusTime":1703076907848,"time":"2023-12-20T17:02:05.097Z","iobWithZeroTemp":{"iob":-0.833,"basaliob":-0.87,"bolussnooze":0,"activity":-0.0091,"lastBolusTime":1703076907848,"time":"2023-12-20T17:02:05.097Z"}},{"iob":-0.31,"basaliob":-0.343,"bolussnooze":0,"activity":-0.005,"lastBolusTime":1703076907848,"time":"2023-12-20T17:07:05.097Z","iobWithZeroTemp":{"iob":-0.837,"basaliob":-0.87,"bolussnooze":0,"activity":-0.0092,"lastBolusTime":1703076907848,"time":"2023-12-20T17:07:05.097Z"}},{"iob":-0.286,"basaliob":-0.316,"bolussnooze":0,"activity":-0.0046,"lastBolusTime":1703076907848,"time":"2023-12-20T17:12:05.097Z","iobWithZeroTemp":{"iob":-0.841,"basaliob":-0.871,"bolussnooze":0,"activity":-0.0092,"lastBolusTime":1703076907848,"time":"2023-12-20T17:12:05.097Z"}},{"iob":-0.263,"basaliob":-0.29,"bolussnooze":0,"activity":-0.0043,"lastBolusTime":1703076907848,"time":"2023-12-20T17:17:05.097Z","iobWithZeroTemp":{"iob":-0.844,"basaliob":-0.871,"bolussnooze":0,"activity":-0.0093,"lastBolusTime":1703076907848,"time":"2023-12-20T17:17:05.097Z"}},{"iob":-0.242,"basaliob":-0.266,"bolussnooze":0,"activity":-0.0041,"lastBolusTime":1703076907848,"time":"2023-12-20T17:22:05.097Z","iobWithZeroTemp":{"iob":-0.847,"basaliob":-0.871,"bolussnooze":0,"activity":-0.0094,"lastBolusTime":1703076907848,"time":"2023-12-20T17:22:05.097Z"}},{"iob":-0.223,"basaliob":-0.244,"bolussnooze":0,"activity":-0.0038,"lastBolusTime":1703076907848,"time":"2023-12-20T17:27:05.097Z","iobWithZeroTemp":{"iob":-0.851,"basaliob":-0.872,"bolussnooze":0,"activity":-0.0095,"lastBolusTime":1703076907848,"time":"2023-12-20T17:27:05.097Z"}},{"iob":-0.205,"basaliob":-0.224,"bolussnooze":0,"activity":-0.0035,"lastBolusTime":1703076907848,"time":"2023-12-20T17:32:05.097Z","iobWithZeroTemp":{"iob":-0.854,"basaliob":-0.873,"bolussnooze":0,"activity":-0.0095,"lastBolusTime":1703076907848,"time":"2023-12-20T17:32:05.097Z"}},{"iob":-0.188,"basaliob":-0.205,"bolussnooze":0,"activity":-0.0033,"lastBolusTime":1703076907848,"time":"2023-12-20T17:37:05.097Z","iobWithZeroTemp":{"iob":-0.856,"basaliob":-0.873,"bolussnooze":0,"activity":-0.0096,"lastBolusTime":1703076907848,"time":"2023-12-20T17:37:05.097Z"}},{"iob":-0.172,"basaliob":-0.187,"bolussnooze":0,"activity":-0.003,"lastBolusTime":1703076907848,"time":"2023-12-20T17:42:05.097Z","iobWithZeroTemp":{"iob":-0.858,"basaliob":-0.873,"bolussnooze":0,"activity":-0.0096,"lastBolusTime":1703076907848,"time":"2023-12-20T17:42:05.097Z"}},{"iob":-0.158,"basaliob":-0.171,"bolussnooze":0,"activity":-0.0028,"lastBolusTime":1703076907848,"time":"2023-12-20T17:47:05.097Z","iobWithZeroTemp":{"iob":-0.861,"basaliob":-0.874,"bolussnooze":0,"activity":-0.0096,"lastBolusTime":1703076907848,"time":"2023-12-20T17:47:05.097Z"}},{"iob":-0.144,"basaliob":-0.156,"bolussnooze":0,"activity":-0.0026,"lastBolusTime":1703076907848,"time":"2023-12-20T17:52:05.097Z","iobWithZeroTemp":{"iob":-0.862,"basaliob":-0.874,"bolussnooze":0,"activity":-0.0097,"lastBolusTime":1703076907848,"time":"2023-12-20T17:52:05.097Z"}},{"iob":-0.131,"basaliob":-0.142,"bolussnooze":0,"activity":-0.0023,"lastBolusTime":1703076907848,"time":"2023-12-20T17:57:05.097Z","iobWithZeroTemp":{"iob":-0.863,"basaliob":-0.874,"bolussnooze":0,"activity":-0.0096,"lastBolusTime":1703076907848,"time":"2023-12-20T17:57:05.097Z"}},{"iob":-0.121,"basaliob":-0.13,"bolussnooze":0,"activity":-0.0022,"lastBolusTime":1703076907848,"time":"2023-12-20T18:02:05.097Z","iobWithZeroTemp":{"iob":-0.866,"basaliob":-0.875,"bolussnooze":0,"activity":-0.0097,"lastBolusTime":1703076907848,"time":"2023-12-20T18:02:05.097Z"}},{"iob":-0.11,"basaliob":-0.118,"bolussnooze":0,"activity":-0.002,"lastBolusTime":1703076907848,"time":"2023-12-20T18:07:05.097Z","iobWithZeroTemp":{"iob":-0.867,"basaliob":-0.875,"bolussnooze":0,"activity":-0.0097,"lastBolusTime":1703076907848,"time":"2023-12-20T18:07:05.097Z"}},{"iob":-0.1,"basaliob":-0.107,"bolussnooze":0,"activity":-0.0018,"lastBolusTime":1703076907848,"time":"2023-12-20T18:12:05.097Z","iobWithZeroTemp":{"iob":-0.868,"basaliob":-0.875,"bolussnooze":0,"activity":-0.0097,"lastBolusTime":1703076907848,"time":"2023-12-20T18:12:05.097Z"}},{"iob":-0.091,"basaliob":-0.098,"bolussnooze":0,"activity":-0.0017,"lastBolusTime":1703076907848,"time":"2023-12-20T18:17:05.097Z","iobWithZeroTemp":{"iob":-0.869,"basaliob":-0.876,"bolussnooze":0,"activity":-0.0098,"lastBolusTime":1703076907848,"time":"2023-12-20T18:17:05.097Z"}},{"iob":-0.083,"basaliob":-0.089,"bolussnooze":0,"activity":-0.0016,"lastBolusTime":1703076907848,"time":"2023-12-20T18:22:05.097Z","iobWithZeroTemp":{"iob":-0.87,"basaliob":-0.876,"bolussnooze":0,"activity":-0.0098,"lastBolusTime":1703076907848,"time":"2023-12-20T18:22:05.097Z"}},{"iob":-0.075,"basaliob":-0.08,"bolussnooze":0,"activity":-0.0015,"lastBolusTime":1703076907848,"time":"2023-12-20T18:27:05.097Z","iobWithZeroTemp":{"iob":-0.871,"basaliob":-0.876,"bolussnooze":0,"activity":-0.0099,"lastBolusTime":1703076907848,"time":"2023-12-20T18:27:05.097Z"}},{"iob":-0.069,"basaliob":-0.073,"bolussnooze":0,"activity":-0.0013,"lastBolusTime":1703076907848,"time":"2023-12-20T18:32:05.097Z","iobWithZeroTemp":{"iob":-0.873,"basaliob":-0.877,"bolussnooze":0,"activity":-0.0098,"lastBolusTime":1703076907848,"time":"2023-12-20T18:32:05.097Z"}},{"iob":-0.062,"basaliob":-0.066,"bolussnooze":0,"activity":-0.0012,"lastBolusTime":1703076907848,"time":"2023-12-20T18:37:05.097Z","iobWithZeroTemp":{"iob":-0.873,"basaliob":-0.877,"bolussnooze":0,"activity":-0.0099,"lastBolusTime":1703076907848,"time":"2023-12-20T18:37:05.097Z"}},{"iob":-0.057,"basaliob":-0.06,"bolussnooze":0,"activity":-0.0011,"lastBolusTime":1703076907848,"time":"2023-12-20T18:42:05.097Z","iobWithZeroTemp":{"iob":-0.874,"basaliob":-0.877,"bolussnooze":0,"activity":-0.0099,"lastBolusTime":1703076907848,"time":"2023-12-20T18:42:05.097Z"}},{"iob":-0.051,"basaliob":-0.054,"bolussnooze":0,"activity":-0.001,"lastBolusTime":1703076907848,"time":"2023-12-20T18:47:05.097Z","iobWithZeroTemp":{"iob":-0.874,"basaliob":-0.877,"bolussnooze":0,"activity":-0.0099,"lastBolusTime":1703076907848,"time":"2023-12-20T18:47:05.097Z"}},{"iob":-0.046,"basaliob":-0.049,"bolussnooze":0,"activity":-9.0E-4,"lastBolusTime":1703076907848,"time":"2023-12-20T18:52:05.097Z","iobWithZeroTemp":{"iob":-0.874,"basaliob":-0.877,"bolussnooze":0,"activity":-0.0099,"lastBolusTime":1703076907848,"time":"2023-12-20T18:52:05.097Z"}},{"iob":-0.042,"basaliob":-0.044,"bolussnooze":0,"activity":-8.0E-4,"lastBolusTime":1703076907848,"time":"2023-12-20T18:57:05.097Z","iobWithZeroTemp":{"iob":-0.875,"basaliob":-0.877,"bolussnooze":0,"activity":-0.0099,"lastBolusTime":1703076907848,"time":"2023-12-20T18:57:05.097Z"}},{"iob":-0.038,"basaliob":-0.04,"bolussnooze":0,"activity":-7.0E-4,"lastBolusTime":1703076907848,"time":"2023-12-20T19:02:05.097Z","iobWithZeroTemp":{"iob":-0.876,"basaliob":-0.878,"bolussnooze":0,"activity":-0.0099,"lastBolusTime":1703076907848,"time":"2023-12-20T19:02:05.097Z"}},{"iob":-0.034,"basaliob":-0.036,"bolussnooze":0,"activity":-7.0E-4,"lastBolusTime":1703076907848,"time":"2023-12-20T19:07:05.097Z","iobWithZeroTemp":{"iob":-0.876,"basaliob":-0.878,"bolussnooze":0,"activity":-0.0099,"lastBolusTime":1703076907848,"time":"2023-12-20T19:07:05.097Z"}},{"iob":-0.031,"basaliob":-0.033,"bolussnooze":0,"activity":-7.0E-4,"lastBolusTime":1703076907848,"time":"2023-12-20T19:12:05.097Z","iobWithZeroTemp":{"iob":-0.876,"basaliob":-0.878,"bolussnooze":0,"activity":-0.01,"lastBolusTime":1703076907848,"time":"2023-12-20T19:12:05.097Z"}},{"iob":-0.028,"basaliob":-0.029,"bolussnooze":0,"activity":-6.0E-4,"lastBolusTime":1703076907848,"time":"2023-12-20T19:17:05.097Z","iobWithZeroTemp":{"iob":-0.877,"basaliob":-0.878,"bolussnooze":0,"activity":-0.01,"lastBolusTime":1703076907848,"time":"2023-12-20T19:17:05.097Z"}},{"iob":-0.025,"basaliob":-0.026,"bolussnooze":0,"activity":-6.0E-4,"lastBolusTime":1703076907848,"time":"2023-12-20T19:22:05.097Z","iobWithZeroTemp":{"iob":-0.877,"basaliob":-0.878,"bolussnooze":0,"activity":-0.01,"lastBolusTime":1703076907848,"time":"2023-12-20T19:22:05.097Z"}},{"iob":-0.023,"basaliob":-0.024,"bolussnooze":0,"activity":-5.0E-4,"lastBolusTime":1703076907848,"time":"2023-12-20T19:27:05.097Z","iobWithZeroTemp":{"iob":-0.877,"basaliob":-0.878,"bolussnooze":0,"activity":-0.01,"lastBolusTime":1703076907848,"time":"2023-12-20T19:27:05.097Z"}},{"iob":-0.02,"basaliob":-0.021,"bolussnooze":0,"activity":-5.0E-4,"lastBolusTime":1703076907848,"time":"2023-12-20T19:32:05.097Z","iobWithZeroTemp":{"iob":-0.877,"basaliob":-0.878,"bolussnooze":0,"activity":-0.01,"lastBolusTime":1703076907848,"time":"2023-12-20T19:32:05.097Z"}},{"iob":-0.018,"basaliob":-0.019,"bolussnooze":0,"activity":-4.0E-4,"lastBolusTime":1703076907848,"time":"2023-12-20T19:37:05.097Z","iobWithZeroTemp":{"iob":-0.877,"basaliob":-0.878,"bolussnooze":0,"activity":-0.01,"lastBolusTime":1703076907848,"time":"2023-12-20T19:37:05.097Z"}},{"iob":-0.016,"basaliob":-0.017,"bolussnooze":0,"activity":-4.0E-4,"lastBolusTime":1703076907848,"time":"2023-12-20T19:42:05.097Z","iobWithZeroTemp":{"iob":-0.877,"basaliob":-0.878,"bolussnooze":0,"activity":-0.01,"lastBolusTime":1703076907848,"time":"2023-12-20T19:42:05.097Z"}},{"iob":-0.014,"basaliob":-0.015,"bolussnooze":0,"activity":-3.0E-4,"lastBolusTime":1703076907848,"time":"2023-12-20T19:47:05.097Z","iobWithZeroTemp":{"iob":-0.877,"basaliob":-0.878,"bolussnooze":0,"activity":-0.01,"lastBolusTime":1703076907848,"time":"2023-12-20T19:47:05.097Z"}},{"iob":-0.014,"basaliob":-0.014,"bolussnooze":0,"activity":-3.0E-4,"lastBolusTime":1703076907848,"time":"2023-12-20T19:52:05.097Z","iobWithZeroTemp":{"iob":-0.879,"basaliob":-0.879,"bolussnooze":0,"activity":-0.01,"lastBolusTime":1703076907848,"time":"2023-12-20T19:52:05.097Z"}},{"iob":-0.012,"basaliob":-0.012,"bolussnooze":0,"activity":-3.0E-4,"lastBolusTime":1703076907848,"time":"2023-12-20T19:57:05.097Z","iobWithZeroTemp":{"iob":-0.878,"basaliob":-0.878,"bolussnooze":0,"activity":-0.01,"lastBolusTime":1703076907848,"time":"2023-12-20T19:57:05.097Z"}}],"profile":{"max_iob":20,"type":"current","max_daily_basal":1.6,"max_basal":2.4,"min_bg":90,"max_bg":90,"target_bg":90,"carb_ratio":8,"sens":108,"max_daily_safety_multiplier":3,"current_basal_safety_multiplier":4,"high_temptarget_raises_sensitivity":false,"low_temptarget_lowers_sensitivity":false,"sensitivity_raises_target":false,"resistance_lowers_target":false,"adv_target_adjustments":false,"exercise_mode":false,"half_basal_exercise_target":160,"maxCOB":120,"skip_neutral_temps":false,"remainingCarbsCap":90,"enableUAM":true,"A52_risk_enable":false,"SMBInterval":3,"enableSMB_with_COB":false,"enableSMB_with_temptarget":false,"allowSMB_with_high_temptarget":true,"enableSMB_always":true,"enableSMB_after_carbs":false,"maxSMBBasalMinutes":120,"maxUAMSMBBasalMinutes":120,"bolus_increment":0.05,"carbsReqThreshold":1,"current_basal":0.6,"temptargetSet":false,"autosens_max":1.8,"out_units":"mmol\/L"},"autosens_data":{"ratio":1},"meal_data":{"carbs":15,"mealCOB":0,"slopeFromMaxDeviation":-0.6624545454545455,"slopeFromMinDeviation":0.09616666666666665,"lastBolusTime":1703076907848,"lastCarbTime":1703074649000},"microBolusAllowed":true,"currentTime":1703088127706,"flatBGsDetected":false},"output":{"temp":"absolute","bg":71,"tick":"+1","eventualBG":134,"targetBG":90,"insulinReq":0.03,"deliverAt":"2023-12-20T16:02:07.706Z","sensitivityRatio":1,"predBGs":{"IOB":[71,72,74,76,78,80,83,85,88,91,94,97,100,102,105,108,110,112,114,116,118,120,121,122,124,125,126,127,128,129,130,130,131,131,132,132,133,133,134,134,134,135,135,135,135,136],"ZT":[71,75,79,83,88,92,97]},"COB":0,"IOB":-0.748,"reason":"COB: 0, Dev: -1.0, BGI: 0.2, ISF: 6.0, CR: 8, Target: 5.0, minPredBG 5.2, minGuardBG 4.0, IOBpredBG 7.6; Eventual BG 7.4 >= 5.0,  insulinReq 0.03. temp 0.00 < 0.66U\/hr. ","duration":30,"rate":0.6599999999999999,"timestamp":"2023-12-20T16:02:07.817Z"}}