{"algorithm":"OpenAPSSMBPlugin","input":{"glucoseStatus":{"glucose":81,"noise":0,"delta":3,"short_avgdelta":3.94,"long_avgdelta":1.34,"date":1703063500749},"currenttemp":{"temp":"absolute","duration":30,"rate":0.2,"minutesrunning":0},"iob_data":[{"iob":0.364,"basaliob":-1.252,"bolussnooze":0,"activity":1.0E-4,"lastBolusTime":1703063528143,"time":"2023-12-20T09:12:19.286Z","iobWithZeroTemp":{"iob":0.364,"basaliob":-1.252,"bolussnooze":0,"activity":1.0E-4,"lastBolusTime":1703063528143,"time":"2023-12-20T09:12:19.286Z"}},{"iob":0.36,"basaliob":-1.183,"bolussnooze":0,"activity":9.0E-4,"lastBolusTime":1703063528143,"time":"2023-12-20T09:17:19.286Z","iobWithZeroTemp":{"iob":0.293,"basaliob":-1.25,"bolussnooze":0,"activity":8.0E-4,"lastBolusTime":1703063528143,"time":"2023-12-20T09:17:19.286Z"}},{"iob":0.354,"basaliob":-1.114,"bolussnooze":0,"activity":0.0016,"lastBolusTime":1703063528143,"time":"2023-12-20T09:22:19.286Z","iobWithZeroTemp":{"iob":0.205,"basaliob":-1.263,"bolussnooze":0,"activity":0.0013,"lastBolusTime":1703063528143,"time":"2023-12-20T09:22:19.286Z"}},{"iob":0.345,"basaliob":-1.046,"bolussnooze":0,"activity":0.0021,"lastBolusTime":1703063528143,"time":"2023-12-20T09:27:19.286Z","iobWithZeroTemp":{"iob":0.115,"basaliob":-1.276,"bolussnooze":0,"activity":0.0014,"lastBolusTime":1703063528143,"time":"2023-12-20T09:27:19.286Z"}},{"iob":0.334,"basaliob":-0.98,"bolussnooze":0,"activity":0.0023,"lastBolusTime":1703063528143,"time":"2023-12-20T09:32:19.286Z","iobWithZeroTemp":{"iob":0.025,"basaliob":-1.289,"bolussnooze":0,"activity":0.0012,"lastBolusTime":1703063528143,"time":"2023-12-20T09:32:19.286Z"}},{"iob":0.322,"basaliob":-0.915,"bolussnooze":0,"activity":0.0027,"lastBolusTime":1703063528143,"time":"2023-12-20T09:37:19.286Z","iobWithZeroTemp":{"iob":-0.063,"basaliob":-1.3,"bolussnooze":0,"activity":0.001,"lastBolusTime":1703063528143,"time":"2023-12-20T09:37:19.286Z"}},{"iob":0.307,"basaliob":-0.854,"bolussnooze":0,"activity":0.0028,"lastBolusTime":1703063528143,"time":"2023-12-20T09:42:19.286Z","iobWithZeroTemp":{"iob":-0.152,"basaliob":-1.313,"bolussnooze":0,"activity":5.0E-4,"lastBolusTime":1703063528143,"time":"2023-12-20T09:42:19.286Z"}},{"iob":0.293,"basaliob":-0.795,"bolussnooze":0,"activity":0.0029,"lastBolusTime":1703063528143,"time":"2023-12-20T09:47:19.286Z","iobWithZeroTemp":{"iob":-0.236,"basaliob":-1.324,"bolussnooze":0,"activity":-1.0E-4,"lastBolusTime":1703063528143,"time":"2023-12-20T09:47:19.286Z"}},{"iob":0.279,"basaliob":-0.738,"bolussnooze":0,"activity":0.003,"lastBolusTime":1703063528143,"time":"2023-12-20T09:52:19.286Z","iobWithZeroTemp":{"iob":-0.317,"basaliob":-1.334,"bolussnooze":0,"activity":-6.0E-4,"lastBolusTime":1703063528143,"time":"2023-12-20T09:52:19.286Z"}},{"iob":0.263,"basaliob":-0.685,"bolussnooze":0,"activity":0.003,"lastBolusTime":1703063528143,"time":"2023-12-20T09:57:19.286Z","iobWithZeroTemp":{"iob":-0.396,"basaliob":-1.344,"bolussnooze":0,"activity":-0.0013,"lastBolusTime":1703063528143,"time":"2023-12-20T09:57:19.286Z"}},{"iob":0.248,"basaliob":-0.634,"bolussnooze":0,"activity":0.003,"lastBolusTime":1703063528143,"time":"2023-12-20T10:02:19.286Z","iobWithZeroTemp":{"iob":-0.471,"basaliob":-1.353,"bolussnooze":0,"activity":-0.002,"lastBolusTime":1703063528143,"time":"2023-12-20T10:02:19.286Z"}},{"iob":0.233,"basaliob":-0.586,"bolussnooze":0,"activity":0.0029,"lastBolusTime":1703063528143,"time":"2023-12-20T10:07:19.286Z","iobWithZeroTemp":{"iob":-0.534,"basaliob":-1.353,"bolussnooze":0,"activity":-0.0028,"lastBolusTime":1703063528143,"time":"2023-12-20T10:07:19.286Z"}},{"iob":0.219,"basaliob":-0.541,"bolussnooze":0,"activity":0.0029,"lastBolusTime":1703063528143,"time":"2023-12-20T10:12:19.286Z","iobWithZeroTemp":{"iob":-0.585,"basaliob":-1.345,"bolussnooze":0,"activity":-0.0034,"lastBolusTime":1703063528143,"time":"2023-12-20T10:12:19.286Z"}},{"iob":0.205,"basaliob":-0.499,"bolussnooze":0,"activity":0.0027,"lastBolusTime":1703063528143,"time":"2023-12-20T10:17:19.286Z","iobWithZeroTemp":{"iob":-0.641,"basaliob":-1.345,"bolussnooze":0,"activity":-0.0042,"lastBolusTime":1703063528143,"time":"2023-12-20T10:17:19.286Z"}},{"iob":0.192,"basaliob":-0.459,"bolussnooze":0,"activity":0.0027,"lastBolusTime":1703063528143,"time":"2023-12-20T10:22:19.286Z","iobWithZeroTemp":{"iob":-0.693,"basaliob":-1.344,"bolussnooze":0,"activity":-0.0048,"lastBolusTime":1703063528143,"time":"2023-12-20T10:22:19.286Z"}},{"iob":0.178,"basaliob":-0.423,"bolussnooze":0,"activity":0.0026,"lastBolusTime":1703063528143,"time":"2023-12-20T10:27:19.286Z","iobWithZeroTemp":{"iob":-0.744,"basaliob":-1.345,"bolussnooze":0,"activity":-0.0054,"lastBolusTime":1703063528143,"time":"2023-12-20T10:27:19.286Z"}},{"iob":0.166,"basaliob":-0.388,"bolussnooze":0,"activity":0.0025,"lastBolusTime":1703063528143,"time":"2023-12-20T10:32:19.286Z","iobWithZeroTemp":{"iob":-0.789,"basaliob":-1.343,"bolussnooze":0,"activity":-0.0061,"lastBolusTime":1703063528143,"time":"2023-12-20T10:32:19.286Z"}},{"iob":0.154,"basaliob":-0.356,"bolussnooze":0,"activity":0.0023,"lastBolusTime":1703063528143,"time":"2023-12-20T10:37:19.286Z","iobWithZeroTemp":{"iob":-0.832,"basaliob":-1.342,"bolussnooze":0,"activity":-0.0068,"lastBolusTime":1703063528143,"time":"2023-12-20T10:37:19.286Z"}},{"iob":0.142,"basaliob":-0.327,"bolussnooze":0,"activity":0.0022,"lastBolusTime":1703063528143,"time":"2023-12-20T10:42:19.286Z","iobWithZeroTemp":{"iob":-0.873,"basaliob":-1.342,"bolussnooze":0,"activity":-0.0073,"lastBolusTime":1703063528143,"time":"2023-12-20T10:42:19.286Z"}},{"iob":0.132,"basaliob":-0.299,"bolussnooze":0,"activity":0.0021,"lastBolusTime":1703063528143,"time":"2023-12-20T10:47:19.286Z","iobWithZeroTemp":{"iob":-0.909,"basaliob":-1.34,"bolussnooze":0,"activity":-0.0078,"lastBolusTime":1703063528143,"time":"2023-12-20T10:47:19.286Z"}},{"iob":0.121,"basaliob":-0.274,"bolussnooze":0,"activity":0.0019,"lastBolusTime":1703063528143,"time":"2023-12-20T10:52:19.286Z","iobWithZeroTemp":{"iob":-0.945,"basaliob":-1.34,"bolussnooze":0,"activity":-0.0084,"lastBolusTime":1703063528143,"time":"2023-12-20T10:52:19.286Z"}},{"iob":0.113,"basaliob":-0.25,"bolussnooze":0,"activity":0.0018,"lastBolusTime":1703063528143,"time":"2023-12-20T10:57:19.286Z","iobWithZeroTemp":{"iob":-0.975,"basaliob":-1.338,"bolussnooze":0,"activity":-0.0089,"lastBolusTime":1703063528143,"time":"2023-12-20T10:57:19.286Z"}},{"iob":0.103,"basaliob":-0.229,"bolussnooze":0,"activity":0.0017,"lastBolusTime":1703063528143,"time":"2023-12-20T11:02:19.286Z","iobWithZeroTemp":{"iob":-1.006,"basaliob":-1.338,"bolussnooze":0,"activity":-0.0094,"lastBolusTime":1703063528143,"time":"2023-12-20T11:02:19.286Z"}},{"iob":0.095,"basaliob":-0.209,"bolussnooze":0,"activity":0.0016,"lastBolusTime":1703063528143,"time":"2023-12-20T11:07:19.286Z","iobWithZeroTemp":{"iob":-1.024,"basaliob":-1.328,"bolussnooze":0,"activity":-0.0098,"lastBolusTime":1703063528143,"time":"2023-12-20T11:07:19.286Z"}},{"iob":0.088,"basaliob":-0.19,"bolussnooze":0,"activity":0.0015,"lastBolusTime":1703063528143,"time":"2023-12-20T11:12:19.286Z","iobWithZeroTemp":{"iob":-1.041,"basaliob":-1.319,"bolussnooze":0,"activity":-0.0102,"lastBolusTime":1703063528143,"time":"2023-12-20T11:12:19.286Z"}},{"iob":0.081,"basaliob":-0.173,"bolussnooze":0,"activity":0.0014,"lastBolusTime":1703063528143,"time":"2023-12-20T11:17:19.286Z","iobWithZeroTemp":{"iob":-1.055,"basaliob":-1.309,"bolussnooze":0,"activity":-0.0105,"lastBolusTime":1703063528143,"time":"2023-12-20T11:17:19.286Z"}},{"iob":0.073,"basaliob":-0.158,"bolussnooze":0,"activity":0.0013,"lastBolusTime":1703063528143,"time":"2023-12-20T11:22:19.286Z","iobWithZeroTemp":{"iob":-1.063,"basaliob":-1.294,"bolussnooze":0,"activity":-0.0107,"lastBolusTime":1703063528143,"time":"2023-12-20T11:22:19.286Z"}},{"iob":0.067,"basaliob":-0.144,"bolussnooze":0,"activity":0.0012,"lastBolusTime":1703063528143,"time":"2023-12-20T11:27:19.286Z","iobWithZeroTemp":{"iob":-1.075,"basaliob":-1.286,"bolussnooze":0,"activity":-0.011,"lastBolusTime":1703063528143,"time":"2023-12-20T11:27:19.286Z"}},{"iob":0.062,"basaliob":-0.13,"bolussnooze":0,"activity":0.0011,"lastBolusTime":1703063528143,"time":"2023-12-20T11:32:19.286Z","iobWithZeroTemp":{"iob":-1.085,"basaliob":-1.277,"bolussnooze":0,"activity":-0.0113,"lastBolusTime":1703063528143,"time":"2023-12-20T11:32:19.286Z"}},{"iob":0.057,"basaliob":-0.118,"bolussnooze":0,"activity":0.001,"lastBolusTime":1703063528143,"time":"2023-12-20T11:37:19.286Z","iobWithZeroTemp":{"iob":-1.094,"basaliob":-1.269,"bolussnooze":0,"activity":-0.0115,"lastBolusTime":1703063528143,"time":"2023-12-20T11:37:19.286Z"}},{"iob":0.051,"basaliob":-0.108,"bolussnooze":0,"activity":9.0E-4,"lastBolusTime":1703063528143,"time":"2023-12-20T11:42:19.286Z","iobWithZeroTemp":{"iob":-1.104,"basaliob":-1.263,"bolussnooze":0,"activity":-0.0117,"lastBolusTime":1703063528143,"time":"2023-12-20T11:42:19.286Z"}},{"iob":0.048,"basaliob":-0.097,"bolussnooze":0,"activity":9.0E-4,"lastBolusTime":1703063528143,"time":"2023-12-20T11:47:19.286Z","iobWithZeroTemp":{"iob":-1.111,"basaliob":-1.256,"bolussnooze":0,"activity":-0.0118,"lastBolusTime":1703063528143,"time":"2023-12-20T11:47:19.286Z"}},{"iob":0.043,"basaliob":-0.088,"bolussnooze":0,"activity":8.0E-4,"lastBolusTime":1703063528143,"time":"2023-12-20T11:52:19.286Z","iobWithZeroTemp":{"iob":-1.118,"basaliob":-1.249,"bolussnooze":0,"activity":-0.012,"lastBolusTime":1703063528143,"time":"2023-12-20T11:52:19.286Z"}},{"iob":0.039,"basaliob":-0.08,"bolussnooze":0,"activity":7.0E-4,"lastBolusTime":1703063528143,"time":"2023-12-20T11:57:19.286Z","iobWithZeroTemp":{"iob":-1.125,"basaliob":-1.244,"bolussnooze":0,"activity":-0.0122,"lastBolusTime":1703063528143,"time":"2023-12-20T11:57:19.286Z"}},{"iob":0.036,"basaliob":-0.072,"bolussnooze":0,"activity":6.0E-4,"lastBolusTime":1703063528143,"time":"2023-12-20T12:02:19.286Z","iobWithZeroTemp":{"iob":-1.13,"basaliob":-1.238,"bolussnooze":0,"activity":-0.0124,"lastBolusTime":1703063528143,"time":"2023-12-20T12:02:19.286Z"}},{"iob":0.033,"basaliob":-0.065,"bolussnooze":0,"activity":6.0E-4,"lastBolusTime":1703063528143,"time":"2023-12-20T12:07:19.286Z","iobWithZeroTemp":{"iob":-1.135,"basaliob":-1.233,"bolussnooze":0,"activity":-0.0124,"lastBolusTime":1703063528143,"time":"2023-12-20T12:07:19.286Z"}},{"iob":0.03,"basaliob":-0.059,"bolussnooze":0,"activity":6.0E-4,"lastBolusTime":1703063528143,"time":"2023-12-20T12:12:19.286Z","iobWithZeroTemp":{"iob":-1.139,"basaliob":-1.228,"bolussnooze":0,"activity":-0.0125,"lastBolusTime":1703063528143,"time":"2023-12-20T12:12:19.286Z"}},{"iob":0.027,"basaliob":-0.053,"bolussnooze":0,"activity":5.0E-4,"lastBolusTime":1703063528143,"time":"2023-12-20T12:17:19.286Z","iobWithZeroTemp":{"iob":-1.143,"basaliob":-1.223,"bolussnooze":0,"activity":-0.0126,"lastBolusTime":1703063528143,"time":"2023-12-20T12:17:19.286Z"}},{"iob":0.025,"basaliob":-0.048,"bolussnooze":0,"activity":5.0E-4,"lastBolusTime":1703063528143,"time":"2023-12-20T12:22:19.286Z","iobWithZeroTemp":{"iob":-1.146,"basaliob":-1.219,"bolussnooze":0,"activity":-0.0127,"lastBolusTime":1703063528143,"time":"2023-12-20T12:22:19.286Z"}},{"iob":0.023,"basaliob":-0.043,"bolussnooze":0,"activity":4.0E-4,"lastBolusTime":1703063528143,"time":"2023-12-20T12:27:19.286Z","iobWithZeroTemp":{"iob":-1.149,"basaliob":-1.215,"bolussnooze":0,"activity":-0.0128,"lastBolusTime":1703063528143,"time":"2023-12-20T12:27:19.286Z"}},{"iob":0.02,"basaliob":-0.039,"bolussnooze":0,"activity":4.0E-4,"lastBolusTime":1703063528143,"time":"2023-12-20T12:32:19.286Z","iobWithZeroTemp":{"iob":-1.153,"basaliob":-1.212,"bolussnooze":0,"activity":-0.0128,"lastBolusTime":1703063528143,"time":"2023-12-20T12:32:19.286Z"}},{"iob":0.018,"basaliob":-0.035,"bolussnooze":0,"activity":4.0E-4,"lastBolusTime":1703063528143,"time":"2023-12-20T12:37:19.286Z","iobWithZeroTemp":{"iob":-1.155,"basaliob":-1.208,"bolussnooze":0,"activity":-0.0128,"lastBolusTime":1703063528143,"time":"2023-12-20T12:37:19.286Z"}},{"iob":0.016,"basaliob":-0.032,"bolussnooze":0,"activity":3.0E-4,"lastBolusTime":1703063528143,"time":"2023-12-20T12:42:19.286Z","iobWithZeroTemp":{"iob":-1.158,"basaliob":-1.206,"bolussnooze":0,"activity":-0.013,"lastBolusTime":1703063528143,"time":"2023-12-20T12:42:19.286Z"}},{"iob":0.014,"basaliob":-0.029,"bolussnooze":0,"activity":3.0E-4,"lastBolusTime":1703063528143,"time":"2023-12-20T12:47:19.286Z","iobWithZeroTemp":{"iob":-1.16,"basaliob":-1.203,"bolussnooze":0,"activity":-0.013,"lastBolusTime":1703063528143,"time":"2023-12-20T12:47:19.286Z"}},{"iob":0.013,"basaliob":-0.026,"bolussnooze":0,"activity":2.0E-4,"lastBolusTime":1703063528143,"time":"2023-12-20T12:52:19.286Z","iobWithZeroTemp":{"iob":-1.161,"basaliob":-1.2,"bolussnooze":0,"activity":-0.0131,"lastBolusTime":1703063528143,"time":"2023-12-20T12:52:19.286Z"}},{"iob":0.012,"basaliob":-0.023,"bolussnooze":0,"activity":2.0E-4,"lastBolusTime":1703063528143,"time":"2023-12-20T12:57:19.286Z","iobWithZeroTemp":{"iob":-1.162,"basaliob":-1.197,"bolussnooze":0,"activity":-0.0131,"lastBolusTime":1703063528143,"time":"2023-12-20T12:57:19.286Z"}},{"iob":0.011,"basaliob":-0.021,"bolussnooze":0,"activity":3.0E-4,"lastBolusTime":1703063528143,"time":"2023-12-20T13:02:19.286Z","iobWithZeroTemp":{"iob":-1.164,"basaliob":-1.196,"bolussnooze":0,"activity":-0.013,"lastBolusTime":1703063528143,"time":"2023-12-20T13:02:19.286Z"}},{"iob":0.01,"basaliob":-0.018,"bolussnooze":0,"activity":2.0E-4,"lastBolusTime":1703063528143,"time":"2023-12-20T13:07:19.286Z","iobWithZeroTemp":{"iob":-1.156,"basaliob":-1.184,"bolussnooze":0,"activity":-0.0131,"lastBolusTime":1703063528143,"time":"2023-12-20T13:07:19.286Z"}}],"profile":{"max_iob":20,"type":"current","max_daily_basal":1.6,"max_basal":4,"min_bg":81,"max_bg":81,"target_bg":81,"carb_ratio":6,"sens":81,"max_daily_safety_multiplier":3,"current_basal_safety_multiplier":4,"high_temptarget_raises_sensitivity":false,"low_temptarget_lowers_sensitivity":false,"sensitivity_raises_target":false,"resistance_lowers_target":false,"adv_target_adjustments":false,"exercise_mode":false,"half_basal_exercise_target":160,"maxCOB":120,"skip_neutral_temps":false,"remainingCarbsCap":90,"enableUAM":true,"A52_risk_enable":false,"SMBInterval":3,"enableSMB_with_COB":false,"enableSMB_with_temptarget":false,"allowSMB_with_high_temptarget":true,"enableSMB_always":true,"enableSMB_after_carbs":false,"maxSMBBasalMinutes":120,"maxUAMSMBBasalMinutes":120,"bolus_increment":0.05,"carbsReqThreshold":1,"current_basal":1,"temptargetSet":true,"autosens_max":1.8,"out_units":"mmol\/L"},"autosens_data":{"ratio":1},"meal_data":{"carbs":30,"mealCOB":9.277777777777793,"slopeFromMaxDeviation":0,"slopeFromMinDeviation":1.8817499999999998,"lastBolusTime":1703063528143,"lastCarbTime":1703061548000},"microBolusAllowed":true,"currentTime":1703063540725,"flatBGsDetected":false},"output":{"temp":"absolute","bg":81,"tick":"+3","eventualBG":176,"targetBG":81,"insulinReq":0.17,"deliverAt":"2023-12-20T09:12:20.725Z","sensitivityRatio":1,"predBGs":{"IOB":[81,84,86,87,89,89,90,90,90,89,89,88,86,85,84,83,82,81,80,79,78,78,77,76,76,75,74,74,73,73,73,72,72,71,71,71,71,70,70,70,70,70,70,69],"ZT":[81,81,81,80,80,79,79,78,78,79,79,80,81],"COB":[81,84,87,89,92,94,96,98,100,103,105,107,109,112,114,117,120,122,125,128,131,134,137,141,144,147,150,152,155,157,160,162,164,166,168,169,171,172,173,174,175,176,176,176,176,177,176],"UAM":[81,83,85,85,85,84,83,82,81,79,78,77,76,75,73,72,71,70,69,68,68,67,66,65,65,64,64,63,63,62,62,61,61,61,60,60,60,60,60,59,59,59,59,59,59,59,58]},"COB":9.277777777777793,"IOB":0.364,"reason":"COB: 9.3, Dev: 1.0, BGI: 0.0, ISF: 4.5, CR: 6, Target: 4.5, minPredBG 5.3, minGuardBG 3.7, IOBpredBG 3.8, COBpredBG 9.8, UAMpredBG 3.2; Eventual BG 9.8 >= 4.5,  insulinReq 0.17; setting 30m low temp of 0.5U\/h. Waiting 3m 48s to microbolus again. ","rate":0.5,"duration":30,"timestamp":"2023-12-20T09:12:20.794Z"}}