{"algorithm":"OpenAPSSMBPlugin","input":{"glucoseStatus":{"glucose":93,"noise":0,"delta":2,"short_avgdelta":1.89,"long_avgdelta":1.2,"date":1703098902483},"currenttemp":{"temp":"absolute","duration":14,"rate":0.85,"minutesrunning":16},"iob_data":[{"iob":0.047,"basaliob":-0.154,"bolussnooze":0,"activity":-8.0E-4,"lastBolusTime":1703098630630,"time":"2023-12-20T19:02:54.320Z","iobWithZeroTemp":{"iob":0.047,"basaliob":-0.154,"bolussnooze":0,"activity":-8.0E-4,"lastBolusTime":1703098630630,"time":"2023-12-20T19:02:54.320Z"}},{"iob":0.049,"basaliob":-0.141,"bolussnooze":0,"activity":-5.0E-4,"lastBolusTime":1703098630630,"time":"2023-12-20T19:07:54.320Z","iobWithZeroTemp":{"iob":0.009,"basaliob":-0.181,"bolussnooze":0,"activity":-5.0E-4,"lastBolusTime":1703098630630,"time":"2023-12-20T19:07:54.320Z"}},{"iob":0.051,"basaliob":-0.129,"bolussnooze":0,"activity":-3.0E-4,"lastBolusTime":1703098630630,"time":"2023-12-20T19:12:54.320Z","iobWithZeroTemp":{"iob":-0.038,"basaliob":-0.218,"bolussnooze":0,"activity":-5.0E-4,"lastBolusTime":1703098630630,"time":"2023-12-20T19:12:54.320Z"}},{"iob":0.051,"basaliob":-0.118,"bolussnooze":0,"activity":-1.0E-4,"lastBolusTime":1703098630630,"time":"2023-12-20T19:17:54.320Z","iobWithZeroTemp":{"iob":-0.087,"basaliob":-0.256,"bolussnooze":0,"activity":-5.0E-4,"lastBolusTime":1703098630630,"time":"2023-12-20T19:17:54.320Z"}},{"iob":0.052,"basaliob":-0.107,"bolussnooze":0,"activity":0,"lastBolusTime":1703098630630,"time":"2023-12-20T19:22:54.320Z","iobWithZeroTemp":{"iob":-0.133,"basaliob":-0.292,"bolussnooze":0,"activity":-7.0E-4,"lastBolusTime":1703098630630,"time":"2023-12-20T19:22:54.320Z"}},{"iob":0.051,"basaliob":-0.098,"bolussnooze":0,"activity":2.0E-4,"lastBolusTime":1703098630630,"time":"2023-12-20T19:27:54.320Z","iobWithZeroTemp":{"iob":-0.18,"basaliob":-0.329,"bolussnooze":0,"activity":-8.0E-4,"lastBolusTime":1703098630630,"time":"2023-12-20T19:27:54.320Z"}},{"iob":0.05,"basaliob":-0.089,"bolussnooze":0,"activity":2.0E-4,"lastBolusTime":1703098630630,"time":"2023-12-20T19:32:54.320Z","iobWithZeroTemp":{"iob":-0.225,"basaliob":-0.364,"bolussnooze":0,"activity":-0.0012,"lastBolusTime":1703098630630,"time":"2023-12-20T19:32:54.320Z"}},{"iob":0.049,"basaliob":-0.081,"bolussnooze":0,"activity":3.0E-4,"lastBolusTime":1703098630630,"time":"2023-12-20T19:37:54.320Z","iobWithZeroTemp":{"iob":-0.268,"basaliob":-0.398,"bolussnooze":0,"activity":-0.0015,"lastBolusTime":1703098630630,"time":"2023-12-20T19:37:54.320Z"}},{"iob":0.048,"basaliob":-0.073,"bolussnooze":0,"activity":4.0E-4,"lastBolusTime":1703098630630,"time":"2023-12-20T19:42:54.320Z","iobWithZeroTemp":{"iob":-0.309,"basaliob":-0.43,"bolussnooze":0,"activity":-0.0018,"lastBolusTime":1703098630630,"time":"2023-12-20T19:42:54.320Z"}},{"iob":0.046,"basaliob":-0.067,"bolussnooze":0,"activity":4.0E-4,"lastBolusTime":1703098630630,"time":"2023-12-20T19:47:54.320Z","iobWithZeroTemp":{"iob":-0.349,"basaliob":-0.462,"bolussnooze":0,"activity":-0.0022,"lastBolusTime":1703098630630,"time":"2023-12-20T19:47:54.320Z"}},{"iob":0.044,"basaliob":-0.06,"bolussnooze":0,"activity":4.0E-4,"lastBolusTime":1703098630630,"time":"2023-12-20T19:52:54.320Z","iobWithZeroTemp":{"iob":-0.387,"basaliob":-0.491,"bolussnooze":0,"activity":-0.0026,"lastBolusTime":1703098630630,"time":"2023-12-20T19:52:54.320Z"}},{"iob":0.042,"basaliob":-0.055,"bolussnooze":0,"activity":4.0E-4,"lastBolusTime":1703098630630,"time":"2023-12-20T19:57:54.320Z","iobWithZeroTemp":{"iob":-0.423,"basaliob":-0.52,"bolussnooze":0,"activity":-0.003,"lastBolusTime":1703098630630,"time":"2023-12-20T19:57:54.320Z"}},{"iob":0.039,"basaliob":-0.05,"bolussnooze":0,"activity":4.0E-4,"lastBolusTime":1703098630630,"time":"2023-12-20T20:02:54.320Z","iobWithZeroTemp":{"iob":-0.47,"basaliob":-0.559,"bolussnooze":0,"activity":-0.0034,"lastBolusTime":1703098630630,"time":"2023-12-20T20:02:54.320Z"}},{"iob":0.038,"basaliob":-0.045,"bolussnooze":0,"activity":4.0E-4,"lastBolusTime":1703098630630,"time":"2023-12-20T20:07:54.320Z","iobWithZeroTemp":{"iob":-0.513,"basaliob":-0.596,"bolussnooze":0,"activity":-0.0039,"lastBolusTime":1703098630630,"time":"2023-12-20T20:07:54.320Z"}},{"iob":0.035,"basaliob":-0.041,"bolussnooze":0,"activity":4.0E-4,"lastBolusTime":1703098630630,"time":"2023-12-20T20:12:54.320Z","iobWithZeroTemp":{"iob":-0.556,"basaliob":-0.632,"bolussnooze":0,"activity":-0.0043,"lastBolusTime":1703098630630,"time":"2023-12-20T20:12:54.320Z"}},{"iob":0.033,"basaliob":-0.037,"bolussnooze":0,"activity":5.0E-4,"lastBolusTime":1703098630630,"time":"2023-12-20T20:17:54.320Z","iobWithZeroTemp":{"iob":-0.596,"basaliob":-0.666,"bolussnooze":0,"activity":-0.0047,"lastBolusTime":1703098630630,"time":"2023-12-20T20:17:54.320Z"}},{"iob":0.032,"basaliob":-0.033,"bolussnooze":0,"activity":4.0E-4,"lastBolusTime":1703098630630,"time":"2023-12-20T20:22:54.320Z","iobWithZeroTemp":{"iob":-0.633,"basaliob":-0.698,"bolussnooze":0,"activity":-0.0052,"lastBolusTime":1703098630630,"time":"2023-12-20T20:22:54.320Z"}},{"iob":0.029,"basaliob":-0.03,"bolussnooze":0,"activity":4.0E-4,"lastBolusTime":1703098630630,"time":"2023-12-20T20:27:54.320Z","iobWithZeroTemp":{"iob":-0.669,"basaliob":-0.728,"bolussnooze":0,"activity":-0.0056,"lastBolusTime":1703098630630,"time":"2023-12-20T20:27:54.320Z"}},{"iob":0.027,"basaliob":-0.027,"bolussnooze":0,"activity":3.0E-4,"lastBolusTime":1703098630630,"time":"2023-12-20T20:32:54.320Z","iobWithZeroTemp":{"iob":-0.702,"basaliob":-0.756,"bolussnooze":0,"activity":-0.0061,"lastBolusTime":1703098630630,"time":"2023-12-20T20:32:54.320Z"}},{"iob":0.026,"basaliob":-0.024,"bolussnooze":0,"activity":4.0E-4,"lastBolusTime":1703098630630,"time":"2023-12-20T20:37:54.320Z","iobWithZeroTemp":{"iob":-0.733,"basaliob":-0.783,"bolussnooze":0,"activity":-0.0064,"lastBolusTime":1703098630630,"time":"2023-12-20T20:37:54.320Z"}},{"iob":0.024,"basaliob":-0.022,"bolussnooze":0,"activity":3.0E-4,"lastBolusTime":1703098630630,"time":"2023-12-20T20:42:54.320Z","iobWithZeroTemp":{"iob":-0.762,"basaliob":-0.808,"bolussnooze":0,"activity":-0.0069,"lastBolusTime":1703098630630,"time":"2023-12-20T20:42:54.320Z"}},{"iob":0.022,"basaliob":-0.02,"bolussnooze":0,"activity":3.0E-4,"lastBolusTime":1703098630630,"time":"2023-12-20T20:47:54.320Z","iobWithZeroTemp":{"iob":-0.79,"basaliob":-0.832,"bolussnooze":0,"activity":-0.0073,"lastBolusTime":1703098630630,"time":"2023-12-20T20:47:54.320Z"}},{"iob":0.02,"basaliob":-0.018,"bolussnooze":0,"activity":3.0E-4,"lastBolusTime":1703098630630,"time":"2023-12-20T20:52:54.320Z","iobWithZeroTemp":{"iob":-0.815,"basaliob":-0.853,"bolussnooze":0,"activity":-0.0076,"lastBolusTime":1703098630630,"time":"2023-12-20T20:52:54.320Z"}},{"iob":0.019,"basaliob":-0.016,"bolussnooze":0,"activity":3.0E-4,"lastBolusTime":1703098630630,"time":"2023-12-20T20:57:54.320Z","iobWithZeroTemp":{"iob":-0.838,"basaliob":-0.873,"bolussnooze":0,"activity":-0.008,"lastBolusTime":1703098630630,"time":"2023-12-20T20:57:54.320Z"}},{"iob":0.018,"basaliob":-0.014,"bolussnooze":0,"activity":3.0E-4,"lastBolusTime":1703098630630,"time":"2023-12-20T21:02:54.320Z","iobWithZeroTemp":{"iob":-0.905,"basaliob":-0.937,"bolussnooze":0,"activity":-0.0083,"lastBolusTime":1703098630630,"time":"2023-12-20T21:02:54.320Z"}},{"iob":0.016,"basaliob":-0.013,"bolussnooze":0,"activity":2.0E-4,"lastBolusTime":1703098630630,"time":"2023-12-20T21:07:54.320Z","iobWithZeroTemp":{"iob":-0.971,"basaliob":-1,"bolussnooze":0,"activity":-0.0089,"lastBolusTime":1703098630630,"time":"2023-12-20T21:07:54.320Z"}},{"iob":0.015,"basaliob":-0.012,"bolussnooze":0,"activity":2.0E-4,"lastBolusTime":1703098630630,"time":"2023-12-20T21:12:54.320Z","iobWithZeroTemp":{"iob":-1.033,"basaliob":-1.06,"bolussnooze":0,"activity":-0.0094,"lastBolusTime":1703098630630,"time":"2023-12-20T21:12:54.320Z"}},{"iob":0.014,"basaliob":-0.01,"bolussnooze":0,"activity":3.0E-4,"lastBolusTime":1703098630630,"time":"2023-12-20T21:17:54.320Z","iobWithZeroTemp":{"iob":-1.093,"basaliob":-1.117,"bolussnooze":0,"activity":-0.0098,"lastBolusTime":1703098630630,"time":"2023-12-20T21:17:54.320Z"}},{"iob":0.013,"basaliob":-0.009,"bolussnooze":0,"activity":2.0E-4,"lastBolusTime":1703098630630,"time":"2023-12-20T21:22:54.320Z","iobWithZeroTemp":{"iob":-1.151,"basaliob":-1.173,"bolussnooze":0,"activity":-0.0105,"lastBolusTime":1703098630630,"time":"2023-12-20T21:22:54.320Z"}},{"iob":0.012,"basaliob":-0.008,"bolussnooze":0,"activity":2.0E-4,"lastBolusTime":1703098630630,"time":"2023-12-20T21:27:54.320Z","iobWithZeroTemp":{"iob":-1.205,"basaliob":-1.225,"bolussnooze":0,"activity":-0.011,"lastBolusTime":1703098630630,"time":"2023-12-20T21:27:54.320Z"}},{"iob":0.011,"basaliob":-0.007,"bolussnooze":0,"activity":2.0E-4,"lastBolusTime":1703098630630,"time":"2023-12-20T21:32:54.320Z","iobWithZeroTemp":{"iob":-1.257,"basaliob":-1.275,"bolussnooze":0,"activity":-0.0116,"lastBolusTime":1703098630630,"time":"2023-12-20T21:32:54.320Z"}},{"iob":0.009,"basaliob":-0.007,"bolussnooze":0,"activity":1.0E-4,"lastBolusTime":1703098630630,"time":"2023-12-20T21:37:54.320Z","iobWithZeroTemp":{"iob":-1.306,"basaliob":-1.322,"bolussnooze":0,"activity":-0.0123,"lastBolusTime":1703098630630,"time":"2023-12-20T21:37:54.320Z"}},{"iob":0.009,"basaliob":-0.006,"bolussnooze":0,"activity":2.0E-4,"lastBolusTime":1703098630630,"time":"2023-12-20T21:42:54.320Z","iobWithZeroTemp":{"iob":-1.351,"basaliob":-1.366,"bolussnooze":0,"activity":-0.0127,"lastBolusTime":1703098630630,"time":"2023-12-20T21:42:54.320Z"}},{"iob":0.009,"basaliob":-0.005,"bolussnooze":0,"activity":2.0E-4,"lastBolusTime":1703098630630,"time":"2023-12-20T21:47:54.320Z","iobWithZeroTemp":{"iob":-1.394,"basaliob":-1.408,"bolussnooze":0,"activity":-0.0133,"lastBolusTime":1703098630630,"time":"2023-12-20T21:47:54.320Z"}},{"iob":0.007,"basaliob":-0.005,"bolussnooze":0,"activity":1.0E-4,"lastBolusTime":1703098630630,"time":"2023-12-20T21:52:54.320Z","iobWithZeroTemp":{"iob":-1.435,"basaliob":-1.447,"bolussnooze":0,"activity":-0.0139,"lastBolusTime":1703098630630,"time":"2023-12-20T21:52:54.320Z"}},{"iob":0.007,"basaliob":-0.004,"bolussnooze":0,"activity":1.0E-4,"lastBolusTime":1703098630630,"time":"2023-12-20T21:57:54.320Z","iobWithZeroTemp":{"iob":-1.472,"basaliob":-1.483,"bolussnooze":0,"activity":-0.0144,"lastBolusTime":1703098630630,"time":"2023-12-20T21:57:54.320Z"}},{"iob":0.006,"basaliob":-0.004,"bolussnooze":0,"activity":1.0E-4,"lastBolusTime":1703098630630,"time":"2023-12-20T22:02:54.320Z","iobWithZeroTemp":{"iob":-1.524,"basaliob":-1.534,"bolussnooze":0,"activity":-0.0149,"lastBolusTime":1703098630630,"time":"2023-12-20T22:02:54.320Z"}},{"iob":0.006,"basaliob":-0.003,"bolussnooze":0,"activity":1.0E-4,"lastBolusTime":1703098630630,"time":"2023-12-20T22:07:54.320Z","iobWithZeroTemp":{"iob":-1.573,"basaliob":-1.582,"bolussnooze":0,"activity":-0.0155,"lastBolusTime":1703098630630,"time":"2023-12-20T22:07:54.320Z"}},{"iob":0.005,"basaliob":-0.003,"bolussnooze":0,"activity":1.0E-4,"lastBolusTime":1703098630630,"time":"2023-12-20T22:12:54.320Z","iobWithZeroTemp":{"iob":-1.62,"basaliob":-1.628,"bolussnooze":0,"activity":-0.016,"lastBolusTime":1703098630630,"time":"2023-12-20T22:12:54.320Z"}},{"iob":0.004,"basaliob":-0.003,"bolussnooze":0,"activity":1.0E-4,"lastBolusTime":1703098630630,"time":"2023-12-20T22:17:54.320Z","iobWithZeroTemp":{"iob":-1.664,"basaliob":-1.671,"bolussnooze":0,"activity":-0.0165,"lastBolusTime":1703098630630,"time":"2023-12-20T22:17:54.320Z"}},{"iob":0.005,"basaliob":-0.002,"bolussnooze":0,"activity":0,"lastBolusTime":1703098630630,"time":"2023-12-20T22:22:54.320Z","iobWithZeroTemp":{"iob":-1.703,"basaliob":-1.71,"bolussnooze":0,"activity":-0.0171,"lastBolusTime":1703098630630,"time":"2023-12-20T22:22:54.320Z"}},{"iob":0.004,"basaliob":-0.002,"bolussnooze":0,"activity":1.0E-4,"lastBolusTime":1703098630630,"time":"2023-12-20T22:27:54.320Z","iobWithZeroTemp":{"iob":-1.743,"basaliob":-1.749,"bolussnooze":0,"activity":-0.0175,"lastBolusTime":1703098630630,"time":"2023-12-20T22:27:54.320Z"}},{"iob":0.003,"basaliob":-0.002,"bolussnooze":0,"activity":1.0E-4,"lastBolusTime":1703098630630,"time":"2023-12-20T22:32:54.320Z","iobWithZeroTemp":{"iob":-1.779,"basaliob":-1.784,"bolussnooze":0,"activity":-0.018,"lastBolusTime":1703098630630,"time":"2023-12-20T22:32:54.320Z"}},{"iob":0.003,"basaliob":-0.002,"bolussnooze":0,"activity":1.0E-4,"lastBolusTime":1703098630630,"time":"2023-12-20T22:37:54.320Z","iobWithZeroTemp":{"iob":-1.813,"basaliob":-1.818,"bolussnooze":0,"activity":-0.0185,"lastBolusTime":1703098630630,"time":"2023-12-20T22:37:54.320Z"}},{"iob":0.003,"basaliob":-0.001,"bolussnooze":0,"activity":1.0E-4,"lastBolusTime":1703098630630,"time":"2023-12-20T22:42:54.320Z","iobWithZeroTemp":{"iob":-1.844,"basaliob":-1.848,"bolussnooze":0,"activity":-0.0189,"lastBolusTime":1703098630630,"time":"2023-12-20T22:42:54.320Z"}},{"iob":0.003,"basaliob":-0.001,"bolussnooze":0,"activity":1.0E-4,"lastBolusTime":1703098630630,"time":"2023-12-20T22:47:54.320Z","iobWithZeroTemp":{"iob":-1.873,"basaliob":-1.877,"bolussnooze":0,"activity":-0.0193,"lastBolusTime":1703098630630,"time":"2023-12-20T22:47:54.320Z"}},{"iob":0.003,"basaliob":-0.001,"bolussnooze":0,"activity":1.0E-4,"lastBolusTime":1703098630630,"time":"2023-12-20T22:52:54.320Z","iobWithZeroTemp":{"iob":-1.899,"basaliob":-1.903,"bolussnooze":0,"activity":-0.0197,"lastBolusTime":1703098630630,"time":"2023-12-20T22:52:54.320Z"}},{"iob":0.002,"basaliob":-0.001,"bolussnooze":0,"activity":1.0E-4,"lastBolusTime":1703098630630,"time":"2023-12-20T22:57:54.320Z","iobWithZeroTemp":{"iob":-1.925,"basaliob":-1.928,"bolussnooze":0,"activity":-0.0201,"lastBolusTime":1703098630630,"time":"2023-12-20T22:57:54.320Z"}}],"profile":{"max_iob":20,"type":"current","max_daily_basal":1.6,"max_basal":2.4,"min_bg":90,"max_bg":90,"target_bg":90,"carb_ratio":4.5,"sens":90,"max_daily_safety_multiplier":3,"current_basal_safety_multiplier":4,"high_temptarget_raises_sensitivity":false,"low_temptarget_lowers_sensitivity":false,"sensitivity_raises_target":false,"resistance_lowers_target":false,"adv_target_adjustments":false,"exercise_mode":false,"half_basal_exercise_target":160,"maxCOB":120,"skip_neutral_temps":false,"remainingCarbsCap":90,"enableUAM":true,"A52_risk_enable":false,"SMBInterval":3,"enableSMB_with_COB":false,"enableSMB_with_temptarget":false,"allowSMB_with_high_temptarget":true,"enableSMB_always":true,"enableSMB_after_carbs":false,"maxSMBBasalMinutes":120,"maxUAMSMBBasalMinutes":120,"bolus_increment":0.05,"carbsReqThreshold":1,"current_basal":0.6,"temptargetSet":false,"autosens_max":1.8,"out_units":"mmol\/L"},"autosens_data":{"ratio":1},"meal_data":{"carbs":0,"mealCOB":0,"slopeFromMaxDeviation":-0.053100000000000015,"slopeFromMinDeviation":0.5302857142857142,"lastBolusTime":1703098630630,"lastCarbTime":0},"microBolusAllowed":true,"currentTime":1703098977165,"flatBGsDetected":false},"output":{"temp":"absolute","bg":93,"tick":"+2","eventualBG":98,"targetBG":90,"insulinReq":0.07,"deliverAt":"2023-12-20T19:02:57.165Z","sensitivityRatio":1,"predBGs":{"IOB":[93,95,96,97,99,99,100,101,101,101,101,101,101,101,101,100,100,100,100,100,100,99,99,99,99,99,99,99,99,98,98,98,98,98,98,98,98,98,98,98,98,98,98,98,98,98,98,97],"ZT":[93,93,94,94,94,94,95,95],"UAM":[93,95,96,97,98,99,99,99,99,99,99,99,98,98,98,98,98,97,97,97,97,97,97,97,96,96,96,96,96,96,96,96,96,96,95]},"COB":0,"IOB":0.047,"reason":"COB: 0, Dev: 0.5, BGI: 0.0, ISF: 5.0, CR: 4.5, Target: 5.0, minPredBG 5.3, minGuardBG 5.3, IOBpredBG 5.4, UAMpredBG 5.3; Eventual BG 5.4 >= 5.0,  insulinReq 0.07. temp 0.85 >~ req 0.74U\/hr. ","timestamp":"2023-12-20T19:02:57.273Z"}}