{"algorithm":"OpenAPSSMBPlugin","input":{"glucoseStatus":{"glucose":88,"noise":0,"delta":3,"short_avgdelta":3.89,"long_avgdelta":4.65,"date":1703157705305},"currenttemp":{"temp":"absolute","duration":15,"rate":0.15,"minutesrunning":15},"iob_data":[{"iob":0.255,"basaliob":-1.178,"bolussnooze":0.0539,"activity":0.0056,"lastBolusTime":1703157427946,"time":"2023-12-21T11:22:02.014Z","iobWithZeroTemp":{"iob":0.255,"basaliob":-1.178,"bolussnooze":0.0539,"activity":0.0056,"lastBolusTime":1703157427946,"time":"2023-12-21T11:22:02.014Z"}},{"iob":0.229,"basaliob":-1.109,"bolussnooze":0.0433,"activity":0.005,"lastBolusTime":1703157427946,"time":"2023-12-21T11:27:02.014Z","iobWithZeroTemp":{"iob":0.176,"basaliob":-1.162,"bolussnooze":0.0433,"activity":0.0049,"lastBolusTime":1703157427946,"time":"2023-12-21T11:27:02.014Z"}},{"iob":0.205,"basaliob":-1.042,"bolussnooze":0.0347,"activity":0.0045,"lastBolusTime":1703157427946,"time":"2023-12-21T11:32:02.014Z","iobWithZeroTemp":{"iob":0.086,"basaliob":-1.161,"bolussnooze":0.0347,"activity":0.0043,"lastBolusTime":1703157427946,"time":"2023-12-21T11:32:02.014Z"}},{"iob":0.184,"basaliob":-0.976,"bolussnooze":0.0277,"activity":0.004,"lastBolusTime":1703157427946,"time":"2023-12-21T11:37:02.014Z","iobWithZeroTemp":{"iob":0,"basaliob":-1.16,"bolussnooze":0.0277,"activity":0.0035,"lastBolusTime":1703157427946,"time":"2023-12-21T11:37:02.014Z"}},{"iob":0.164,"basaliob":-0.913,"bolussnooze":0.022,"activity":0.0037,"lastBolusTime":1703157427946,"time":"2023-12-21T11:42:02.014Z","iobWithZeroTemp":{"iob":-0.083,"basaliob":-1.16,"bolussnooze":0.022,"activity":0.0028,"lastBolusTime":1703157427946,"time":"2023-12-21T11:42:02.014Z"}},{"iob":0.147,"basaliob":-0.851,"bolussnooze":0.0175,"activity":0.0033,"lastBolusTime":1703157427946,"time":"2023-12-21T11:47:02.014Z","iobWithZeroTemp":{"iob":-0.161,"basaliob":-1.159,"bolussnooze":0.0175,"activity":0.0019,"lastBolusTime":1703157427946,"time":"2023-12-21T11:47:02.014Z"}},{"iob":0.132,"basaliob":-0.792,"bolussnooze":0.0138,"activity":0.003,"lastBolusTime":1703157427946,"time":"2023-12-21T11:52:02.014Z","iobWithZeroTemp":{"iob":-0.235,"basaliob":-1.159,"bolussnooze":0.0138,"activity":0.0011,"lastBolusTime":1703157427946,"time":"2023-12-21T11:52:02.014Z"}},{"iob":0.118,"basaliob":-0.736,"bolussnooze":0.0108,"activity":0.0027,"lastBolusTime":1703157427946,"time":"2023-12-21T11:57:02.014Z","iobWithZeroTemp":{"iob":-0.305,"basaliob":-1.159,"bolussnooze":0.0108,"activity":3.0E-4,"lastBolusTime":1703157427946,"time":"2023-12-21T11:57:02.014Z"}},{"iob":0.105,"basaliob":-0.683,"bolussnooze":0.0085,"activity":0.0024,"lastBolusTime":1703157427946,"time":"2023-12-21T12:02:02.014Z","iobWithZeroTemp":{"iob":-0.371,"basaliob":-1.159,"bolussnooze":0.0085,"activity":-5.0E-4,"lastBolusTime":1703157427946,"time":"2023-12-21T12:02:02.014Z"}},{"iob":0.093,"basaliob":-0.633,"bolussnooze":0.0066,"activity":0.0022,"lastBolusTime":1703157427946,"time":"2023-12-21T12:07:02.014Z","iobWithZeroTemp":{"iob":-0.434,"basaliob":-1.16,"bolussnooze":0.0066,"activity":-0.0013,"lastBolusTime":1703157427946,"time":"2023-12-21T12:07:02.014Z"}},{"iob":0.083,"basaliob":-0.585,"bolussnooze":0.0051,"activity":0.002,"lastBolusTime":1703157427946,"time":"2023-12-21T12:12:02.014Z","iobWithZeroTemp":{"iob":-0.492,"basaliob":-1.16,"bolussnooze":0.0051,"activity":-0.002,"lastBolusTime":1703157427946,"time":"2023-12-21T12:12:02.014Z"}},{"iob":0.075,"basaliob":-0.54,"bolussnooze":0.0039,"activity":0.0017,"lastBolusTime":1703157427946,"time":"2023-12-21T12:17:02.014Z","iobWithZeroTemp":{"iob":-0.545,"basaliob":-1.16,"bolussnooze":0.0039,"activity":-0.0029,"lastBolusTime":1703157427946,"time":"2023-12-21T12:17:02.014Z"}},{"iob":0.066,"basaliob":-0.498,"bolussnooze":0.003,"activity":0.0016,"lastBolusTime":1703157427946,"time":"2023-12-21T12:22:02.014Z","iobWithZeroTemp":{"iob":-0.597,"basaliob":-1.161,"bolussnooze":0.003,"activity":-0.0035,"lastBolusTime":1703157427946,"time":"2023-12-21T12:22:02.014Z"}},{"iob":0.059,"basaliob":-0.459,"bolussnooze":0.0022,"activity":0.0014,"lastBolusTime":1703157427946,"time":"2023-12-21T12:27:02.014Z","iobWithZeroTemp":{"iob":-0.644,"basaliob":-1.162,"bolussnooze":0.0022,"activity":-0.0042,"lastBolusTime":1703157427946,"time":"2023-12-21T12:27:02.014Z"}},{"iob":0.052,"basaliob":-0.422,"bolussnooze":0.0017,"activity":0.0012,"lastBolusTime":1703157427946,"time":"2023-12-21T12:32:02.014Z","iobWithZeroTemp":{"iob":-0.688,"basaliob":-1.162,"bolussnooze":0.0017,"activity":-0.0049,"lastBolusTime":1703157427946,"time":"2023-12-21T12:32:02.014Z"}},{"iob":0.046,"basaliob":-0.388,"bolussnooze":0.0012,"activity":0.0011,"lastBolusTime":1703157427946,"time":"2023-12-21T12:37:02.014Z","iobWithZeroTemp":{"iob":-0.729,"basaliob":-1.163,"bolussnooze":0.0012,"activity":-0.0055,"lastBolusTime":1703157427946,"time":"2023-12-21T12:37:02.014Z"}},{"iob":0.041,"basaliob":-0.356,"bolussnooze":9.0E-4,"activity":0.001,"lastBolusTime":1703157427946,"time":"2023-12-21T12:42:02.014Z","iobWithZeroTemp":{"iob":-0.766,"basaliob":-1.163,"bolussnooze":9.0E-4,"activity":-0.0061,"lastBolusTime":1703157427946,"time":"2023-12-21T12:42:02.014Z"}},{"iob":0.037,"basaliob":-0.326,"bolussnooze":7.0E-4,"activity":9.0E-4,"lastBolusTime":1703157427946,"time":"2023-12-21T12:47:02.014Z","iobWithZeroTemp":{"iob":-0.8,"basaliob":-1.163,"bolussnooze":7.0E-4,"activity":-0.0066,"lastBolusTime":1703157427946,"time":"2023-12-21T12:47:02.014Z"}},{"iob":0.032,"basaliob":-0.299,"bolussnooze":5.0E-4,"activity":8.0E-4,"lastBolusTime":1703157427946,"time":"2023-12-21T12:52:02.014Z","iobWithZeroTemp":{"iob":-0.833,"basaliob":-1.164,"bolussnooze":5.0E-4,"activity":-0.0072,"lastBolusTime":1703157427946,"time":"2023-12-21T12:52:02.014Z"}},{"iob":0.028,"basaliob":-0.274,"bolussnooze":3.0E-4,"activity":7.0E-4,"lastBolusTime":1703157427946,"time":"2023-12-21T12:57:02.014Z","iobWithZeroTemp":{"iob":-0.863,"basaliob":-1.165,"bolussnooze":3.0E-4,"activity":-0.0077,"lastBolusTime":1703157427946,"time":"2023-12-21T12:57:02.014Z"}},{"iob":0.025,"basaliob":-0.25,"bolussnooze":2.0E-4,"activity":6.0E-4,"lastBolusTime":1703157427946,"time":"2023-12-21T13:02:02.014Z","iobWithZeroTemp":{"iob":-0.89,"basaliob":-1.165,"bolussnooze":2.0E-4,"activity":-0.0081,"lastBolusTime":1703157427946,"time":"2023-12-21T13:02:02.014Z"}},{"iob":0.022,"basaliob":-0.229,"bolussnooze":1.0E-4,"activity":5.0E-4,"lastBolusTime":1703157427946,"time":"2023-12-21T13:07:02.014Z","iobWithZeroTemp":{"iob":-0.907,"basaliob":-1.158,"bolussnooze":1.0E-4,"activity":-0.0086,"lastBolusTime":1703157427946,"time":"2023-12-21T13:07:02.014Z"}},{"iob":0.019,"basaliob":-0.209,"bolussnooze":1.0E-4,"activity":5.0E-4,"lastBolusTime":1703157427946,"time":"2023-12-21T13:12:02.014Z","iobWithZeroTemp":{"iob":-0.922,"basaliob":-1.15,"bolussnooze":1.0E-4,"activity":-0.0089,"lastBolusTime":1703157427946,"time":"2023-12-21T13:12:02.014Z"}},{"iob":0.017,"basaliob":-0.19,"bolussnooze":1.0E-4,"activity":5.0E-4,"lastBolusTime":1703157427946,"time":"2023-12-21T13:17:02.014Z","iobWithZeroTemp":{"iob":-0.935,"basaliob":-1.142,"bolussnooze":1.0E-4,"activity":-0.0092,"lastBolusTime":1703157427946,"time":"2023-12-21T13:17:02.014Z"}},{"iob":0.015,"basaliob":-0.173,"bolussnooze":0,"activity":4.0E-4,"lastBolusTime":1703157427946,"time":"2023-12-21T13:22:02.014Z","iobWithZeroTemp":{"iob":-0.946,"basaliob":-1.134,"bolussnooze":0,"activity":-0.0095,"lastBolusTime":1703157427946,"time":"2023-12-21T13:22:02.014Z"}},{"iob":0.013,"basaliob":-0.158,"bolussnooze":0,"activity":3.0E-4,"lastBolusTime":1703157427946,"time":"2023-12-21T13:27:02.014Z","iobWithZeroTemp":{"iob":-0.957,"basaliob":-1.128,"bolussnooze":0,"activity":-0.0098,"lastBolusTime":1703157427946,"time":"2023-12-21T13:27:02.014Z"}},{"iob":0.011,"basaliob":-0.144,"bolussnooze":0,"activity":3.0E-4,"lastBolusTime":1703157427946,"time":"2023-12-21T13:32:02.014Z","iobWithZeroTemp":{"iob":-0.966,"basaliob":-1.121,"bolussnooze":0,"activity":-0.01,"lastBolusTime":1703157427946,"time":"2023-12-21T13:32:02.014Z"}},{"iob":0.011,"basaliob":-0.13,"bolussnooze":0,"activity":3.0E-4,"lastBolusTime":1703157427946,"time":"2023-12-21T13:37:02.014Z","iobWithZeroTemp":{"iob":-0.973,"basaliob":-1.114,"bolussnooze":0,"activity":-0.0102,"lastBolusTime":1703157427946,"time":"2023-12-21T13:37:02.014Z"}},{"iob":0.008,"basaliob":-0.119,"bolussnooze":0,"activity":2.0E-4,"lastBolusTime":1703157427946,"time":"2023-12-21T13:42:02.014Z","iobWithZeroTemp":{"iob":-0.981,"basaliob":-1.108,"bolussnooze":0,"activity":-0.0104,"lastBolusTime":1703157427946,"time":"2023-12-21T13:42:02.014Z"}},{"iob":0.007,"basaliob":-0.108,"bolussnooze":0,"activity":2.0E-4,"lastBolusTime":1703157427946,"time":"2023-12-21T13:47:02.014Z","iobWithZeroTemp":{"iob":-0.987,"basaliob":-1.102,"bolussnooze":0,"activity":-0.0105,"lastBolusTime":1703157427946,"time":"2023-12-21T13:47:02.014Z"}},{"iob":0.006,"basaliob":-0.098,"bolussnooze":0,"activity":2.0E-4,"lastBolusTime":1703157427946,"time":"2023-12-21T13:52:02.014Z","iobWithZeroTemp":{"iob":-0.993,"basaliob":-1.097,"bolussnooze":0,"activity":-0.0107,"lastBolusTime":1703157427946,"time":"2023-12-21T13:52:02.014Z"}},{"iob":0.006,"basaliob":-0.088,"bolussnooze":0,"activity":2.0E-4,"lastBolusTime":1703157427946,"time":"2023-12-21T13:57:02.014Z","iobWithZeroTemp":{"iob":-0.997,"basaliob":-1.091,"bolussnooze":0,"activity":-0.0108,"lastBolusTime":1703157427946,"time":"2023-12-21T13:57:02.014Z"}},{"iob":0.005,"basaliob":-0.08,"bolussnooze":0,"activity":1.0E-4,"lastBolusTime":1703157427946,"time":"2023-12-21T14:02:02.014Z","iobWithZeroTemp":{"iob":-1.001,"basaliob":-1.086,"bolussnooze":0,"activity":-0.011,"lastBolusTime":1703157427946,"time":"2023-12-21T14:02:02.014Z"}},{"iob":0.005,"basaliob":-0.072,"bolussnooze":0,"activity":1.0E-4,"lastBolusTime":1703157427946,"time":"2023-12-21T14:07:02.014Z","iobWithZeroTemp":{"iob":-1.004,"basaliob":-1.081,"bolussnooze":0,"activity":-0.011,"lastBolusTime":1703157427946,"time":"2023-12-21T14:07:02.014Z"}},{"iob":0.003,"basaliob":-0.066,"bolussnooze":0,"activity":1.0E-4,"lastBolusTime":1703157427946,"time":"2023-12-21T14:12:02.014Z","iobWithZeroTemp":{"iob":-1.008,"basaliob":-1.077,"bolussnooze":0,"activity":-0.0111,"lastBolusTime":1703157427946,"time":"2023-12-21T14:12:02.014Z"}},{"iob":0.003,"basaliob":-0.059,"bolussnooze":0,"activity":1.0E-4,"lastBolusTime":1703157427946,"time":"2023-12-21T14:17:02.014Z","iobWithZeroTemp":{"iob":-1.011,"basaliob":-1.073,"bolussnooze":0,"activity":-0.0112,"lastBolusTime":1703157427946,"time":"2023-12-21T14:17:02.014Z"}},{"iob":0.003,"basaliob":-0.053,"bolussnooze":0,"activity":1.0E-4,"lastBolusTime":1703157427946,"time":"2023-12-21T14:22:02.014Z","iobWithZeroTemp":{"iob":-1.009,"basaliob":-1.065,"bolussnooze":0,"activity":-0.0112,"lastBolusTime":1703157427946,"time":"2023-12-21T14:22:02.014Z"}},{"iob":0.002,"basaliob":-0.048,"bolussnooze":0,"activity":1.0E-4,"lastBolusTime":1703157427946,"time":"2023-12-21T14:27:02.014Z","iobWithZeroTemp":{"iob":-1.012,"basaliob":-1.062,"bolussnooze":0,"activity":-0.0112,"lastBolusTime":1703157427946,"time":"2023-12-21T14:27:02.014Z"}},{"iob":0.001,"basaliob":-0.044,"bolussnooze":0,"activity":1.0E-4,"lastBolusTime":1703157427946,"time":"2023-12-21T14:32:02.014Z","iobWithZeroTemp":{"iob":-1.014,"basaliob":-1.059,"bolussnooze":0,"activity":-0.0113,"lastBolusTime":1703157427946,"time":"2023-12-21T14:32:02.014Z"}},{"iob":0.002,"basaliob":-0.039,"bolussnooze":0,"activity":1.0E-4,"lastBolusTime":1703157427946,"time":"2023-12-21T14:37:02.014Z","iobWithZeroTemp":{"iob":-1.015,"basaliob":-1.056,"bolussnooze":0,"activity":-0.0113,"lastBolusTime":1703157427946,"time":"2023-12-21T14:37:02.014Z"}},{"iob":0.002,"basaliob":-0.035,"bolussnooze":0,"activity":1.0E-4,"lastBolusTime":1703157427946,"time":"2023-12-21T14:42:02.014Z","iobWithZeroTemp":{"iob":-1.016,"basaliob":-1.053,"bolussnooze":0,"activity":-0.0113,"lastBolusTime":1703157427946,"time":"2023-12-21T14:42:02.014Z"}},{"iob":0.001,"basaliob":-0.032,"bolussnooze":0,"activity":0,"lastBolusTime":1703157427946,"time":"2023-12-21T14:47:02.014Z","iobWithZeroTemp":{"iob":-1.018,"basaliob":-1.051,"bolussnooze":0,"activity":-0.0115,"lastBolusTime":1703157427946,"time":"2023-12-21T14:47:02.014Z"}},{"iob":0,"basaliob":-0.029,"bolussnooze":0,"activity":0,"lastBolusTime":1703157427946,"time":"2023-12-21T14:52:02.014Z","iobWithZeroTemp":{"iob":-1.02,"basaliob":-1.049,"bolussnooze":0,"activity":-0.0115,"lastBolusTime":1703157427946,"time":"2023-12-21T14:52:02.014Z"}},{"iob":0,"basaliob":-0.026,"bolussnooze":0,"activity":0,"lastBolusTime":1703157427946,"time":"2023-12-21T14:57:02.014Z","iobWithZeroTemp":{"iob":-1.021,"basaliob":-1.047,"bolussnooze":0,"activity":-0.0115,"lastBolusTime":1703157427946,"time":"2023-12-21T14:57:02.014Z"}},{"iob":0.001,"basaliob":-0.023,"bolussnooze":0,"activity":0,"lastBolusTime":1703157427946,"time":"2023-12-21T15:02:02.014Z","iobWithZeroTemp":{"iob":-1.021,"basaliob":-1.045,"bolussnooze":0,"activity":-0.0115,"lastBolusTime":1703157427946,"time":"2023-12-21T15:02:02.014Z"}},{"iob":0,"basaliob":-0.021,"bolussnooze":0,"activity":1.0E-4,"lastBolusTime":1703157427946,"time":"2023-12-21T15:07:02.014Z","iobWithZeroTemp":{"iob":-1.014,"basaliob":-1.035,"bolussnooze":0,"activity":-0.0114,"lastBolusTime":1703157427946,"time":"2023-12-21T15:07:02.014Z"}},{"iob":0,"basaliob":-0.019,"bolussnooze":0,"activity":0,"lastBolusTime":1703157427946,"time":"2023-12-21T15:12:02.014Z","iobWithZeroTemp":{"iob":-1.007,"basaliob":-1.026,"bolussnooze":0,"activity":-0.0115,"lastBolusTime":1703157427946,"time":"2023-12-21T15:12:02.014Z"}},{"iob":0,"basaliob":-0.017,"bolussnooze":0,"activity":0,"lastBolusTime":1703157427946,"time":"2023-12-21T15:17:02.014Z","iobWithZeroTemp":{"iob":-0.999,"basaliob":-1.016,"bolussnooze":0,"activity":-0.0115,"lastBolusTime":1703157427946,"time":"2023-12-21T15:17:02.014Z"}}],"profile":{"max_iob":20,"type":"current","max_daily_basal":1.6,"max_basal":3.2,"min_bg":90,"max_bg":90,"target_bg":90,"carb_ratio":8,"sens":108,"max_daily_safety_multiplier":3,"current_basal_safety_multiplier":4,"high_temptarget_raises_sensitivity":false,"low_temptarget_lowers_sensitivity":false,"sensitivity_raises_target":false,"resistance_lowers_target":false,"adv_target_adjustments":false,"exercise_mode":false,"half_basal_exercise_target":160,"maxCOB":120,"skip_neutral_temps":false,"remainingCarbsCap":90,"enableUAM":true,"A52_risk_enable":false,"SMBInterval":3,"enableSMB_with_COB":false,"enableSMB_with_temptarget":false,"allowSMB_with_high_temptarget":true,"enableSMB_always":true,"enableSMB_after_carbs":false,"maxSMBBasalMinutes":120,"maxUAMSMBBasalMinutes":120,"bolus_increment":0.05,"carbsReqThreshold":1,"current_basal":0.8,"temptargetSet":false,"autosens_max":1.8,"out_units":"mmol\/L"},"autosens_data":{"ratio":1},"meal_data":{"carbs":30,"mealCOB":5.833425925925932,"slopeFromMaxDeviation":-0.7119999999999997,"slopeFromMinDeviation":1.2930000000000001,"lastBolusTime":1703157427946,"lastCarbTime":1703154952000},"microBolusAllowed":true,"currentTime":1703157723153,"flatBGsDetected":false},"output":{"temp":"absolute","bg":88,"tick":"+3","eventualBG":135,"targetBG":90,"insulinReq":0.02,"deliverAt":"2023-12-21T11:22:03.153Z","sensitivityRatio":1,"predBGs":{"IOB":[88,90,93,95,97,98,99,100,101,101,101,100,99,98,98,97,96,96,95,95,95,94,94,94,94,93,93,93,93,93,93,92],"ZT":[88,85,82,80,78,77,76,75,75,75,76,77,78,80,83,85,88],"COB":[88,91,94,96,99,102,105,108,111,113,116,118,121,123,125,127,128,130,131,133,134,135,135,136,136,136,136,136,136,135],"UAM":[88,90,92,94,95,95,95,94,93,92,91,90,89,88,87,87,86,85,85,84,84,84,83,83,83,83,83,82,82,82,82,82,82,82,82,82,82,82,82,81]},"COB":5.833425925925932,"IOB":0.255,"reason":"COB: 5.8, Dev: 2.0, BGI: -0.2, ISF: 6.0, CR: 8, Target: 5.0, minPredBG 5.1, minGuardBG 4.6, IOBpredBG 5.1, COBpredBG 7.5, UAMpredBG 4.5; Eventual BG 7.5 >= 5.0,  insulinReq 0.02. temp 0.15 < 0.84U\/hr. ","duration":30,"rate":0.8400000000000001,"timestamp":"2023-12-21T11:22:03.187Z"}}