{"algorithm":"OpenAPSSMBPlugin","input":{"glucoseStatus":{"glucose":92,"noise":0,"delta":-2,"short_avgdelta":-0.5,"long_avgdelta":1.93,"date":1703055702724},"currenttemp":{"temp":"absolute","duration":25,"rate":0,"minutesrunning":5},"iob_data":[{"iob":1.198,"basaliob":-1.104,"bolussnooze":0,"activity":0.0104,"lastBolusTime":1703055129677,"time":"2023-12-20T07:02:04.783Z","iobWithZeroTemp":{"iob":1.198,"basaliob":-1.104,"bolussnooze":0,"activity":0.0104,"lastBolusTime":1703055129677,"time":"2023-12-20T07:02:04.783Z"}},{"iob":1.144,"basaliob":-1.043,"bolussnooze":0,"activity":0.011,"lastBolusTime":1703055129677,"time":"2023-12-20T07:07:04.783Z","iobWithZeroTemp":{"iob":1.064,"basaliob":-1.123,"bolussnooze":0,"activity":0.0109,"lastBolusTime":1703055129677,"time":"2023-12-20T07:07:04.783Z"}},{"iob":1.088,"basaliob":-0.983,"bolussnooze":0,"activity":0.0113,"lastBolusTime":1703055129677,"time":"2023-12-20T07:12:04.783Z","iobWithZeroTemp":{"iob":0.909,"basaliob":-1.162,"bolussnooze":0,"activity":0.0109,"lastBolusTime":1703055129677,"time":"2023-12-20T07:12:04.783Z"}},{"iob":1.031,"basaliob":-0.923,"bolussnooze":0,"activity":0.0115,"lastBolusTime":1703055129677,"time":"2023-12-20T07:17:04.783Z","iobWithZeroTemp":{"iob":0.755,"basaliob":-1.199,"bolussnooze":0,"activity":0.0107,"lastBolusTime":1703055129677,"time":"2023-12-20T07:17:04.783Z"}},{"iob":0.974,"basaliob":-0.865,"bolussnooze":0,"activity":0.0114,"lastBolusTime":1703055129677,"time":"2023-12-20T07:22:04.783Z","iobWithZeroTemp":{"iob":0.603,"basaliob":-1.236,"bolussnooze":0,"activity":0.01,"lastBolusTime":1703055129677,"time":"2023-12-20T07:22:04.783Z"}},{"iob":0.917,"basaliob":-0.808,"bolussnooze":0,"activity":0.0113,"lastBolusTime":1703055129677,"time":"2023-12-20T07:27:04.783Z","iobWithZeroTemp":{"iob":0.455,"basaliob":-1.27,"bolussnooze":0,"activity":0.0093,"lastBolusTime":1703055129677,"time":"2023-12-20T07:27:04.783Z"}},{"iob":0.861,"basaliob":-0.754,"bolussnooze":0,"activity":0.011,"lastBolusTime":1703055129677,"time":"2023-12-20T07:32:04.783Z","iobWithZeroTemp":{"iob":0.311,"basaliob":-1.304,"bolussnooze":0,"activity":0.0082,"lastBolusTime":1703055129677,"time":"2023-12-20T07:32:04.783Z"}},{"iob":0.806,"basaliob":-0.702,"bolussnooze":0,"activity":0.0107,"lastBolusTime":1703055129677,"time":"2023-12-20T07:37:04.783Z","iobWithZeroTemp":{"iob":0.171,"basaliob":-1.337,"bolussnooze":0,"activity":0.0071,"lastBolusTime":1703055129677,"time":"2023-12-20T07:37:04.783Z"}},{"iob":0.754,"basaliob":-0.652,"bolussnooze":0,"activity":0.0104,"lastBolusTime":1703055129677,"time":"2023-12-20T07:42:04.783Z","iobWithZeroTemp":{"iob":0.039,"basaliob":-1.367,"bolussnooze":0,"activity":0.006,"lastBolusTime":1703055129677,"time":"2023-12-20T07:42:04.783Z"}},{"iob":0.703,"basaliob":-0.605,"bolussnooze":0,"activity":0.01,"lastBolusTime":1703055129677,"time":"2023-12-20T07:47:04.783Z","iobWithZeroTemp":{"iob":-0.088,"basaliob":-1.396,"bolussnooze":0,"activity":0.0048,"lastBolusTime":1703055129677,"time":"2023-12-20T07:47:04.783Z"}},{"iob":0.654,"basaliob":-0.56,"bolussnooze":0,"activity":0.0095,"lastBolusTime":1703055129677,"time":"2023-12-20T07:52:04.783Z","iobWithZeroTemp":{"iob":-0.209,"basaliob":-1.423,"bolussnooze":0,"activity":0.0035,"lastBolusTime":1703055129677,"time":"2023-12-20T07:52:04.783Z"}},{"iob":0.608,"basaliob":-0.518,"bolussnooze":0,"activity":0.009,"lastBolusTime":1703055129677,"time":"2023-12-20T07:57:04.783Z","iobWithZeroTemp":{"iob":-0.323,"basaliob":-1.449,"bolussnooze":0,"activity":0.0021,"lastBolusTime":1703055129677,"time":"2023-12-20T07:57:04.783Z"}},{"iob":0.564,"basaliob":-0.478,"bolussnooze":0,"activity":0.0086,"lastBolusTime":1703055129677,"time":"2023-12-20T08:02:04.783Z","iobWithZeroTemp":{"iob":-0.43,"basaliob":-1.472,"bolussnooze":0,"activity":9.0E-4,"lastBolusTime":1703055129677,"time":"2023-12-20T08:02:04.783Z"}},{"iob":0.522,"basaliob":-0.441,"bolussnooze":0,"activity":0.0081,"lastBolusTime":1703055129677,"time":"2023-12-20T08:07:04.783Z","iobWithZeroTemp":{"iob":-0.524,"basaliob":-1.487,"bolussnooze":0,"activity":-3.0E-4,"lastBolusTime":1703055129677,"time":"2023-12-20T08:07:04.783Z"}},{"iob":0.483,"basaliob":-0.406,"bolussnooze":0,"activity":0.0077,"lastBolusTime":1703055129677,"time":"2023-12-20T08:12:04.783Z","iobWithZeroTemp":{"iob":-0.611,"basaliob":-1.5,"bolussnooze":0,"activity":-0.0015,"lastBolusTime":1703055129677,"time":"2023-12-20T08:12:04.783Z"}},{"iob":0.446,"basaliob":-0.373,"bolussnooze":0,"activity":0.0071,"lastBolusTime":1703055129677,"time":"2023-12-20T08:17:04.783Z","iobWithZeroTemp":{"iob":-0.692,"basaliob":-1.511,"bolussnooze":0,"activity":-0.0028,"lastBolusTime":1703055129677,"time":"2023-12-20T08:17:04.783Z"}},{"iob":0.411,"basaliob":-0.343,"bolussnooze":0,"activity":0.0068,"lastBolusTime":1703055129677,"time":"2023-12-20T08:22:04.783Z","iobWithZeroTemp":{"iob":-0.768,"basaliob":-1.522,"bolussnooze":0,"activity":-0.0037,"lastBolusTime":1703055129677,"time":"2023-12-20T08:22:04.783Z"}},{"iob":0.379,"basaliob":-0.315,"bolussnooze":0,"activity":0.0063,"lastBolusTime":1703055129677,"time":"2023-12-20T08:27:04.783Z","iobWithZeroTemp":{"iob":-0.837,"basaliob":-1.531,"bolussnooze":0,"activity":-0.0048,"lastBolusTime":1703055129677,"time":"2023-12-20T08:27:04.783Z"}},{"iob":0.348,"basaliob":-0.289,"bolussnooze":0,"activity":0.0059,"lastBolusTime":1703055129677,"time":"2023-12-20T08:32:04.783Z","iobWithZeroTemp":{"iob":-0.903,"basaliob":-1.54,"bolussnooze":0,"activity":-0.0058,"lastBolusTime":1703055129677,"time":"2023-12-20T08:32:04.783Z"}},{"iob":0.321,"basaliob":-0.264,"bolussnooze":0,"activity":0.0054,"lastBolusTime":1703055129677,"time":"2023-12-20T08:37:04.783Z","iobWithZeroTemp":{"iob":-0.962,"basaliob":-1.547,"bolussnooze":0,"activity":-0.0068,"lastBolusTime":1703055129677,"time":"2023-12-20T08:37:04.783Z"}},{"iob":0.294,"basaliob":-0.242,"bolussnooze":0,"activity":0.0051,"lastBolusTime":1703055129677,"time":"2023-12-20T08:42:04.783Z","iobWithZeroTemp":{"iob":-1.012,"basaliob":-1.548,"bolussnooze":0,"activity":-0.0076,"lastBolusTime":1703055129677,"time":"2023-12-20T08:42:04.783Z"}},{"iob":0.27,"basaliob":-0.221,"bolussnooze":0,"activity":0.0047,"lastBolusTime":1703055129677,"time":"2023-12-20T08:47:04.783Z","iobWithZeroTemp":{"iob":-1.063,"basaliob":-1.554,"bolussnooze":0,"activity":-0.0084,"lastBolusTime":1703055129677,"time":"2023-12-20T08:47:04.783Z"}},{"iob":0.247,"basaliob":-0.202,"bolussnooze":0,"activity":0.0043,"lastBolusTime":1703055129677,"time":"2023-12-20T08:52:04.783Z","iobWithZeroTemp":{"iob":-1.111,"basaliob":-1.56,"bolussnooze":0,"activity":-0.0093,"lastBolusTime":1703055129677,"time":"2023-12-20T08:52:04.783Z"}},{"iob":0.226,"basaliob":-0.184,"bolussnooze":0,"activity":0.004,"lastBolusTime":1703055129677,"time":"2023-12-20T08:57:04.783Z","iobWithZeroTemp":{"iob":-1.155,"basaliob":-1.565,"bolussnooze":0,"activity":-0.01,"lastBolusTime":1703055129677,"time":"2023-12-20T08:57:04.783Z"}},{"iob":0.207,"basaliob":-0.168,"bolussnooze":0,"activity":0.0037,"lastBolusTime":1703055129677,"time":"2023-12-20T09:02:04.783Z","iobWithZeroTemp":{"iob":-1.195,"basaliob":-1.57,"bolussnooze":0,"activity":-0.0106,"lastBolusTime":1703055129677,"time":"2023-12-20T09:02:04.783Z"}},{"iob":0.189,"basaliob":-0.153,"bolussnooze":0,"activity":0.0034,"lastBolusTime":1703055129677,"time":"2023-12-20T09:07:04.783Z","iobWithZeroTemp":{"iob":-1.224,"basaliob":-1.566,"bolussnooze":0,"activity":-0.0113,"lastBolusTime":1703055129677,"time":"2023-12-20T09:07:04.783Z"}},{"iob":0.173,"basaliob":-0.139,"bolussnooze":0,"activity":0.0032,"lastBolusTime":1703055129677,"time":"2023-12-20T09:12:04.783Z","iobWithZeroTemp":{"iob":-1.25,"basaliob":-1.562,"bolussnooze":0,"activity":-0.0117,"lastBolusTime":1703055129677,"time":"2023-12-20T09:12:04.783Z"}},{"iob":0.157,"basaliob":-0.127,"bolussnooze":0,"activity":0.0029,"lastBolusTime":1703055129677,"time":"2023-12-20T09:17:04.783Z","iobWithZeroTemp":{"iob":-1.274,"basaliob":-1.558,"bolussnooze":0,"activity":-0.0123,"lastBolusTime":1703055129677,"time":"2023-12-20T09:17:04.783Z"}},{"iob":0.143,"basaliob":-0.115,"bolussnooze":0,"activity":0.0027,"lastBolusTime":1703055129677,"time":"2023-12-20T09:22:04.783Z","iobWithZeroTemp":{"iob":-1.295,"basaliob":-1.553,"bolussnooze":0,"activity":-0.0127,"lastBolusTime":1703055129677,"time":"2023-12-20T09:22:04.783Z"}},{"iob":0.13,"basaliob":-0.105,"bolussnooze":0,"activity":0.0025,"lastBolusTime":1703055129677,"time":"2023-12-20T09:27:04.783Z","iobWithZeroTemp":{"iob":-1.314,"basaliob":-1.549,"bolussnooze":0,"activity":-0.0131,"lastBolusTime":1703055129677,"time":"2023-12-20T09:27:04.783Z"}},{"iob":0.119,"basaliob":-0.095,"bolussnooze":0,"activity":0.0022,"lastBolusTime":1703055129677,"time":"2023-12-20T09:32:04.783Z","iobWithZeroTemp":{"iob":-1.33,"basaliob":-1.544,"bolussnooze":0,"activity":-0.0136,"lastBolusTime":1703055129677,"time":"2023-12-20T09:32:04.783Z"}},{"iob":0.108,"basaliob":-0.086,"bolussnooze":0,"activity":0.0021,"lastBolusTime":1703055129677,"time":"2023-12-20T09:37:04.783Z","iobWithZeroTemp":{"iob":-1.345,"basaliob":-1.539,"bolussnooze":0,"activity":-0.0138,"lastBolusTime":1703055129677,"time":"2023-12-20T09:37:04.783Z"}},{"iob":0.098,"basaliob":-0.078,"bolussnooze":0,"activity":0.0019,"lastBolusTime":1703055129677,"time":"2023-12-20T09:42:04.783Z","iobWithZeroTemp":{"iob":-1.359,"basaliob":-1.535,"bolussnooze":0,"activity":-0.0141,"lastBolusTime":1703055129677,"time":"2023-12-20T09:42:04.783Z"}},{"iob":0.089,"basaliob":-0.071,"bolussnooze":0,"activity":0.0017,"lastBolusTime":1703055129677,"time":"2023-12-20T09:47:04.783Z","iobWithZeroTemp":{"iob":-1.37,"basaliob":-1.53,"bolussnooze":0,"activity":-0.0144,"lastBolusTime":1703055129677,"time":"2023-12-20T09:47:04.783Z"}},{"iob":0.081,"basaliob":-0.064,"bolussnooze":0,"activity":0.0016,"lastBolusTime":1703055129677,"time":"2023-12-20T09:52:04.783Z","iobWithZeroTemp":{"iob":-1.381,"basaliob":-1.526,"bolussnooze":0,"activity":-0.0146,"lastBolusTime":1703055129677,"time":"2023-12-20T09:52:04.783Z"}},{"iob":0.073,"basaliob":-0.058,"bolussnooze":0,"activity":0.0014,"lastBolusTime":1703055129677,"time":"2023-12-20T09:57:04.783Z","iobWithZeroTemp":{"iob":-1.391,"basaliob":-1.522,"bolussnooze":0,"activity":-0.0149,"lastBolusTime":1703055129677,"time":"2023-12-20T09:57:04.783Z"}},{"iob":0.066,"basaliob":-0.052,"bolussnooze":0,"activity":0.0013,"lastBolusTime":1703055129677,"time":"2023-12-20T10:02:04.783Z","iobWithZeroTemp":{"iob":-1.4,"basaliob":-1.518,"bolussnooze":0,"activity":-0.0151,"lastBolusTime":1703055129677,"time":"2023-12-20T10:02:04.783Z"}},{"iob":0.06,"basaliob":-0.047,"bolussnooze":0,"activity":0.0012,"lastBolusTime":1703055129677,"time":"2023-12-20T10:07:04.783Z","iobWithZeroTemp":{"iob":-1.399,"basaliob":-1.506,"bolussnooze":0,"activity":-0.0152,"lastBolusTime":1703055129677,"time":"2023-12-20T10:07:04.783Z"}},{"iob":0.055,"basaliob":-0.042,"bolussnooze":0,"activity":0.0011,"lastBolusTime":1703055129677,"time":"2023-12-20T10:12:04.783Z","iobWithZeroTemp":{"iob":-1.397,"basaliob":-1.494,"bolussnooze":0,"activity":-0.0154,"lastBolusTime":1703055129677,"time":"2023-12-20T10:12:04.783Z"}},{"iob":0.049,"basaliob":-0.038,"bolussnooze":0,"activity":0.001,"lastBolusTime":1703055129677,"time":"2023-12-20T10:17:04.783Z","iobWithZeroTemp":{"iob":-1.391,"basaliob":-1.478,"bolussnooze":0,"activity":-0.0154,"lastBolusTime":1703055129677,"time":"2023-12-20T10:17:04.783Z"}},{"iob":0.044,"basaliob":-0.035,"bolussnooze":0,"activity":9.0E-4,"lastBolusTime":1703055129677,"time":"2023-12-20T10:22:04.783Z","iobWithZeroTemp":{"iob":-1.39,"basaliob":-1.469,"bolussnooze":0,"activity":-0.0155,"lastBolusTime":1703055129677,"time":"2023-12-20T10:22:04.783Z"}},{"iob":0.04,"basaliob":-0.031,"bolussnooze":0,"activity":8.0E-4,"lastBolusTime":1703055129677,"time":"2023-12-20T10:27:04.783Z","iobWithZeroTemp":{"iob":-1.387,"basaliob":-1.458,"bolussnooze":0,"activity":-0.0156,"lastBolusTime":1703055129677,"time":"2023-12-20T10:27:04.783Z"}},{"iob":0.036,"basaliob":-0.028,"bolussnooze":0,"activity":7.0E-4,"lastBolusTime":1703055129677,"time":"2023-12-20T10:32:04.783Z","iobWithZeroTemp":{"iob":-1.384,"basaliob":-1.448,"bolussnooze":0,"activity":-0.0156,"lastBolusTime":1703055129677,"time":"2023-12-20T10:32:04.783Z"}},{"iob":0.033,"basaliob":-0.025,"bolussnooze":0,"activity":7.0E-4,"lastBolusTime":1703055129677,"time":"2023-12-20T10:37:04.783Z","iobWithZeroTemp":{"iob":-1.381,"basaliob":-1.439,"bolussnooze":0,"activity":-0.0156,"lastBolusTime":1703055129677,"time":"2023-12-20T10:37:04.783Z"}},{"iob":0.029,"basaliob":-0.023,"bolussnooze":0,"activity":6.0E-4,"lastBolusTime":1703055129677,"time":"2023-12-20T10:42:04.783Z","iobWithZeroTemp":{"iob":-1.378,"basaliob":-1.43,"bolussnooze":0,"activity":-0.0156,"lastBolusTime":1703055129677,"time":"2023-12-20T10:42:04.783Z"}},{"iob":0.027,"basaliob":-0.02,"bolussnooze":0,"activity":6.0E-4,"lastBolusTime":1703055129677,"time":"2023-12-20T10:47:04.783Z","iobWithZeroTemp":{"iob":-1.374,"basaliob":-1.421,"bolussnooze":0,"activity":-0.0156,"lastBolusTime":1703055129677,"time":"2023-12-20T10:47:04.783Z"}},{"iob":0.024,"basaliob":-0.018,"bolussnooze":0,"activity":5.0E-4,"lastBolusTime":1703055129677,"time":"2023-12-20T10:52:04.783Z","iobWithZeroTemp":{"iob":-1.372,"basaliob":-1.414,"bolussnooze":0,"activity":-0.0156,"lastBolusTime":1703055129677,"time":"2023-12-20T10:52:04.783Z"}},{"iob":0.022,"basaliob":-0.016,"bolussnooze":0,"activity":4.0E-4,"lastBolusTime":1703055129677,"time":"2023-12-20T10:57:04.783Z","iobWithZeroTemp":{"iob":-1.368,"basaliob":-1.406,"bolussnooze":0,"activity":-0.0157,"lastBolusTime":1703055129677,"time":"2023-12-20T10:57:04.783Z"}}],"profile":{"max_iob":20,"type":"current","max_daily_basal":1.6,"max_basal":4.8,"min_bg":81,"max_bg":81,"target_bg":81,"carb_ratio":5.5,"sens":72,"max_daily_safety_multiplier":3,"current_basal_safety_multiplier":4,"high_temptarget_raises_sensitivity":false,"low_temptarget_lowers_sensitivity":false,"sensitivity_raises_target":false,"resistance_lowers_target":false,"adv_target_adjustments":false,"exercise_mode":false,"half_basal_exercise_target":160,"maxCOB":120,"skip_neutral_temps":false,"remainingCarbsCap":90,"enableUAM":true,"A52_risk_enable":false,"SMBInterval":3,"enableSMB_with_COB":false,"enableSMB_with_temptarget":false,"allowSMB_with_high_temptarget":true,"enableSMB_always":true,"enableSMB_after_carbs":false,"maxSMBBasalMinutes":120,"maxUAMSMBBasalMinutes":120,"bolus_increment":0.05,"carbsReqThreshold":1,"current_basal":1.2,"temptargetSet":true,"autosens_max":1.8,"out_units":"mmol\/L"},"autosens_data":{"ratio":1},"meal_data":{"carbs":50,"mealCOB":15.722222222222225,"slopeFromMaxDeviation":0,"slopeFromMinDeviation":0.8179999999999998,"lastBolusTime":1703055129677,"lastCarbTime":1703053023000},"microBolusAllowed":true,"currentTime":1703055728884,"flatBGsDetected":false},"output":{"temp":"absolute","bg":92,"tick":-2,"eventualBG":210,"targetBG":81,"insulinReq":0,"deliverAt":"2023-12-20T07:02:08.884Z","sensitivityRatio":1,"predBGs":{"IOB":[92,90,87,84,81,78,75,72,69,65,62,59,55,52,49,47,44,42,39],"ZT":[92,88,84,80,77,73,70,67,64,62,60,59,58,58,58,59,60,61,63,65,67,70,73,76,80],"COB":[92,90,88,87,85,84,83,82,82,82,83,84,85,87,89,91,94,97,101,105,110,114,120,125,131,137,143,149,154,159,164,169,174,178,182,186,189,192,195,198,201,203,205,206,208,209,210],"UAM":[92,90,87,84,80,76,72,68,65,61,57,54,51,47,45,42,39]},"COB":15.722222222222225,"IOB":1.198,"reason":"COB: 15.7, Dev: 0.6, BGI: -0.2, ISF: 4.0, CR: 5.5, Target: 4.5, minPredBG 4.1, minGuardBG 1.8, IOBpredBG 2.2, COBpredBG 11.7, UAMpredBG 2.2; minGuardBG 1.8<3.4 25m left and 0 ~ req 0U\/hr: no temp required","timestamp":"2023-12-20T07:02:09.054Z"}}