{"algorithm":"OpenAPSSMBPlugin","input":{"glucoseStatus":{"glucose":71,"noise":0,"delta":0,"short_avgdelta":-0.89,"long_avgdelta":-2.37,"date":1703053002567},"currenttemp":{"temp":"absolute","duration":30,"rate":1.35,"minutesrunning":0},"iob_data":[{"iob":-0.457,"basaliob":-1.361,"bolussnooze":6.0E-4,"activity":-8.0E-4,"lastBolusTime":1703050029109,"time":"2023-12-20T06:17:17.423Z","iobWithZeroTemp":{"iob":-0.457,"basaliob":-1.361,"bolussnooze":6.0E-4,"activity":-8.0E-4,"lastBolusTime":1703050029109,"time":"2023-12-20T06:17:17.423Z"}},{"iob":-0.452,"basaliob":-1.287,"bolussnooze":5.0E-4,"activity":-0.0017,"lastBolusTime":1703050029109,"time":"2023-12-20T06:22:17.423Z","iobWithZeroTemp":{"iob":-0.535,"basaliob":-1.37,"bolussnooze":5.0E-4,"activity":-0.0018,"lastBolusTime":1703050029109,"time":"2023-12-20T06:22:17.423Z"}},{"iob":-0.441,"basaliob":-1.212,"bolussnooze":4.0E-4,"activity":-0.0023,"lastBolusTime":1703050029109,"time":"2023-12-20T06:27:17.423Z","iobWithZeroTemp":{"iob":-0.627,"basaliob":-1.398,"bolussnooze":4.0E-4,"activity":-0.0027,"lastBolusTime":1703050029109,"time":"2023-12-20T06:27:17.423Z"}},{"iob":-0.428,"basaliob":-1.139,"bolussnooze":3.0E-4,"activity":-0.0028,"lastBolusTime":1703050029109,"time":"2023-12-20T06:32:17.423Z","iobWithZeroTemp":{"iob":-0.716,"basaliob":-1.427,"bolussnooze":3.0E-4,"activity":-0.0036,"lastBolusTime":1703050029109,"time":"2023-12-20T06:32:17.423Z"}},{"iob":-0.413,"basaliob":-1.067,"bolussnooze":2.0E-4,"activity":-0.0032,"lastBolusTime":1703050029109,"time":"2023-12-20T06:37:17.423Z","iobWithZeroTemp":{"iob":-0.799,"basaliob":-1.453,"bolussnooze":2.0E-4,"activity":-0.0046,"lastBolusTime":1703050029109,"time":"2023-12-20T06:37:17.423Z"}},{"iob":-0.396,"basaliob":-0.998,"bolussnooze":1.0E-4,"activity":-0.0035,"lastBolusTime":1703050029109,"time":"2023-12-20T06:42:17.423Z","iobWithZeroTemp":{"iob":-0.878,"basaliob":-1.48,"bolussnooze":1.0E-4,"activity":-0.0056,"lastBolusTime":1703050029109,"time":"2023-12-20T06:42:17.423Z"}},{"iob":-0.378,"basaliob":-0.931,"bolussnooze":1.0E-4,"activity":-0.0036,"lastBolusTime":1703050029109,"time":"2023-12-20T06:47:17.423Z","iobWithZeroTemp":{"iob":-0.951,"basaliob":-1.504,"bolussnooze":1.0E-4,"activity":-0.0065,"lastBolusTime":1703050029109,"time":"2023-12-20T06:47:17.423Z"}},{"iob":-0.359,"basaliob":-0.866,"bolussnooze":1.0E-4,"activity":-0.0038,"lastBolusTime":1703050029109,"time":"2023-12-20T06:52:17.423Z","iobWithZeroTemp":{"iob":-1.02,"basaliob":-1.527,"bolussnooze":1.0E-4,"activity":-0.0075,"lastBolusTime":1703050029109,"time":"2023-12-20T06:52:17.423Z"}},{"iob":-0.34,"basaliob":-0.805,"bolussnooze":0,"activity":-0.0039,"lastBolusTime":1703050029109,"time":"2023-12-20T06:57:17.423Z","iobWithZeroTemp":{"iob":-1.085,"basaliob":-1.55,"bolussnooze":0,"activity":-0.0085,"lastBolusTime":1703050029109,"time":"2023-12-20T06:57:17.423Z"}},{"iob":-0.321,"basaliob":-0.747,"bolussnooze":0,"activity":-0.0038,"lastBolusTime":1703050029109,"time":"2023-12-20T07:02:17.423Z","iobWithZeroTemp":{"iob":-1.145,"basaliob":-1.571,"bolussnooze":0,"activity":-0.0092,"lastBolusTime":1703050029109,"time":"2023-12-20T07:02:17.423Z"}},{"iob":-0.303,"basaliob":-0.692,"bolussnooze":0,"activity":-0.0037,"lastBolusTime":1703050029109,"time":"2023-12-20T07:07:17.423Z","iobWithZeroTemp":{"iob":-1.198,"basaliob":-1.587,"bolussnooze":0,"activity":-0.01,"lastBolusTime":1703050029109,"time":"2023-12-20T07:07:17.423Z"}},{"iob":-0.284,"basaliob":-0.64,"bolussnooze":0,"activity":-0.0037,"lastBolusTime":1703050029109,"time":"2023-12-20T07:12:17.423Z","iobWithZeroTemp":{"iob":-1.241,"basaliob":-1.597,"bolussnooze":0,"activity":-0.0108,"lastBolusTime":1703050029109,"time":"2023-12-20T07:12:17.423Z"}},{"iob":-0.266,"basaliob":-0.591,"bolussnooze":0,"activity":-0.0036,"lastBolusTime":1703050029109,"time":"2023-12-20T07:17:17.423Z","iobWithZeroTemp":{"iob":-1.286,"basaliob":-1.611,"bolussnooze":0,"activity":-0.0115,"lastBolusTime":1703050029109,"time":"2023-12-20T07:17:17.423Z"}},{"iob":-0.249,"basaliob":-0.545,"bolussnooze":0,"activity":-0.0034,"lastBolusTime":1703050029109,"time":"2023-12-20T07:22:17.423Z","iobWithZeroTemp":{"iob":-1.327,"basaliob":-1.623,"bolussnooze":0,"activity":-0.0121,"lastBolusTime":1703050029109,"time":"2023-12-20T07:22:17.423Z"}},{"iob":-0.232,"basaliob":-0.502,"bolussnooze":0,"activity":-0.0033,"lastBolusTime":1703050029109,"time":"2023-12-20T07:27:17.423Z","iobWithZeroTemp":{"iob":-1.365,"basaliob":-1.635,"bolussnooze":0,"activity":-0.0128,"lastBolusTime":1703050029109,"time":"2023-12-20T07:27:17.423Z"}},{"iob":-0.216,"basaliob":-0.462,"bolussnooze":0,"activity":-0.0032,"lastBolusTime":1703050029109,"time":"2023-12-20T07:32:17.423Z","iobWithZeroTemp":{"iob":-1.4,"basaliob":-1.646,"bolussnooze":0,"activity":-0.0134,"lastBolusTime":1703050029109,"time":"2023-12-20T07:32:17.423Z"}},{"iob":-0.2,"basaliob":-0.424,"bolussnooze":0,"activity":-0.003,"lastBolusTime":1703050029109,"time":"2023-12-20T07:37:17.423Z","iobWithZeroTemp":{"iob":-1.431,"basaliob":-1.655,"bolussnooze":0,"activity":-0.0139,"lastBolusTime":1703050029109,"time":"2023-12-20T07:37:17.423Z"}},{"iob":-0.186,"basaliob":-0.39,"bolussnooze":0,"activity":-0.0028,"lastBolusTime":1703050029109,"time":"2023-12-20T07:42:17.423Z","iobWithZeroTemp":{"iob":-1.461,"basaliob":-1.665,"bolussnooze":0,"activity":-0.0144,"lastBolusTime":1703050029109,"time":"2023-12-20T07:42:17.423Z"}},{"iob":-0.172,"basaliob":-0.357,"bolussnooze":0,"activity":-0.0026,"lastBolusTime":1703050029109,"time":"2023-12-20T07:47:17.423Z","iobWithZeroTemp":{"iob":-1.488,"basaliob":-1.673,"bolussnooze":0,"activity":-0.0148,"lastBolusTime":1703050029109,"time":"2023-12-20T07:47:17.423Z"}},{"iob":-0.159,"basaliob":-0.327,"bolussnooze":0,"activity":-0.0025,"lastBolusTime":1703050029109,"time":"2023-12-20T07:52:17.423Z","iobWithZeroTemp":{"iob":-1.512,"basaliob":-1.68,"bolussnooze":0,"activity":-0.0153,"lastBolusTime":1703050029109,"time":"2023-12-20T07:52:17.423Z"}},{"iob":-0.147,"basaliob":-0.299,"bolussnooze":0,"activity":-0.0023,"lastBolusTime":1703050029109,"time":"2023-12-20T07:57:17.423Z","iobWithZeroTemp":{"iob":-1.535,"basaliob":-1.687,"bolussnooze":0,"activity":-0.0156,"lastBolusTime":1703050029109,"time":"2023-12-20T07:57:17.423Z"}},{"iob":-0.136,"basaliob":-0.274,"bolussnooze":0,"activity":-0.0022,"lastBolusTime":1703050029109,"time":"2023-12-20T08:02:17.423Z","iobWithZeroTemp":{"iob":-1.556,"basaliob":-1.694,"bolussnooze":0,"activity":-0.016,"lastBolusTime":1703050029109,"time":"2023-12-20T08:02:17.423Z"}},{"iob":-0.125,"basaliob":-0.25,"bolussnooze":0,"activity":-0.002,"lastBolusTime":1703050029109,"time":"2023-12-20T08:07:17.423Z","iobWithZeroTemp":{"iob":-1.567,"basaliob":-1.692,"bolussnooze":0,"activity":-0.0163,"lastBolusTime":1703050029109,"time":"2023-12-20T08:07:17.423Z"}},{"iob":-0.115,"basaliob":-0.228,"bolussnooze":0,"activity":-0.0019,"lastBolusTime":1703050029109,"time":"2023-12-20T08:12:17.423Z","iobWithZeroTemp":{"iob":-1.576,"basaliob":-1.689,"bolussnooze":0,"activity":-0.0167,"lastBolusTime":1703050029109,"time":"2023-12-20T08:12:17.423Z"}},{"iob":-0.106,"basaliob":-0.208,"bolussnooze":0,"activity":-0.0018,"lastBolusTime":1703050029109,"time":"2023-12-20T08:17:17.423Z","iobWithZeroTemp":{"iob":-1.584,"basaliob":-1.686,"bolussnooze":0,"activity":-0.0169,"lastBolusTime":1703050029109,"time":"2023-12-20T08:17:17.423Z"}},{"iob":-0.097,"basaliob":-0.19,"bolussnooze":0,"activity":-0.0016,"lastBolusTime":1703050029109,"time":"2023-12-20T08:22:17.423Z","iobWithZeroTemp":{"iob":-1.59,"basaliob":-1.683,"bolussnooze":0,"activity":-0.0171,"lastBolusTime":1703050029109,"time":"2023-12-20T08:22:17.423Z"}},{"iob":-0.089,"basaliob":-0.173,"bolussnooze":0,"activity":-0.0016,"lastBolusTime":1703050029109,"time":"2023-12-20T08:27:17.423Z","iobWithZeroTemp":{"iob":-1.588,"basaliob":-1.672,"bolussnooze":0,"activity":-0.0173,"lastBolusTime":1703050029109,"time":"2023-12-20T08:27:17.423Z"}},{"iob":-0.081,"basaliob":-0.157,"bolussnooze":0,"activity":-0.0014,"lastBolusTime":1703050029109,"time":"2023-12-20T08:32:17.423Z","iobWithZeroTemp":{"iob":-1.593,"basaliob":-1.669,"bolussnooze":0,"activity":-0.0174,"lastBolusTime":1703050029109,"time":"2023-12-20T08:32:17.423Z"}},{"iob":-0.075,"basaliob":-0.143,"bolussnooze":0,"activity":-0.0013,"lastBolusTime":1703050029109,"time":"2023-12-20T08:37:17.423Z","iobWithZeroTemp":{"iob":-1.598,"basaliob":-1.666,"bolussnooze":0,"activity":-0.0175,"lastBolusTime":1703050029109,"time":"2023-12-20T08:37:17.423Z"}},{"iob":-0.069,"basaliob":-0.13,"bolussnooze":0,"activity":-0.0012,"lastBolusTime":1703050029109,"time":"2023-12-20T08:42:17.423Z","iobWithZeroTemp":{"iob":-1.602,"basaliob":-1.663,"bolussnooze":0,"activity":-0.0177,"lastBolusTime":1703050029109,"time":"2023-12-20T08:42:17.423Z"}},{"iob":-0.063,"basaliob":-0.118,"bolussnooze":0,"activity":-0.0011,"lastBolusTime":1703050029109,"time":"2023-12-20T08:47:17.423Z","iobWithZeroTemp":{"iob":-1.605,"basaliob":-1.66,"bolussnooze":0,"activity":-0.0178,"lastBolusTime":1703050029109,"time":"2023-12-20T08:47:17.423Z"}},{"iob":-0.057,"basaliob":-0.107,"bolussnooze":0,"activity":-0.001,"lastBolusTime":1703050029109,"time":"2023-12-20T08:52:17.423Z","iobWithZeroTemp":{"iob":-1.607,"basaliob":-1.657,"bolussnooze":0,"activity":-0.0178,"lastBolusTime":1703050029109,"time":"2023-12-20T08:52:17.423Z"}},{"iob":-0.052,"basaliob":-0.097,"bolussnooze":0,"activity":-9.0E-4,"lastBolusTime":1703050029109,"time":"2023-12-20T08:57:17.423Z","iobWithZeroTemp":{"iob":-1.609,"basaliob":-1.654,"bolussnooze":0,"activity":-0.0179,"lastBolusTime":1703050029109,"time":"2023-12-20T08:57:17.423Z"}},{"iob":-0.048,"basaliob":-0.088,"bolussnooze":0,"activity":-8.0E-4,"lastBolusTime":1703050029109,"time":"2023-12-20T09:02:17.423Z","iobWithZeroTemp":{"iob":-1.611,"basaliob":-1.651,"bolussnooze":0,"activity":-0.018,"lastBolusTime":1703050029109,"time":"2023-12-20T09:02:17.423Z"}},{"iob":-0.043,"basaliob":-0.079,"bolussnooze":0,"activity":-8.0E-4,"lastBolusTime":1703050029109,"time":"2023-12-20T09:07:17.423Z","iobWithZeroTemp":{"iob":-1.603,"basaliob":-1.639,"bolussnooze":0,"activity":-0.0181,"lastBolusTime":1703050029109,"time":"2023-12-20T09:07:17.423Z"}},{"iob":-0.04,"basaliob":-0.072,"bolussnooze":0,"activity":-7.0E-4,"lastBolusTime":1703050029109,"time":"2023-12-20T09:12:17.423Z","iobWithZeroTemp":{"iob":-1.597,"basaliob":-1.629,"bolussnooze":0,"activity":-0.0181,"lastBolusTime":1703050029109,"time":"2023-12-20T09:12:17.423Z"}},{"iob":-0.036,"basaliob":-0.065,"bolussnooze":0,"activity":-7.0E-4,"lastBolusTime":1703050029109,"time":"2023-12-20T09:17:17.423Z","iobWithZeroTemp":{"iob":-1.59,"basaliob":-1.619,"bolussnooze":0,"activity":-0.0181,"lastBolusTime":1703050029109,"time":"2023-12-20T09:17:17.423Z"}},{"iob":-0.032,"basaliob":-0.058,"bolussnooze":0,"activity":-6.0E-4,"lastBolusTime":1703050029109,"time":"2023-12-20T09:22:17.423Z","iobWithZeroTemp":{"iob":-1.582,"basaliob":-1.608,"bolussnooze":0,"activity":-0.0181,"lastBolusTime":1703050029109,"time":"2023-12-20T09:22:17.423Z"}},{"iob":-0.03,"basaliob":-0.053,"bolussnooze":0,"activity":-6.0E-4,"lastBolusTime":1703050029109,"time":"2023-12-20T09:27:17.423Z","iobWithZeroTemp":{"iob":-1.576,"basaliob":-1.599,"bolussnooze":0,"activity":-0.0181,"lastBolusTime":1703050029109,"time":"2023-12-20T09:27:17.423Z"}},{"iob":-0.027,"basaliob":-0.048,"bolussnooze":0,"activity":-5.0E-4,"lastBolusTime":1703050029109,"time":"2023-12-20T09:32:17.423Z","iobWithZeroTemp":{"iob":-1.569,"basaliob":-1.59,"bolussnooze":0,"activity":-0.018,"lastBolusTime":1703050029109,"time":"2023-12-20T09:32:17.423Z"}},{"iob":-0.024,"basaliob":-0.043,"bolussnooze":0,"activity":-5.0E-4,"lastBolusTime":1703050029109,"time":"2023-12-20T09:37:17.423Z","iobWithZeroTemp":{"iob":-1.555,"basaliob":-1.574,"bolussnooze":0,"activity":-0.0179,"lastBolusTime":1703050029109,"time":"2023-12-20T09:37:17.423Z"}},{"iob":-0.022,"basaliob":-0.039,"bolussnooze":0,"activity":-4.0E-4,"lastBolusTime":1703050029109,"time":"2023-12-20T09:42:17.423Z","iobWithZeroTemp":{"iob":-1.549,"basaliob":-1.566,"bolussnooze":0,"activity":-0.0178,"lastBolusTime":1703050029109,"time":"2023-12-20T09:42:17.423Z"}},{"iob":-0.02,"basaliob":-0.035,"bolussnooze":0,"activity":-4.0E-4,"lastBolusTime":1703050029109,"time":"2023-12-20T09:47:17.423Z","iobWithZeroTemp":{"iob":-1.544,"basaliob":-1.559,"bolussnooze":0,"activity":-0.0178,"lastBolusTime":1703050029109,"time":"2023-12-20T09:47:17.423Z"}},{"iob":-0.018,"basaliob":-0.031,"bolussnooze":0,"activity":-4.0E-4,"lastBolusTime":1703050029109,"time":"2023-12-20T09:52:17.423Z","iobWithZeroTemp":{"iob":-1.538,"basaliob":-1.551,"bolussnooze":0,"activity":-0.0178,"lastBolusTime":1703050029109,"time":"2023-12-20T09:52:17.423Z"}},{"iob":-0.016,"basaliob":-0.028,"bolussnooze":0,"activity":-3.0E-4,"lastBolusTime":1703050029109,"time":"2023-12-20T09:57:17.423Z","iobWithZeroTemp":{"iob":-1.533,"basaliob":-1.545,"bolussnooze":0,"activity":-0.0177,"lastBolusTime":1703050029109,"time":"2023-12-20T09:57:17.423Z"}},{"iob":-0.014,"basaliob":-0.025,"bolussnooze":0,"activity":-3.0E-4,"lastBolusTime":1703050029109,"time":"2023-12-20T10:02:17.423Z","iobWithZeroTemp":{"iob":-1.527,"basaliob":-1.538,"bolussnooze":0,"activity":-0.0176,"lastBolusTime":1703050029109,"time":"2023-12-20T10:02:17.423Z"}},{"iob":-0.014,"basaliob":-0.023,"bolussnooze":0,"activity":-3.0E-4,"lastBolusTime":1703050029109,"time":"2023-12-20T10:07:17.423Z","iobWithZeroTemp":{"iob":-1.516,"basaliob":-1.525,"bolussnooze":0,"activity":-0.0176,"lastBolusTime":1703050029109,"time":"2023-12-20T10:07:17.423Z"}},{"iob":-0.012,"basaliob":-0.02,"bolussnooze":0,"activity":-2.0E-4,"lastBolusTime":1703050029109,"time":"2023-12-20T10:12:17.423Z","iobWithZeroTemp":{"iob":-1.502,"basaliob":-1.51,"bolussnooze":0,"activity":-0.0174,"lastBolusTime":1703050029109,"time":"2023-12-20T10:12:17.423Z"}}],"profile":{"max_iob":20,"type":"current","max_daily_basal":1.6,"max_basal":4.8,"min_bg":111.60000000000001,"max_bg":111.60000000000001,"target_bg":111.60000000000001,"carb_ratio":5.5,"sens":72,"max_daily_safety_multiplier":3,"current_basal_safety_multiplier":4,"high_temptarget_raises_sensitivity":false,"low_temptarget_lowers_sensitivity":false,"sensitivity_raises_target":false,"resistance_lowers_target":false,"adv_target_adjustments":false,"exercise_mode":false,"half_basal_exercise_target":160,"maxCOB":120,"skip_neutral_temps":false,"remainingCarbsCap":90,"enableUAM":true,"A52_risk_enable":false,"SMBInterval":3,"enableSMB_with_COB":false,"enableSMB_with_temptarget":false,"allowSMB_with_high_temptarget":true,"enableSMB_always":true,"enableSMB_after_carbs":false,"maxSMBBasalMinutes":120,"maxUAMSMBBasalMinutes":120,"bolus_increment":0.05,"carbsReqThreshold":1,"current_basal":1.25,"temptargetSet":true,"autosens_max":1.8,"out_units":"mmol\/L"},"autosens_data":{"ratio":1},"meal_data":{"carbs":50,"mealCOB":0,"slopeFromMaxDeviation":-0.6469090909090909,"slopeFromMinDeviation":0.26825,"lastBolusTime":1703050029109,"lastCarbTime":1703053023000},"microBolusAllowed":true,"currentTime":1703053039373,"flatBGsDetected":false},"output":{"temp":"absolute","bg":71,"tick":"+0","eventualBG":88,"targetBG":111.60000000000001,"insulinReq":0,"deliverAt":"2023-12-20T06:17:19.373Z","sensitivityRatio":1,"predBGs":{"IOB":[71,70,70,70,70,70,71,72,73,74,75,76,78,79,80,81,83,84,85,86,86,87,88,89,89,90,91,91,92,92,93,93,93,94,94,94,95,95,95,95,95,96],"ZT":[71,71,72,73,74,76,78,80,83,86,89,93,97,101,105,110]},"COB":0,"IOB":-0.457,"reason":"COB: 0, Dev: -0.9, BGI: 0.0, ISF: 4.0, CR: 5.5, Target: 6.2, minPredBG 4.2, minGuardBG 3.9, IOBpredBG 5.3; minGuardBG 3.9<4.2","duration":30,"rate":0,"timestamp":"2023-12-20T06:17:19.494Z"}}