{"algorithm":"OpenAPSSMBPlugin","input":{"glucoseStatus":{"glucose":61,"noise":0,"delta":-2,"short_avgdelta":-2.22,"long_avgdelta":-0.53,"date":1703072501099},"currenttemp":{"temp":"absolute","duration":85,"rate":0,"minutesrunning":35},"iob_data":[{"iob":1.086,"basaliob":-1.214,"bolussnooze":0.3061,"activity":0.023,"lastBolusTime":1703067675204,"time":"2023-12-20T11:42:01.429Z","iobWithZeroTemp":{"iob":1.086,"basaliob":-1.214,"bolussnooze":0.3061,"activity":0.023,"lastBolusTime":1703067675204,"time":"2023-12-20T11:42:01.429Z"}},{"iob":0.976,"basaliob":-1.145,"bolussnooze":0.2523,"activity":0.0207,"lastBolusTime":1703067675204,"time":"2023-12-20T11:47:01.429Z","iobWithZeroTemp":{"iob":0.923,"basaliob":-1.198,"bolussnooze":0.2523,"activity":0.0206,"lastBolusTime":1703067675204,"time":"2023-12-20T11:47:01.429Z"}},{"iob":0.877,"basaliob":-1.077,"bolussnooze":0.2073,"activity":0.0188,"lastBolusTime":1703067675204,"time":"2023-12-20T11:52:01.429Z","iobWithZeroTemp":{"iob":0.758,"basaliob":-1.196,"bolussnooze":0.2073,"activity":0.0186,"lastBolusTime":1703067675204,"time":"2023-12-20T11:52:01.429Z"}},{"iob":0.788,"basaliob":-1.01,"bolussnooze":0.1698,"activity":0.0169,"lastBolusTime":1703067675204,"time":"2023-12-20T11:57:01.429Z","iobWithZeroTemp":{"iob":0.604,"basaliob":-1.194,"bolussnooze":0.1698,"activity":0.0164,"lastBolusTime":1703067675204,"time":"2023-12-20T11:57:01.429Z"}},{"iob":0.708,"basaliob":-0.945,"bolussnooze":0.1387,"activity":0.0153,"lastBolusTime":1703067675204,"time":"2023-12-20T12:02:01.429Z","iobWithZeroTemp":{"iob":0.461,"basaliob":-1.192,"bolussnooze":0.1387,"activity":0.0144,"lastBolusTime":1703067675204,"time":"2023-12-20T12:02:01.429Z"}},{"iob":0.635,"basaliob":-0.882,"bolussnooze":0.113,"activity":0.0138,"lastBolusTime":1703067675204,"time":"2023-12-20T12:07:01.429Z","iobWithZeroTemp":{"iob":0.327,"basaliob":-1.19,"bolussnooze":0.113,"activity":0.0124,"lastBolusTime":1703067675204,"time":"2023-12-20T12:07:01.429Z"}},{"iob":0.57,"basaliob":-0.822,"bolussnooze":0.0918,"activity":0.0124,"lastBolusTime":1703067675204,"time":"2023-12-20T12:12:01.429Z","iobWithZeroTemp":{"iob":0.203,"basaliob":-1.189,"bolussnooze":0.0918,"activity":0.0105,"lastBolusTime":1703067675204,"time":"2023-12-20T12:12:01.429Z"}},{"iob":0.511,"basaliob":-0.764,"bolussnooze":0.0744,"activity":0.0112,"lastBolusTime":1703067675204,"time":"2023-12-20T12:17:01.429Z","iobWithZeroTemp":{"iob":0.088,"basaliob":-1.187,"bolussnooze":0.0744,"activity":0.0088,"lastBolusTime":1703067675204,"time":"2023-12-20T12:17:01.429Z"}},{"iob":0.457,"basaliob":-0.71,"bolussnooze":0.0601,"activity":0.0101,"lastBolusTime":1703067675204,"time":"2023-12-20T12:22:01.429Z","iobWithZeroTemp":{"iob":-0.02,"basaliob":-1.187,"bolussnooze":0.0601,"activity":0.0072,"lastBolusTime":1703067675204,"time":"2023-12-20T12:22:01.429Z"}},{"iob":0.41,"basaliob":-0.658,"bolussnooze":0.0484,"activity":0.0091,"lastBolusTime":1703067675204,"time":"2023-12-20T12:27:01.429Z","iobWithZeroTemp":{"iob":-0.117,"basaliob":-1.185,"bolussnooze":0.0484,"activity":0.0056,"lastBolusTime":1703067675204,"time":"2023-12-20T12:27:01.429Z"}},{"iob":0.366,"basaliob":-0.609,"bolussnooze":0.0388,"activity":0.0082,"lastBolusTime":1703067675204,"time":"2023-12-20T12:32:01.429Z","iobWithZeroTemp":{"iob":-0.209,"basaliob":-1.184,"bolussnooze":0.0388,"activity":0.0042,"lastBolusTime":1703067675204,"time":"2023-12-20T12:32:01.429Z"}},{"iob":0.328,"basaliob":-0.562,"bolussnooze":0.0311,"activity":0.0073,"lastBolusTime":1703067675204,"time":"2023-12-20T12:37:01.429Z","iobWithZeroTemp":{"iob":-0.292,"basaliob":-1.182,"bolussnooze":0.0311,"activity":0.0027,"lastBolusTime":1703067675204,"time":"2023-12-20T12:37:01.429Z"}},{"iob":0.293,"basaliob":-0.519,"bolussnooze":0.0248,"activity":0.0066,"lastBolusTime":1703067675204,"time":"2023-12-20T12:42:01.429Z","iobWithZeroTemp":{"iob":-0.37,"basaliob":-1.182,"bolussnooze":0.0248,"activity":0.0015,"lastBolusTime":1703067675204,"time":"2023-12-20T12:42:01.429Z"}},{"iob":0.262,"basaliob":-0.478,"bolussnooze":0.0197,"activity":0.0059,"lastBolusTime":1703067675204,"time":"2023-12-20T12:47:01.429Z","iobWithZeroTemp":{"iob":-0.441,"basaliob":-1.181,"bolussnooze":0.0197,"activity":3.0E-4,"lastBolusTime":1703067675204,"time":"2023-12-20T12:47:01.429Z"}},{"iob":0.234,"basaliob":-0.44,"bolussnooze":0.0156,"activity":0.0053,"lastBolusTime":1703067675204,"time":"2023-12-20T12:52:01.429Z","iobWithZeroTemp":{"iob":-0.506,"basaliob":-1.18,"bolussnooze":0.0156,"activity":-8.0E-4,"lastBolusTime":1703067675204,"time":"2023-12-20T12:52:01.429Z"}},{"iob":0.208,"basaliob":-0.405,"bolussnooze":0.0123,"activity":0.0047,"lastBolusTime":1703067675204,"time":"2023-12-20T12:57:01.429Z","iobWithZeroTemp":{"iob":-0.567,"basaliob":-1.18,"bolussnooze":0.0123,"activity":-0.0019,"lastBolusTime":1703067675204,"time":"2023-12-20T12:57:01.429Z"}},{"iob":0.186,"basaliob":-0.372,"bolussnooze":0.0096,"activity":0.0043,"lastBolusTime":1703067675204,"time":"2023-12-20T13:02:01.429Z","iobWithZeroTemp":{"iob":-0.621,"basaliob":-1.179,"bolussnooze":0.0096,"activity":-0.0028,"lastBolusTime":1703067675204,"time":"2023-12-20T13:02:01.429Z"}},{"iob":0.166,"basaliob":-0.341,"bolussnooze":0.0075,"activity":0.0039,"lastBolusTime":1703067675204,"time":"2023-12-20T13:07:01.429Z","iobWithZeroTemp":{"iob":-0.663,"basaliob":-1.17,"bolussnooze":0.0075,"activity":-0.0036,"lastBolusTime":1703067675204,"time":"2023-12-20T13:07:01.429Z"}},{"iob":0.148,"basaliob":-0.312,"bolussnooze":0.0058,"activity":0.0034,"lastBolusTime":1703067675204,"time":"2023-12-20T13:12:01.429Z","iobWithZeroTemp":{"iob":-0.701,"basaliob":-1.161,"bolussnooze":0.0058,"activity":-0.0045,"lastBolusTime":1703067675204,"time":"2023-12-20T13:12:01.429Z"}},{"iob":0.131,"basaliob":-0.286,"bolussnooze":0.0045,"activity":0.0031,"lastBolusTime":1703067675204,"time":"2023-12-20T13:17:01.429Z","iobWithZeroTemp":{"iob":-0.736,"basaliob":-1.153,"bolussnooze":0.0045,"activity":-0.0052,"lastBolusTime":1703067675204,"time":"2023-12-20T13:17:01.429Z"}},{"iob":0.116,"basaliob":-0.262,"bolussnooze":0.0034,"activity":0.0028,"lastBolusTime":1703067675204,"time":"2023-12-20T13:22:01.429Z","iobWithZeroTemp":{"iob":-0.767,"basaliob":-1.145,"bolussnooze":0.0034,"activity":-0.0058,"lastBolusTime":1703067675204,"time":"2023-12-20T13:22:01.429Z"}},{"iob":0.104,"basaliob":-0.239,"bolussnooze":0.0026,"activity":0.0025,"lastBolusTime":1703067675204,"time":"2023-12-20T13:27:01.429Z","iobWithZeroTemp":{"iob":-0.793,"basaliob":-1.136,"bolussnooze":0.0026,"activity":-0.0064,"lastBolusTime":1703067675204,"time":"2023-12-20T13:27:01.429Z"}},{"iob":0.092,"basaliob":-0.218,"bolussnooze":0.002,"activity":0.0022,"lastBolusTime":1703067675204,"time":"2023-12-20T13:32:01.429Z","iobWithZeroTemp":{"iob":-0.819,"basaliob":-1.129,"bolussnooze":0.002,"activity":-0.007,"lastBolusTime":1703067675204,"time":"2023-12-20T13:32:01.429Z"}},{"iob":0.082,"basaliob":-0.199,"bolussnooze":0.0015,"activity":0.0019,"lastBolusTime":1703067675204,"time":"2023-12-20T13:37:01.429Z","iobWithZeroTemp":{"iob":-0.841,"basaliob":-1.122,"bolussnooze":0.0015,"activity":-0.0075,"lastBolusTime":1703067675204,"time":"2023-12-20T13:37:01.429Z"}},{"iob":0.073,"basaliob":-0.181,"bolussnooze":0.0011,"activity":0.0017,"lastBolusTime":1703067675204,"time":"2023-12-20T13:42:01.429Z","iobWithZeroTemp":{"iob":-0.86,"basaliob":-1.114,"bolussnooze":0.0011,"activity":-0.0079,"lastBolusTime":1703067675204,"time":"2023-12-20T13:42:01.429Z"}},{"iob":0.064,"basaliob":-0.165,"bolussnooze":8.0E-4,"activity":0.0016,"lastBolusTime":1703067675204,"time":"2023-12-20T13:47:01.429Z","iobWithZeroTemp":{"iob":-0.879,"basaliob":-1.108,"bolussnooze":8.0E-4,"activity":-0.0082,"lastBolusTime":1703067675204,"time":"2023-12-20T13:47:01.429Z"}},{"iob":0.057,"basaliob":-0.15,"bolussnooze":6.0E-4,"activity":0.0015,"lastBolusTime":1703067675204,"time":"2023-12-20T13:52:01.429Z","iobWithZeroTemp":{"iob":-0.895,"basaliob":-1.102,"bolussnooze":6.0E-4,"activity":-0.0085,"lastBolusTime":1703067675204,"time":"2023-12-20T13:52:01.429Z"}},{"iob":0.05,"basaliob":-0.137,"bolussnooze":4.0E-4,"activity":0.0013,"lastBolusTime":1703067675204,"time":"2023-12-20T13:57:01.429Z","iobWithZeroTemp":{"iob":-0.909,"basaliob":-1.096,"bolussnooze":4.0E-4,"activity":-0.0089,"lastBolusTime":1703067675204,"time":"2023-12-20T13:57:01.429Z"}},{"iob":0.044,"basaliob":-0.124,"bolussnooze":3.0E-4,"activity":0.0011,"lastBolusTime":1703067675204,"time":"2023-12-20T14:02:01.429Z","iobWithZeroTemp":{"iob":-0.922,"basaliob":-1.09,"bolussnooze":3.0E-4,"activity":-0.0092,"lastBolusTime":1703067675204,"time":"2023-12-20T14:02:01.429Z"}},{"iob":0.039,"basaliob":-0.113,"bolussnooze":2.0E-4,"activity":0.001,"lastBolusTime":1703067675204,"time":"2023-12-20T14:07:01.429Z","iobWithZeroTemp":{"iob":-0.929,"basaliob":-1.081,"bolussnooze":2.0E-4,"activity":-0.0094,"lastBolusTime":1703067675204,"time":"2023-12-20T14:07:01.429Z"}},{"iob":0.034,"basaliob":-0.102,"bolussnooze":1.0E-4,"activity":9.0E-4,"lastBolusTime":1703067675204,"time":"2023-12-20T14:12:01.429Z","iobWithZeroTemp":{"iob":-0.94,"basaliob":-1.076,"bolussnooze":1.0E-4,"activity":-0.0096,"lastBolusTime":1703067675204,"time":"2023-12-20T14:12:01.429Z"}},{"iob":0.03,"basaliob":-0.093,"bolussnooze":1.0E-4,"activity":8.0E-4,"lastBolusTime":1703067675204,"time":"2023-12-20T14:17:01.429Z","iobWithZeroTemp":{"iob":-0.95,"basaliob":-1.073,"bolussnooze":1.0E-4,"activity":-0.0099,"lastBolusTime":1703067675204,"time":"2023-12-20T14:17:01.429Z"}},{"iob":0.026,"basaliob":-0.084,"bolussnooze":0,"activity":7.0E-4,"lastBolusTime":1703067675204,"time":"2023-12-20T14:22:01.429Z","iobWithZeroTemp":{"iob":-0.958,"basaliob":-1.068,"bolussnooze":0,"activity":-0.0101,"lastBolusTime":1703067675204,"time":"2023-12-20T14:22:01.429Z"}},{"iob":0.023,"basaliob":-0.076,"bolussnooze":0,"activity":6.0E-4,"lastBolusTime":1703067675204,"time":"2023-12-20T14:27:01.429Z","iobWithZeroTemp":{"iob":-0.966,"basaliob":-1.065,"bolussnooze":0,"activity":-0.0102,"lastBolusTime":1703067675204,"time":"2023-12-20T14:27:01.429Z"}},{"iob":0.02,"basaliob":-0.069,"bolussnooze":0,"activity":5.0E-4,"lastBolusTime":1703067675204,"time":"2023-12-20T14:32:01.429Z","iobWithZeroTemp":{"iob":-0.973,"basaliob":-1.062,"bolussnooze":0,"activity":-0.0104,"lastBolusTime":1703067675204,"time":"2023-12-20T14:32:01.429Z"}},{"iob":0.018,"basaliob":-0.062,"bolussnooze":0,"activity":4.0E-4,"lastBolusTime":1703067675204,"time":"2023-12-20T14:37:01.429Z","iobWithZeroTemp":{"iob":-0.978,"basaliob":-1.058,"bolussnooze":0,"activity":-0.0106,"lastBolusTime":1703067675204,"time":"2023-12-20T14:37:01.429Z"}},{"iob":0.015,"basaliob":-0.056,"bolussnooze":0,"activity":5.0E-4,"lastBolusTime":1703067675204,"time":"2023-12-20T14:42:01.429Z","iobWithZeroTemp":{"iob":-0.985,"basaliob":-1.056,"bolussnooze":0,"activity":-0.0106,"lastBolusTime":1703067675204,"time":"2023-12-20T14:42:01.429Z"}},{"iob":0.013,"basaliob":-0.051,"bolussnooze":0,"activity":4.0E-4,"lastBolusTime":1703067675204,"time":"2023-12-20T14:47:01.429Z","iobWithZeroTemp":{"iob":-0.989,"basaliob":-1.053,"bolussnooze":0,"activity":-0.0107,"lastBolusTime":1703067675204,"time":"2023-12-20T14:47:01.429Z"}},{"iob":0.011,"basaliob":-0.046,"bolussnooze":0,"activity":4.0E-4,"lastBolusTime":1703067675204,"time":"2023-12-20T14:52:01.429Z","iobWithZeroTemp":{"iob":-0.994,"basaliob":-1.051,"bolussnooze":0,"activity":-0.0108,"lastBolusTime":1703067675204,"time":"2023-12-20T14:52:01.429Z"}},{"iob":0.01,"basaliob":-0.041,"bolussnooze":0,"activity":3.0E-4,"lastBolusTime":1703067675204,"time":"2023-12-20T14:57:01.429Z","iobWithZeroTemp":{"iob":-0.997,"basaliob":-1.048,"bolussnooze":0,"activity":-0.0109,"lastBolusTime":1703067675204,"time":"2023-12-20T14:57:01.429Z"}},{"iob":0.009,"basaliob":-0.037,"bolussnooze":0,"activity":2.0E-4,"lastBolusTime":1703067675204,"time":"2023-12-20T15:02:01.429Z","iobWithZeroTemp":{"iob":-1,"basaliob":-1.046,"bolussnooze":0,"activity":-0.0111,"lastBolusTime":1703067675204,"time":"2023-12-20T15:02:01.429Z"}},{"iob":0.008,"basaliob":-0.033,"bolussnooze":0,"activity":2.0E-4,"lastBolusTime":1703067675204,"time":"2023-12-20T15:07:01.429Z","iobWithZeroTemp":{"iob":-0.995,"basaliob":-1.036,"bolussnooze":0,"activity":-0.0111,"lastBolusTime":1703067675204,"time":"2023-12-20T15:07:01.429Z"}},{"iob":0.006,"basaliob":-0.03,"bolussnooze":0,"activity":2.0E-4,"lastBolusTime":1703067675204,"time":"2023-12-20T15:12:01.429Z","iobWithZeroTemp":{"iob":-0.99,"basaliob":-1.026,"bolussnooze":0,"activity":-0.0111,"lastBolusTime":1703067675204,"time":"2023-12-20T15:12:01.429Z"}},{"iob":0.005,"basaliob":-0.027,"bolussnooze":0,"activity":2.0E-4,"lastBolusTime":1703067675204,"time":"2023-12-20T15:17:01.429Z","iobWithZeroTemp":{"iob":-0.985,"basaliob":-1.017,"bolussnooze":0,"activity":-0.0111,"lastBolusTime":1703067675204,"time":"2023-12-20T15:17:01.429Z"}},{"iob":0.005,"basaliob":-0.024,"bolussnooze":0,"activity":2.0E-4,"lastBolusTime":1703067675204,"time":"2023-12-20T15:22:01.429Z","iobWithZeroTemp":{"iob":-0.978,"basaliob":-1.007,"bolussnooze":0,"activity":-0.0111,"lastBolusTime":1703067675204,"time":"2023-12-20T15:22:01.429Z"}},{"iob":0.004,"basaliob":-0.022,"bolussnooze":0,"activity":1.0E-4,"lastBolusTime":1703067675204,"time":"2023-12-20T15:27:01.429Z","iobWithZeroTemp":{"iob":-0.973,"basaliob":-0.999,"bolussnooze":0,"activity":-0.0112,"lastBolusTime":1703067675204,"time":"2023-12-20T15:27:01.429Z"}},{"iob":0.003,"basaliob":-0.02,"bolussnooze":0,"activity":1.0E-4,"lastBolusTime":1703067675204,"time":"2023-12-20T15:32:01.429Z","iobWithZeroTemp":{"iob":-0.968,"basaliob":-0.991,"bolussnooze":0,"activity":-0.0111,"lastBolusTime":1703067675204,"time":"2023-12-20T15:32:01.429Z"}},{"iob":0.003,"basaliob":-0.017,"bolussnooze":0,"activity":1.0E-4,"lastBolusTime":1703067675204,"time":"2023-12-20T15:37:01.429Z","iobWithZeroTemp":{"iob":-0.962,"basaliob":-0.982,"bolussnooze":0,"activity":-0.0111,"lastBolusTime":1703067675204,"time":"2023-12-20T15:37:01.429Z"}}],"profile":{"max_iob":20,"type":"current","max_daily_basal":1.6,"max_basal":3.2,"min_bg":90,"max_bg":90,"target_bg":90,"carb_ratio":8,"sens":108,"max_daily_safety_multiplier":3,"current_basal_safety_multiplier":4,"high_temptarget_raises_sensitivity":false,"low_temptarget_lowers_sensitivity":false,"sensitivity_raises_target":false,"resistance_lowers_target":false,"adv_target_adjustments":false,"exercise_mode":false,"half_basal_exercise_target":160,"maxCOB":120,"skip_neutral_temps":false,"remainingCarbsCap":90,"enableUAM":true,"A52_risk_enable":false,"SMBInterval":3,"enableSMB_with_COB":false,"enableSMB_with_temptarget":false,"allowSMB_with_high_temptarget":true,"enableSMB_always":true,"enableSMB_after_carbs":false,"maxSMBBasalMinutes":120,"maxUAMSMBBasalMinutes":120,"bolus_increment":0.05,"carbsReqThreshold":1,"current_basal":0.8,"temptargetSet":false,"autosens_max":1.8,"out_units":"mmol\/L"},"autosens_data":{"ratio":1},"meal_data":{"carbs":55,"mealCOB":5.953962962962979,"slopeFromMaxDeviation":-1.4247142857142856,"slopeFromMinDeviation":0.6605454545454548,"lastBolusTime":1703067675204,"lastCarbTime":1703071632000},"microBolusAllowed":true,"currentTime":1703072524055,"flatBGsDetected":false},"output":{"temp":"absolute","bg":61,"tick":-2,"eventualBG":39,"targetBG":90,"insulinReq":0,"deliverAt":"2023-12-20T11:42:04.055Z","sensitivityRatio":1,"predBGs":{"IOB":[61,58,55,53,50,48,46,43,41,39,39,39,39],"ZT":[61,49,39,39,39,39,39,39,39,39,39,39,39,39,39,39,39,39,39,39,39,39,39,39,39,39,39,39,39,39,39,40,45,51,56,62,68,73,79,85],"COB":[61,58,56,54,52,51,50,49,48,47,46,44,43,41,39],"UAM":[61,57,54,49,45,40,39,39,39,39,39,39,39]},"COB":5.953962962962979,"IOB":1.086,"reason":"COB: 6, Dev: 3.4, BGI: -0.7, ISF: 6.0, CR: 8, Target: 5.0, minPredBG -1.0, minGuardBG -1.4, IOBpredBG 2.2, COBpredBG 2.2, UAMpredBG 2.2; 9 add'l carbs req w\/in 0m; minGuardBG -1.4<3.6 85m left and 0 ~ req 0U\/hr: no temp required","carbsReq":9,"carbsReqWithin":0,"timestamp":"2023-12-20T11:42:04.146Z"}}