{"algorithm":"OpenAPSSMBPlugin","input":{"glucoseStatus":{"glucose":48,"noise":0,"delta":5,"short_avgdelta":3.83,"long_avgdelta":-0.68,"date":1703121103449},"currenttemp":{"temp":"absolute","duration":30,"rate":0,"minutesrunning":30},"iob_data":[{"iob":-0.841,"basaliob":-1.865,"bolussnooze":0.1421,"activity":-0.0033,"lastBolusTime":1703115699441,"time":"2023-12-21T01:12:03.233Z","iobWithZeroTemp":{"iob":-0.841,"basaliob":-1.865,"bolussnooze":0.1421,"activity":-0.0033,"lastBolusTime":1703115699441,"time":"2023-12-21T01:12:03.233Z"}},{"iob":-0.822,"basaliob":-1.768,"bolussnooze":0.117,"activity":-0.0045,"lastBolusTime":1703115699441,"time":"2023-12-21T01:17:03.233Z","iobWithZeroTemp":{"iob":-0.922,"basaliob":-1.868,"bolussnooze":0.117,"activity":-0.0046,"lastBolusTime":1703115699441,"time":"2023-12-21T01:17:03.233Z"}},{"iob":-0.797,"basaliob":-1.67,"bolussnooze":0.0961,"activity":-0.0055,"lastBolusTime":1703115699441,"time":"2023-12-21T01:22:03.233Z","iobWithZeroTemp":{"iob":-1.021,"basaliob":-1.894,"bolussnooze":0.0961,"activity":-0.0059,"lastBolusTime":1703115699441,"time":"2023-12-21T01:22:03.233Z"}},{"iob":-0.768,"basaliob":-1.573,"bolussnooze":0.0787,"activity":-0.0061,"lastBolusTime":1703115699441,"time":"2023-12-21T01:27:03.233Z","iobWithZeroTemp":{"iob":-1.113,"basaliob":-1.918,"bolussnooze":0.0787,"activity":-0.0071,"lastBolusTime":1703115699441,"time":"2023-12-21T01:27:03.233Z"}},{"iob":-0.736,"basaliob":-1.477,"bolussnooze":0.0643,"activity":-0.0065,"lastBolusTime":1703115699441,"time":"2023-12-21T01:32:03.233Z","iobWithZeroTemp":{"iob":-1.2,"basaliob":-1.941,"bolussnooze":0.0643,"activity":-0.0082,"lastBolusTime":1703115699441,"time":"2023-12-21T01:32:03.233Z"}},{"iob":-0.703,"basaliob":-1.384,"bolussnooze":0.0524,"activity":-0.0069,"lastBolusTime":1703115699441,"time":"2023-12-21T01:37:03.233Z","iobWithZeroTemp":{"iob":-1.281,"basaliob":-1.962,"bolussnooze":0.0524,"activity":-0.0095,"lastBolusTime":1703115699441,"time":"2023-12-21T01:37:03.233Z"}},{"iob":-0.667,"basaliob":-1.293,"bolussnooze":0.0425,"activity":-0.0071,"lastBolusTime":1703115699441,"time":"2023-12-21T01:42:03.233Z","iobWithZeroTemp":{"iob":-1.355,"basaliob":-1.981,"bolussnooze":0.0425,"activity":-0.0106,"lastBolusTime":1703115699441,"time":"2023-12-21T01:42:03.233Z"}},{"iob":-0.632,"basaliob":-1.206,"bolussnooze":0.0344,"activity":-0.0072,"lastBolusTime":1703115699441,"time":"2023-12-21T01:47:03.233Z","iobWithZeroTemp":{"iob":-1.425,"basaliob":-1.999,"bolussnooze":0.0344,"activity":-0.0117,"lastBolusTime":1703115699441,"time":"2023-12-21T01:47:03.233Z"}},{"iob":-0.597,"basaliob":-1.123,"bolussnooze":0.0278,"activity":-0.0071,"lastBolusTime":1703115699441,"time":"2023-12-21T01:52:03.233Z","iobWithZeroTemp":{"iob":-1.49,"basaliob":-2.016,"bolussnooze":0.0278,"activity":-0.0126,"lastBolusTime":1703115699441,"time":"2023-12-21T01:52:03.233Z"}},{"iob":-0.561,"basaliob":-1.043,"bolussnooze":0.0224,"activity":-0.007,"lastBolusTime":1703115699441,"time":"2023-12-21T01:57:03.233Z","iobWithZeroTemp":{"iob":-1.55,"basaliob":-2.032,"bolussnooze":0.0224,"activity":-0.0135,"lastBolusTime":1703115699441,"time":"2023-12-21T01:57:03.233Z"}},{"iob":-0.526,"basaliob":-0.967,"bolussnooze":0.018,"activity":-0.0068,"lastBolusTime":1703115699441,"time":"2023-12-21T02:02:03.233Z","iobWithZeroTemp":{"iob":-1.604,"basaliob":-2.045,"bolussnooze":0.018,"activity":-0.0143,"lastBolusTime":1703115699441,"time":"2023-12-21T02:02:03.233Z"}},{"iob":-0.493,"basaliob":-0.896,"bolussnooze":0.0144,"activity":-0.0066,"lastBolusTime":1703115699441,"time":"2023-12-21T02:07:03.233Z","iobWithZeroTemp":{"iob":-1.64,"basaliob":-2.043,"bolussnooze":0.0144,"activity":-0.0152,"lastBolusTime":1703115699441,"time":"2023-12-21T02:07:03.233Z"}},{"iob":-0.46,"basaliob":-0.828,"bolussnooze":0.0115,"activity":-0.0064,"lastBolusTime":1703115699441,"time":"2023-12-21T02:12:03.233Z","iobWithZeroTemp":{"iob":-1.67,"basaliob":-2.038,"bolussnooze":0.0115,"activity":-0.0159,"lastBolusTime":1703115699441,"time":"2023-12-21T02:12:03.233Z"}},{"iob":-0.429,"basaliob":-0.765,"bolussnooze":0.0091,"activity":-0.0061,"lastBolusTime":1703115699441,"time":"2023-12-21T02:17:03.233Z","iobWithZeroTemp":{"iob":-1.698,"basaliob":-2.034,"bolussnooze":0.0091,"activity":-0.0165,"lastBolusTime":1703115699441,"time":"2023-12-21T02:17:03.233Z"}},{"iob":-0.399,"basaliob":-0.705,"bolussnooze":0.0072,"activity":-0.0058,"lastBolusTime":1703115699441,"time":"2023-12-21T02:22:03.233Z","iobWithZeroTemp":{"iob":-1.722,"basaliob":-2.028,"bolussnooze":0.0072,"activity":-0.0171,"lastBolusTime":1703115699441,"time":"2023-12-21T02:22:03.233Z"}},{"iob":-0.371,"basaliob":-0.65,"bolussnooze":0.0057,"activity":-0.0056,"lastBolusTime":1703115699441,"time":"2023-12-21T02:27:03.233Z","iobWithZeroTemp":{"iob":-1.744,"basaliob":-2.023,"bolussnooze":0.0057,"activity":-0.0177,"lastBolusTime":1703115699441,"time":"2023-12-21T02:27:03.233Z"}},{"iob":-0.344,"basaliob":-0.598,"bolussnooze":0.0044,"activity":-0.0052,"lastBolusTime":1703115699441,"time":"2023-12-21T02:32:03.233Z","iobWithZeroTemp":{"iob":-1.764,"basaliob":-2.018,"bolussnooze":0.0044,"activity":-0.018,"lastBolusTime":1703115699441,"time":"2023-12-21T02:32:03.233Z"}},{"iob":-0.318,"basaliob":-0.549,"bolussnooze":0.0035,"activity":-0.005,"lastBolusTime":1703115699441,"time":"2023-12-21T02:37:03.233Z","iobWithZeroTemp":{"iob":-1.78,"basaliob":-2.011,"bolussnooze":0.0035,"activity":-0.0185,"lastBolusTime":1703115699441,"time":"2023-12-21T02:37:03.233Z"}},{"iob":-0.294,"basaliob":-0.504,"bolussnooze":0.0027,"activity":-0.0047,"lastBolusTime":1703115699441,"time":"2023-12-21T02:42:03.233Z","iobWithZeroTemp":{"iob":-1.783,"basaliob":-1.993,"bolussnooze":0.0027,"activity":-0.0187,"lastBolusTime":1703115699441,"time":"2023-12-21T02:42:03.233Z"}},{"iob":-0.272,"basaliob":-0.462,"bolussnooze":0.0021,"activity":-0.0044,"lastBolusTime":1703115699441,"time":"2023-12-21T02:47:03.233Z","iobWithZeroTemp":{"iob":-1.798,"basaliob":-1.988,"bolussnooze":0.0021,"activity":-0.0191,"lastBolusTime":1703115699441,"time":"2023-12-21T02:47:03.233Z"}},{"iob":-0.25,"basaliob":-0.423,"bolussnooze":0.0016,"activity":-0.0041,"lastBolusTime":1703115699441,"time":"2023-12-21T02:52:03.233Z","iobWithZeroTemp":{"iob":-1.809,"basaliob":-1.982,"bolussnooze":0.0016,"activity":-0.0193,"lastBolusTime":1703115699441,"time":"2023-12-21T02:52:03.233Z"}},{"iob":-0.231,"basaliob":-0.388,"bolussnooze":0.0012,"activity":-0.0038,"lastBolusTime":1703115699441,"time":"2023-12-21T02:57:03.233Z","iobWithZeroTemp":{"iob":-1.821,"basaliob":-1.978,"bolussnooze":0.0012,"activity":-0.0196,"lastBolusTime":1703115699441,"time":"2023-12-21T02:57:03.233Z"}},{"iob":-0.212,"basaliob":-0.354,"bolussnooze":9.0E-4,"activity":-0.0036,"lastBolusTime":1703115699441,"time":"2023-12-21T03:02:03.233Z","iobWithZeroTemp":{"iob":-1.831,"basaliob":-1.973,"bolussnooze":9.0E-4,"activity":-0.0198,"lastBolusTime":1703115699441,"time":"2023-12-21T03:02:03.233Z"}},{"iob":-0.195,"basaliob":-0.324,"bolussnooze":7.0E-4,"activity":-0.0033,"lastBolusTime":1703115699441,"time":"2023-12-21T03:07:03.233Z","iobWithZeroTemp":{"iob":-1.84,"basaliob":-1.969,"bolussnooze":7.0E-4,"activity":-0.02,"lastBolusTime":1703115699441,"time":"2023-12-21T03:07:03.233Z"}},{"iob":-0.179,"basaliob":-0.295,"bolussnooze":5.0E-4,"activity":-0.0031,"lastBolusTime":1703115699441,"time":"2023-12-21T03:12:03.233Z","iobWithZeroTemp":{"iob":-1.848,"basaliob":-1.964,"bolussnooze":5.0E-4,"activity":-0.0202,"lastBolusTime":1703115699441,"time":"2023-12-21T03:12:03.233Z"}},{"iob":-0.164,"basaliob":-0.269,"bolussnooze":4.0E-4,"activity":-0.0029,"lastBolusTime":1703115699441,"time":"2023-12-21T03:17:03.233Z","iobWithZeroTemp":{"iob":-1.854,"basaliob":-1.959,"bolussnooze":4.0E-4,"activity":-0.0204,"lastBolusTime":1703115699441,"time":"2023-12-21T03:17:03.233Z"}},{"iob":-0.15,"basaliob":-0.245,"bolussnooze":3.0E-4,"activity":-0.0027,"lastBolusTime":1703115699441,"time":"2023-12-21T03:22:03.233Z","iobWithZeroTemp":{"iob":-1.86,"basaliob":-1.955,"bolussnooze":3.0E-4,"activity":-0.0206,"lastBolusTime":1703115699441,"time":"2023-12-21T03:22:03.233Z"}},{"iob":-0.137,"basaliob":-0.223,"bolussnooze":2.0E-4,"activity":-0.0024,"lastBolusTime":1703115699441,"time":"2023-12-21T03:27:03.233Z","iobWithZeroTemp":{"iob":-1.866,"basaliob":-1.952,"bolussnooze":2.0E-4,"activity":-0.0206,"lastBolusTime":1703115699441,"time":"2023-12-21T03:27:03.233Z"}},{"iob":-0.126,"basaliob":-0.203,"bolussnooze":1.0E-4,"activity":-0.0023,"lastBolusTime":1703115699441,"time":"2023-12-21T03:32:03.233Z","iobWithZeroTemp":{"iob":-1.871,"basaliob":-1.948,"bolussnooze":1.0E-4,"activity":-0.0208,"lastBolusTime":1703115699441,"time":"2023-12-21T03:32:03.233Z"}},{"iob":-0.115,"basaliob":-0.185,"bolussnooze":1.0E-4,"activity":-0.0021,"lastBolusTime":1703115699441,"time":"2023-12-21T03:37:03.233Z","iobWithZeroTemp":{"iob":-1.875,"basaliob":-1.945,"bolussnooze":1.0E-4,"activity":-0.0209,"lastBolusTime":1703115699441,"time":"2023-12-21T03:37:03.233Z"}},{"iob":-0.105,"basaliob":-0.168,"bolussnooze":0,"activity":-0.0019,"lastBolusTime":1703115699441,"time":"2023-12-21T03:42:03.233Z","iobWithZeroTemp":{"iob":-1.879,"basaliob":-1.942,"bolussnooze":0,"activity":-0.0209,"lastBolusTime":1703115699441,"time":"2023-12-21T03:42:03.233Z"}},{"iob":-0.095,"basaliob":-0.152,"bolussnooze":0,"activity":-0.0018,"lastBolusTime":1703115699441,"time":"2023-12-21T03:47:03.233Z","iobWithZeroTemp":{"iob":-1.882,"basaliob":-1.939,"bolussnooze":0,"activity":-0.0211,"lastBolusTime":1703115699441,"time":"2023-12-21T03:47:03.233Z"}},{"iob":-0.087,"basaliob":-0.138,"bolussnooze":0,"activity":-0.0016,"lastBolusTime":1703115699441,"time":"2023-12-21T03:52:03.233Z","iobWithZeroTemp":{"iob":-1.885,"basaliob":-1.936,"bolussnooze":0,"activity":-0.0211,"lastBolusTime":1703115699441,"time":"2023-12-21T03:52:03.233Z"}},{"iob":-0.079,"basaliob":-0.125,"bolussnooze":0,"activity":-0.0015,"lastBolusTime":1703115699441,"time":"2023-12-21T03:57:03.233Z","iobWithZeroTemp":{"iob":-1.888,"basaliob":-1.934,"bolussnooze":0,"activity":-0.0212,"lastBolusTime":1703115699441,"time":"2023-12-21T03:57:03.233Z"}},{"iob":-0.072,"basaliob":-0.113,"bolussnooze":0,"activity":-0.0014,"lastBolusTime":1703115699441,"time":"2023-12-21T04:02:03.233Z","iobWithZeroTemp":{"iob":-1.89,"basaliob":-1.931,"bolussnooze":0,"activity":-0.0213,"lastBolusTime":1703115699441,"time":"2023-12-21T04:02:03.233Z"}},{"iob":-0.066,"basaliob":-0.103,"bolussnooze":0,"activity":-0.0013,"lastBolusTime":1703115699441,"time":"2023-12-21T04:07:03.233Z","iobWithZeroTemp":{"iob":-1.893,"basaliob":-1.93,"bolussnooze":0,"activity":-0.0213,"lastBolusTime":1703115699441,"time":"2023-12-21T04:07:03.233Z"}},{"iob":-0.06,"basaliob":-0.093,"bolussnooze":0,"activity":-0.0012,"lastBolusTime":1703115699441,"time":"2023-12-21T04:12:03.233Z","iobWithZeroTemp":{"iob":-1.894,"basaliob":-1.927,"bolussnooze":0,"activity":-0.0214,"lastBolusTime":1703115699441,"time":"2023-12-21T04:12:03.233Z"}},{"iob":-0.054,"basaliob":-0.084,"bolussnooze":0,"activity":-0.001,"lastBolusTime":1703115699441,"time":"2023-12-21T04:17:03.233Z","iobWithZeroTemp":{"iob":-1.895,"basaliob":-1.925,"bolussnooze":0,"activity":-0.0213,"lastBolusTime":1703115699441,"time":"2023-12-21T04:17:03.233Z"}},{"iob":-0.049,"basaliob":-0.076,"bolussnooze":0,"activity":-0.001,"lastBolusTime":1703115699441,"time":"2023-12-21T04:22:03.233Z","iobWithZeroTemp":{"iob":-1.897,"basaliob":-1.924,"bolussnooze":0,"activity":-0.0215,"lastBolusTime":1703115699441,"time":"2023-12-21T04:22:03.233Z"}},{"iob":-0.044,"basaliob":-0.068,"bolussnooze":0,"activity":-9.0E-4,"lastBolusTime":1703115699441,"time":"2023-12-21T04:27:03.233Z","iobWithZeroTemp":{"iob":-1.897,"basaliob":-1.921,"bolussnooze":0,"activity":-0.0215,"lastBolusTime":1703115699441,"time":"2023-12-21T04:27:03.233Z"}},{"iob":-0.041,"basaliob":-0.062,"bolussnooze":0,"activity":-8.0E-4,"lastBolusTime":1703115699441,"time":"2023-12-21T04:32:03.233Z","iobWithZeroTemp":{"iob":-1.9,"basaliob":-1.921,"bolussnooze":0,"activity":-0.0215,"lastBolusTime":1703115699441,"time":"2023-12-21T04:32:03.233Z"}},{"iob":-0.037,"basaliob":-0.056,"bolussnooze":0,"activity":-8.0E-4,"lastBolusTime":1703115699441,"time":"2023-12-21T04:37:03.233Z","iobWithZeroTemp":{"iob":-1.9,"basaliob":-1.919,"bolussnooze":0,"activity":-0.0216,"lastBolusTime":1703115699441,"time":"2023-12-21T04:37:03.233Z"}},{"iob":-0.033,"basaliob":-0.05,"bolussnooze":0,"activity":-7.0E-4,"lastBolusTime":1703115699441,"time":"2023-12-21T04:42:03.233Z","iobWithZeroTemp":{"iob":-1.901,"basaliob":-1.918,"bolussnooze":0,"activity":-0.0216,"lastBolusTime":1703115699441,"time":"2023-12-21T04:42:03.233Z"}},{"iob":-0.03,"basaliob":-0.045,"bolussnooze":0,"activity":-7.0E-4,"lastBolusTime":1703115699441,"time":"2023-12-21T04:47:03.233Z","iobWithZeroTemp":{"iob":-1.902,"basaliob":-1.917,"bolussnooze":0,"activity":-0.0216,"lastBolusTime":1703115699441,"time":"2023-12-21T04:47:03.233Z"}},{"iob":-0.027,"basaliob":-0.04,"bolussnooze":0,"activity":-6.0E-4,"lastBolusTime":1703115699441,"time":"2023-12-21T04:52:03.233Z","iobWithZeroTemp":{"iob":-1.902,"basaliob":-1.915,"bolussnooze":0,"activity":-0.0216,"lastBolusTime":1703115699441,"time":"2023-12-21T04:52:03.233Z"}},{"iob":-0.024,"basaliob":-0.036,"bolussnooze":0,"activity":-5.0E-4,"lastBolusTime":1703115699441,"time":"2023-12-21T04:57:03.233Z","iobWithZeroTemp":{"iob":-1.902,"basaliob":-1.914,"bolussnooze":0,"activity":-0.0216,"lastBolusTime":1703115699441,"time":"2023-12-21T04:57:03.233Z"}},{"iob":-0.022,"basaliob":-0.033,"bolussnooze":0,"activity":-4.0E-4,"lastBolusTime":1703115699441,"time":"2023-12-21T05:02:03.233Z","iobWithZeroTemp":{"iob":-1.903,"basaliob":-1.914,"bolussnooze":0,"activity":-0.0215,"lastBolusTime":1703115699441,"time":"2023-12-21T05:02:03.233Z"}},{"iob":-0.02,"basaliob":-0.029,"bolussnooze":0,"activity":-4.0E-4,"lastBolusTime":1703115699441,"time":"2023-12-21T05:07:03.233Z","iobWithZeroTemp":{"iob":-1.904,"basaliob":-1.913,"bolussnooze":0,"activity":-0.0216,"lastBolusTime":1703115699441,"time":"2023-12-21T05:07:03.233Z"}}],"profile":{"max_iob":20,"type":"current","max_daily_basal":1.6,"max_basal":4.8,"min_bg":111.6,"max_bg":111.6,"target_bg":111.6,"carb_ratio":4.5,"sens":72,"max_daily_safety_multiplier":3,"current_basal_safety_multiplier":4,"high_temptarget_raises_sensitivity":false,"low_temptarget_lowers_sensitivity":false,"sensitivity_raises_target":false,"resistance_lowers_target":false,"adv_target_adjustments":false,"exercise_mode":false,"half_basal_exercise_target":160,"maxCOB":120,"skip_neutral_temps":false,"remainingCarbsCap":90,"enableUAM":true,"A52_risk_enable":false,"SMBInterval":3,"enableSMB_with_COB":false,"enableSMB_with_temptarget":false,"allowSMB_with_high_temptarget":true,"enableSMB_always":true,"enableSMB_after_carbs":false,"maxSMBBasalMinutes":120,"maxUAMSMBBasalMinutes":120,"bolus_increment":0.05,"carbsReqThreshold":1,"current_basal":1.5,"temptargetSet":true,"autosens_max":1.8,"out_units":"mmol\/L"},"autosens_data":{"ratio":1},"meal_data":{"carbs":0,"mealCOB":0,"slopeFromMaxDeviation":-0.15966666666666662,"slopeFromMinDeviation":1.3898,"lastBolusTime":1703115699441,"lastCarbTime":0},"microBolusAllowed":true,"currentTime":1703121123900,"flatBGsDetected":false},"output":{"temp":"absolute","bg":48,"tick":"+5","eventualBG":125,"targetBG":111.6,"insulinReq":0,"deliverAt":"2023-12-21T01:12:03.900Z","sensitivityRatio":1,"predBGs":{"IOB":[48,52,55,59,63,67,71,75,78,81,84,87,89,91,94,96,98,100,101,103,105,106,108,109,110,111,112,113,114,115,116,116,117,118,118,119,119,119,120,120,121,121,121,121,122],"ZT":[48,49,51,53,56,58,62,66,70,74,79,84,90,96,102,108],"UAM":[48,51,55,58,61,63,66,68,71,74,76,79,81,83,85,88,90,91,93,95,96,98,99,101,102,103,104,105,106,107,107,108,109,109,110,110,111,111,112,112,112,113,113,113,113,114]},"COB":0,"IOB":-0.841,"reason":"COB: 0, Dev: 0.9, BGI: 0.1, ISF: 4.0, CR: 4.5, Target: 6.2, minPredBG 5.6, minGuardBG 2.8, IOBpredBG 6.8, UAMpredBG 6.3; IOB -0.841 < -0.5 and minDelta 0.2 > expectedDelta 0.0; 6.9-5.6 in range: no temp required; setting current basal of 1.5 as temp. . Setting neutral temp basal of 1.5U\/hr","duration":30,"rate":1.5,"timestamp":"2023-12-21T01:12:03.956Z"}}