{"algorithm":"OpenAPSSMBPlugin","input":{"glucoseStatus":{"glucose":69,"noise":0,"delta":1,"short_avgdelta":1.22,"long_avgdelta":0.93,"date":1703087501845},"currenttemp":{"temp":"absolute","duration":40,"rate":0,"minutesrunning":20},"iob_data":[{"iob":-0.722,"basaliob":-0.883,"bolussnooze":0.0018,"activity":-0.0071,"lastBolusTime":1703076907848,"time":"2023-12-20T15:52:04.180Z","iobWithZeroTemp":{"iob":-0.722,"basaliob":-0.883,"bolussnooze":0.0018,"activity":-0.0071,"lastBolusTime":1703076907848,"time":"2023-12-20T15:52:04.180Z"}},{"iob":-0.685,"basaliob":-0.831,"bolussnooze":0.0014,"activity":-0.0073,"lastBolusTime":1703076907848,"time":"2023-12-20T15:57:04.180Z","iobWithZeroTemp":{"iob":-0.725,"basaliob":-0.871,"bolussnooze":0.0014,"activity":-0.0073,"lastBolusTime":1703076907848,"time":"2023-12-20T15:57:04.180Z"}},{"iob":-0.649,"basaliob":-0.781,"bolussnooze":0.0011,"activity":-0.0073,"lastBolusTime":1703076907848,"time":"2023-12-20T16:02:04.180Z","iobWithZeroTemp":{"iob":-0.738,"basaliob":-0.87,"bolussnooze":0.0011,"activity":-0.0075,"lastBolusTime":1703076907848,"time":"2023-12-20T16:02:04.180Z"}},{"iob":-0.612,"basaliob":-0.731,"bolussnooze":8.0E-4,"activity":-0.0073,"lastBolusTime":1703076907848,"time":"2023-12-20T16:07:04.180Z","iobWithZeroTemp":{"iob":-0.75,"basaliob":-0.869,"bolussnooze":8.0E-4,"activity":-0.0077,"lastBolusTime":1703076907848,"time":"2023-12-20T16:07:04.180Z"}},{"iob":-0.575,"basaliob":-0.683,"bolussnooze":6.0E-4,"activity":-0.0072,"lastBolusTime":1703076907848,"time":"2023-12-20T16:12:04.180Z","iobWithZeroTemp":{"iob":-0.76,"basaliob":-0.868,"bolussnooze":6.0E-4,"activity":-0.0079,"lastBolusTime":1703076907848,"time":"2023-12-20T16:12:04.180Z"}},{"iob":-0.54,"basaliob":-0.637,"bolussnooze":4.0E-4,"activity":-0.007,"lastBolusTime":1703076907848,"time":"2023-12-20T16:17:04.180Z","iobWithZeroTemp":{"iob":-0.771,"basaliob":-0.868,"bolussnooze":4.0E-4,"activity":-0.008,"lastBolusTime":1703076907848,"time":"2023-12-20T16:17:04.180Z"}},{"iob":-0.505,"basaliob":-0.593,"bolussnooze":3.0E-4,"activity":-0.0068,"lastBolusTime":1703076907848,"time":"2023-12-20T16:22:04.180Z","iobWithZeroTemp":{"iob":-0.78,"basaliob":-0.868,"bolussnooze":3.0E-4,"activity":-0.0082,"lastBolusTime":1703076907848,"time":"2023-12-20T16:22:04.180Z"}},{"iob":-0.472,"basaliob":-0.551,"bolussnooze":2.0E-4,"activity":-0.0065,"lastBolusTime":1703076907848,"time":"2023-12-20T16:27:04.180Z","iobWithZeroTemp":{"iob":-0.789,"basaliob":-0.868,"bolussnooze":2.0E-4,"activity":-0.0083,"lastBolusTime":1703076907848,"time":"2023-12-20T16:27:04.180Z"}},{"iob":-0.44,"basaliob":-0.511,"bolussnooze":1.0E-4,"activity":-0.0063,"lastBolusTime":1703076907848,"time":"2023-12-20T16:32:04.180Z","iobWithZeroTemp":{"iob":-0.797,"basaliob":-0.868,"bolussnooze":1.0E-4,"activity":-0.0085,"lastBolusTime":1703076907848,"time":"2023-12-20T16:32:04.180Z"}},{"iob":-0.409,"basaliob":-0.473,"bolussnooze":1.0E-4,"activity":-0.0059,"lastBolusTime":1703076907848,"time":"2023-12-20T16:37:04.180Z","iobWithZeroTemp":{"iob":-0.804,"basaliob":-0.868,"bolussnooze":1.0E-4,"activity":-0.0085,"lastBolusTime":1703076907848,"time":"2023-12-20T16:37:04.180Z"}},{"iob":-0.38,"basaliob":-0.438,"bolussnooze":1.0E-4,"activity":-0.0057,"lastBolusTime":1703076907848,"time":"2023-12-20T16:42:04.180Z","iobWithZeroTemp":{"iob":-0.811,"basaliob":-0.869,"bolussnooze":1.0E-4,"activity":-0.0087,"lastBolusTime":1703076907848,"time":"2023-12-20T16:42:04.180Z"}},{"iob":-0.352,"basaliob":-0.404,"bolussnooze":0,"activity":-0.0054,"lastBolusTime":1703076907848,"time":"2023-12-20T16:47:04.180Z","iobWithZeroTemp":{"iob":-0.817,"basaliob":-0.869,"bolussnooze":0,"activity":-0.0088,"lastBolusTime":1703076907848,"time":"2023-12-20T16:47:04.180Z"}},{"iob":-0.327,"basaliob":-0.373,"bolussnooze":0,"activity":-0.0051,"lastBolusTime":1703076907848,"time":"2023-12-20T16:52:04.180Z","iobWithZeroTemp":{"iob":-0.824,"basaliob":-0.87,"bolussnooze":0,"activity":-0.0089,"lastBolusTime":1703076907848,"time":"2023-12-20T16:52:04.180Z"}},{"iob":-0.301,"basaliob":-0.343,"bolussnooze":0,"activity":-0.0048,"lastBolusTime":1703076907848,"time":"2023-12-20T16:57:04.180Z","iobWithZeroTemp":{"iob":-0.828,"basaliob":-0.87,"bolussnooze":0,"activity":-0.009,"lastBolusTime":1703076907848,"time":"2023-12-20T16:57:04.180Z"}},{"iob":-0.279,"basaliob":-0.316,"bolussnooze":0,"activity":-0.0045,"lastBolusTime":1703076907848,"time":"2023-12-20T17:02:04.180Z","iobWithZeroTemp":{"iob":-0.834,"basaliob":-0.871,"bolussnooze":0,"activity":-0.0091,"lastBolusTime":1703076907848,"time":"2023-12-20T17:02:04.180Z"}},{"iob":-0.257,"basaliob":-0.29,"bolussnooze":0,"activity":-0.0042,"lastBolusTime":1703076907848,"time":"2023-12-20T17:07:04.180Z","iobWithZeroTemp":{"iob":-0.838,"basaliob":-0.871,"bolussnooze":0,"activity":-0.0092,"lastBolusTime":1703076907848,"time":"2023-12-20T17:07:04.180Z"}},{"iob":-0.236,"basaliob":-0.266,"bolussnooze":0,"activity":-0.0039,"lastBolusTime":1703076907848,"time":"2023-12-20T17:12:04.180Z","iobWithZeroTemp":{"iob":-0.841,"basaliob":-0.871,"bolussnooze":0,"activity":-0.0092,"lastBolusTime":1703076907848,"time":"2023-12-20T17:12:04.180Z"}},{"iob":-0.217,"basaliob":-0.244,"bolussnooze":0,"activity":-0.0037,"lastBolusTime":1703076907848,"time":"2023-12-20T17:17:04.180Z","iobWithZeroTemp":{"iob":-0.845,"basaliob":-0.872,"bolussnooze":0,"activity":-0.0094,"lastBolusTime":1703076907848,"time":"2023-12-20T17:17:04.180Z"}},{"iob":-0.199,"basaliob":-0.223,"bolussnooze":0,"activity":-0.0034,"lastBolusTime":1703076907848,"time":"2023-12-20T17:22:04.180Z","iobWithZeroTemp":{"iob":-0.848,"basaliob":-0.872,"bolussnooze":0,"activity":-0.0094,"lastBolusTime":1703076907848,"time":"2023-12-20T17:22:04.180Z"}},{"iob":-0.183,"basaliob":-0.204,"bolussnooze":0,"activity":-0.0032,"lastBolusTime":1703076907848,"time":"2023-12-20T17:27:04.180Z","iobWithZeroTemp":{"iob":-0.851,"basaliob":-0.872,"bolussnooze":0,"activity":-0.0095,"lastBolusTime":1703076907848,"time":"2023-12-20T17:27:04.180Z"}},{"iob":-0.168,"basaliob":-0.187,"bolussnooze":0,"activity":-0.003,"lastBolusTime":1703076907848,"time":"2023-12-20T17:32:04.180Z","iobWithZeroTemp":{"iob":-0.854,"basaliob":-0.873,"bolussnooze":0,"activity":-0.0096,"lastBolusTime":1703076907848,"time":"2023-12-20T17:32:04.180Z"}},{"iob":-0.154,"basaliob":-0.171,"bolussnooze":0,"activity":-0.0027,"lastBolusTime":1703076907848,"time":"2023-12-20T17:37:04.180Z","iobWithZeroTemp":{"iob":-0.857,"basaliob":-0.874,"bolussnooze":0,"activity":-0.0095,"lastBolusTime":1703076907848,"time":"2023-12-20T17:37:04.180Z"}},{"iob":-0.141,"basaliob":-0.156,"bolussnooze":0,"activity":-0.0025,"lastBolusTime":1703076907848,"time":"2023-12-20T17:42:04.180Z","iobWithZeroTemp":{"iob":-0.859,"basaliob":-0.874,"bolussnooze":0,"activity":-0.0096,"lastBolusTime":1703076907848,"time":"2023-12-20T17:42:04.180Z"}},{"iob":-0.129,"basaliob":-0.142,"bolussnooze":0,"activity":-0.0023,"lastBolusTime":1703076907848,"time":"2023-12-20T17:47:04.180Z","iobWithZeroTemp":{"iob":-0.861,"basaliob":-0.874,"bolussnooze":0,"activity":-0.0096,"lastBolusTime":1703076907848,"time":"2023-12-20T17:47:04.180Z"}},{"iob":-0.117,"basaliob":-0.129,"bolussnooze":0,"activity":-0.0021,"lastBolusTime":1703076907848,"time":"2023-12-20T17:52:04.180Z","iobWithZeroTemp":{"iob":-0.862,"basaliob":-0.874,"bolussnooze":0,"activity":-0.0096,"lastBolusTime":1703076907848,"time":"2023-12-20T17:52:04.180Z"}},{"iob":-0.107,"basaliob":-0.118,"bolussnooze":0,"activity":-0.0019,"lastBolusTime":1703076907848,"time":"2023-12-20T17:57:04.180Z","iobWithZeroTemp":{"iob":-0.864,"basaliob":-0.875,"bolussnooze":0,"activity":-0.0096,"lastBolusTime":1703076907848,"time":"2023-12-20T17:57:04.180Z"}},{"iob":-0.098,"basaliob":-0.107,"bolussnooze":0,"activity":-0.0018,"lastBolusTime":1703076907848,"time":"2023-12-20T18:02:04.180Z","iobWithZeroTemp":{"iob":-0.866,"basaliob":-0.875,"bolussnooze":0,"activity":-0.0097,"lastBolusTime":1703076907848,"time":"2023-12-20T18:02:04.180Z"}},{"iob":-0.089,"basaliob":-0.097,"bolussnooze":0,"activity":-0.0017,"lastBolusTime":1703076907848,"time":"2023-12-20T18:07:04.180Z","iobWithZeroTemp":{"iob":-0.867,"basaliob":-0.875,"bolussnooze":0,"activity":-0.0098,"lastBolusTime":1703076907848,"time":"2023-12-20T18:07:04.180Z"}},{"iob":-0.081,"basaliob":-0.088,"bolussnooze":0,"activity":-0.0015,"lastBolusTime":1703076907848,"time":"2023-12-20T18:12:04.180Z","iobWithZeroTemp":{"iob":-0.868,"basaliob":-0.875,"bolussnooze":0,"activity":-0.0097,"lastBolusTime":1703076907848,"time":"2023-12-20T18:12:04.180Z"}},{"iob":-0.073,"basaliob":-0.08,"bolussnooze":0,"activity":-0.0014,"lastBolusTime":1703076907848,"time":"2023-12-20T18:17:04.180Z","iobWithZeroTemp":{"iob":-0.869,"basaliob":-0.876,"bolussnooze":0,"activity":-0.0098,"lastBolusTime":1703076907848,"time":"2023-12-20T18:17:04.180Z"}},{"iob":-0.067,"basaliob":-0.073,"bolussnooze":0,"activity":-0.0013,"lastBolusTime":1703076907848,"time":"2023-12-20T18:22:04.180Z","iobWithZeroTemp":{"iob":-0.871,"basaliob":-0.877,"bolussnooze":0,"activity":-0.0098,"lastBolusTime":1703076907848,"time":"2023-12-20T18:22:04.180Z"}},{"iob":-0.061,"basaliob":-0.066,"bolussnooze":0,"activity":-0.0012,"lastBolusTime":1703076907848,"time":"2023-12-20T18:27:04.180Z","iobWithZeroTemp":{"iob":-0.872,"basaliob":-0.877,"bolussnooze":0,"activity":-0.0099,"lastBolusTime":1703076907848,"time":"2023-12-20T18:27:04.180Z"}},{"iob":-0.056,"basaliob":-0.06,"bolussnooze":0,"activity":-0.0011,"lastBolusTime":1703076907848,"time":"2023-12-20T18:32:04.180Z","iobWithZeroTemp":{"iob":-0.873,"basaliob":-0.877,"bolussnooze":0,"activity":-0.0099,"lastBolusTime":1703076907848,"time":"2023-12-20T18:32:04.180Z"}},{"iob":-0.05,"basaliob":-0.054,"bolussnooze":0,"activity":-0.001,"lastBolusTime":1703076907848,"time":"2023-12-20T18:37:04.180Z","iobWithZeroTemp":{"iob":-0.873,"basaliob":-0.877,"bolussnooze":0,"activity":-0.0099,"lastBolusTime":1703076907848,"time":"2023-12-20T18:37:04.180Z"}},{"iob":-0.046,"basaliob":-0.049,"bolussnooze":0,"activity":-9.0E-4,"lastBolusTime":1703076907848,"time":"2023-12-20T18:42:04.180Z","iobWithZeroTemp":{"iob":-0.874,"basaliob":-0.877,"bolussnooze":0,"activity":-0.0099,"lastBolusTime":1703076907848,"time":"2023-12-20T18:42:04.180Z"}},{"iob":-0.041,"basaliob":-0.044,"bolussnooze":0,"activity":-8.0E-4,"lastBolusTime":1703076907848,"time":"2023-12-20T18:47:04.180Z","iobWithZeroTemp":{"iob":-0.874,"basaliob":-0.877,"bolussnooze":0,"activity":-0.0099,"lastBolusTime":1703076907848,"time":"2023-12-20T18:47:04.180Z"}},{"iob":-0.037,"basaliob":-0.04,"bolussnooze":0,"activity":-7.0E-4,"lastBolusTime":1703076907848,"time":"2023-12-20T18:52:04.180Z","iobWithZeroTemp":{"iob":-0.875,"basaliob":-0.878,"bolussnooze":0,"activity":-0.0099,"lastBolusTime":1703076907848,"time":"2023-12-20T18:52:04.180Z"}},{"iob":-0.034,"basaliob":-0.036,"bolussnooze":0,"activity":-6.0E-4,"lastBolusTime":1703076907848,"time":"2023-12-20T18:57:04.180Z","iobWithZeroTemp":{"iob":-0.876,"basaliob":-0.878,"bolussnooze":0,"activity":-0.0098,"lastBolusTime":1703076907848,"time":"2023-12-20T18:57:04.180Z"}},{"iob":-0.03,"basaliob":-0.032,"bolussnooze":0,"activity":-6.0E-4,"lastBolusTime":1703076907848,"time":"2023-12-20T19:02:04.180Z","iobWithZeroTemp":{"iob":-0.875,"basaliob":-0.877,"bolussnooze":0,"activity":-0.0099,"lastBolusTime":1703076907848,"time":"2023-12-20T19:02:04.180Z"}},{"iob":-0.027,"basaliob":-0.029,"bolussnooze":0,"activity":-6.0E-4,"lastBolusTime":1703076907848,"time":"2023-12-20T19:07:04.180Z","iobWithZeroTemp":{"iob":-0.876,"basaliob":-0.878,"bolussnooze":0,"activity":-0.01,"lastBolusTime":1703076907848,"time":"2023-12-20T19:07:04.180Z"}},{"iob":-0.024,"basaliob":-0.026,"bolussnooze":0,"activity":-6.0E-4,"lastBolusTime":1703076907848,"time":"2023-12-20T19:12:04.180Z","iobWithZeroTemp":{"iob":-0.876,"basaliob":-0.878,"bolussnooze":0,"activity":-0.01,"lastBolusTime":1703076907848,"time":"2023-12-20T19:12:04.180Z"}},{"iob":-0.023,"basaliob":-0.024,"bolussnooze":0,"activity":-5.0E-4,"lastBolusTime":1703076907848,"time":"2023-12-20T19:17:04.180Z","iobWithZeroTemp":{"iob":-0.878,"basaliob":-0.879,"bolussnooze":0,"activity":-0.01,"lastBolusTime":1703076907848,"time":"2023-12-20T19:17:04.180Z"}},{"iob":-0.02,"basaliob":-0.021,"bolussnooze":0,"activity":-5.0E-4,"lastBolusTime":1703076907848,"time":"2023-12-20T19:22:04.180Z","iobWithZeroTemp":{"iob":-0.877,"basaliob":-0.878,"bolussnooze":0,"activity":-0.01,"lastBolusTime":1703076907848,"time":"2023-12-20T19:22:04.180Z"}},{"iob":-0.018,"basaliob":-0.019,"bolussnooze":0,"activity":-4.0E-4,"lastBolusTime":1703076907848,"time":"2023-12-20T19:27:04.180Z","iobWithZeroTemp":{"iob":-0.877,"basaliob":-0.878,"bolussnooze":0,"activity":-0.01,"lastBolusTime":1703076907848,"time":"2023-12-20T19:27:04.180Z"}},{"iob":-0.016,"basaliob":-0.017,"bolussnooze":0,"activity":-4.0E-4,"lastBolusTime":1703076907848,"time":"2023-12-20T19:32:04.180Z","iobWithZeroTemp":{"iob":-0.877,"basaliob":-0.878,"bolussnooze":0,"activity":-0.01,"lastBolusTime":1703076907848,"time":"2023-12-20T19:32:04.180Z"}},{"iob":-0.014,"basaliob":-0.015,"bolussnooze":0,"activity":-3.0E-4,"lastBolusTime":1703076907848,"time":"2023-12-20T19:37:04.180Z","iobWithZeroTemp":{"iob":-0.877,"basaliob":-0.878,"bolussnooze":0,"activity":-0.01,"lastBolusTime":1703076907848,"time":"2023-12-20T19:37:04.180Z"}},{"iob":-0.013,"basaliob":-0.014,"bolussnooze":0,"activity":-3.0E-4,"lastBolusTime":1703076907848,"time":"2023-12-20T19:42:04.180Z","iobWithZeroTemp":{"iob":-0.878,"basaliob":-0.879,"bolussnooze":0,"activity":-0.01,"lastBolusTime":1703076907848,"time":"2023-12-20T19:42:04.180Z"}},{"iob":-0.011,"basaliob":-0.012,"bolussnooze":0,"activity":-3.0E-4,"lastBolusTime":1703076907848,"time":"2023-12-20T19:47:04.180Z","iobWithZeroTemp":{"iob":-0.877,"basaliob":-0.878,"bolussnooze":0,"activity":-0.01,"lastBolusTime":1703076907848,"time":"2023-12-20T19:47:04.180Z"}}],"profile":{"max_iob":20,"type":"current","max_daily_basal":1.6,"max_basal":2.4,"min_bg":111.6,"max_bg":111.6,"target_bg":111.6,"carb_ratio":8,"sens":108,"max_daily_safety_multiplier":3,"current_basal_safety_multiplier":4,"high_temptarget_raises_sensitivity":false,"low_temptarget_lowers_sensitivity":false,"sensitivity_raises_target":false,"resistance_lowers_target":false,"adv_target_adjustments":false,"exercise_mode":false,"half_basal_exercise_target":160,"maxCOB":120,"skip_neutral_temps":false,"remainingCarbsCap":90,"enableUAM":true,"A52_risk_enable":false,"SMBInterval":3,"enableSMB_with_COB":false,"enableSMB_with_temptarget":false,"allowSMB_with_high_temptarget":true,"enableSMB_always":true,"enableSMB_after_carbs":false,"maxSMBBasalMinutes":120,"maxUAMSMBBasalMinutes":120,"bolus_increment":0.05,"carbsReqThreshold":1,"current_basal":0.6,"temptargetSet":true,"autosens_max":1.8,"out_units":"mmol\/L"},"autosens_data":{"ratio":1},"meal_data":{"carbs":15,"mealCOB":0,"slopeFromMaxDeviation":-0.8346666666666668,"slopeFromMinDeviation":0.5226666666666666,"lastBolusTime":1703076907848,"lastCarbTime":1703074649000},"microBolusAllowed":true,"currentTime":1703087526991,"flatBGsDetected":false},"output":{"temp":"absolute","bg":69,"tick":"+1","eventualBG":130,"targetBG":111.6,"insulinReq":0,"deliverAt":"2023-12-20T15:52:06.991Z","sensitivityRatio":1,"predBGs":{"IOB":[69,70,72,74,76,78,80,83,86,88,91,94,97,99,102,104,107,109,111,113,114,116,117,119,120,121,122,123,124,125,126,126,127,128,128,129,129,129,130,130,130,131,131,131,132],"ZT":[69,73,77,81,85,89,94,98,102,107]},"COB":0,"IOB":-0.722,"reason":"COB: 0, Dev: -0.9, BGI: 0.2, ISF: 6.0, CR: 8, Target: 6.2, minPredBG 4.7, minGuardBG 3.9, IOBpredBG 7.3; minGuardBG 3.9<4.2 40m left and 0 ~ req 0U\/hr: no temp required","timestamp":"2023-12-20T15:52:07.086Z"}}