{"algorithm":"OpenAPSSMBPlugin","input":{"glucoseStatus":{"glucose":48,"noise":0,"delta":-2,"short_avgdelta":-2.72,"long_avgdelta":-4.35,"date":1703140304253},"currenttemp":{"temp":"absolute","duration":63,"rate":0,"minutesrunning":57},"iob_data":[{"iob":0.427,"basaliob":-1.836,"bolussnooze":0.2879,"activity":0.0175,"lastBolusTime":1703136515248,"time":"2023-12-21T06:33:45.094Z","iobWithZeroTemp":{"iob":0.427,"basaliob":-1.836,"bolussnooze":0.2879,"activity":0.0175,"lastBolusTime":1703136515248,"time":"2023-12-21T06:33:45.094Z"}},{"iob":0.345,"basaliob":-1.734,"bolussnooze":0.2372,"activity":0.015,"lastBolusTime":1703136515248,"time":"2023-12-21T06:38:45.094Z","iobWithZeroTemp":{"iob":0.262,"basaliob":-1.817,"bolussnooze":0.2372,"activity":0.0149,"lastBolusTime":1703136515248,"time":"2023-12-21T06:38:45.094Z"}},{"iob":0.276,"basaliob":-1.632,"bolussnooze":0.1949,"activity":0.0127,"lastBolusTime":1703136515248,"time":"2023-12-21T06:43:45.094Z","iobWithZeroTemp":{"iob":0.09,"basaliob":-1.818,"bolussnooze":0.1949,"activity":0.0123,"lastBolusTime":1703136515248,"time":"2023-12-21T06:43:45.094Z"}},{"iob":0.217,"basaliob":-1.532,"bolussnooze":0.1597,"activity":0.0108,"lastBolusTime":1703136515248,"time":"2023-12-21T06:48:45.094Z","iobWithZeroTemp":{"iob":-0.071,"basaliob":-1.82,"bolussnooze":0.1597,"activity":0.01,"lastBolusTime":1703136515248,"time":"2023-12-21T06:48:45.094Z"}},{"iob":0.168,"basaliob":-1.434,"bolussnooze":0.1304,"activity":0.0091,"lastBolusTime":1703136515248,"time":"2023-12-21T06:53:45.094Z","iobWithZeroTemp":{"iob":-0.218,"basaliob":-1.82,"bolussnooze":0.1304,"activity":0.0077,"lastBolusTime":1703136515248,"time":"2023-12-21T06:53:45.094Z"}},{"iob":0.126,"basaliob":-1.34,"bolussnooze":0.1062,"activity":0.0077,"lastBolusTime":1703136515248,"time":"2023-12-21T06:58:45.094Z","iobWithZeroTemp":{"iob":-0.356,"basaliob":-1.822,"bolussnooze":0.1062,"activity":0.0056,"lastBolusTime":1703136515248,"time":"2023-12-21T06:58:45.094Z"}},{"iob":0.091,"basaliob":-1.249,"bolussnooze":0.0863,"activity":0.0064,"lastBolusTime":1703136515248,"time":"2023-12-21T07:03:45.094Z","iobWithZeroTemp":{"iob":-0.478,"basaliob":-1.818,"bolussnooze":0.0863,"activity":0.0035,"lastBolusTime":1703136515248,"time":"2023-12-21T07:03:45.094Z"}},{"iob":0.062,"basaliob":-1.162,"bolussnooze":0.0699,"activity":0.0053,"lastBolusTime":1703136515248,"time":"2023-12-21T07:08:45.094Z","iobWithZeroTemp":{"iob":-0.591,"basaliob":-1.815,"bolussnooze":0.0699,"activity":0.0016,"lastBolusTime":1703136515248,"time":"2023-12-21T07:08:45.094Z"}},{"iob":0.038,"basaliob":-1.079,"bolussnooze":0.0564,"activity":0.0044,"lastBolusTime":1703136515248,"time":"2023-12-21T07:13:45.094Z","iobWithZeroTemp":{"iob":-0.695,"basaliob":-1.812,"bolussnooze":0.0564,"activity":-1.0E-4,"lastBolusTime":1703136515248,"time":"2023-12-21T07:13:45.094Z"}},{"iob":0.017,"basaliob":-1.001,"bolussnooze":0.0454,"activity":0.0036,"lastBolusTime":1703136515248,"time":"2023-12-21T07:18:45.094Z","iobWithZeroTemp":{"iob":-0.791,"basaliob":-1.809,"bolussnooze":0.0454,"activity":-0.0018,"lastBolusTime":1703136515248,"time":"2023-12-21T07:18:45.094Z"}},{"iob":0.001,"basaliob":-0.927,"bolussnooze":0.0364,"activity":0.003,"lastBolusTime":1703136515248,"time":"2023-12-21T07:23:45.094Z","iobWithZeroTemp":{"iob":-0.878,"basaliob":-1.806,"bolussnooze":0.0364,"activity":-0.0032,"lastBolusTime":1703136515248,"time":"2023-12-21T07:23:45.094Z"}},{"iob":-0.011,"basaliob":-0.856,"bolussnooze":0.0291,"activity":0.0023,"lastBolusTime":1703136515248,"time":"2023-12-21T07:28:45.094Z","iobWithZeroTemp":{"iob":-0.957,"basaliob":-1.802,"bolussnooze":0.0291,"activity":-0.0047,"lastBolusTime":1703136515248,"time":"2023-12-21T07:28:45.094Z"}},{"iob":-0.023,"basaliob":-0.791,"bolussnooze":0.0232,"activity":0.0018,"lastBolusTime":1703136515248,"time":"2023-12-21T07:33:45.094Z","iobWithZeroTemp":{"iob":-1.032,"basaliob":-1.8,"bolussnooze":0.0232,"activity":-0.006,"lastBolusTime":1703136515248,"time":"2023-12-21T07:33:45.094Z"}},{"iob":-0.031,"basaliob":-0.729,"bolussnooze":0.0184,"activity":0.0015,"lastBolusTime":1703136515248,"time":"2023-12-21T07:38:45.094Z","iobWithZeroTemp":{"iob":-1.099,"basaliob":-1.797,"bolussnooze":0.0184,"activity":-0.0071,"lastBolusTime":1703136515248,"time":"2023-12-21T07:38:45.094Z"}},{"iob":-0.037,"basaliob":-0.671,"bolussnooze":0.0146,"activity":0.0011,"lastBolusTime":1703136515248,"time":"2023-12-21T07:43:45.094Z","iobWithZeroTemp":{"iob":-1.16,"basaliob":-1.794,"bolussnooze":0.0146,"activity":-0.0083,"lastBolusTime":1703136515248,"time":"2023-12-21T07:43:45.094Z"}},{"iob":-0.041,"basaliob":-0.617,"bolussnooze":0.0115,"activity":8.0E-4,"lastBolusTime":1703136515248,"time":"2023-12-21T07:48:45.094Z","iobWithZeroTemp":{"iob":-1.215,"basaliob":-1.791,"bolussnooze":0.0115,"activity":-0.0093,"lastBolusTime":1703136515248,"time":"2023-12-21T07:48:45.094Z"}},{"iob":-0.045,"basaliob":-0.567,"bolussnooze":0.009,"activity":5.0E-4,"lastBolusTime":1703136515248,"time":"2023-12-21T07:53:45.094Z","iobWithZeroTemp":{"iob":-1.267,"basaliob":-1.789,"bolussnooze":0.009,"activity":-0.0103,"lastBolusTime":1703136515248,"time":"2023-12-21T07:53:45.094Z"}},{"iob":-0.047,"basaliob":-0.52,"bolussnooze":0.0071,"activity":4.0E-4,"lastBolusTime":1703136515248,"time":"2023-12-21T07:58:45.094Z","iobWithZeroTemp":{"iob":-1.313,"basaliob":-1.786,"bolussnooze":0.0071,"activity":-0.0111,"lastBolusTime":1703136515248,"time":"2023-12-21T07:58:45.094Z"}},{"iob":-0.049,"basaliob":-0.477,"bolussnooze":0.0055,"activity":2.0E-4,"lastBolusTime":1703136515248,"time":"2023-12-21T08:03:45.094Z","iobWithZeroTemp":{"iob":-1.348,"basaliob":-1.776,"bolussnooze":0.0055,"activity":-0.0119,"lastBolusTime":1703136515248,"time":"2023-12-21T08:03:45.094Z"}},{"iob":-0.049,"basaliob":-0.437,"bolussnooze":0.0043,"activity":1.0E-4,"lastBolusTime":1703136515248,"time":"2023-12-21T08:08:45.094Z","iobWithZeroTemp":{"iob":-1.378,"basaliob":-1.766,"bolussnooze":0.0043,"activity":-0.0125,"lastBolusTime":1703136515248,"time":"2023-12-21T08:08:45.094Z"}},{"iob":-0.05,"basaliob":-0.4,"bolussnooze":0.0033,"activity":0,"lastBolusTime":1703136515248,"time":"2023-12-21T08:13:45.094Z","iobWithZeroTemp":{"iob":-1.407,"basaliob":-1.757,"bolussnooze":0.0033,"activity":-0.0132,"lastBolusTime":1703136515248,"time":"2023-12-21T08:13:45.094Z"}},{"iob":-0.048,"basaliob":-0.365,"bolussnooze":0.0025,"activity":-2.0E-4,"lastBolusTime":1703136515248,"time":"2023-12-21T08:18:45.094Z","iobWithZeroTemp":{"iob":-1.429,"basaliob":-1.746,"bolussnooze":0.0025,"activity":-0.0138,"lastBolusTime":1703136515248,"time":"2023-12-21T08:18:45.094Z"}},{"iob":-0.048,"basaliob":-0.334,"bolussnooze":0.0019,"activity":-2.0E-4,"lastBolusTime":1703136515248,"time":"2023-12-21T08:23:45.094Z","iobWithZeroTemp":{"iob":-1.452,"basaliob":-1.738,"bolussnooze":0.0019,"activity":-0.0143,"lastBolusTime":1703136515248,"time":"2023-12-21T08:23:45.094Z"}},{"iob":-0.046,"basaliob":-0.304,"bolussnooze":0.0014,"activity":-3.0E-4,"lastBolusTime":1703136515248,"time":"2023-12-21T08:28:45.094Z","iobWithZeroTemp":{"iob":-1.47,"basaliob":-1.728,"bolussnooze":0.0014,"activity":-0.0148,"lastBolusTime":1703136515248,"time":"2023-12-21T08:28:45.094Z"}},{"iob":-0.045,"basaliob":-0.278,"bolussnooze":0.0011,"activity":-4.0E-4,"lastBolusTime":1703136515248,"time":"2023-12-21T08:33:45.094Z","iobWithZeroTemp":{"iob":-1.488,"basaliob":-1.721,"bolussnooze":0.0011,"activity":-0.0152,"lastBolusTime":1703136515248,"time":"2023-12-21T08:33:45.094Z"}},{"iob":-0.043,"basaliob":-0.253,"bolussnooze":8.0E-4,"activity":-3.0E-4,"lastBolusTime":1703136515248,"time":"2023-12-21T08:38:45.094Z","iobWithZeroTemp":{"iob":-1.503,"basaliob":-1.713,"bolussnooze":8.0E-4,"activity":-0.0155,"lastBolusTime":1703136515248,"time":"2023-12-21T08:38:45.094Z"}},{"iob":-0.041,"basaliob":-0.23,"bolussnooze":6.0E-4,"activity":-3.0E-4,"lastBolusTime":1703136515248,"time":"2023-12-21T08:43:45.094Z","iobWithZeroTemp":{"iob":-1.516,"basaliob":-1.705,"bolussnooze":6.0E-4,"activity":-0.0158,"lastBolusTime":1703136515248,"time":"2023-12-21T08:43:45.094Z"}},{"iob":-0.039,"basaliob":-0.209,"bolussnooze":4.0E-4,"activity":-4.0E-4,"lastBolusTime":1703136515248,"time":"2023-12-21T08:48:45.094Z","iobWithZeroTemp":{"iob":-1.528,"basaliob":-1.698,"bolussnooze":4.0E-4,"activity":-0.0161,"lastBolusTime":1703136515248,"time":"2023-12-21T08:48:45.094Z"}},{"iob":-0.037,"basaliob":-0.19,"bolussnooze":3.0E-4,"activity":-4.0E-4,"lastBolusTime":1703136515248,"time":"2023-12-21T08:53:45.094Z","iobWithZeroTemp":{"iob":-1.538,"basaliob":-1.691,"bolussnooze":3.0E-4,"activity":-0.0164,"lastBolusTime":1703136515248,"time":"2023-12-21T08:53:45.094Z"}},{"iob":-0.036,"basaliob":-0.173,"bolussnooze":2.0E-4,"activity":-3.0E-4,"lastBolusTime":1703136515248,"time":"2023-12-21T08:58:45.094Z","iobWithZeroTemp":{"iob":-1.548,"basaliob":-1.685,"bolussnooze":2.0E-4,"activity":-0.0165,"lastBolusTime":1703136515248,"time":"2023-12-21T08:58:45.094Z"}},{"iob":-0.034,"basaliob":-0.157,"bolussnooze":2.0E-4,"activity":-4.0E-4,"lastBolusTime":1703136515248,"time":"2023-12-21T09:03:45.094Z","iobWithZeroTemp":{"iob":-1.548,"basaliob":-1.671,"bolussnooze":2.0E-4,"activity":-0.0168,"lastBolusTime":1703136515248,"time":"2023-12-21T09:03:45.094Z"}},{"iob":-0.032,"basaliob":-0.142,"bolussnooze":1.0E-4,"activity":-4.0E-4,"lastBolusTime":1703136515248,"time":"2023-12-21T09:08:45.094Z","iobWithZeroTemp":{"iob":-1.547,"basaliob":-1.657,"bolussnooze":1.0E-4,"activity":-0.017,"lastBolusTime":1703136515248,"time":"2023-12-21T09:08:45.094Z"}},{"iob":-0.03,"basaliob":-0.129,"bolussnooze":1.0E-4,"activity":-3.0E-4,"lastBolusTime":1703136515248,"time":"2023-12-21T09:13:45.094Z","iobWithZeroTemp":{"iob":-1.545,"basaliob":-1.644,"bolussnooze":1.0E-4,"activity":-0.017,"lastBolusTime":1703136515248,"time":"2023-12-21T09:13:45.094Z"}},{"iob":-0.028,"basaliob":-0.117,"bolussnooze":0,"activity":-3.0E-4,"lastBolusTime":1703136515248,"time":"2023-12-21T09:18:45.094Z","iobWithZeroTemp":{"iob":-1.543,"basaliob":-1.632,"bolussnooze":0,"activity":-0.0171,"lastBolusTime":1703136515248,"time":"2023-12-21T09:18:45.094Z"}},{"iob":-0.027,"basaliob":-0.106,"bolussnooze":0,"activity":-3.0E-4,"lastBolusTime":1703136515248,"time":"2023-12-21T09:23:45.094Z","iobWithZeroTemp":{"iob":-1.541,"basaliob":-1.62,"bolussnooze":0,"activity":-0.0172,"lastBolusTime":1703136515248,"time":"2023-12-21T09:23:45.094Z"}},{"iob":-0.024,"basaliob":-0.095,"bolussnooze":0,"activity":-3.0E-4,"lastBolusTime":1703136515248,"time":"2023-12-21T09:28:45.094Z","iobWithZeroTemp":{"iob":-1.537,"basaliob":-1.608,"bolussnooze":0,"activity":-0.0173,"lastBolusTime":1703136515248,"time":"2023-12-21T09:28:45.094Z"}},{"iob":-0.023,"basaliob":-0.086,"bolussnooze":0,"activity":-4.0E-4,"lastBolusTime":1703136515248,"time":"2023-12-21T09:33:45.094Z","iobWithZeroTemp":{"iob":-1.535,"basaliob":-1.598,"bolussnooze":0,"activity":-0.0174,"lastBolusTime":1703136515248,"time":"2023-12-21T09:33:45.094Z"}},{"iob":-0.021,"basaliob":-0.078,"bolussnooze":0,"activity":-3.0E-4,"lastBolusTime":1703136515248,"time":"2023-12-21T09:38:45.094Z","iobWithZeroTemp":{"iob":-1.531,"basaliob":-1.588,"bolussnooze":0,"activity":-0.0173,"lastBolusTime":1703136515248,"time":"2023-12-21T09:38:45.094Z"}},{"iob":-0.02,"basaliob":-0.07,"bolussnooze":0,"activity":-2.0E-4,"lastBolusTime":1703136515248,"time":"2023-12-21T09:43:45.094Z","iobWithZeroTemp":{"iob":-1.528,"basaliob":-1.578,"bolussnooze":0,"activity":-0.0173,"lastBolusTime":1703136515248,"time":"2023-12-21T09:43:45.094Z"}},{"iob":-0.018,"basaliob":-0.063,"bolussnooze":0,"activity":-3.0E-4,"lastBolusTime":1703136515248,"time":"2023-12-21T09:48:45.094Z","iobWithZeroTemp":{"iob":-1.524,"basaliob":-1.569,"bolussnooze":0,"activity":-0.0174,"lastBolusTime":1703136515248,"time":"2023-12-21T09:48:45.094Z"}},{"iob":-0.017,"basaliob":-0.057,"bolussnooze":0,"activity":-3.0E-4,"lastBolusTime":1703136515248,"time":"2023-12-21T09:53:45.094Z","iobWithZeroTemp":{"iob":-1.521,"basaliob":-1.561,"bolussnooze":0,"activity":-0.0174,"lastBolusTime":1703136515248,"time":"2023-12-21T09:53:45.094Z"}},{"iob":-0.015,"basaliob":-0.051,"bolussnooze":0,"activity":-3.0E-4,"lastBolusTime":1703136515248,"time":"2023-12-21T09:58:45.094Z","iobWithZeroTemp":{"iob":-1.517,"basaliob":-1.553,"bolussnooze":0,"activity":-0.0174,"lastBolusTime":1703136515248,"time":"2023-12-21T09:58:45.094Z"}},{"iob":-0.014,"basaliob":-0.046,"bolussnooze":0,"activity":-2.0E-4,"lastBolusTime":1703136515248,"time":"2023-12-21T10:03:45.094Z","iobWithZeroTemp":{"iob":-1.506,"basaliob":-1.538,"bolussnooze":0,"activity":-0.0173,"lastBolusTime":1703136515248,"time":"2023-12-21T10:03:45.094Z"}},{"iob":-0.014,"basaliob":-0.042,"bolussnooze":0,"activity":-2.0E-4,"lastBolusTime":1703136515248,"time":"2023-12-21T10:08:45.094Z","iobWithZeroTemp":{"iob":-1.496,"basaliob":-1.524,"bolussnooze":0,"activity":-0.0172,"lastBolusTime":1703136515248,"time":"2023-12-21T10:08:45.094Z"}},{"iob":-0.012,"basaliob":-0.037,"bolussnooze":0,"activity":-2.0E-4,"lastBolusTime":1703136515248,"time":"2023-12-21T10:13:45.094Z","iobWithZeroTemp":{"iob":-1.484,"basaliob":-1.509,"bolussnooze":0,"activity":-0.0172,"lastBolusTime":1703136515248,"time":"2023-12-21T10:13:45.094Z"}},{"iob":-0.011,"basaliob":-0.033,"bolussnooze":0,"activity":-2.0E-4,"lastBolusTime":1703136515248,"time":"2023-12-21T10:18:45.094Z","iobWithZeroTemp":{"iob":-1.473,"basaliob":-1.495,"bolussnooze":0,"activity":-0.0171,"lastBolusTime":1703136515248,"time":"2023-12-21T10:18:45.094Z"}},{"iob":-0.011,"basaliob":-0.03,"bolussnooze":0,"activity":-2.0E-4,"lastBolusTime":1703136515248,"time":"2023-12-21T10:23:45.094Z","iobWithZeroTemp":{"iob":-1.463,"basaliob":-1.482,"bolussnooze":0,"activity":-0.0171,"lastBolusTime":1703136515248,"time":"2023-12-21T10:23:45.094Z"}},{"iob":-0.01,"basaliob":-0.027,"bolussnooze":0,"activity":-2.0E-4,"lastBolusTime":1703136515248,"time":"2023-12-21T10:28:45.094Z","iobWithZeroTemp":{"iob":-1.453,"basaliob":-1.47,"bolussnooze":0,"activity":-0.017,"lastBolusTime":1703136515248,"time":"2023-12-21T10:28:45.094Z"}}],"profile":{"max_iob":20,"type":"current","max_daily_basal":1.6,"max_basal":4.8,"min_bg":90,"max_bg":90,"target_bg":90,"carb_ratio":5.5,"sens":72,"max_daily_safety_multiplier":3,"current_basal_safety_multiplier":4,"high_temptarget_raises_sensitivity":false,"low_temptarget_lowers_sensitivity":false,"sensitivity_raises_target":false,"resistance_lowers_target":false,"adv_target_adjustments":false,"exercise_mode":false,"half_basal_exercise_target":160,"maxCOB":120,"skip_neutral_temps":false,"remainingCarbsCap":90,"enableUAM":true,"A52_risk_enable":false,"SMBInterval":3,"enableSMB_with_COB":false,"enableSMB_with_temptarget":false,"allowSMB_with_high_temptarget":true,"enableSMB_always":true,"enableSMB_after_carbs":false,"maxSMBBasalMinutes":120,"maxUAMSMBBasalMinutes":120,"bolus_increment":0.05,"carbsReqThreshold":1,"current_basal":1.25,"temptargetSet":false,"autosens_max":1.8,"out_units":"mmol\/L"},"autosens_data":{"ratio":1},"meal_data":{"carbs":20,"mealCOB":0,"slopeFromMaxDeviation":-0.6926363636363636,"slopeFromMinDeviation":0.043,"lastBolusTime":1703136515248,"lastCarbTime":1703127724000},"microBolusAllowed":true,"currentTime":1703140425705,"flatBGsDetected":false},"output":{"temp":"absolute","bg":48,"tick":-2,"eventualBG":39,"targetBG":90,"insulinReq":0,"deliverAt":"2023-12-21T06:33:45.705Z","sensitivityRatio":1,"predBGs":{"IOB":[48,45,43,41,39,39,39,39,39,39,39,39,39],"ZT":[48,42,39,39,39,39,39,39,39,39,39,39,39,39,39,39,39,40,44,48,53,58,62,68,73,78,84,90],"UAM":[48,45,41,39,39,39,39,39,39,39,39,39,39]},"COB":0,"IOB":0.427,"reason":"COB: 0, Dev: 1.2, BGI: -0.3, ISF: 4.0, CR: 5.5, Target: 5.0, minPredBG 1.5, minGuardBG 1.0, IOBpredBG 2.2, UAMpredBG 2.2; 4 add'l carbs req w\/in 0m; minGuardBG 1.0<3.6 63m left and 0 ~ req 0U\/hr: no temp required","carbsReq":4,"carbsReqWithin":0,"timestamp":"2023-12-21T06:33:45.757Z"}}