{"algorithm":"OpenAPSSMBPlugin","input":{"glucoseStatus":{"glucose":71,"noise":0,"delta":0,"short_avgdelta":-0.89,"long_avgdelta":-2.37,"date":1703053002567},"currenttemp":{"temp":"absolute","duration":29,"rate":1.15,"minutesrunning":1},"iob_data":[{"iob":-0.479,"basaliob":-1.357,"bolussnooze":6.0E-4,"activity":-0.0012,"lastBolusTime":1703050029109,"time":"2023-12-20T06:19:06.854Z","iobWithZeroTemp":{"iob":-0.479,"basaliob":-1.357,"bolussnooze":6.0E-4,"activity":-0.0012,"lastBolusTime":1703050029109,"time":"2023-12-20T06:19:06.854Z"}},{"iob":-0.471,"basaliob":-1.282,"bolussnooze":4.0E-4,"activity":-0.002,"lastBolusTime":1703050029109,"time":"2023-12-20T06:24:06.854Z","iobWithZeroTemp":{"iob":-0.554,"basaliob":-1.365,"bolussnooze":4.0E-4,"activity":-0.0021,"lastBolusTime":1703050029109,"time":"2023-12-20T06:24:06.854Z"}},{"iob":-0.459,"basaliob":-1.207,"bolussnooze":3.0E-4,"activity":-0.0026,"lastBolusTime":1703050029109,"time":"2023-12-20T06:29:06.854Z","iobWithZeroTemp":{"iob":-0.645,"basaliob":-1.393,"bolussnooze":3.0E-4,"activity":-0.003,"lastBolusTime":1703050029109,"time":"2023-12-20T06:29:06.854Z"}},{"iob":-0.444,"basaliob":-1.134,"bolussnooze":2.0E-4,"activity":-0.0031,"lastBolusTime":1703050029109,"time":"2023-12-20T06:34:06.854Z","iobWithZeroTemp":{"iob":-0.732,"basaliob":-1.422,"bolussnooze":2.0E-4,"activity":-0.0039,"lastBolusTime":1703050029109,"time":"2023-12-20T06:34:06.854Z"}},{"iob":-0.427,"basaliob":-1.062,"bolussnooze":2.0E-4,"activity":-0.0035,"lastBolusTime":1703050029109,"time":"2023-12-20T06:39:06.854Z","iobWithZeroTemp":{"iob":-0.813,"basaliob":-1.448,"bolussnooze":2.0E-4,"activity":-0.0049,"lastBolusTime":1703050029109,"time":"2023-12-20T06:39:06.854Z"}},{"iob":-0.41,"basaliob":-0.993,"bolussnooze":1.0E-4,"activity":-0.0037,"lastBolusTime":1703050029109,"time":"2023-12-20T06:44:06.854Z","iobWithZeroTemp":{"iob":-0.892,"basaliob":-1.475,"bolussnooze":1.0E-4,"activity":-0.0058,"lastBolusTime":1703050029109,"time":"2023-12-20T06:44:06.854Z"}},{"iob":-0.39,"basaliob":-0.926,"bolussnooze":1.0E-4,"activity":-0.0039,"lastBolusTime":1703050029109,"time":"2023-12-20T06:49:06.854Z","iobWithZeroTemp":{"iob":-0.963,"basaliob":-1.499,"bolussnooze":1.0E-4,"activity":-0.0068,"lastBolusTime":1703050029109,"time":"2023-12-20T06:49:06.854Z"}},{"iob":-0.371,"basaliob":-0.862,"bolussnooze":1.0E-4,"activity":-0.004,"lastBolusTime":1703050029109,"time":"2023-12-20T06:54:06.854Z","iobWithZeroTemp":{"iob":-1.032,"basaliob":-1.523,"bolussnooze":1.0E-4,"activity":-0.0077,"lastBolusTime":1703050029109,"time":"2023-12-20T06:54:06.854Z"}},{"iob":-0.351,"basaliob":-0.801,"bolussnooze":0,"activity":-0.004,"lastBolusTime":1703050029109,"time":"2023-12-20T06:59:06.854Z","iobWithZeroTemp":{"iob":-1.096,"basaliob":-1.546,"bolussnooze":0,"activity":-0.0086,"lastBolusTime":1703050029109,"time":"2023-12-20T06:59:06.854Z"}},{"iob":-0.331,"basaliob":-0.743,"bolussnooze":0,"activity":-0.004,"lastBolusTime":1703050029109,"time":"2023-12-20T07:04:06.854Z","iobWithZeroTemp":{"iob":-1.151,"basaliob":-1.563,"bolussnooze":0,"activity":-0.0094,"lastBolusTime":1703050029109,"time":"2023-12-20T07:04:06.854Z"}},{"iob":-0.311,"basaliob":-0.688,"bolussnooze":0,"activity":-0.0039,"lastBolusTime":1703050029109,"time":"2023-12-20T07:09:06.854Z","iobWithZeroTemp":{"iob":-1.202,"basaliob":-1.579,"bolussnooze":0,"activity":-0.0102,"lastBolusTime":1703050029109,"time":"2023-12-20T07:09:06.854Z"}},{"iob":-0.292,"basaliob":-0.636,"bolussnooze":0,"activity":-0.0039,"lastBolusTime":1703050029109,"time":"2023-12-20T07:14:06.854Z","iobWithZeroTemp":{"iob":-1.249,"basaliob":-1.593,"bolussnooze":0,"activity":-0.011,"lastBolusTime":1703050029109,"time":"2023-12-20T07:14:06.854Z"}},{"iob":-0.273,"basaliob":-0.587,"bolussnooze":0,"activity":-0.0036,"lastBolusTime":1703050029109,"time":"2023-12-20T07:19:06.854Z","iobWithZeroTemp":{"iob":-1.293,"basaliob":-1.607,"bolussnooze":0,"activity":-0.0115,"lastBolusTime":1703050029109,"time":"2023-12-20T07:19:06.854Z"}},{"iob":-0.255,"basaliob":-0.542,"bolussnooze":0,"activity":-0.0035,"lastBolusTime":1703050029109,"time":"2023-12-20T07:24:06.854Z","iobWithZeroTemp":{"iob":-1.333,"basaliob":-1.62,"bolussnooze":0,"activity":-0.0122,"lastBolusTime":1703050029109,"time":"2023-12-20T07:24:06.854Z"}},{"iob":-0.238,"basaliob":-0.499,"bolussnooze":0,"activity":-0.0034,"lastBolusTime":1703050029109,"time":"2023-12-20T07:29:06.854Z","iobWithZeroTemp":{"iob":-1.371,"basaliob":-1.632,"bolussnooze":0,"activity":-0.0129,"lastBolusTime":1703050029109,"time":"2023-12-20T07:29:06.854Z"}},{"iob":-0.221,"basaliob":-0.459,"bolussnooze":0,"activity":-0.0032,"lastBolusTime":1703050029109,"time":"2023-12-20T07:34:06.854Z","iobWithZeroTemp":{"iob":-1.405,"basaliob":-1.643,"bolussnooze":0,"activity":-0.0134,"lastBolusTime":1703050029109,"time":"2023-12-20T07:34:06.854Z"}},{"iob":-0.206,"basaliob":-0.422,"bolussnooze":0,"activity":-0.0031,"lastBolusTime":1703050029109,"time":"2023-12-20T07:39:06.854Z","iobWithZeroTemp":{"iob":-1.437,"basaliob":-1.653,"bolussnooze":0,"activity":-0.014,"lastBolusTime":1703050029109,"time":"2023-12-20T07:39:06.854Z"}},{"iob":-0.19,"basaliob":-0.387,"bolussnooze":0,"activity":-0.0029,"lastBolusTime":1703050029109,"time":"2023-12-20T07:44:06.854Z","iobWithZeroTemp":{"iob":-1.465,"basaliob":-1.662,"bolussnooze":0,"activity":-0.0145,"lastBolusTime":1703050029109,"time":"2023-12-20T07:44:06.854Z"}},{"iob":-0.176,"basaliob":-0.355,"bolussnooze":0,"activity":-0.0028,"lastBolusTime":1703050029109,"time":"2023-12-20T07:49:06.854Z","iobWithZeroTemp":{"iob":-1.492,"basaliob":-1.671,"bolussnooze":0,"activity":-0.015,"lastBolusTime":1703050029109,"time":"2023-12-20T07:49:06.854Z"}},{"iob":-0.163,"basaliob":-0.325,"bolussnooze":0,"activity":-0.0025,"lastBolusTime":1703050029109,"time":"2023-12-20T07:54:06.854Z","iobWithZeroTemp":{"iob":-1.516,"basaliob":-1.678,"bolussnooze":0,"activity":-0.0153,"lastBolusTime":1703050029109,"time":"2023-12-20T07:54:06.854Z"}},{"iob":-0.15,"basaliob":-0.297,"bolussnooze":0,"activity":-0.0024,"lastBolusTime":1703050029109,"time":"2023-12-20T07:59:06.854Z","iobWithZeroTemp":{"iob":-1.538,"basaliob":-1.685,"bolussnooze":0,"activity":-0.0157,"lastBolusTime":1703050029109,"time":"2023-12-20T07:59:06.854Z"}},{"iob":-0.139,"basaliob":-0.272,"bolussnooze":0,"activity":-0.0023,"lastBolusTime":1703050029109,"time":"2023-12-20T08:04:06.854Z","iobWithZeroTemp":{"iob":-1.551,"basaliob":-1.684,"bolussnooze":0,"activity":-0.0161,"lastBolusTime":1703050029109,"time":"2023-12-20T08:04:06.854Z"}},{"iob":-0.127,"basaliob":-0.248,"bolussnooze":0,"activity":-0.0021,"lastBolusTime":1703050029109,"time":"2023-12-20T08:09:06.854Z","iobWithZeroTemp":{"iob":-1.56,"basaliob":-1.681,"bolussnooze":0,"activity":-0.0164,"lastBolusTime":1703050029109,"time":"2023-12-20T08:09:06.854Z"}},{"iob":-0.118,"basaliob":-0.227,"bolussnooze":0,"activity":-0.002,"lastBolusTime":1703050029109,"time":"2023-12-20T08:14:06.854Z","iobWithZeroTemp":{"iob":-1.571,"basaliob":-1.68,"bolussnooze":0,"activity":-0.0167,"lastBolusTime":1703050029109,"time":"2023-12-20T08:14:06.854Z"}},{"iob":-0.108,"basaliob":-0.207,"bolussnooze":0,"activity":-0.0018,"lastBolusTime":1703050029109,"time":"2023-12-20T08:19:06.854Z","iobWithZeroTemp":{"iob":-1.578,"basaliob":-1.677,"bolussnooze":0,"activity":-0.0169,"lastBolusTime":1703050029109,"time":"2023-12-20T08:19:06.854Z"}},{"iob":-0.099,"basaliob":-0.188,"bolussnooze":0,"activity":-0.0017,"lastBolusTime":1703050029109,"time":"2023-12-20T08:24:06.854Z","iobWithZeroTemp":{"iob":-1.584,"basaliob":-1.673,"bolussnooze":0,"activity":-0.0171,"lastBolusTime":1703050029109,"time":"2023-12-20T08:24:06.854Z"}},{"iob":-0.09,"basaliob":-0.171,"bolussnooze":0,"activity":-0.0015,"lastBolusTime":1703050029109,"time":"2023-12-20T08:29:06.854Z","iobWithZeroTemp":{"iob":-1.589,"basaliob":-1.67,"bolussnooze":0,"activity":-0.0172,"lastBolusTime":1703050029109,"time":"2023-12-20T08:29:06.854Z"}},{"iob":-0.083,"basaliob":-0.156,"bolussnooze":0,"activity":-0.0015,"lastBolusTime":1703050029109,"time":"2023-12-20T08:34:06.854Z","iobWithZeroTemp":{"iob":-1.595,"basaliob":-1.668,"bolussnooze":0,"activity":-0.0175,"lastBolusTime":1703050029109,"time":"2023-12-20T08:34:06.854Z"}},{"iob":-0.076,"basaliob":-0.142,"bolussnooze":0,"activity":-0.0013,"lastBolusTime":1703050029109,"time":"2023-12-20T08:39:06.854Z","iobWithZeroTemp":{"iob":-1.599,"basaliob":-1.665,"bolussnooze":0,"activity":-0.0175,"lastBolusTime":1703050029109,"time":"2023-12-20T08:39:06.854Z"}},{"iob":-0.07,"basaliob":-0.129,"bolussnooze":0,"activity":-0.0013,"lastBolusTime":1703050029109,"time":"2023-12-20T08:44:06.854Z","iobWithZeroTemp":{"iob":-1.603,"basaliob":-1.662,"bolussnooze":0,"activity":-0.0178,"lastBolusTime":1703050029109,"time":"2023-12-20T08:44:06.854Z"}},{"iob":-0.064,"basaliob":-0.117,"bolussnooze":0,"activity":-0.0012,"lastBolusTime":1703050029109,"time":"2023-12-20T08:49:06.854Z","iobWithZeroTemp":{"iob":-1.606,"basaliob":-1.659,"bolussnooze":0,"activity":-0.0179,"lastBolusTime":1703050029109,"time":"2023-12-20T08:49:06.854Z"}},{"iob":-0.058,"basaliob":-0.106,"bolussnooze":0,"activity":-0.0011,"lastBolusTime":1703050029109,"time":"2023-12-20T08:54:06.854Z","iobWithZeroTemp":{"iob":-1.608,"basaliob":-1.656,"bolussnooze":0,"activity":-0.0179,"lastBolusTime":1703050029109,"time":"2023-12-20T08:54:06.854Z"}},{"iob":-0.053,"basaliob":-0.096,"bolussnooze":0,"activity":-0.001,"lastBolusTime":1703050029109,"time":"2023-12-20T08:59:06.854Z","iobWithZeroTemp":{"iob":-1.61,"basaliob":-1.653,"bolussnooze":0,"activity":-0.018,"lastBolusTime":1703050029109,"time":"2023-12-20T08:59:06.854Z"}},{"iob":-0.048,"basaliob":-0.087,"bolussnooze":0,"activity":-9.0E-4,"lastBolusTime":1703050029109,"time":"2023-12-20T09:04:06.854Z","iobWithZeroTemp":{"iob":-1.603,"basaliob":-1.642,"bolussnooze":0,"activity":-0.018,"lastBolusTime":1703050029109,"time":"2023-12-20T09:04:06.854Z"}},{"iob":-0.044,"basaliob":-0.079,"bolussnooze":0,"activity":-8.0E-4,"lastBolusTime":1703050029109,"time":"2023-12-20T09:09:06.854Z","iobWithZeroTemp":{"iob":-1.596,"basaliob":-1.631,"bolussnooze":0,"activity":-0.018,"lastBolusTime":1703050029109,"time":"2023-12-20T09:09:06.854Z"}},{"iob":-0.04,"basaliob":-0.071,"bolussnooze":0,"activity":-7.0E-4,"lastBolusTime":1703050029109,"time":"2023-12-20T09:14:06.854Z","iobWithZeroTemp":{"iob":-1.589,"basaliob":-1.62,"bolussnooze":0,"activity":-0.018,"lastBolusTime":1703050029109,"time":"2023-12-20T09:14:06.854Z"}},{"iob":-0.036,"basaliob":-0.064,"bolussnooze":0,"activity":-7.0E-4,"lastBolusTime":1703050029109,"time":"2023-12-20T09:19:06.854Z","iobWithZeroTemp":{"iob":-1.582,"basaliob":-1.61,"bolussnooze":0,"activity":-0.0181,"lastBolusTime":1703050029109,"time":"2023-12-20T09:19:06.854Z"}},{"iob":-0.033,"basaliob":-0.058,"bolussnooze":0,"activity":-6.0E-4,"lastBolusTime":1703050029109,"time":"2023-12-20T09:24:06.854Z","iobWithZeroTemp":{"iob":-1.576,"basaliob":-1.601,"bolussnooze":0,"activity":-0.018,"lastBolusTime":1703050029109,"time":"2023-12-20T09:24:06.854Z"}},{"iob":-0.03,"basaliob":-0.052,"bolussnooze":0,"activity":-6.0E-4,"lastBolusTime":1703050029109,"time":"2023-12-20T09:29:06.854Z","iobWithZeroTemp":{"iob":-1.569,"basaliob":-1.591,"bolussnooze":0,"activity":-0.018,"lastBolusTime":1703050029109,"time":"2023-12-20T09:29:06.854Z"}},{"iob":-0.027,"basaliob":-0.047,"bolussnooze":0,"activity":-6.0E-4,"lastBolusTime":1703050029109,"time":"2023-12-20T09:34:06.854Z","iobWithZeroTemp":{"iob":-1.562,"basaliob":-1.582,"bolussnooze":0,"activity":-0.018,"lastBolusTime":1703050029109,"time":"2023-12-20T09:34:06.854Z"}},{"iob":-0.024,"basaliob":-0.042,"bolussnooze":0,"activity":-5.0E-4,"lastBolusTime":1703050029109,"time":"2023-12-20T09:39:06.854Z","iobWithZeroTemp":{"iob":-1.555,"basaliob":-1.573,"bolussnooze":0,"activity":-0.0179,"lastBolusTime":1703050029109,"time":"2023-12-20T09:39:06.854Z"}},{"iob":-0.022,"basaliob":-0.038,"bolussnooze":0,"activity":-4.0E-4,"lastBolusTime":1703050029109,"time":"2023-12-20T09:44:06.854Z","iobWithZeroTemp":{"iob":-1.55,"basaliob":-1.566,"bolussnooze":0,"activity":-0.0178,"lastBolusTime":1703050029109,"time":"2023-12-20T09:44:06.854Z"}},{"iob":-0.02,"basaliob":-0.034,"bolussnooze":0,"activity":-4.0E-4,"lastBolusTime":1703050029109,"time":"2023-12-20T09:49:06.854Z","iobWithZeroTemp":{"iob":-1.544,"basaliob":-1.558,"bolussnooze":0,"activity":-0.0178,"lastBolusTime":1703050029109,"time":"2023-12-20T09:49:06.854Z"}},{"iob":-0.018,"basaliob":-0.031,"bolussnooze":0,"activity":-4.0E-4,"lastBolusTime":1703050029109,"time":"2023-12-20T09:54:06.854Z","iobWithZeroTemp":{"iob":-1.538,"basaliob":-1.551,"bolussnooze":0,"activity":-0.0178,"lastBolusTime":1703050029109,"time":"2023-12-20T09:54:06.854Z"}},{"iob":-0.017,"basaliob":-0.028,"bolussnooze":0,"activity":-3.0E-4,"lastBolusTime":1703050029109,"time":"2023-12-20T09:59:06.854Z","iobWithZeroTemp":{"iob":-1.534,"basaliob":-1.545,"bolussnooze":0,"activity":-0.0177,"lastBolusTime":1703050029109,"time":"2023-12-20T09:59:06.854Z"}},{"iob":-0.015,"basaliob":-0.025,"bolussnooze":0,"activity":-3.0E-4,"lastBolusTime":1703050029109,"time":"2023-12-20T10:04:06.854Z","iobWithZeroTemp":{"iob":-1.52,"basaliob":-1.53,"bolussnooze":0,"activity":-0.0176,"lastBolusTime":1703050029109,"time":"2023-12-20T10:04:06.854Z"}},{"iob":-0.013,"basaliob":-0.022,"bolussnooze":0,"activity":-3.0E-4,"lastBolusTime":1703050029109,"time":"2023-12-20T10:09:06.854Z","iobWithZeroTemp":{"iob":-1.507,"basaliob":-1.516,"bolussnooze":0,"activity":-0.0176,"lastBolusTime":1703050029109,"time":"2023-12-20T10:09:06.854Z"}},{"iob":-0.012,"basaliob":-0.02,"bolussnooze":0,"activity":-2.0E-4,"lastBolusTime":1703050029109,"time":"2023-12-20T10:14:06.854Z","iobWithZeroTemp":{"iob":-1.495,"basaliob":-1.503,"bolussnooze":0,"activity":-0.0174,"lastBolusTime":1703050029109,"time":"2023-12-20T10:14:06.854Z"}}],"profile":{"max_iob":20,"type":"current","max_daily_basal":1.6,"max_basal":4.8,"min_bg":81,"max_bg":81,"target_bg":81,"carb_ratio":5.5,"sens":72,"max_daily_safety_multiplier":3,"current_basal_safety_multiplier":4,"high_temptarget_raises_sensitivity":false,"low_temptarget_lowers_sensitivity":false,"sensitivity_raises_target":false,"resistance_lowers_target":false,"adv_target_adjustments":false,"exercise_mode":false,"half_basal_exercise_target":160,"maxCOB":120,"skip_neutral_temps":false,"remainingCarbsCap":90,"enableUAM":true,"A52_risk_enable":false,"SMBInterval":3,"enableSMB_with_COB":false,"enableSMB_with_temptarget":false,"allowSMB_with_high_temptarget":true,"enableSMB_always":true,"enableSMB_after_carbs":false,"maxSMBBasalMinutes":120,"maxUAMSMBBasalMinutes":120,"bolus_increment":0.05,"carbsReqThreshold":1,"current_basal":1.25,"temptargetSet":true,"autosens_max":1.8,"out_units":"mmol\/L"},"autosens_data":{"ratio":1},"meal_data":{"carbs":50,"mealCOB":0,"slopeFromMaxDeviation":-0.6469090909090909,"slopeFromMinDeviation":0.26825,"lastBolusTime":1703050029109,"lastCarbTime":1703053023000},"microBolusAllowed":true,"currentTime":1703053149669,"flatBGsDetected":false},"output":{"temp":"absolute","bg":71,"tick":"+0","eventualBG":88,"targetBG":81,"insulinReq":-0.07,"deliverAt":"2023-12-20T06:19:09.669Z","sensitivityRatio":1,"predBGs":{"IOB":[71,70,70,70,70,71,71,72,73,74,75,77,78,79,81,82,83,84,85,86,87,88,89,90,90,91,92,92,93,93,94,94,94,95,95,95,96,96,96,96,97,97,97,97,97,97,97,98],"ZT":[71,71,72,73,75,76,79,81]},"COB":0,"IOB":-0.479,"reason":"COB: 0, Dev: -0.9, BGI: 0.0, ISF: 4.0, CR: 5.5, Target: 4.5, minPredBG 4.2, minGuardBG 3.9, IOBpredBG 5.4; Eventual BG 4.9 >= 4.5,  insulinReq -0.07. 29m@1.15 > 2 * insulinReq. Setting temp basal of 1.11U\/hr.  29m left and 1.15 ~ req 1.1099999999999999U\/hr: no temp required","timestamp":"2023-12-20T06:19:09.796Z"}}