{"algorithm":"OpenAPSSMBPlugin","input":{"glucoseStatus":{"glucose":91,"noise":0,"delta":-4,"short_avgdelta":-5.06,"long_avgdelta":-3.29,"date":1703152004691},"currenttemp":{"temp":"absolute","duration":99,"rate":0,"minutesrunning":21},"iob_data":[{"iob":2.98,"basaliob":-1.065,"bolussnooze":1.836,"activity":0.0365,"lastBolusTime":1703150345373,"time":"2023-12-21T09:48:11.988Z","iobWithZeroTemp":{"iob":2.98,"basaliob":-1.065,"bolussnooze":1.836,"activity":0.0365,"lastBolusTime":1703150345373,"time":"2023-12-21T09:48:11.988Z"}},{"iob":2.8,"basaliob":-1.007,"bolussnooze":1.5758,"activity":0.0357,"lastBolusTime":1703150345373,"time":"2023-12-21T09:53:11.988Z","iobWithZeroTemp":{"iob":2.733,"basaliob":-1.074,"bolussnooze":1.5758,"activity":0.0356,"lastBolusTime":1703150345373,"time":"2023-12-21T09:53:11.988Z"}},{"iob":2.624,"basaliob":-0.949,"bolussnooze":1.3447,"activity":0.0347,"lastBolusTime":1703150345373,"time":"2023-12-21T09:58:11.988Z","iobWithZeroTemp":{"iob":2.475,"basaliob":-1.098,"bolussnooze":1.3447,"activity":0.0344,"lastBolusTime":1703150345373,"time":"2023-12-21T09:58:11.988Z"}},{"iob":2.453,"basaliob":-0.892,"bolussnooze":1.1414,"activity":0.0336,"lastBolusTime":1703150345373,"time":"2023-12-21T10:03:11.988Z","iobWithZeroTemp":{"iob":2.231,"basaliob":-1.114,"bolussnooze":1.1414,"activity":0.0329,"lastBolusTime":1703150345373,"time":"2023-12-21T10:03:11.988Z"}},{"iob":2.288,"basaliob":-0.836,"bolussnooze":0.9644,"activity":0.0322,"lastBolusTime":1703150345373,"time":"2023-12-21T10:08:11.988Z","iobWithZeroTemp":{"iob":1.995,"basaliob":-1.129,"bolussnooze":0.9644,"activity":0.0311,"lastBolusTime":1703150345373,"time":"2023-12-21T10:08:11.988Z"}},{"iob":2.131,"basaliob":-0.782,"bolussnooze":0.8113,"activity":0.0308,"lastBolusTime":1703150345373,"time":"2023-12-21T10:13:11.988Z","iobWithZeroTemp":{"iob":1.769,"basaliob":-1.144,"bolussnooze":0.8113,"activity":0.0292,"lastBolusTime":1703150345373,"time":"2023-12-21T10:13:11.988Z"}},{"iob":1.98,"basaliob":-0.73,"bolussnooze":0.6799,"activity":0.0294,"lastBolusTime":1703150345373,"time":"2023-12-21T10:18:11.988Z","iobWithZeroTemp":{"iob":1.553,"basaliob":-1.157,"bolussnooze":0.6799,"activity":0.0272,"lastBolusTime":1703150345373,"time":"2023-12-21T10:18:11.988Z"}},{"iob":1.837,"basaliob":-0.68,"bolussnooze":0.5677,"activity":0.0278,"lastBolusTime":1703150345373,"time":"2023-12-21T10:23:11.988Z","iobWithZeroTemp":{"iob":1.347,"basaliob":-1.17,"bolussnooze":0.5677,"activity":0.025,"lastBolusTime":1703150345373,"time":"2023-12-21T10:23:11.988Z"}},{"iob":1.702,"basaliob":-0.632,"bolussnooze":0.4723,"activity":0.0263,"lastBolusTime":1703150345373,"time":"2023-12-21T10:28:11.988Z","iobWithZeroTemp":{"iob":1.153,"basaliob":-1.181,"bolussnooze":0.4723,"activity":0.0229,"lastBolusTime":1703150345373,"time":"2023-12-21T10:28:11.988Z"}},{"iob":1.574,"basaliob":-0.586,"bolussnooze":0.3917,"activity":0.0247,"lastBolusTime":1703150345373,"time":"2023-12-21T10:33:11.988Z","iobWithZeroTemp":{"iob":0.968,"basaliob":-1.192,"bolussnooze":0.3917,"activity":0.0207,"lastBolusTime":1703150345373,"time":"2023-12-21T10:33:11.988Z"}},{"iob":1.454,"basaliob":-0.543,"bolussnooze":0.3239,"activity":0.0233,"lastBolusTime":1703150345373,"time":"2023-12-21T10:38:11.988Z","iobWithZeroTemp":{"iob":0.795,"basaliob":-1.202,"bolussnooze":0.3239,"activity":0.0186,"lastBolusTime":1703150345373,"time":"2023-12-21T10:38:11.988Z"}},{"iob":1.342,"basaliob":-0.502,"bolussnooze":0.2669,"activity":0.0218,"lastBolusTime":1703150345373,"time":"2023-12-21T10:43:11.988Z","iobWithZeroTemp":{"iob":0.633,"basaliob":-1.211,"bolussnooze":0.2669,"activity":0.0165,"lastBolusTime":1703150345373,"time":"2023-12-21T10:43:11.988Z"}},{"iob":1.236,"basaliob":-0.464,"bolussnooze":0.2194,"activity":0.0204,"lastBolusTime":1703150345373,"time":"2023-12-21T10:48:11.988Z","iobWithZeroTemp":{"iob":0.48,"basaliob":-1.22,"bolussnooze":0.2194,"activity":0.0145,"lastBolusTime":1703150345373,"time":"2023-12-21T10:48:11.988Z"}},{"iob":1.137,"basaliob":-0.428,"bolussnooze":0.1798,"activity":0.019,"lastBolusTime":1703150345373,"time":"2023-12-21T10:53:11.988Z","iobWithZeroTemp":{"iob":0.336,"basaliob":-1.229,"bolussnooze":0.1798,"activity":0.0125,"lastBolusTime":1703150345373,"time":"2023-12-21T10:53:11.988Z"}},{"iob":1.046,"basaliob":-0.394,"bolussnooze":0.1469,"activity":0.0178,"lastBolusTime":1703150345373,"time":"2023-12-21T10:58:11.988Z","iobWithZeroTemp":{"iob":0.204,"basaliob":-1.236,"bolussnooze":0.1469,"activity":0.0108,"lastBolusTime":1703150345373,"time":"2023-12-21T10:58:11.988Z"}},{"iob":0.96,"basaliob":-0.363,"bolussnooze":0.1197,"activity":0.0165,"lastBolusTime":1703150345373,"time":"2023-12-21T11:03:11.988Z","iobWithZeroTemp":{"iob":0.088,"basaliob":-1.235,"bolussnooze":0.1197,"activity":0.0089,"lastBolusTime":1703150345373,"time":"2023-12-21T11:03:11.988Z"}},{"iob":0.88,"basaliob":-0.334,"bolussnooze":0.0973,"activity":0.0153,"lastBolusTime":1703150345373,"time":"2023-12-21T11:08:11.988Z","iobWithZeroTemp":{"iob":-0.02,"basaliob":-1.234,"bolussnooze":0.0973,"activity":0.0072,"lastBolusTime":1703150345373,"time":"2023-12-21T11:08:11.988Z"}},{"iob":0.807,"basaliob":-0.306,"bolussnooze":0.0788,"activity":0.0141,"lastBolusTime":1703150345373,"time":"2023-12-21T11:13:11.988Z","iobWithZeroTemp":{"iob":-0.118,"basaliob":-1.231,"bolussnooze":0.0788,"activity":0.0056,"lastBolusTime":1703150345373,"time":"2023-12-21T11:13:11.988Z"}},{"iob":0.738,"basaliob":-0.281,"bolussnooze":0.0637,"activity":0.0131,"lastBolusTime":1703150345373,"time":"2023-12-21T11:18:11.988Z","iobWithZeroTemp":{"iob":-0.21,"basaliob":-1.229,"bolussnooze":0.0637,"activity":0.0042,"lastBolusTime":1703150345373,"time":"2023-12-21T11:18:11.988Z"}},{"iob":0.676,"basaliob":-0.257,"bolussnooze":0.0513,"activity":0.0121,"lastBolusTime":1703150345373,"time":"2023-12-21T11:23:11.988Z","iobWithZeroTemp":{"iob":-0.293,"basaliob":-1.226,"bolussnooze":0.0513,"activity":0.0028,"lastBolusTime":1703150345373,"time":"2023-12-21T11:23:11.988Z"}},{"iob":0.618,"basaliob":-0.235,"bolussnooze":0.0412,"activity":0.0112,"lastBolusTime":1703150345373,"time":"2023-12-21T11:28:11.988Z","iobWithZeroTemp":{"iob":-0.371,"basaliob":-1.224,"bolussnooze":0.0412,"activity":0.0015,"lastBolusTime":1703150345373,"time":"2023-12-21T11:28:11.988Z"}},{"iob":0.564,"basaliob":-0.215,"bolussnooze":0.0329,"activity":0.0103,"lastBolusTime":1703150345373,"time":"2023-12-21T11:33:11.988Z","iobWithZeroTemp":{"iob":-0.442,"basaliob":-1.221,"bolussnooze":0.0329,"activity":3.0E-4,"lastBolusTime":1703150345373,"time":"2023-12-21T11:33:11.988Z"}},{"iob":0.514,"basaliob":-0.197,"bolussnooze":0.0263,"activity":0.0095,"lastBolusTime":1703150345373,"time":"2023-12-21T11:38:11.988Z","iobWithZeroTemp":{"iob":-0.508,"basaliob":-1.219,"bolussnooze":0.0263,"activity":-8.0E-4,"lastBolusTime":1703150345373,"time":"2023-12-21T11:38:11.988Z"}},{"iob":0.469,"basaliob":-0.179,"bolussnooze":0.0209,"activity":0.0087,"lastBolusTime":1703150345373,"time":"2023-12-21T11:43:11.988Z","iobWithZeroTemp":{"iob":-0.567,"basaliob":-1.215,"bolussnooze":0.0209,"activity":-0.0019,"lastBolusTime":1703150345373,"time":"2023-12-21T11:43:11.988Z"}},{"iob":0.426,"basaliob":-0.164,"bolussnooze":0.0165,"activity":0.008,"lastBolusTime":1703150345373,"time":"2023-12-21T11:48:11.988Z","iobWithZeroTemp":{"iob":-0.624,"basaliob":-1.214,"bolussnooze":0.0165,"activity":-0.0028,"lastBolusTime":1703150345373,"time":"2023-12-21T11:48:11.988Z"}},{"iob":0.389,"basaliob":-0.149,"bolussnooze":0.013,"activity":0.0073,"lastBolusTime":1703150345373,"time":"2023-12-21T11:53:11.988Z","iobWithZeroTemp":{"iob":-0.673,"basaliob":-1.211,"bolussnooze":0.013,"activity":-0.0038,"lastBolusTime":1703150345373,"time":"2023-12-21T11:53:11.988Z"}},{"iob":0.353,"basaliob":-0.136,"bolussnooze":0.0102,"activity":0.0067,"lastBolusTime":1703150345373,"time":"2023-12-21T11:58:11.988Z","iobWithZeroTemp":{"iob":-0.719,"basaliob":-1.208,"bolussnooze":0.0102,"activity":-0.0046,"lastBolusTime":1703150345373,"time":"2023-12-21T11:58:11.988Z"}},{"iob":0.321,"basaliob":-0.124,"bolussnooze":0.008,"activity":0.0062,"lastBolusTime":1703150345373,"time":"2023-12-21T12:03:11.988Z","iobWithZeroTemp":{"iob":-0.761,"basaliob":-1.206,"bolussnooze":0.008,"activity":-0.0053,"lastBolusTime":1703150345373,"time":"2023-12-21T12:03:11.988Z"}},{"iob":0.292,"basaliob":-0.112,"bolussnooze":0.0062,"activity":0.0056,"lastBolusTime":1703150345373,"time":"2023-12-21T12:08:11.988Z","iobWithZeroTemp":{"iob":-0.799,"basaliob":-1.203,"bolussnooze":0.0062,"activity":-0.006,"lastBolusTime":1703150345373,"time":"2023-12-21T12:08:11.988Z"}},{"iob":0.264,"basaliob":-0.102,"bolussnooze":0.0048,"activity":0.0051,"lastBolusTime":1703150345373,"time":"2023-12-21T12:13:11.988Z","iobWithZeroTemp":{"iob":-0.835,"basaliob":-1.201,"bolussnooze":0.0048,"activity":-0.0067,"lastBolusTime":1703150345373,"time":"2023-12-21T12:13:11.988Z"}},{"iob":0.239,"basaliob":-0.093,"bolussnooze":0.0037,"activity":0.0047,"lastBolusTime":1703150345373,"time":"2023-12-21T12:18:11.988Z","iobWithZeroTemp":{"iob":-0.868,"basaliob":-1.2,"bolussnooze":0.0037,"activity":-0.0073,"lastBolusTime":1703150345373,"time":"2023-12-21T12:18:11.988Z"}},{"iob":0.217,"basaliob":-0.084,"bolussnooze":0.0028,"activity":0.0043,"lastBolusTime":1703150345373,"time":"2023-12-21T12:23:11.988Z","iobWithZeroTemp":{"iob":-0.896,"basaliob":-1.197,"bolussnooze":0.0028,"activity":-0.0078,"lastBolusTime":1703150345373,"time":"2023-12-21T12:23:11.988Z"}},{"iob":0.197,"basaliob":-0.076,"bolussnooze":0.0021,"activity":0.0039,"lastBolusTime":1703150345373,"time":"2023-12-21T12:28:11.988Z","iobWithZeroTemp":{"iob":-0.922,"basaliob":-1.195,"bolussnooze":0.0021,"activity":-0.0083,"lastBolusTime":1703150345373,"time":"2023-12-21T12:28:11.988Z"}},{"iob":0.178,"basaliob":-0.069,"bolussnooze":0.0016,"activity":0.0035,"lastBolusTime":1703150345373,"time":"2023-12-21T12:33:11.988Z","iobWithZeroTemp":{"iob":-0.947,"basaliob":-1.194,"bolussnooze":0.0016,"activity":-0.0088,"lastBolusTime":1703150345373,"time":"2023-12-21T12:33:11.988Z"}},{"iob":0.161,"basaliob":-0.062,"bolussnooze":0.0012,"activity":0.0033,"lastBolusTime":1703150345373,"time":"2023-12-21T12:38:11.988Z","iobWithZeroTemp":{"iob":-0.969,"basaliob":-1.192,"bolussnooze":0.0012,"activity":-0.0091,"lastBolusTime":1703150345373,"time":"2023-12-21T12:38:11.988Z"}},{"iob":0.146,"basaliob":-0.056,"bolussnooze":8.0E-4,"activity":0.003,"lastBolusTime":1703150345373,"time":"2023-12-21T12:43:11.988Z","iobWithZeroTemp":{"iob":-0.988,"basaliob":-1.19,"bolussnooze":8.0E-4,"activity":-0.0095,"lastBolusTime":1703150345373,"time":"2023-12-21T12:43:11.988Z"}},{"iob":0.131,"basaliob":-0.051,"bolussnooze":6.0E-4,"activity":0.0027,"lastBolusTime":1703150345373,"time":"2023-12-21T12:48:11.988Z","iobWithZeroTemp":{"iob":-1.007,"basaliob":-1.189,"bolussnooze":6.0E-4,"activity":-0.0099,"lastBolusTime":1703150345373,"time":"2023-12-21T12:48:11.988Z"}},{"iob":0.119,"basaliob":-0.046,"bolussnooze":4.0E-4,"activity":0.0025,"lastBolusTime":1703150345373,"time":"2023-12-21T12:53:11.988Z","iobWithZeroTemp":{"iob":-1.023,"basaliob":-1.188,"bolussnooze":4.0E-4,"activity":-0.0102,"lastBolusTime":1703150345373,"time":"2023-12-21T12:53:11.988Z"}},{"iob":0.106,"basaliob":-0.042,"bolussnooze":3.0E-4,"activity":0.0022,"lastBolusTime":1703150345373,"time":"2023-12-21T12:58:11.988Z","iobWithZeroTemp":{"iob":-1.039,"basaliob":-1.187,"bolussnooze":3.0E-4,"activity":-0.0105,"lastBolusTime":1703150345373,"time":"2023-12-21T12:58:11.988Z"}},{"iob":0.097,"basaliob":-0.037,"bolussnooze":2.0E-4,"activity":0.002,"lastBolusTime":1703150345373,"time":"2023-12-21T13:03:11.988Z","iobWithZeroTemp":{"iob":-1.042,"basaliob":-1.176,"bolussnooze":2.0E-4,"activity":-0.0108,"lastBolusTime":1703150345373,"time":"2023-12-21T13:03:11.988Z"}},{"iob":0.086,"basaliob":-0.034,"bolussnooze":1.0E-4,"activity":0.0018,"lastBolusTime":1703150345373,"time":"2023-12-21T13:08:11.988Z","iobWithZeroTemp":{"iob":-1.048,"basaliob":-1.168,"bolussnooze":1.0E-4,"activity":-0.011,"lastBolusTime":1703150345373,"time":"2023-12-21T13:08:11.988Z"}},{"iob":0.078,"basaliob":-0.03,"bolussnooze":1.0E-4,"activity":0.0017,"lastBolusTime":1703150345373,"time":"2023-12-21T13:13:11.988Z","iobWithZeroTemp":{"iob":-1.05,"basaliob":-1.158,"bolussnooze":1.0E-4,"activity":-0.0111,"lastBolusTime":1703150345373,"time":"2023-12-21T13:13:11.988Z"}},{"iob":0.071,"basaliob":-0.027,"bolussnooze":1.0E-4,"activity":0.0015,"lastBolusTime":1703150345373,"time":"2023-12-21T13:18:11.988Z","iobWithZeroTemp":{"iob":-1.051,"basaliob":-1.149,"bolussnooze":1.0E-4,"activity":-0.0113,"lastBolusTime":1703150345373,"time":"2023-12-21T13:18:11.988Z"}},{"iob":0.063,"basaliob":-0.025,"bolussnooze":0,"activity":0.0014,"lastBolusTime":1703150345373,"time":"2023-12-21T13:23:11.988Z","iobWithZeroTemp":{"iob":-1.054,"basaliob":-1.142,"bolussnooze":0,"activity":-0.0114,"lastBolusTime":1703150345373,"time":"2023-12-21T13:23:11.988Z"}},{"iob":0.057,"basaliob":-0.022,"bolussnooze":0,"activity":0.0012,"lastBolusTime":1703150345373,"time":"2023-12-21T13:28:11.988Z","iobWithZeroTemp":{"iob":-1.054,"basaliob":-1.133,"bolussnooze":0,"activity":-0.0116,"lastBolusTime":1703150345373,"time":"2023-12-21T13:28:11.988Z"}},{"iob":0.051,"basaliob":-0.02,"bolussnooze":0,"activity":0.0011,"lastBolusTime":1703150345373,"time":"2023-12-21T13:33:11.988Z","iobWithZeroTemp":{"iob":-1.055,"basaliob":-1.126,"bolussnooze":0,"activity":-0.0116,"lastBolusTime":1703150345373,"time":"2023-12-21T13:33:11.988Z"}},{"iob":0.045,"basaliob":-0.018,"bolussnooze":0,"activity":0.001,"lastBolusTime":1703150345373,"time":"2023-12-21T13:38:11.988Z","iobWithZeroTemp":{"iob":-1.056,"basaliob":-1.119,"bolussnooze":0,"activity":-0.0117,"lastBolusTime":1703150345373,"time":"2023-12-21T13:38:11.988Z"}},{"iob":0.041,"basaliob":-0.016,"bolussnooze":0,"activity":0.001,"lastBolusTime":1703150345373,"time":"2023-12-21T13:43:11.988Z","iobWithZeroTemp":{"iob":-1.055,"basaliob":-1.112,"bolussnooze":0,"activity":-0.0117,"lastBolusTime":1703150345373,"time":"2023-12-21T13:43:11.988Z"}}],"profile":{"max_iob":20,"type":"current","max_daily_basal":1.6,"max_basal":4,"min_bg":90,"max_bg":90,"target_bg":90,"carb_ratio":6,"sens":81,"max_daily_safety_multiplier":3,"current_basal_safety_multiplier":4,"high_temptarget_raises_sensitivity":false,"low_temptarget_lowers_sensitivity":false,"sensitivity_raises_target":false,"resistance_lowers_target":false,"adv_target_adjustments":false,"exercise_mode":false,"half_basal_exercise_target":160,"maxCOB":120,"skip_neutral_temps":false,"remainingCarbsCap":90,"enableUAM":true,"A52_risk_enable":false,"SMBInterval":3,"enableSMB_with_COB":false,"enableSMB_with_temptarget":false,"allowSMB_with_high_temptarget":true,"enableSMB_always":true,"enableSMB_after_carbs":false,"maxSMBBasalMinutes":120,"maxUAMSMBBasalMinutes":120,"bolus_increment":0.05,"carbsReqThreshold":1,"current_basal":1,"temptargetSet":false,"autosens_max":1.8,"out_units":"mmol\/L"},"autosens_data":{"ratio":1},"meal_data":{"carbs":20,"mealCOB":7.999574074074077,"slopeFromMaxDeviation":-1.2674999999999996,"slopeFromMinDeviation":0.23845454545454545,"lastBolusTime":1703150345373,"lastCarbTime":1703147012000},"microBolusAllowed":true,"currentTime":1703152093082,"flatBGsDetected":false},"output":{"temp":"absolute","bg":91,"tick":-4,"eventualBG":39,"targetBG":90,"insulinReq":0,"deliverAt":"2023-12-21T09:48:13.082Z","sensitivityRatio":1,"predBGs":{"IOB":[91,85,79,72,65,57,50,42,39,39,39,39,39],"ZT":[91,76,62,48,39,39,39,39,39,39,39,39,39,39,39,39,39,39,39,39,39,39,39,39,39,39,39,39,39,39,39,39,39,39,39,39,39,39,39,39,39,39,39,39,39,39,39,39],"COB":[91,85,80,74,69,63,58,52,47,42,39,39,39],"UAM":[91,85,77,69,60,51,40,39,39,39,39,39,39]},"COB":7.999574074074077,"IOB":2.98,"reason":"COB: 8, Dev: 3.2, BGI: -0.8, ISF: 4.5, CR: 6, Target: 5.0, minPredBG -3.9, minGuardBG -5.2, IOBpredBG 2.2, COBpredBG 2.2, UAMpredBG 2.2; 10 add'l carbs req w\/in 25m; minGuardBG -5.2<3.6","carbsReq":10,"carbsReqWithin":25,"duration":120,"rate":0,"timestamp":"2023-12-21T09:48:13.207Z"}}