{"algorithm":"OpenAPSSMBPlugin","input":{"glucoseStatus":{"glucose":95,"noise":0,"delta":-1,"short_avgdelta":-0.78,"long_avgdelta":-0.22,"date":1703038301851},"currenttemp":{"temp":"absolute","duration":27,"rate":0.9,"minutesrunning":3},"iob_data":[{"iob":0.847,"basaliob":-0.973,"bolussnooze":0,"activity":0.0056,"lastBolusTime":1703038165629,"time":"2023-12-20T02:12:02.317Z","iobWithZeroTemp":{"iob":0.847,"basaliob":-0.973,"bolussnooze":0,"activity":0.0056,"lastBolusTime":1703038165629,"time":"2023-12-20T02:12:02.317Z"}},{"iob":0.817,"basaliob":-0.918,"bolussnooze":0,"activity":0.0063,"lastBolusTime":1703038165629,"time":"2023-12-20T02:17:02.317Z","iobWithZeroTemp":{"iob":0.73,"basaliob":-1.005,"bolussnooze":0,"activity":0.0062,"lastBolusTime":1703038165629,"time":"2023-12-20T02:17:02.317Z"}},{"iob":0.784,"basaliob":-0.864,"bolussnooze":0,"activity":0.0069,"lastBolusTime":1703038165629,"time":"2023-12-20T02:22:02.317Z","iobWithZeroTemp":{"iob":0.59,"basaliob":-1.058,"bolussnooze":0,"activity":0.0065,"lastBolusTime":1703038165629,"time":"2023-12-20T02:22:02.317Z"}},{"iob":0.749,"basaliob":-0.811,"bolussnooze":0,"activity":0.0072,"lastBolusTime":1703038165629,"time":"2023-12-20T02:27:02.317Z","iobWithZeroTemp":{"iob":0.45,"basaliob":-1.11,"bolussnooze":0,"activity":0.0063,"lastBolusTime":1703038165629,"time":"2023-12-20T02:27:02.317Z"}},{"iob":0.712,"basaliob":-0.759,"bolussnooze":0,"activity":0.0074,"lastBolusTime":1703038165629,"time":"2023-12-20T02:32:02.317Z","iobWithZeroTemp":{"iob":0.31,"basaliob":-1.161,"bolussnooze":0,"activity":0.0059,"lastBolusTime":1703038165629,"time":"2023-12-20T02:32:02.317Z"}},{"iob":0.675,"basaliob":-0.709,"bolussnooze":0,"activity":0.0075,"lastBolusTime":1703038165629,"time":"2023-12-20T02:37:02.317Z","iobWithZeroTemp":{"iob":0.174,"basaliob":-1.21,"bolussnooze":0,"activity":0.0053,"lastBolusTime":1703038165629,"time":"2023-12-20T02:37:02.317Z"}},{"iob":0.637,"basaliob":-0.661,"bolussnooze":0,"activity":0.0075,"lastBolusTime":1703038165629,"time":"2023-12-20T02:42:02.317Z","iobWithZeroTemp":{"iob":0.041,"basaliob":-1.257,"bolussnooze":0,"activity":0.0045,"lastBolusTime":1703038165629,"time":"2023-12-20T02:42:02.317Z"}},{"iob":0.6,"basaliob":-0.615,"bolussnooze":0,"activity":0.0074,"lastBolusTime":1703038165629,"time":"2023-12-20T02:47:02.317Z","iobWithZeroTemp":{"iob":-0.087,"basaliob":-1.302,"bolussnooze":0,"activity":0.0035,"lastBolusTime":1703038165629,"time":"2023-12-20T02:47:02.317Z"}},{"iob":0.563,"basaliob":-0.571,"bolussnooze":0,"activity":0.0072,"lastBolusTime":1703038165629,"time":"2023-12-20T02:52:02.317Z","iobWithZeroTemp":{"iob":-0.211,"basaliob":-1.345,"bolussnooze":0,"activity":0.0025,"lastBolusTime":1703038165629,"time":"2023-12-20T02:52:02.317Z"}},{"iob":0.528,"basaliob":-0.529,"bolussnooze":0,"activity":0.007,"lastBolusTime":1703038165629,"time":"2023-12-20T02:57:02.317Z","iobWithZeroTemp":{"iob":-0.329,"basaliob":-1.386,"bolussnooze":0,"activity":0.0014,"lastBolusTime":1703038165629,"time":"2023-12-20T02:57:02.317Z"}},{"iob":0.493,"basaliob":-0.49,"bolussnooze":0,"activity":0.0068,"lastBolusTime":1703038165629,"time":"2023-12-20T03:02:02.317Z","iobWithZeroTemp":{"iob":-0.442,"basaliob":-1.425,"bolussnooze":0,"activity":3.0E-4,"lastBolusTime":1703038165629,"time":"2023-12-20T03:02:02.317Z"}},{"iob":0.46,"basaliob":-0.453,"bolussnooze":0,"activity":0.0065,"lastBolusTime":1703038165629,"time":"2023-12-20T03:07:02.317Z","iobWithZeroTemp":{"iob":-0.548,"basaliob":-1.461,"bolussnooze":0,"activity":-9.0E-4,"lastBolusTime":1703038165629,"time":"2023-12-20T03:07:02.317Z"}},{"iob":0.428,"basaliob":-0.418,"bolussnooze":0,"activity":0.0062,"lastBolusTime":1703038165629,"time":"2023-12-20T03:12:02.317Z","iobWithZeroTemp":{"iob":-0.649,"basaliob":-1.495,"bolussnooze":0,"activity":-0.0021,"lastBolusTime":1703038165629,"time":"2023-12-20T03:12:02.317Z"}},{"iob":0.398,"basaliob":-0.385,"bolussnooze":0,"activity":0.0059,"lastBolusTime":1703038165629,"time":"2023-12-20T03:17:02.317Z","iobWithZeroTemp":{"iob":-0.744,"basaliob":-1.527,"bolussnooze":0,"activity":-0.0033,"lastBolusTime":1703038165629,"time":"2023-12-20T03:17:02.317Z"}},{"iob":0.368,"basaliob":-0.355,"bolussnooze":0,"activity":0.0056,"lastBolusTime":1703038165629,"time":"2023-12-20T03:22:02.317Z","iobWithZeroTemp":{"iob":-0.834,"basaliob":-1.557,"bolussnooze":0,"activity":-0.0044,"lastBolusTime":1703038165629,"time":"2023-12-20T03:22:02.317Z"}},{"iob":0.342,"basaliob":-0.326,"bolussnooze":0,"activity":0.0053,"lastBolusTime":1703038165629,"time":"2023-12-20T03:27:02.317Z","iobWithZeroTemp":{"iob":-0.917,"basaliob":-1.585,"bolussnooze":0,"activity":-0.0055,"lastBolusTime":1703038165629,"time":"2023-12-20T03:27:02.317Z"}},{"iob":0.315,"basaliob":-0.3,"bolussnooze":0,"activity":0.005,"lastBolusTime":1703038165629,"time":"2023-12-20T03:32:02.317Z","iobWithZeroTemp":{"iob":-0.996,"basaliob":-1.611,"bolussnooze":0,"activity":-0.0065,"lastBolusTime":1703038165629,"time":"2023-12-20T03:32:02.317Z"}},{"iob":0.291,"basaliob":-0.275,"bolussnooze":0,"activity":0.0046,"lastBolusTime":1703038165629,"time":"2023-12-20T03:37:02.317Z","iobWithZeroTemp":{"iob":-1.069,"basaliob":-1.635,"bolussnooze":0,"activity":-0.0077,"lastBolusTime":1703038165629,"time":"2023-12-20T03:37:02.317Z"}},{"iob":0.269,"basaliob":-0.252,"bolussnooze":0,"activity":0.0044,"lastBolusTime":1703038165629,"time":"2023-12-20T03:42:02.317Z","iobWithZeroTemp":{"iob":-1.137,"basaliob":-1.658,"bolussnooze":0,"activity":-0.0085,"lastBolusTime":1703038165629,"time":"2023-12-20T03:42:02.317Z"}},{"iob":0.247,"basaliob":-0.231,"bolussnooze":0,"activity":0.0041,"lastBolusTime":1703038165629,"time":"2023-12-20T03:47:02.317Z","iobWithZeroTemp":{"iob":-1.201,"basaliob":-1.679,"bolussnooze":0,"activity":-0.0095,"lastBolusTime":1703038165629,"time":"2023-12-20T03:47:02.317Z"}},{"iob":0.228,"basaliob":-0.211,"bolussnooze":0,"activity":0.0038,"lastBolusTime":1703038165629,"time":"2023-12-20T03:52:02.317Z","iobWithZeroTemp":{"iob":-1.259,"basaliob":-1.698,"bolussnooze":0,"activity":-0.0104,"lastBolusTime":1703038165629,"time":"2023-12-20T03:52:02.317Z"}},{"iob":0.209,"basaliob":-0.193,"bolussnooze":0,"activity":0.0036,"lastBolusTime":1703038165629,"time":"2023-12-20T03:57:02.317Z","iobWithZeroTemp":{"iob":-1.314,"basaliob":-1.716,"bolussnooze":0,"activity":-0.0112,"lastBolusTime":1703038165629,"time":"2023-12-20T03:57:02.317Z"}},{"iob":0.192,"basaliob":-0.176,"bolussnooze":0,"activity":0.0033,"lastBolusTime":1703038165629,"time":"2023-12-20T04:02:02.317Z","iobWithZeroTemp":{"iob":-1.364,"basaliob":-1.732,"bolussnooze":0,"activity":-0.012,"lastBolusTime":1703038165629,"time":"2023-12-20T04:02:02.317Z"}},{"iob":0.176,"basaliob":-0.161,"bolussnooze":0,"activity":0.003,"lastBolusTime":1703038165629,"time":"2023-12-20T04:07:02.317Z","iobWithZeroTemp":{"iob":-1.41,"basaliob":-1.747,"bolussnooze":0,"activity":-0.0128,"lastBolusTime":1703038165629,"time":"2023-12-20T04:07:02.317Z"}},{"iob":0.162,"basaliob":-0.146,"bolussnooze":0,"activity":0.0029,"lastBolusTime":1703038165629,"time":"2023-12-20T04:12:02.317Z","iobWithZeroTemp":{"iob":-1.453,"basaliob":-1.761,"bolussnooze":0,"activity":-0.0134,"lastBolusTime":1703038165629,"time":"2023-12-20T04:12:02.317Z"}},{"iob":0.148,"basaliob":-0.133,"bolussnooze":0,"activity":0.0026,"lastBolusTime":1703038165629,"time":"2023-12-20T04:17:02.317Z","iobWithZeroTemp":{"iob":-1.492,"basaliob":-1.773,"bolussnooze":0,"activity":-0.0141,"lastBolusTime":1703038165629,"time":"2023-12-20T04:17:02.317Z"}},{"iob":0.135,"basaliob":-0.121,"bolussnooze":0,"activity":0.0024,"lastBolusTime":1703038165629,"time":"2023-12-20T04:22:02.317Z","iobWithZeroTemp":{"iob":-1.529,"basaliob":-1.785,"bolussnooze":0,"activity":-0.0147,"lastBolusTime":1703038165629,"time":"2023-12-20T04:22:02.317Z"}},{"iob":0.124,"basaliob":-0.11,"bolussnooze":0,"activity":0.0022,"lastBolusTime":1703038165629,"time":"2023-12-20T04:27:02.317Z","iobWithZeroTemp":{"iob":-1.562,"basaliob":-1.796,"bolussnooze":0,"activity":-0.0153,"lastBolusTime":1703038165629,"time":"2023-12-20T04:27:02.317Z"}},{"iob":0.113,"basaliob":-0.1,"bolussnooze":0,"activity":0.0021,"lastBolusTime":1703038165629,"time":"2023-12-20T04:32:02.317Z","iobWithZeroTemp":{"iob":-1.593,"basaliob":-1.806,"bolussnooze":0,"activity":-0.0158,"lastBolusTime":1703038165629,"time":"2023-12-20T04:32:02.317Z"}},{"iob":0.103,"basaliob":-0.091,"bolussnooze":0,"activity":0.0019,"lastBolusTime":1703038165629,"time":"2023-12-20T04:37:02.317Z","iobWithZeroTemp":{"iob":-1.621,"basaliob":-1.815,"bolussnooze":0,"activity":-0.0163,"lastBolusTime":1703038165629,"time":"2023-12-20T04:37:02.317Z"}},{"iob":0.093,"basaliob":-0.083,"bolussnooze":0,"activity":0.0018,"lastBolusTime":1703038165629,"time":"2023-12-20T04:42:02.317Z","iobWithZeroTemp":{"iob":-1.648,"basaliob":-1.824,"bolussnooze":0,"activity":-0.0167,"lastBolusTime":1703038165629,"time":"2023-12-20T04:42:02.317Z"}},{"iob":0.085,"basaliob":-0.075,"bolussnooze":0,"activity":0.0016,"lastBolusTime":1703038165629,"time":"2023-12-20T04:47:02.317Z","iobWithZeroTemp":{"iob":-1.671,"basaliob":-1.831,"bolussnooze":0,"activity":-0.0172,"lastBolusTime":1703038165629,"time":"2023-12-20T04:47:02.317Z"}},{"iob":0.077,"basaliob":-0.068,"bolussnooze":0,"activity":0.0015,"lastBolusTime":1703038165629,"time":"2023-12-20T04:52:02.317Z","iobWithZeroTemp":{"iob":-1.693,"basaliob":-1.838,"bolussnooze":0,"activity":-0.0175,"lastBolusTime":1703038165629,"time":"2023-12-20T04:52:02.317Z"}},{"iob":0.071,"basaliob":-0.061,"bolussnooze":0,"activity":0.0014,"lastBolusTime":1703038165629,"time":"2023-12-20T04:57:02.317Z","iobWithZeroTemp":{"iob":-1.712,"basaliob":-1.844,"bolussnooze":0,"activity":-0.0178,"lastBolusTime":1703038165629,"time":"2023-12-20T04:57:02.317Z"}},{"iob":0.064,"basaliob":-0.056,"bolussnooze":0,"activity":0.0013,"lastBolusTime":1703038165629,"time":"2023-12-20T05:02:02.317Z","iobWithZeroTemp":{"iob":-1.731,"basaliob":-1.851,"bolussnooze":0,"activity":-0.0182,"lastBolusTime":1703038165629,"time":"2023-12-20T05:02:02.317Z"}},{"iob":0.058,"basaliob":-0.05,"bolussnooze":0,"activity":0.0011,"lastBolusTime":1703038165629,"time":"2023-12-20T05:07:02.317Z","iobWithZeroTemp":{"iob":-1.747,"basaliob":-1.855,"bolussnooze":0,"activity":-0.0186,"lastBolusTime":1703038165629,"time":"2023-12-20T05:07:02.317Z"}},{"iob":0.053,"basaliob":-0.045,"bolussnooze":0,"activity":0.0011,"lastBolusTime":1703038165629,"time":"2023-12-20T05:12:02.317Z","iobWithZeroTemp":{"iob":-1.762,"basaliob":-1.86,"bolussnooze":0,"activity":-0.0187,"lastBolusTime":1703038165629,"time":"2023-12-20T05:12:02.317Z"}},{"iob":0.048,"basaliob":-0.041,"bolussnooze":0,"activity":0.001,"lastBolusTime":1703038165629,"time":"2023-12-20T05:17:02.317Z","iobWithZeroTemp":{"iob":-1.775,"basaliob":-1.864,"bolussnooze":0,"activity":-0.019,"lastBolusTime":1703038165629,"time":"2023-12-20T05:17:02.317Z"}},{"iob":0.043,"basaliob":-0.037,"bolussnooze":0,"activity":8.0E-4,"lastBolusTime":1703038165629,"time":"2023-12-20T05:22:02.317Z","iobWithZeroTemp":{"iob":-1.788,"basaliob":-1.868,"bolussnooze":0,"activity":-0.0194,"lastBolusTime":1703038165629,"time":"2023-12-20T05:22:02.317Z"}},{"iob":0.039,"basaliob":-0.033,"bolussnooze":0,"activity":8.0E-4,"lastBolusTime":1703038165629,"time":"2023-12-20T05:27:02.317Z","iobWithZeroTemp":{"iob":-1.8,"basaliob":-1.872,"bolussnooze":0,"activity":-0.0195,"lastBolusTime":1703038165629,"time":"2023-12-20T05:27:02.317Z"}},{"iob":0.035,"basaliob":-0.03,"bolussnooze":0,"activity":7.0E-4,"lastBolusTime":1703038165629,"time":"2023-12-20T05:32:02.317Z","iobWithZeroTemp":{"iob":-1.81,"basaliob":-1.875,"bolussnooze":0,"activity":-0.0197,"lastBolusTime":1703038165629,"time":"2023-12-20T05:32:02.317Z"}},{"iob":0.032,"basaliob":-0.027,"bolussnooze":0,"activity":6.0E-4,"lastBolusTime":1703038165629,"time":"2023-12-20T05:37:02.317Z","iobWithZeroTemp":{"iob":-1.819,"basaliob":-1.878,"bolussnooze":0,"activity":-0.0199,"lastBolusTime":1703038165629,"time":"2023-12-20T05:37:02.317Z"}},{"iob":0.029,"basaliob":-0.024,"bolussnooze":0,"activity":6.0E-4,"lastBolusTime":1703038165629,"time":"2023-12-20T05:42:02.317Z","iobWithZeroTemp":{"iob":-1.828,"basaliob":-1.881,"bolussnooze":0,"activity":-0.0201,"lastBolusTime":1703038165629,"time":"2023-12-20T05:42:02.317Z"}},{"iob":0.026,"basaliob":-0.022,"bolussnooze":0,"activity":5.0E-4,"lastBolusTime":1703038165629,"time":"2023-12-20T05:47:02.317Z","iobWithZeroTemp":{"iob":-1.835,"basaliob":-1.883,"bolussnooze":0,"activity":-0.0203,"lastBolusTime":1703038165629,"time":"2023-12-20T05:47:02.317Z"}},{"iob":0.023,"basaliob":-0.02,"bolussnooze":0,"activity":5.0E-4,"lastBolusTime":1703038165629,"time":"2023-12-20T05:52:02.317Z","iobWithZeroTemp":{"iob":-1.843,"basaliob":-1.886,"bolussnooze":0,"activity":-0.0203,"lastBolusTime":1703038165629,"time":"2023-12-20T05:52:02.317Z"}},{"iob":0.021,"basaliob":-0.018,"bolussnooze":0,"activity":4.0E-4,"lastBolusTime":1703038165629,"time":"2023-12-20T05:57:02.317Z","iobWithZeroTemp":{"iob":-1.849,"basaliob":-1.888,"bolussnooze":0,"activity":-0.0205,"lastBolusTime":1703038165629,"time":"2023-12-20T05:57:02.317Z"}},{"iob":0.019,"basaliob":-0.016,"bolussnooze":0,"activity":4.0E-4,"lastBolusTime":1703038165629,"time":"2023-12-20T06:02:02.317Z","iobWithZeroTemp":{"iob":-1.854,"basaliob":-1.889,"bolussnooze":0,"activity":-0.0206,"lastBolusTime":1703038165629,"time":"2023-12-20T06:02:02.317Z"}},{"iob":0.017,"basaliob":-0.014,"bolussnooze":0,"activity":4.0E-4,"lastBolusTime":1703038165629,"time":"2023-12-20T06:07:02.317Z","iobWithZeroTemp":{"iob":-1.856,"basaliob":-1.887,"bolussnooze":0,"activity":-0.0207,"lastBolusTime":1703038165629,"time":"2023-12-20T06:07:02.317Z"}}],"profile":{"max_iob":20,"type":"current","max_daily_basal":1.6,"max_basal":4.8,"min_bg":81,"max_bg":81,"target_bg":81,"carb_ratio":4.5,"sens":72,"max_daily_safety_multiplier":3,"current_basal_safety_multiplier":4,"high_temptarget_raises_sensitivity":false,"low_temptarget_lowers_sensitivity":false,"sensitivity_raises_target":false,"resistance_lowers_target":false,"adv_target_adjustments":false,"exercise_mode":false,"half_basal_exercise_target":160,"maxCOB":120,"skip_neutral_temps":false,"remainingCarbsCap":90,"enableUAM":true,"A52_risk_enable":false,"SMBInterval":3,"enableSMB_with_COB":false,"enableSMB_with_temptarget":false,"allowSMB_with_high_temptarget":true,"enableSMB_always":true,"enableSMB_after_carbs":false,"maxSMBBasalMinutes":120,"maxUAMSMBBasalMinutes":120,"bolus_increment":0.05,"carbsReqThreshold":1,"current_basal":1.3,"temptargetSet":true,"autosens_max":1.8,"out_units":"mmol\/L"},"autosens_data":{"ratio":1},"meal_data":{"carbs":20,"mealCOB":9,"slopeFromMaxDeviation":-0.18672727272727271,"slopeFromMinDeviation":0.3663333333333333,"lastBolusTime":1703038165629,"lastCarbTime":1703037167000},"microBolusAllowed":true,"currentTime":1703038323615,"flatBGsDetected":false},"output":{"temp":"absolute","bg":95,"tick":-1,"eventualBG":178,"targetBG":81,"insulinReq":0.26,"deliverAt":"2023-12-20T02:12:03.615Z","sensitivityRatio":1,"predBGs":{"IOB":[95,94,92,91,89,87,85,82,80,78,75,73,71,68,66,64,62,60,59,57,56,54,53,52,51,50,49,48,47,46,46,45,44,44,43,43,43,42,42,42,41,41,41,41,40],"ZT":[95,93,91,88,86,84,82,80,79,78,78,78,78,79,80],"COB":[95,94,93,93,92,92,92,92,92,93,94,95,97,99,101,104,107,111,115,119,124,129,134,138,142,147,150,154,158,161,164,166,169,171,173,175,176,177,178,179,179,179,179,179,178],"UAM":[95,94,92,90,88,85,82,80,77,74,72,70,67,65,63,61,59,57,55,54,52,51,50,49,47,46,45,45,44,43,42,42,41,41,40,40,39]},"COB":9,"IOB":0.847,"reason":"COB: 9, Dev: 0.3, BGI: -0.1, ISF: 4.0, CR: 4.5, Target: 4.5, minPredBG 5.6, minGuardBG 3.4, IOBpredBG 2.2, COBpredBG 9.9, UAMpredBG 2.2; Eventual BG 9.9 >= 4.5,  insulinReq 0.26; setting 30m low temp of 1.21U\/h. Waiting 0m 24s to microbolus again. ","rate":1.21,"duration":30,"timestamp":"2023-12-20T02:12:03.728Z"}}