{"algorithm":"OpenAPSSMBPlugin","input":{"glucoseStatus":{"glucose":102,"noise":0,"delta":2,"short_avgdelta":4.89,"long_avgdelta":9.37,"date":1703122903474},"currenttemp":{"temp":"absolute","duration":21,"rate":0,"minutesrunning":9},"iob_data":[{"iob":1.577,"basaliob":-1.333,"bolussnooze":1.8708,"activity":0.0039,"lastBolusTime":1703122324018,"time":"2023-12-21T01:42:03.241Z","iobWithZeroTemp":{"iob":1.577,"basaliob":-1.333,"bolussnooze":1.8708,"activity":0.0039,"lastBolusTime":1703122324018,"time":"2023-12-21T01:42:03.241Z"}},{"iob":1.551,"basaliob":-1.248,"bolussnooze":1.7159,"activity":0.0066,"lastBolusTime":1703122324018,"time":"2023-12-21T01:47:03.241Z","iobWithZeroTemp":{"iob":1.451,"basaliob":-1.348,"bolussnooze":1.7159,"activity":0.0065,"lastBolusTime":1703122324018,"time":"2023-12-21T01:47:03.241Z"}},{"iob":1.513,"basaliob":-1.165,"bolussnooze":1.5471,"activity":0.0087,"lastBolusTime":1703122324018,"time":"2023-12-21T01:52:03.241Z","iobWithZeroTemp":{"iob":1.289,"basaliob":-1.389,"bolussnooze":1.5471,"activity":0.0083,"lastBolusTime":1703122324018,"time":"2023-12-21T01:52:03.241Z"}},{"iob":1.466,"basaliob":-1.086,"bolussnooze":1.3761,"activity":0.0103,"lastBolusTime":1703122324018,"time":"2023-12-21T01:57:03.241Z","iobWithZeroTemp":{"iob":1.121,"basaliob":-1.431,"bolussnooze":1.3761,"activity":0.0093,"lastBolusTime":1703122324018,"time":"2023-12-21T01:57:03.241Z"}},{"iob":1.41,"basaliob":-1.011,"bolussnooze":1.2106,"activity":0.0115,"lastBolusTime":1703122324018,"time":"2023-12-21T02:02:03.241Z","iobWithZeroTemp":{"iob":0.946,"basaliob":-1.475,"bolussnooze":1.2106,"activity":0.0098,"lastBolusTime":1703122324018,"time":"2023-12-21T02:02:03.241Z"}},{"iob":1.35,"basaliob":-0.939,"bolussnooze":1.0552,"activity":0.0124,"lastBolusTime":1703122324018,"time":"2023-12-21T02:07:03.241Z","iobWithZeroTemp":{"iob":0.788,"basaliob":-1.501,"bolussnooze":1.0552,"activity":0.0099,"lastBolusTime":1703122324018,"time":"2023-12-21T02:07:03.241Z"}},{"iob":1.288,"basaliob":-0.87,"bolussnooze":0.9126,"activity":0.0128,"lastBolusTime":1703122324018,"time":"2023-12-21T02:12:03.241Z","iobWithZeroTemp":{"iob":0.632,"basaliob":-1.526,"bolussnooze":0.9126,"activity":0.0094,"lastBolusTime":1703122324018,"time":"2023-12-21T02:12:03.241Z"}},{"iob":1.222,"basaliob":-0.806,"bolussnooze":0.784,"activity":0.0131,"lastBolusTime":1703122324018,"time":"2023-12-21T02:17:03.241Z","iobWithZeroTemp":{"iob":0.492,"basaliob":-1.536,"bolussnooze":0.784,"activity":0.0089,"lastBolusTime":1703122324018,"time":"2023-12-21T02:17:03.241Z"}},{"iob":1.157,"basaliob":-0.745,"bolussnooze":0.6695,"activity":0.0132,"lastBolusTime":1703122324018,"time":"2023-12-21T02:22:03.241Z","iobWithZeroTemp":{"iob":0.342,"basaliob":-1.56,"bolussnooze":0.6695,"activity":0.0081,"lastBolusTime":1703122324018,"time":"2023-12-21T02:22:03.241Z"}},{"iob":1.091,"basaliob":-0.687,"bolussnooze":0.5687,"activity":0.0131,"lastBolusTime":1703122324018,"time":"2023-12-21T02:27:03.241Z","iobWithZeroTemp":{"iob":0.195,"basaliob":-1.583,"bolussnooze":0.5687,"activity":0.0071,"lastBolusTime":1703122324018,"time":"2023-12-21T02:27:03.241Z"}},{"iob":1.026,"basaliob":-0.634,"bolussnooze":0.4808,"activity":0.0129,"lastBolusTime":1703122324018,"time":"2023-12-21T02:32:03.241Z","iobWithZeroTemp":{"iob":0.054,"basaliob":-1.606,"bolussnooze":0.4808,"activity":0.006,"lastBolusTime":1703122324018,"time":"2023-12-21T02:32:03.241Z"}},{"iob":0.963,"basaliob":-0.583,"bolussnooze":0.4048,"activity":0.0126,"lastBolusTime":1703122324018,"time":"2023-12-21T02:37:03.241Z","iobWithZeroTemp":{"iob":-0.08,"basaliob":-1.626,"bolussnooze":0.4048,"activity":0.0048,"lastBolusTime":1703122324018,"time":"2023-12-21T02:37:03.241Z"}},{"iob":0.9,"basaliob":-0.537,"bolussnooze":0.3394,"activity":0.0121,"lastBolusTime":1703122324018,"time":"2023-12-21T02:42:03.241Z","iobWithZeroTemp":{"iob":-0.21,"basaliob":-1.647,"bolussnooze":0.3394,"activity":0.0034,"lastBolusTime":1703122324018,"time":"2023-12-21T02:42:03.241Z"}},{"iob":0.841,"basaliob":-0.493,"bolussnooze":0.2835,"activity":0.0117,"lastBolusTime":1703122324018,"time":"2023-12-21T02:47:03.241Z","iobWithZeroTemp":{"iob":-0.332,"basaliob":-1.666,"bolussnooze":0.2835,"activity":0.0021,"lastBolusTime":1703122324018,"time":"2023-12-21T02:47:03.241Z"}},{"iob":0.784,"basaliob":-0.452,"bolussnooze":0.236,"activity":0.0112,"lastBolusTime":1703122324018,"time":"2023-12-21T02:52:03.241Z","iobWithZeroTemp":{"iob":-0.448,"basaliob":-1.684,"bolussnooze":0.236,"activity":8.0E-4,"lastBolusTime":1703122324018,"time":"2023-12-21T02:52:03.241Z"}},{"iob":0.728,"basaliob":-0.415,"bolussnooze":0.1959,"activity":0.0107,"lastBolusTime":1703122324018,"time":"2023-12-21T02:57:03.241Z","iobWithZeroTemp":{"iob":-0.558,"basaliob":-1.701,"bolussnooze":0.1959,"activity":-4.0E-4,"lastBolusTime":1703122324018,"time":"2023-12-21T02:57:03.241Z"}},{"iob":0.676,"basaliob":-0.38,"bolussnooze":0.162,"activity":0.0102,"lastBolusTime":1703122324018,"time":"2023-12-21T03:02:03.241Z","iobWithZeroTemp":{"iob":-0.661,"basaliob":-1.717,"bolussnooze":0.162,"activity":-0.0017,"lastBolusTime":1703122324018,"time":"2023-12-21T03:02:03.241Z"}},{"iob":0.627,"basaliob":-0.347,"bolussnooze":0.1336,"activity":0.0096,"lastBolusTime":1703122324018,"time":"2023-12-21T03:07:03.241Z","iobWithZeroTemp":{"iob":-0.757,"basaliob":-1.731,"bolussnooze":0.1336,"activity":-0.003,"lastBolusTime":1703122324018,"time":"2023-12-21T03:07:03.241Z"}},{"iob":0.58,"basaliob":-0.318,"bolussnooze":0.1099,"activity":0.0091,"lastBolusTime":1703122324018,"time":"2023-12-21T03:12:03.241Z","iobWithZeroTemp":{"iob":-0.848,"basaliob":-1.746,"bolussnooze":0.1099,"activity":-0.0042,"lastBolusTime":1703122324018,"time":"2023-12-21T03:12:03.241Z"}},{"iob":0.536,"basaliob":-0.29,"bolussnooze":0.0901,"activity":0.0085,"lastBolusTime":1703122324018,"time":"2023-12-21T03:17:03.241Z","iobWithZeroTemp":{"iob":-0.933,"basaliob":-1.759,"bolussnooze":0.0901,"activity":-0.0054,"lastBolusTime":1703122324018,"time":"2023-12-21T03:17:03.241Z"}},{"iob":0.494,"basaliob":-0.265,"bolussnooze":0.0737,"activity":0.008,"lastBolusTime":1703122324018,"time":"2023-12-21T03:22:03.241Z","iobWithZeroTemp":{"iob":-1.012,"basaliob":-1.771,"bolussnooze":0.0737,"activity":-0.0065,"lastBolusTime":1703122324018,"time":"2023-12-21T03:22:03.241Z"}},{"iob":0.456,"basaliob":-0.241,"bolussnooze":0.0601,"activity":0.0075,"lastBolusTime":1703122324018,"time":"2023-12-21T03:27:03.241Z","iobWithZeroTemp":{"iob":-1.084,"basaliob":-1.781,"bolussnooze":0.0601,"activity":-0.0076,"lastBolusTime":1703122324018,"time":"2023-12-21T03:27:03.241Z"}},{"iob":0.42,"basaliob":-0.22,"bolussnooze":0.0488,"activity":0.007,"lastBolusTime":1703122324018,"time":"2023-12-21T03:32:03.241Z","iobWithZeroTemp":{"iob":-1.152,"basaliob":-1.792,"bolussnooze":0.0488,"activity":-0.0086,"lastBolusTime":1703122324018,"time":"2023-12-21T03:32:03.241Z"}},{"iob":0.386,"basaliob":-0.2,"bolussnooze":0.0396,"activity":0.0065,"lastBolusTime":1703122324018,"time":"2023-12-21T03:37:03.241Z","iobWithZeroTemp":{"iob":-1.216,"basaliob":-1.802,"bolussnooze":0.0396,"activity":-0.0096,"lastBolusTime":1703122324018,"time":"2023-12-21T03:37:03.241Z"}},{"iob":0.355,"basaliob":-0.182,"bolussnooze":0.032,"activity":0.006,"lastBolusTime":1703122324018,"time":"2023-12-21T03:42:03.241Z","iobWithZeroTemp":{"iob":-1.274,"basaliob":-1.811,"bolussnooze":0.032,"activity":-0.0105,"lastBolusTime":1703122324018,"time":"2023-12-21T03:42:03.241Z"}},{"iob":0.326,"basaliob":-0.165,"bolussnooze":0.0258,"activity":0.0056,"lastBolusTime":1703122324018,"time":"2023-12-21T03:47:03.241Z","iobWithZeroTemp":{"iob":-1.327,"basaliob":-1.818,"bolussnooze":0.0258,"activity":-0.0113,"lastBolusTime":1703122324018,"time":"2023-12-21T03:47:03.241Z"}},{"iob":0.298,"basaliob":-0.15,"bolussnooze":0.0207,"activity":0.0052,"lastBolusTime":1703122324018,"time":"2023-12-21T03:52:03.241Z","iobWithZeroTemp":{"iob":-1.378,"basaliob":-1.826,"bolussnooze":0.0207,"activity":-0.0121,"lastBolusTime":1703122324018,"time":"2023-12-21T03:52:03.241Z"}},{"iob":0.273,"basaliob":-0.136,"bolussnooze":0.0166,"activity":0.0048,"lastBolusTime":1703122324018,"time":"2023-12-21T03:57:03.241Z","iobWithZeroTemp":{"iob":-1.424,"basaliob":-1.833,"bolussnooze":0.0166,"activity":-0.0129,"lastBolusTime":1703122324018,"time":"2023-12-21T03:57:03.241Z"}},{"iob":0.249,"basaliob":-0.124,"bolussnooze":0.0133,"activity":0.0045,"lastBolusTime":1703122324018,"time":"2023-12-21T04:02:03.241Z","iobWithZeroTemp":{"iob":-1.467,"basaliob":-1.84,"bolussnooze":0.0133,"activity":-0.0135,"lastBolusTime":1703122324018,"time":"2023-12-21T04:02:03.241Z"}},{"iob":0.228,"basaliob":-0.112,"bolussnooze":0.0106,"activity":0.0041,"lastBolusTime":1703122324018,"time":"2023-12-21T04:07:03.241Z","iobWithZeroTemp":{"iob":-1.505,"basaliob":-1.845,"bolussnooze":0.0106,"activity":-0.0142,"lastBolusTime":1703122324018,"time":"2023-12-21T04:07:03.241Z"}},{"iob":0.209,"basaliob":-0.101,"bolussnooze":0.0084,"activity":0.0038,"lastBolusTime":1703122324018,"time":"2023-12-21T04:12:03.241Z","iobWithZeroTemp":{"iob":-1.54,"basaliob":-1.85,"bolussnooze":0.0084,"activity":-0.0148,"lastBolusTime":1703122324018,"time":"2023-12-21T04:12:03.241Z"}},{"iob":0.19,"basaliob":-0.092,"bolussnooze":0.0066,"activity":0.0035,"lastBolusTime":1703122324018,"time":"2023-12-21T04:17:03.241Z","iobWithZeroTemp":{"iob":-1.574,"basaliob":-1.856,"bolussnooze":0.0066,"activity":-0.0154,"lastBolusTime":1703122324018,"time":"2023-12-21T04:17:03.241Z"}},{"iob":0.173,"basaliob":-0.083,"bolussnooze":0.0052,"activity":0.0032,"lastBolusTime":1703122324018,"time":"2023-12-21T04:22:03.241Z","iobWithZeroTemp":{"iob":-1.604,"basaliob":-1.86,"bolussnooze":0.0052,"activity":-0.0159,"lastBolusTime":1703122324018,"time":"2023-12-21T04:22:03.241Z"}},{"iob":0.158,"basaliob":-0.075,"bolussnooze":0.0041,"activity":0.003,"lastBolusTime":1703122324018,"time":"2023-12-21T04:27:03.241Z","iobWithZeroTemp":{"iob":-1.631,"basaliob":-1.864,"bolussnooze":0.0041,"activity":-0.0164,"lastBolusTime":1703122324018,"time":"2023-12-21T04:27:03.241Z"}},{"iob":0.144,"basaliob":-0.068,"bolussnooze":0.0032,"activity":0.0027,"lastBolusTime":1703122324018,"time":"2023-12-21T04:32:03.241Z","iobWithZeroTemp":{"iob":-1.656,"basaliob":-1.868,"bolussnooze":0.0032,"activity":-0.0169,"lastBolusTime":1703122324018,"time":"2023-12-21T04:32:03.241Z"}},{"iob":0.131,"basaliob":-0.061,"bolussnooze":0.0024,"activity":0.0025,"lastBolusTime":1703122324018,"time":"2023-12-21T04:37:03.241Z","iobWithZeroTemp":{"iob":-1.679,"basaliob":-1.871,"bolussnooze":0.0024,"activity":-0.0173,"lastBolusTime":1703122324018,"time":"2023-12-21T04:37:03.241Z"}},{"iob":0.119,"basaliob":-0.055,"bolussnooze":0.0019,"activity":0.0023,"lastBolusTime":1703122324018,"time":"2023-12-21T04:42:03.241Z","iobWithZeroTemp":{"iob":-1.701,"basaliob":-1.875,"bolussnooze":0.0019,"activity":-0.0176,"lastBolusTime":1703122324018,"time":"2023-12-21T04:42:03.241Z"}},{"iob":0.108,"basaliob":-0.05,"bolussnooze":0.0014,"activity":0.0021,"lastBolusTime":1703122324018,"time":"2023-12-21T04:47:03.241Z","iobWithZeroTemp":{"iob":-1.72,"basaliob":-1.878,"bolussnooze":0.0014,"activity":-0.018,"lastBolusTime":1703122324018,"time":"2023-12-21T04:47:03.241Z"}},{"iob":0.098,"basaliob":-0.045,"bolussnooze":0.0011,"activity":0.002,"lastBolusTime":1703122324018,"time":"2023-12-21T04:52:03.241Z","iobWithZeroTemp":{"iob":-1.737,"basaliob":-1.88,"bolussnooze":0.0011,"activity":-0.0182,"lastBolusTime":1703122324018,"time":"2023-12-21T04:52:03.241Z"}},{"iob":0.089,"basaliob":-0.04,"bolussnooze":8.0E-4,"activity":0.0017,"lastBolusTime":1703122324018,"time":"2023-12-21T04:57:03.241Z","iobWithZeroTemp":{"iob":-1.753,"basaliob":-1.882,"bolussnooze":8.0E-4,"activity":-0.0187,"lastBolusTime":1703122324018,"time":"2023-12-21T04:57:03.241Z"}},{"iob":0.081,"basaliob":-0.036,"bolussnooze":6.0E-4,"activity":0.0016,"lastBolusTime":1703122324018,"time":"2023-12-21T05:02:03.241Z","iobWithZeroTemp":{"iob":-1.767,"basaliob":-1.884,"bolussnooze":6.0E-4,"activity":-0.0189,"lastBolusTime":1703122324018,"time":"2023-12-21T05:02:03.241Z"}},{"iob":0.073,"basaliob":-0.032,"bolussnooze":4.0E-4,"activity":0.0015,"lastBolusTime":1703122324018,"time":"2023-12-21T05:07:03.241Z","iobWithZeroTemp":{"iob":-1.781,"basaliob":-1.886,"bolussnooze":4.0E-4,"activity":-0.0191,"lastBolusTime":1703122324018,"time":"2023-12-21T05:07:03.241Z"}},{"iob":0.066,"basaliob":-0.029,"bolussnooze":3.0E-4,"activity":0.0014,"lastBolusTime":1703122324018,"time":"2023-12-21T05:12:03.241Z","iobWithZeroTemp":{"iob":-1.793,"basaliob":-1.888,"bolussnooze":3.0E-4,"activity":-0.0193,"lastBolusTime":1703122324018,"time":"2023-12-21T05:12:03.241Z"}},{"iob":0.06,"basaliob":-0.026,"bolussnooze":2.0E-4,"activity":0.0012,"lastBolusTime":1703122324018,"time":"2023-12-21T05:17:03.241Z","iobWithZeroTemp":{"iob":-1.804,"basaliob":-1.89,"bolussnooze":2.0E-4,"activity":-0.0196,"lastBolusTime":1703122324018,"time":"2023-12-21T05:17:03.241Z"}},{"iob":0.054,"basaliob":-0.023,"bolussnooze":2.0E-4,"activity":0.0011,"lastBolusTime":1703122324018,"time":"2023-12-21T05:22:03.241Z","iobWithZeroTemp":{"iob":-1.814,"basaliob":-1.891,"bolussnooze":2.0E-4,"activity":-0.0198,"lastBolusTime":1703122324018,"time":"2023-12-21T05:22:03.241Z"}},{"iob":0.049,"basaliob":-0.021,"bolussnooze":1.0E-4,"activity":0.001,"lastBolusTime":1703122324018,"time":"2023-12-21T05:27:03.241Z","iobWithZeroTemp":{"iob":-1.823,"basaliob":-1.893,"bolussnooze":1.0E-4,"activity":-0.02,"lastBolusTime":1703122324018,"time":"2023-12-21T05:27:03.241Z"}},{"iob":0.044,"basaliob":-0.019,"bolussnooze":1.0E-4,"activity":9.0E-4,"lastBolusTime":1703122324018,"time":"2023-12-21T05:32:03.241Z","iobWithZeroTemp":{"iob":-1.831,"basaliob":-1.894,"bolussnooze":1.0E-4,"activity":-0.0201,"lastBolusTime":1703122324018,"time":"2023-12-21T05:32:03.241Z"}},{"iob":0.039,"basaliob":-0.017,"bolussnooze":0,"activity":8.0E-4,"lastBolusTime":1703122324018,"time":"2023-12-21T05:37:03.241Z","iobWithZeroTemp":{"iob":-1.839,"basaliob":-1.895,"bolussnooze":0,"activity":-0.0203,"lastBolusTime":1703122324018,"time":"2023-12-21T05:37:03.241Z"}}],"profile":{"max_iob":20,"type":"current","max_daily_basal":1.6,"max_basal":4.8,"min_bg":81,"max_bg":81,"target_bg":81,"carb_ratio":4.5,"sens":72,"max_daily_safety_multiplier":3,"current_basal_safety_multiplier":4,"high_temptarget_raises_sensitivity":false,"low_temptarget_lowers_sensitivity":false,"sensitivity_raises_target":false,"resistance_lowers_target":false,"adv_target_adjustments":false,"exercise_mode":false,"half_basal_exercise_target":160,"maxCOB":120,"skip_neutral_temps":false,"remainingCarbsCap":90,"enableUAM":true,"A52_risk_enable":false,"SMBInterval":3,"enableSMB_with_COB":false,"enableSMB_with_temptarget":false,"allowSMB_with_high_temptarget":true,"enableSMB_always":true,"enableSMB_after_carbs":false,"maxSMBBasalMinutes":120,"maxUAMSMBBasalMinutes":120,"bolus_increment":0.05,"carbsReqThreshold":1,"current_basal":1.5,"temptargetSet":true,"autosens_max":1.8,"out_units":"mmol\/L"},"autosens_data":{"ratio":1},"meal_data":{"carbs":0,"mealCOB":0,"slopeFromMaxDeviation":-3.0009999999999994,"slopeFromMinDeviation":1.4095454545454544,"lastBolusTime":1703122324018,"lastCarbTime":0},"microBolusAllowed":true,"currentTime":1703122923986,"flatBGsDetected":false},"output":{"temp":"absolute","bg":102,"tick":"+2","eventualBG":39,"targetBG":81,"insulinReq":0,"deliverAt":"2023-12-21T01:42:03.986Z","sensitivityRatio":1,"predBGs":{"IOB":[102,104,104,104,102,100,97,94,90,87,82,78,74,69,65,61,57,53,50,47,44,41,39],"ZT":[102,101,98,95,92,88,85,81,78,75,73,71,69,68,67,67,67,67,68,70,72,74,77,80],"UAM":[102,101,99,95,92,88,83,79,74,69,64,60,55,51,47,43,39]},"COB":0,"IOB":1.577,"reason":"COB: 0, Dev: 1.1, BGI: -0.1, ISF: 4.0, CR: 4.5, Target: 4.5, minPredBG 2.7, minGuardBG -0.5, IOBpredBG 2.2, UAMpredBG 2.2; minGuardBG -0.5<3.4","duration":60,"rate":0,"timestamp":"2023-12-21T01:42:04.049Z"}}