{"algorithm":"OpenAPSSMBPlugin","input":{"glucoseStatus":{"glucose":109,"noise":0,"delta":15,"short_avgdelta":14.67,"long_avgdelta":8.22,"date":1703130403876},"currenttemp":{"temp":"absolute","duration":55,"rate":0,"minutesrunning":5},"iob_data":[{"iob":3.964,"basaliob":-1.222,"bolussnooze":2.3255,"activity":0.015,"lastBolusTime":1703130153255,"time":"2023-12-21T03:47:04.325Z","iobWithZeroTemp":{"iob":3.964,"basaliob":-1.222,"bolussnooze":2.3255,"activity":0.015,"lastBolusTime":1703130153255,"time":"2023-12-21T03:47:04.325Z"}},{"iob":3.874,"basaliob":-1.142,"bolussnooze":2.144,"activity":0.0208,"lastBolusTime":1703130153255,"time":"2023-12-21T03:52:04.325Z","iobWithZeroTemp":{"iob":3.787,"basaliob":-1.229,"bolussnooze":2.144,"activity":0.0207,"lastBolusTime":1703130153255,"time":"2023-12-21T03:52:04.325Z"}},{"iob":3.757,"basaliob":-1.066,"bolussnooze":1.9408,"activity":0.0252,"lastBolusTime":1703130153255,"time":"2023-12-21T03:57:04.325Z","iobWithZeroTemp":{"iob":3.563,"basaliob":-1.26,"bolussnooze":1.9408,"activity":0.0248,"lastBolusTime":1703130153255,"time":"2023-12-21T03:57:04.325Z"}},{"iob":3.623,"basaliob":-0.992,"bolussnooze":1.7318,"activity":0.0285,"lastBolusTime":1703130153255,"time":"2023-12-21T04:02:04.325Z","iobWithZeroTemp":{"iob":3.324,"basaliob":-1.291,"bolussnooze":1.7318,"activity":0.0276,"lastBolusTime":1703130153255,"time":"2023-12-21T04:02:04.325Z"}},{"iob":3.474,"basaliob":-0.922,"bolussnooze":1.5275,"activity":0.0309,"lastBolusTime":1703130153255,"time":"2023-12-21T04:07:04.325Z","iobWithZeroTemp":{"iob":3.072,"basaliob":-1.324,"bolussnooze":1.5275,"activity":0.0294,"lastBolusTime":1703130153255,"time":"2023-12-21T04:07:04.325Z"}},{"iob":3.315,"basaliob":-0.855,"bolussnooze":1.3343,"activity":0.0324,"lastBolusTime":1703130153255,"time":"2023-12-21T04:12:04.325Z","iobWithZeroTemp":{"iob":2.814,"basaliob":-1.356,"bolussnooze":1.3343,"activity":0.0302,"lastBolusTime":1703130153255,"time":"2023-12-21T04:12:04.325Z"}},{"iob":3.151,"basaliob":-0.792,"bolussnooze":1.1562,"activity":0.0332,"lastBolusTime":1703130153255,"time":"2023-12-21T04:17:04.325Z","iobWithZeroTemp":{"iob":2.555,"basaliob":-1.388,"bolussnooze":1.1562,"activity":0.0302,"lastBolusTime":1703130153255,"time":"2023-12-21T04:17:04.325Z"}},{"iob":2.984,"basaliob":-0.732,"bolussnooze":0.9948,"activity":0.0335,"lastBolusTime":1703130153255,"time":"2023-12-21T04:22:04.325Z","iobWithZeroTemp":{"iob":2.297,"basaliob":-1.419,"bolussnooze":0.9948,"activity":0.0296,"lastBolusTime":1703130153255,"time":"2023-12-21T04:22:04.325Z"}},{"iob":2.817,"basaliob":-0.676,"bolussnooze":0.8507,"activity":0.0334,"lastBolusTime":1703130153255,"time":"2023-12-21T04:27:04.325Z","iobWithZeroTemp":{"iob":2.043,"basaliob":-1.45,"bolussnooze":0.8507,"activity":0.0287,"lastBolusTime":1703130153255,"time":"2023-12-21T04:27:04.325Z"}},{"iob":2.65,"basaliob":-0.624,"bolussnooze":0.7235,"activity":0.0329,"lastBolusTime":1703130153255,"time":"2023-12-21T04:32:04.325Z","iobWithZeroTemp":{"iob":1.793,"basaliob":-1.481,"bolussnooze":0.7235,"activity":0.0273,"lastBolusTime":1703130153255,"time":"2023-12-21T04:32:04.325Z"}},{"iob":2.488,"basaliob":-0.574,"bolussnooze":0.6124,"activity":0.0322,"lastBolusTime":1703130153255,"time":"2023-12-21T04:37:04.325Z","iobWithZeroTemp":{"iob":1.553,"basaliob":-1.509,"bolussnooze":0.6124,"activity":0.0257,"lastBolusTime":1703130153255,"time":"2023-12-21T04:37:04.325Z"}},{"iob":2.33,"basaliob":-0.528,"bolussnooze":0.516,"activity":0.0312,"lastBolusTime":1703130153255,"time":"2023-12-21T04:42:04.325Z","iobWithZeroTemp":{"iob":1.322,"basaliob":-1.536,"bolussnooze":0.516,"activity":0.0238,"lastBolusTime":1703130153255,"time":"2023-12-21T04:42:04.325Z"}},{"iob":2.175,"basaliob":-0.486,"bolussnooze":0.4331,"activity":0.0301,"lastBolusTime":1703130153255,"time":"2023-12-21T04:47:04.325Z","iobWithZeroTemp":{"iob":1.098,"basaliob":-1.563,"bolussnooze":0.4331,"activity":0.0218,"lastBolusTime":1703130153255,"time":"2023-12-21T04:47:04.325Z"}},{"iob":2.028,"basaliob":-0.446,"bolussnooze":0.3621,"activity":0.0289,"lastBolusTime":1703130153255,"time":"2023-12-21T04:52:04.325Z","iobWithZeroTemp":{"iob":0.886,"basaliob":-1.588,"bolussnooze":0.3621,"activity":0.0197,"lastBolusTime":1703130153255,"time":"2023-12-21T04:52:04.325Z"}},{"iob":1.887,"basaliob":-0.409,"bolussnooze":0.3017,"activity":0.0276,"lastBolusTime":1703130153255,"time":"2023-12-21T04:57:04.325Z","iobWithZeroTemp":{"iob":0.685,"basaliob":-1.611,"bolussnooze":0.3017,"activity":0.0176,"lastBolusTime":1703130153255,"time":"2023-12-21T04:57:04.325Z"}},{"iob":1.753,"basaliob":-0.374,"bolussnooze":0.2505,"activity":0.0262,"lastBolusTime":1703130153255,"time":"2023-12-21T05:02:04.325Z","iobWithZeroTemp":{"iob":0.494,"basaliob":-1.633,"bolussnooze":0.2505,"activity":0.0154,"lastBolusTime":1703130153255,"time":"2023-12-21T05:02:04.325Z"}},{"iob":1.625,"basaliob":-0.343,"bolussnooze":0.2074,"activity":0.0248,"lastBolusTime":1703130153255,"time":"2023-12-21T05:07:04.325Z","iobWithZeroTemp":{"iob":0.313,"basaliob":-1.655,"bolussnooze":0.2074,"activity":0.0133,"lastBolusTime":1703130153255,"time":"2023-12-21T05:07:04.325Z"}},{"iob":1.505,"basaliob":-0.313,"bolussnooze":0.1711,"activity":0.0235,"lastBolusTime":1703130153255,"time":"2023-12-21T05:12:04.325Z","iobWithZeroTemp":{"iob":0.145,"basaliob":-1.673,"bolussnooze":0.1711,"activity":0.0112,"lastBolusTime":1703130153255,"time":"2023-12-21T05:12:04.325Z"}},{"iob":1.391,"basaliob":-0.286,"bolussnooze":0.1408,"activity":0.0221,"lastBolusTime":1703130153255,"time":"2023-12-21T05:17:04.325Z","iobWithZeroTemp":{"iob":-0.015,"basaliob":-1.692,"bolussnooze":0.1408,"activity":0.0092,"lastBolusTime":1703130153255,"time":"2023-12-21T05:17:04.325Z"}},{"iob":1.284,"basaliob":-0.261,"bolussnooze":0.1155,"activity":0.0207,"lastBolusTime":1703130153255,"time":"2023-12-21T05:22:04.325Z","iobWithZeroTemp":{"iob":-0.164,"basaliob":-1.709,"bolussnooze":0.1155,"activity":0.0071,"lastBolusTime":1703130153255,"time":"2023-12-21T05:22:04.325Z"}},{"iob":1.184,"basaliob":-0.238,"bolussnooze":0.0945,"activity":0.0194,"lastBolusTime":1703130153255,"time":"2023-12-21T05:27:04.325Z","iobWithZeroTemp":{"iob":-0.303,"basaliob":-1.725,"bolussnooze":0.0945,"activity":0.0052,"lastBolusTime":1703130153255,"time":"2023-12-21T05:27:04.325Z"}},{"iob":1.09,"basaliob":-0.217,"bolussnooze":0.0771,"activity":0.0181,"lastBolusTime":1703130153255,"time":"2023-12-21T05:32:04.325Z","iobWithZeroTemp":{"iob":-0.433,"basaliob":-1.74,"bolussnooze":0.0771,"activity":0.0033,"lastBolusTime":1703130153255,"time":"2023-12-21T05:32:04.325Z"}},{"iob":1.003,"basaliob":-0.197,"bolussnooze":0.0627,"activity":0.0169,"lastBolusTime":1703130153255,"time":"2023-12-21T05:37:04.325Z","iobWithZeroTemp":{"iob":-0.553,"basaliob":-1.753,"bolussnooze":0.0627,"activity":0.0016,"lastBolusTime":1703130153255,"time":"2023-12-21T05:37:04.325Z"}},{"iob":0.921,"basaliob":-0.18,"bolussnooze":0.0509,"activity":0.0157,"lastBolusTime":1703130153255,"time":"2023-12-21T05:42:04.325Z","iobWithZeroTemp":{"iob":-0.665,"basaliob":-1.766,"bolussnooze":0.0509,"activity":-1.0E-4,"lastBolusTime":1703130153255,"time":"2023-12-21T05:42:04.325Z"}},{"iob":0.846,"basaliob":-0.163,"bolussnooze":0.0412,"activity":0.0146,"lastBolusTime":1703130153255,"time":"2023-12-21T05:47:04.325Z","iobWithZeroTemp":{"iob":-0.769,"basaliob":-1.778,"bolussnooze":0.0412,"activity":-0.0017,"lastBolusTime":1703130153255,"time":"2023-12-21T05:47:04.325Z"}},{"iob":0.776,"basaliob":-0.148,"bolussnooze":0.0332,"activity":0.0135,"lastBolusTime":1703130153255,"time":"2023-12-21T05:52:04.325Z","iobWithZeroTemp":{"iob":-0.864,"basaliob":-1.788,"bolussnooze":0.0332,"activity":-0.0032,"lastBolusTime":1703130153255,"time":"2023-12-21T05:52:04.325Z"}},{"iob":0.71,"basaliob":-0.135,"bolussnooze":0.0267,"activity":0.0126,"lastBolusTime":1703130153255,"time":"2023-12-21T05:57:04.325Z","iobWithZeroTemp":{"iob":-0.954,"basaliob":-1.799,"bolussnooze":0.0267,"activity":-0.0045,"lastBolusTime":1703130153255,"time":"2023-12-21T05:57:04.325Z"}},{"iob":0.65,"basaliob":-0.122,"bolussnooze":0.0214,"activity":0.0116,"lastBolusTime":1703130153255,"time":"2023-12-21T06:02:04.325Z","iobWithZeroTemp":{"iob":-1.036,"basaliob":-1.808,"bolussnooze":0.0214,"activity":-0.0059,"lastBolusTime":1703130153255,"time":"2023-12-21T06:02:04.325Z"}},{"iob":0.594,"basaliob":-0.111,"bolussnooze":0.0171,"activity":0.0107,"lastBolusTime":1703130153255,"time":"2023-12-21T06:07:04.325Z","iobWithZeroTemp":{"iob":-1.108,"basaliob":-1.813,"bolussnooze":0.0171,"activity":-0.0072,"lastBolusTime":1703130153255,"time":"2023-12-21T06:07:04.325Z"}},{"iob":0.543,"basaliob":-0.1,"bolussnooze":0.0136,"activity":0.0099,"lastBolusTime":1703130153255,"time":"2023-12-21T06:12:04.325Z","iobWithZeroTemp":{"iob":-1.173,"basaliob":-1.816,"bolussnooze":0.0136,"activity":-0.0083,"lastBolusTime":1703130153255,"time":"2023-12-21T06:12:04.325Z"}},{"iob":0.495,"basaliob":-0.091,"bolussnooze":0.0108,"activity":0.0091,"lastBolusTime":1703130153255,"time":"2023-12-21T06:17:04.325Z","iobWithZeroTemp":{"iob":-1.234,"basaliob":-1.82,"bolussnooze":0.0108,"activity":-0.0093,"lastBolusTime":1703130153255,"time":"2023-12-21T06:17:04.325Z"}},{"iob":0.452,"basaliob":-0.082,"bolussnooze":0.0085,"activity":0.0083,"lastBolusTime":1703130153255,"time":"2023-12-21T06:22:04.325Z","iobWithZeroTemp":{"iob":-1.288,"basaliob":-1.822,"bolussnooze":0.0085,"activity":-0.0104,"lastBolusTime":1703130153255,"time":"2023-12-21T06:22:04.325Z"}},{"iob":0.412,"basaliob":-0.074,"bolussnooze":0.0067,"activity":0.0077,"lastBolusTime":1703130153255,"time":"2023-12-21T06:27:04.325Z","iobWithZeroTemp":{"iob":-1.338,"basaliob":-1.824,"bolussnooze":0.0067,"activity":-0.0112,"lastBolusTime":1703130153255,"time":"2023-12-21T06:27:04.325Z"}},{"iob":0.375,"basaliob":-0.067,"bolussnooze":0.0052,"activity":0.007,"lastBolusTime":1703130153255,"time":"2023-12-21T06:32:04.325Z","iobWithZeroTemp":{"iob":-1.384,"basaliob":-1.826,"bolussnooze":0.0052,"activity":-0.0121,"lastBolusTime":1703130153255,"time":"2023-12-21T06:32:04.325Z"}},{"iob":0.341,"basaliob":-0.06,"bolussnooze":0.0041,"activity":0.0065,"lastBolusTime":1703130153255,"time":"2023-12-21T06:37:04.325Z","iobWithZeroTemp":{"iob":-1.427,"basaliob":-1.828,"bolussnooze":0.0041,"activity":-0.0128,"lastBolusTime":1703130153255,"time":"2023-12-21T06:37:04.325Z"}},{"iob":0.31,"basaliob":-0.054,"bolussnooze":0.0032,"activity":0.006,"lastBolusTime":1703130153255,"time":"2023-12-21T06:42:04.325Z","iobWithZeroTemp":{"iob":-1.465,"basaliob":-1.829,"bolussnooze":0.0032,"activity":-0.0135,"lastBolusTime":1703130153255,"time":"2023-12-21T06:42:04.325Z"}},{"iob":0.282,"basaliob":-0.049,"bolussnooze":0.0024,"activity":0.0055,"lastBolusTime":1703130153255,"time":"2023-12-21T06:47:04.325Z","iobWithZeroTemp":{"iob":-1.499,"basaliob":-1.83,"bolussnooze":0.0024,"activity":-0.0141,"lastBolusTime":1703130153255,"time":"2023-12-21T06:47:04.325Z"}},{"iob":0.256,"basaliob":-0.044,"bolussnooze":0.0019,"activity":0.005,"lastBolusTime":1703130153255,"time":"2023-12-21T06:52:04.325Z","iobWithZeroTemp":{"iob":-1.531,"basaliob":-1.831,"bolussnooze":0.0019,"activity":-0.0148,"lastBolusTime":1703130153255,"time":"2023-12-21T06:52:04.325Z"}},{"iob":0.231,"basaliob":-0.04,"bolussnooze":0.0014,"activity":0.0046,"lastBolusTime":1703130153255,"time":"2023-12-21T06:57:04.325Z","iobWithZeroTemp":{"iob":-1.561,"basaliob":-1.832,"bolussnooze":0.0014,"activity":-0.0153,"lastBolusTime":1703130153255,"time":"2023-12-21T06:57:04.325Z"}},{"iob":0.21,"basaliob":-0.036,"bolussnooze":0.0011,"activity":0.0041,"lastBolusTime":1703130153255,"time":"2023-12-21T07:02:04.325Z","iobWithZeroTemp":{"iob":-1.587,"basaliob":-1.833,"bolussnooze":0.0011,"activity":-0.0159,"lastBolusTime":1703130153255,"time":"2023-12-21T07:02:04.325Z"}},{"iob":0.19,"basaliob":-0.032,"bolussnooze":8.0E-4,"activity":0.0038,"lastBolusTime":1703130153255,"time":"2023-12-21T07:07:04.325Z","iobWithZeroTemp":{"iob":-1.607,"basaliob":-1.829,"bolussnooze":8.0E-4,"activity":-0.0163,"lastBolusTime":1703130153255,"time":"2023-12-21T07:07:04.325Z"}},{"iob":0.172,"basaliob":-0.029,"bolussnooze":6.0E-4,"activity":0.0035,"lastBolusTime":1703130153255,"time":"2023-12-21T07:12:04.325Z","iobWithZeroTemp":{"iob":-1.624,"basaliob":-1.825,"bolussnooze":6.0E-4,"activity":-0.0166,"lastBolusTime":1703130153255,"time":"2023-12-21T07:12:04.325Z"}},{"iob":0.156,"basaliob":-0.026,"bolussnooze":4.0E-4,"activity":0.0031,"lastBolusTime":1703130153255,"time":"2023-12-21T07:17:04.325Z","iobWithZeroTemp":{"iob":-1.64,"basaliob":-1.822,"bolussnooze":4.0E-4,"activity":-0.0171,"lastBolusTime":1703130153255,"time":"2023-12-21T07:17:04.325Z"}},{"iob":0.141,"basaliob":-0.023,"bolussnooze":3.0E-4,"activity":0.0029,"lastBolusTime":1703130153255,"time":"2023-12-21T07:22:04.325Z","iobWithZeroTemp":{"iob":-1.654,"basaliob":-1.818,"bolussnooze":3.0E-4,"activity":-0.0173,"lastBolusTime":1703130153255,"time":"2023-12-21T07:22:04.325Z"}},{"iob":0.127,"basaliob":-0.021,"bolussnooze":2.0E-4,"activity":0.0026,"lastBolusTime":1703130153255,"time":"2023-12-21T07:27:04.325Z","iobWithZeroTemp":{"iob":-1.666,"basaliob":-1.814,"bolussnooze":2.0E-4,"activity":-0.0177,"lastBolusTime":1703130153255,"time":"2023-12-21T07:27:04.325Z"}},{"iob":0.114,"basaliob":-0.019,"bolussnooze":1.0E-4,"activity":0.0024,"lastBolusTime":1703130153255,"time":"2023-12-21T07:32:04.325Z","iobWithZeroTemp":{"iob":-1.678,"basaliob":-1.811,"bolussnooze":1.0E-4,"activity":-0.0179,"lastBolusTime":1703130153255,"time":"2023-12-21T07:32:04.325Z"}},{"iob":0.103,"basaliob":-0.017,"bolussnooze":1.0E-4,"activity":0.0021,"lastBolusTime":1703130153255,"time":"2023-12-21T07:37:04.325Z","iobWithZeroTemp":{"iob":-1.686,"basaliob":-1.806,"bolussnooze":1.0E-4,"activity":-0.0182,"lastBolusTime":1703130153255,"time":"2023-12-21T07:37:04.325Z"}},{"iob":0.093,"basaliob":-0.015,"bolussnooze":1.0E-4,"activity":0.002,"lastBolusTime":1703130153255,"time":"2023-12-21T07:42:04.325Z","iobWithZeroTemp":{"iob":-1.695,"basaliob":-1.803,"bolussnooze":1.0E-4,"activity":-0.0183,"lastBolusTime":1703130153255,"time":"2023-12-21T07:42:04.325Z"}}],"profile":{"max_iob":20,"type":"current","max_daily_basal":1.6,"max_basal":4.8,"min_bg":81,"max_bg":81,"target_bg":81,"carb_ratio":4.5,"sens":72,"max_daily_safety_multiplier":3,"current_basal_safety_multiplier":4,"high_temptarget_raises_sensitivity":false,"low_temptarget_lowers_sensitivity":false,"sensitivity_raises_target":false,"resistance_lowers_target":false,"adv_target_adjustments":false,"exercise_mode":false,"half_basal_exercise_target":160,"maxCOB":120,"skip_neutral_temps":false,"remainingCarbsCap":90,"enableUAM":true,"A52_risk_enable":false,"SMBInterval":3,"enableSMB_with_COB":false,"enableSMB_with_temptarget":false,"allowSMB_with_high_temptarget":true,"enableSMB_always":true,"enableSMB_after_carbs":false,"maxSMBBasalMinutes":120,"maxUAMSMBBasalMinutes":120,"bolus_increment":0.05,"carbsReqThreshold":1,"current_basal":1.3,"temptargetSet":true,"autosens_max":1.8,"out_units":"mmol\/L"},"autosens_data":{"ratio":1},"meal_data":{"carbs":20,"mealCOB":14.2855,"slopeFromMaxDeviation":0,"slopeFromMinDeviation":3.1755714285714287,"lastBolusTime":1703130153255,"lastCarbTime":1703127724000},"microBolusAllowed":true,"currentTime":1703130426207,"flatBGsDetected":false},"output":{"temp":"absolute","bg":109,"tick":"+15","eventualBG":47,"targetBG":81,"insulinReq":0,"deliverAt":"2023-12-21T03:47:06.207Z","sensitivityRatio":1,"predBGs":{"IOB":[109,122,131,137,140,141,139,136,130,123,115,105,94,83,73,63,53,44,39],"ZT":[109,104,96,87,77,67,56,45,39,39,39,39,39,39,39,39,39,39,39,39,39,39,39,39,39,39,39,39,39,39,39,39,39,39,39,39,39,39,39,39,39,39,39,39,39,39,46,52],"COB":[109,123,134,142,148,153,156,158,159,159,159,157,156,153,151,148,144,140,136,131,126,121,115,109,103,98,93,89,84,81,77,74,71,68,65,63,61,59,57,56,54,53,51,50,49,48,47],"UAM":[109,123,133,141,147,150,152,153,153,151,149,146,142,137,132,126,120,113,106,98,90,83,77,71,65,60,55,51,46,43,39]},"COB":14.2855,"IOB":3.964,"reason":"COB: 14.3, Dev: 6.7, BGI: -0.3, ISF: 4.0, CR: 4.5, Target: 4.5, minPredBG 1.9, minGuardBG 1.9, IOBpredBG 2.2, COBpredBG 2.6, UAMpredBG 2.2; minGuardBG 1.9<3.4 55m left and 0 ~ req 0U\/hr: no temp required","timestamp":"2023-12-21T03:47:06.319Z"}}