{"algorithm":"OpenAPSSMBPlugin","input":{"glucoseStatus":{"glucose":95,"noise":0,"delta":0,"short_avgdelta":-0.39,"long_avgdelta":-0.13,"date":1703038602114},"currenttemp":{"temp":"absolute","duration":25,"rate":1.2,"minutesrunning":5},"iob_data":[{"iob":0.809,"basaliob":-0.926,"bolussnooze":0,"activity":0.0063,"lastBolusTime":1703038165629,"time":"2023-12-20T02:17:02.664Z","iobWithZeroTemp":{"iob":0.809,"basaliob":-0.926,"bolussnooze":0,"activity":0.0063,"lastBolusTime":1703038165629,"time":"2023-12-20T02:17:02.664Z"}},{"iob":0.776,"basaliob":-0.872,"bolussnooze":0,"activity":0.0068,"lastBolusTime":1703038165629,"time":"2023-12-20T02:22:02.664Z","iobWithZeroTemp":{"iob":0.689,"basaliob":-0.959,"bolussnooze":0,"activity":0.0067,"lastBolusTime":1703038165629,"time":"2023-12-20T02:22:02.664Z"}},{"iob":0.741,"basaliob":-0.819,"bolussnooze":0,"activity":0.0072,"lastBolusTime":1703038165629,"time":"2023-12-20T02:27:02.664Z","iobWithZeroTemp":{"iob":0.547,"basaliob":-1.013,"bolussnooze":0,"activity":0.0068,"lastBolusTime":1703038165629,"time":"2023-12-20T02:27:02.664Z"}},{"iob":0.704,"basaliob":-0.767,"bolussnooze":0,"activity":0.0074,"lastBolusTime":1703038165629,"time":"2023-12-20T02:32:02.664Z","iobWithZeroTemp":{"iob":0.405,"basaliob":-1.066,"bolussnooze":0,"activity":0.0065,"lastBolusTime":1703038165629,"time":"2023-12-20T02:32:02.664Z"}},{"iob":0.668,"basaliob":-0.716,"bolussnooze":0,"activity":0.0074,"lastBolusTime":1703038165629,"time":"2023-12-20T02:37:02.664Z","iobWithZeroTemp":{"iob":0.266,"basaliob":-1.118,"bolussnooze":0,"activity":0.0059,"lastBolusTime":1703038165629,"time":"2023-12-20T02:37:02.664Z"}},{"iob":0.63,"basaliob":-0.668,"bolussnooze":0,"activity":0.0074,"lastBolusTime":1703038165629,"time":"2023-12-20T02:42:02.664Z","iobWithZeroTemp":{"iob":0.129,"basaliob":-1.169,"bolussnooze":0,"activity":0.0052,"lastBolusTime":1703038165629,"time":"2023-12-20T02:42:02.664Z"}},{"iob":0.593,"basaliob":-0.622,"bolussnooze":0,"activity":0.0073,"lastBolusTime":1703038165629,"time":"2023-12-20T02:47:02.664Z","iobWithZeroTemp":{"iob":-0.003,"basaliob":-1.218,"bolussnooze":0,"activity":0.0043,"lastBolusTime":1703038165629,"time":"2023-12-20T02:47:02.664Z"}},{"iob":0.557,"basaliob":-0.577,"bolussnooze":0,"activity":0.0072,"lastBolusTime":1703038165629,"time":"2023-12-20T02:52:02.664Z","iobWithZeroTemp":{"iob":-0.13,"basaliob":-1.264,"bolussnooze":0,"activity":0.0033,"lastBolusTime":1703038165629,"time":"2023-12-20T02:52:02.664Z"}},{"iob":0.522,"basaliob":-0.535,"bolussnooze":0,"activity":0.0069,"lastBolusTime":1703038165629,"time":"2023-12-20T02:57:02.664Z","iobWithZeroTemp":{"iob":-0.252,"basaliob":-1.309,"bolussnooze":0,"activity":0.0022,"lastBolusTime":1703038165629,"time":"2023-12-20T02:57:02.664Z"}},{"iob":0.487,"basaliob":-0.496,"bolussnooze":0,"activity":0.0067,"lastBolusTime":1703038165629,"time":"2023-12-20T03:02:02.664Z","iobWithZeroTemp":{"iob":-0.37,"basaliob":-1.353,"bolussnooze":0,"activity":0.0011,"lastBolusTime":1703038165629,"time":"2023-12-20T03:02:02.664Z"}},{"iob":0.455,"basaliob":-0.458,"bolussnooze":0,"activity":0.0064,"lastBolusTime":1703038165629,"time":"2023-12-20T03:07:02.664Z","iobWithZeroTemp":{"iob":-0.48,"basaliob":-1.393,"bolussnooze":0,"activity":-1.0E-4,"lastBolusTime":1703038165629,"time":"2023-12-20T03:07:02.664Z"}},{"iob":0.423,"basaliob":-0.423,"bolussnooze":0,"activity":0.0062,"lastBolusTime":1703038165629,"time":"2023-12-20T03:12:02.664Z","iobWithZeroTemp":{"iob":-0.585,"basaliob":-1.431,"bolussnooze":0,"activity":-0.0012,"lastBolusTime":1703038165629,"time":"2023-12-20T03:12:02.664Z"}},{"iob":0.393,"basaliob":-0.39,"bolussnooze":0,"activity":0.0058,"lastBolusTime":1703038165629,"time":"2023-12-20T03:17:02.664Z","iobWithZeroTemp":{"iob":-0.684,"basaliob":-1.467,"bolussnooze":0,"activity":-0.0025,"lastBolusTime":1703038165629,"time":"2023-12-20T03:17:02.664Z"}},{"iob":0.364,"basaliob":-0.359,"bolussnooze":0,"activity":0.0055,"lastBolusTime":1703038165629,"time":"2023-12-20T03:22:02.664Z","iobWithZeroTemp":{"iob":-0.778,"basaliob":-1.501,"bolussnooze":0,"activity":-0.0037,"lastBolusTime":1703038165629,"time":"2023-12-20T03:22:02.664Z"}},{"iob":0.338,"basaliob":-0.33,"bolussnooze":0,"activity":0.0052,"lastBolusTime":1703038165629,"time":"2023-12-20T03:27:02.664Z","iobWithZeroTemp":{"iob":-0.864,"basaliob":-1.532,"bolussnooze":0,"activity":-0.0048,"lastBolusTime":1703038165629,"time":"2023-12-20T03:27:02.664Z"}},{"iob":0.312,"basaliob":-0.303,"bolussnooze":0,"activity":0.0049,"lastBolusTime":1703038165629,"time":"2023-12-20T03:32:02.664Z","iobWithZeroTemp":{"iob":-0.947,"basaliob":-1.562,"bolussnooze":0,"activity":-0.0059,"lastBolusTime":1703038165629,"time":"2023-12-20T03:32:02.664Z"}},{"iob":0.288,"basaliob":-0.278,"bolussnooze":0,"activity":0.0046,"lastBolusTime":1703038165629,"time":"2023-12-20T03:37:02.664Z","iobWithZeroTemp":{"iob":-1.024,"basaliob":-1.59,"bolussnooze":0,"activity":-0.0069,"lastBolusTime":1703038165629,"time":"2023-12-20T03:37:02.664Z"}},{"iob":0.266,"basaliob":-0.255,"bolussnooze":0,"activity":0.0043,"lastBolusTime":1703038165629,"time":"2023-12-20T03:42:02.664Z","iobWithZeroTemp":{"iob":-1.095,"basaliob":-1.616,"bolussnooze":0,"activity":-0.008,"lastBolusTime":1703038165629,"time":"2023-12-20T03:42:02.664Z"}},{"iob":0.244,"basaliob":-0.234,"bolussnooze":0,"activity":0.0041,"lastBolusTime":1703038165629,"time":"2023-12-20T03:47:02.664Z","iobWithZeroTemp":{"iob":-1.162,"basaliob":-1.64,"bolussnooze":0,"activity":-0.0088,"lastBolusTime":1703038165629,"time":"2023-12-20T03:47:02.664Z"}},{"iob":0.225,"basaliob":-0.214,"bolussnooze":0,"activity":0.0038,"lastBolusTime":1703038165629,"time":"2023-12-20T03:52:02.664Z","iobWithZeroTemp":{"iob":-1.223,"basaliob":-1.662,"bolussnooze":0,"activity":-0.0098,"lastBolusTime":1703038165629,"time":"2023-12-20T03:52:02.664Z"}},{"iob":0.206,"basaliob":-0.196,"bolussnooze":0,"activity":0.0036,"lastBolusTime":1703038165629,"time":"2023-12-20T03:57:02.664Z","iobWithZeroTemp":{"iob":-1.281,"basaliob":-1.683,"bolussnooze":0,"activity":-0.0106,"lastBolusTime":1703038165629,"time":"2023-12-20T03:57:02.664Z"}},{"iob":0.189,"basaliob":-0.179,"bolussnooze":0,"activity":0.0032,"lastBolusTime":1703038165629,"time":"2023-12-20T04:02:02.664Z","iobWithZeroTemp":{"iob":-1.334,"basaliob":-1.702,"bolussnooze":0,"activity":-0.0116,"lastBolusTime":1703038165629,"time":"2023-12-20T04:02:02.664Z"}},{"iob":0.174,"basaliob":-0.163,"bolussnooze":0,"activity":0.003,"lastBolusTime":1703038165629,"time":"2023-12-20T04:07:02.664Z","iobWithZeroTemp":{"iob":-1.382,"basaliob":-1.719,"bolussnooze":0,"activity":-0.0123,"lastBolusTime":1703038165629,"time":"2023-12-20T04:07:02.664Z"}},{"iob":0.159,"basaliob":-0.149,"bolussnooze":0,"activity":0.0028,"lastBolusTime":1703038165629,"time":"2023-12-20T04:12:02.664Z","iobWithZeroTemp":{"iob":-1.428,"basaliob":-1.736,"bolussnooze":0,"activity":-0.013,"lastBolusTime":1703038165629,"time":"2023-12-20T04:12:02.664Z"}},{"iob":0.146,"basaliob":-0.135,"bolussnooze":0,"activity":0.0026,"lastBolusTime":1703038165629,"time":"2023-12-20T04:17:02.664Z","iobWithZeroTemp":{"iob":-1.469,"basaliob":-1.75,"bolussnooze":0,"activity":-0.0137,"lastBolusTime":1703038165629,"time":"2023-12-20T04:17:02.664Z"}},{"iob":0.133,"basaliob":-0.123,"bolussnooze":0,"activity":0.0024,"lastBolusTime":1703038165629,"time":"2023-12-20T04:22:02.664Z","iobWithZeroTemp":{"iob":-1.508,"basaliob":-1.764,"bolussnooze":0,"activity":-0.0143,"lastBolusTime":1703038165629,"time":"2023-12-20T04:22:02.664Z"}},{"iob":0.122,"basaliob":-0.112,"bolussnooze":0,"activity":0.0022,"lastBolusTime":1703038165629,"time":"2023-12-20T04:27:02.664Z","iobWithZeroTemp":{"iob":-1.542,"basaliob":-1.776,"bolussnooze":0,"activity":-0.0149,"lastBolusTime":1703038165629,"time":"2023-12-20T04:27:02.664Z"}},{"iob":0.111,"basaliob":-0.102,"bolussnooze":0,"activity":0.002,"lastBolusTime":1703038165629,"time":"2023-12-20T04:32:02.664Z","iobWithZeroTemp":{"iob":-1.575,"basaliob":-1.788,"bolussnooze":0,"activity":-0.0155,"lastBolusTime":1703038165629,"time":"2023-12-20T04:32:02.664Z"}},{"iob":0.102,"basaliob":-0.092,"bolussnooze":0,"activity":0.0019,"lastBolusTime":1703038165629,"time":"2023-12-20T04:37:02.664Z","iobWithZeroTemp":{"iob":-1.604,"basaliob":-1.798,"bolussnooze":0,"activity":-0.016,"lastBolusTime":1703038165629,"time":"2023-12-20T04:37:02.664Z"}},{"iob":0.092,"basaliob":-0.084,"bolussnooze":0,"activity":0.0018,"lastBolusTime":1703038165629,"time":"2023-12-20T04:42:02.664Z","iobWithZeroTemp":{"iob":-1.632,"basaliob":-1.808,"bolussnooze":0,"activity":-0.0164,"lastBolusTime":1703038165629,"time":"2023-12-20T04:42:02.664Z"}},{"iob":0.084,"basaliob":-0.076,"bolussnooze":0,"activity":0.0016,"lastBolusTime":1703038165629,"time":"2023-12-20T04:47:02.664Z","iobWithZeroTemp":{"iob":-1.657,"basaliob":-1.817,"bolussnooze":0,"activity":-0.0169,"lastBolusTime":1703038165629,"time":"2023-12-20T04:47:02.664Z"}},{"iob":0.076,"basaliob":-0.069,"bolussnooze":0,"activity":0.0014,"lastBolusTime":1703038165629,"time":"2023-12-20T04:52:02.664Z","iobWithZeroTemp":{"iob":-1.681,"basaliob":-1.826,"bolussnooze":0,"activity":-0.0174,"lastBolusTime":1703038165629,"time":"2023-12-20T04:52:02.664Z"}},{"iob":0.07,"basaliob":-0.062,"bolussnooze":0,"activity":0.0014,"lastBolusTime":1703038165629,"time":"2023-12-20T04:57:02.664Z","iobWithZeroTemp":{"iob":-1.7,"basaliob":-1.832,"bolussnooze":0,"activity":-0.0176,"lastBolusTime":1703038165629,"time":"2023-12-20T04:57:02.664Z"}},{"iob":0.064,"basaliob":-0.056,"bolussnooze":0,"activity":0.0013,"lastBolusTime":1703038165629,"time":"2023-12-20T05:02:02.664Z","iobWithZeroTemp":{"iob":-1.719,"basaliob":-1.839,"bolussnooze":0,"activity":-0.0179,"lastBolusTime":1703038165629,"time":"2023-12-20T05:02:02.664Z"}},{"iob":0.057,"basaliob":-0.051,"bolussnooze":0,"activity":0.0011,"lastBolusTime":1703038165629,"time":"2023-12-20T05:07:02.664Z","iobWithZeroTemp":{"iob":-1.738,"basaliob":-1.846,"bolussnooze":0,"activity":-0.0184,"lastBolusTime":1703038165629,"time":"2023-12-20T05:07:02.664Z"}},{"iob":0.052,"basaliob":-0.046,"bolussnooze":0,"activity":0.0011,"lastBolusTime":1703038165629,"time":"2023-12-20T05:12:02.664Z","iobWithZeroTemp":{"iob":-1.753,"basaliob":-1.851,"bolussnooze":0,"activity":-0.0186,"lastBolusTime":1703038165629,"time":"2023-12-20T05:12:02.664Z"}},{"iob":0.047,"basaliob":-0.042,"bolussnooze":0,"activity":9.0E-4,"lastBolusTime":1703038165629,"time":"2023-12-20T05:17:02.664Z","iobWithZeroTemp":{"iob":-1.768,"basaliob":-1.857,"bolussnooze":0,"activity":-0.0189,"lastBolusTime":1703038165629,"time":"2023-12-20T05:17:02.664Z"}},{"iob":0.042,"basaliob":-0.038,"bolussnooze":0,"activity":8.0E-4,"lastBolusTime":1703038165629,"time":"2023-12-20T05:22:02.664Z","iobWithZeroTemp":{"iob":-1.782,"basaliob":-1.862,"bolussnooze":0,"activity":-0.0192,"lastBolusTime":1703038165629,"time":"2023-12-20T05:22:02.664Z"}},{"iob":0.038,"basaliob":-0.034,"bolussnooze":0,"activity":8.0E-4,"lastBolusTime":1703038165629,"time":"2023-12-20T05:27:02.664Z","iobWithZeroTemp":{"iob":-1.794,"basaliob":-1.866,"bolussnooze":0,"activity":-0.0194,"lastBolusTime":1703038165629,"time":"2023-12-20T05:27:02.664Z"}},{"iob":0.035,"basaliob":-0.03,"bolussnooze":0,"activity":7.0E-4,"lastBolusTime":1703038165629,"time":"2023-12-20T05:32:02.664Z","iobWithZeroTemp":{"iob":-1.804,"basaliob":-1.869,"bolussnooze":0,"activity":-0.0196,"lastBolusTime":1703038165629,"time":"2023-12-20T05:32:02.664Z"}},{"iob":0.032,"basaliob":-0.027,"bolussnooze":0,"activity":6.0E-4,"lastBolusTime":1703038165629,"time":"2023-12-20T05:37:02.664Z","iobWithZeroTemp":{"iob":-1.814,"basaliob":-1.873,"bolussnooze":0,"activity":-0.0198,"lastBolusTime":1703038165629,"time":"2023-12-20T05:37:02.664Z"}},{"iob":0.028,"basaliob":-0.025,"bolussnooze":0,"activity":6.0E-4,"lastBolusTime":1703038165629,"time":"2023-12-20T05:42:02.664Z","iobWithZeroTemp":{"iob":-1.824,"basaliob":-1.877,"bolussnooze":0,"activity":-0.0199,"lastBolusTime":1703038165629,"time":"2023-12-20T05:42:02.664Z"}},{"iob":0.026,"basaliob":-0.022,"bolussnooze":0,"activity":5.0E-4,"lastBolusTime":1703038165629,"time":"2023-12-20T05:47:02.664Z","iobWithZeroTemp":{"iob":-1.831,"basaliob":-1.879,"bolussnooze":0,"activity":-0.0202,"lastBolusTime":1703038165629,"time":"2023-12-20T05:47:02.664Z"}},{"iob":0.023,"basaliob":-0.02,"bolussnooze":0,"activity":5.0E-4,"lastBolusTime":1703038165629,"time":"2023-12-20T05:52:02.664Z","iobWithZeroTemp":{"iob":-1.839,"basaliob":-1.882,"bolussnooze":0,"activity":-0.0203,"lastBolusTime":1703038165629,"time":"2023-12-20T05:52:02.664Z"}},{"iob":0.021,"basaliob":-0.018,"bolussnooze":0,"activity":4.0E-4,"lastBolusTime":1703038165629,"time":"2023-12-20T05:57:02.664Z","iobWithZeroTemp":{"iob":-1.845,"basaliob":-1.884,"bolussnooze":0,"activity":-0.0204,"lastBolusTime":1703038165629,"time":"2023-12-20T05:57:02.664Z"}},{"iob":0.019,"basaliob":-0.016,"bolussnooze":0,"activity":3.0E-4,"lastBolusTime":1703038165629,"time":"2023-12-20T06:02:02.664Z","iobWithZeroTemp":{"iob":-1.851,"basaliob":-1.886,"bolussnooze":0,"activity":-0.0206,"lastBolusTime":1703038165629,"time":"2023-12-20T06:02:02.664Z"}},{"iob":0.017,"basaliob":-0.014,"bolussnooze":0,"activity":4.0E-4,"lastBolusTime":1703038165629,"time":"2023-12-20T06:07:02.664Z","iobWithZeroTemp":{"iob":-1.853,"basaliob":-1.884,"bolussnooze":0,"activity":-0.0206,"lastBolusTime":1703038165629,"time":"2023-12-20T06:07:02.664Z"}},{"iob":0.015,"basaliob":-0.013,"bolussnooze":0,"activity":3.0E-4,"lastBolusTime":1703038165629,"time":"2023-12-20T06:12:02.664Z","iobWithZeroTemp":{"iob":-1.854,"basaliob":-1.882,"bolussnooze":0,"activity":-0.0207,"lastBolusTime":1703038165629,"time":"2023-12-20T06:12:02.664Z"}}],"profile":{"max_iob":20,"type":"current","max_daily_basal":1.6,"max_basal":4.8,"min_bg":81,"max_bg":81,"target_bg":81,"carb_ratio":4.5,"sens":72,"max_daily_safety_multiplier":3,"current_basal_safety_multiplier":4,"high_temptarget_raises_sensitivity":false,"low_temptarget_lowers_sensitivity":false,"sensitivity_raises_target":false,"resistance_lowers_target":false,"adv_target_adjustments":false,"exercise_mode":false,"half_basal_exercise_target":160,"maxCOB":120,"skip_neutral_temps":false,"remainingCarbsCap":90,"enableUAM":true,"A52_risk_enable":false,"SMBInterval":3,"enableSMB_with_COB":false,"enableSMB_with_temptarget":false,"allowSMB_with_high_temptarget":true,"enableSMB_always":true,"enableSMB_after_carbs":false,"maxSMBBasalMinutes":120,"maxUAMSMBBasalMinutes":120,"bolus_increment":0.05,"carbsReqThreshold":1,"current_basal":1.3,"temptargetSet":true,"autosens_max":1.8,"out_units":"mmol\/L"},"autosens_data":{"ratio":1},"meal_data":{"carbs":20,"mealCOB":8.5,"slopeFromMaxDeviation":-0.14654545454545456,"slopeFromMinDeviation":0.26,"lastBolusTime":1703038165629,"lastCarbTime":1703037167000},"microBolusAllowed":true,"currentTime":1703038625709,"flatBGsDetected":false},"output":{"temp":"absolute","bg":95,"tick":"+0","eventualBG":172,"targetBG":81,"insulinReq":0.28,"deliverAt":"2023-12-20T02:17:05.709Z","sensitivityRatio":1,"predBGs":{"IOB":[95,94,94,92,91,89,88,86,84,82,80,78,76,73,71,70,68,66,65,63,62,60,59,58,57,56,55,55,54,53,53,52,52,51,51,50,50,49,49,49,49,48,48,48,48,48,48,47],"ZT":[95,93,90,88,86,83,82,80,79,78,78,78,78,79,80],"COB":[95,95,95,94,94,94,94,95,95,96,97,99,100,102,104,107,109,112,116,119,123,127,131,135,139,142,145,149,152,155,157,160,162,164,166,167,169,170,171,172,172,173,173,173,172],"UAM":[95,94,94,92,91,90,88,86,84,82,80,78,76,74,72,70,68,67,65,64,62,61,60,59,58,57,56,55,55,54,53,53,52,52,51,51,50,50,50,49,49,49,49,49,48]},"COB":8.5,"IOB":0.809,"reason":"COB: 8.5, Dev: 0.6, BGI: -0.1, ISF: 4.0, CR: 4.5, Target: 4.5, minPredBG 5.6, minGuardBG 3.8, IOBpredBG 2.6, COBpredBG 9.6, UAMpredBG 2.7; Eventual BG 9.6 >= 4.5,  insulinReq 0.28; setting 30m low temp of 1.08U\/h. Microbolusing 0.1U. ","units":0.1,"rate":1.08,"duration":30,"timestamp":"2023-12-20T02:17:05.849Z"}}