{"algorithm":"OpenAPSSMBPlugin","input":{"glucoseStatus":{"glucose":91,"noise":0,"delta":-2,"short_avgdelta":-1.83,"long_avgdelta":1.75,"date":1703050602490},"currenttemp":{"temp":"absolute","duration":25,"rate":0,"minutesrunning":5},"iob_data":[{"iob":0.37,"basaliob":-1.227,"bolussnooze":0.0049,"activity":0.004,"lastBolusTime":1703050029109,"time":"2023-12-20T05:37:01.588Z","iobWithZeroTemp":{"iob":0.37,"basaliob":-1.227,"bolussnooze":0.0049,"activity":0.004,"lastBolusTime":1703050029109,"time":"2023-12-20T05:37:01.588Z"}},{"iob":0.35,"basaliob":-1.149,"bolussnooze":0.0039,"activity":0.004,"lastBolusTime":1703050029109,"time":"2023-12-20T05:42:01.588Z","iobWithZeroTemp":{"iob":0.263,"basaliob":-1.236,"bolussnooze":0.0039,"activity":0.0039,"lastBolusTime":1703050029109,"time":"2023-12-20T05:42:01.588Z"}},{"iob":0.33,"basaliob":-1.074,"bolussnooze":0.003,"activity":0.004,"lastBolusTime":1703050029109,"time":"2023-12-20T05:47:01.588Z","iobWithZeroTemp":{"iob":0.136,"basaliob":-1.268,"bolussnooze":0.003,"activity":0.0036,"lastBolusTime":1703050029109,"time":"2023-12-20T05:47:01.588Z"}},{"iob":0.311,"basaliob":-1.001,"bolussnooze":0.0024,"activity":0.0039,"lastBolusTime":1703050029109,"time":"2023-12-20T05:52:01.588Z","iobWithZeroTemp":{"iob":0.012,"basaliob":-1.3,"bolussnooze":0.0024,"activity":0.003,"lastBolusTime":1703050029109,"time":"2023-12-20T05:52:01.588Z"}},{"iob":0.291,"basaliob":-0.932,"bolussnooze":0.0019,"activity":0.0038,"lastBolusTime":1703050029109,"time":"2023-12-20T05:57:01.588Z","iobWithZeroTemp":{"iob":-0.111,"basaliob":-1.334,"bolussnooze":0.0019,"activity":0.0023,"lastBolusTime":1703050029109,"time":"2023-12-20T05:57:01.588Z"}},{"iob":0.273,"basaliob":-0.865,"bolussnooze":0.0014,"activity":0.0037,"lastBolusTime":1703050029109,"time":"2023-12-20T06:02:01.588Z","iobWithZeroTemp":{"iob":-0.228,"basaliob":-1.366,"bolussnooze":0.0014,"activity":0.0015,"lastBolusTime":1703050029109,"time":"2023-12-20T06:02:01.588Z"}},{"iob":0.255,"basaliob":-0.802,"bolussnooze":0.0011,"activity":0.0036,"lastBolusTime":1703050029109,"time":"2023-12-20T06:07:01.588Z","iobWithZeroTemp":{"iob":-0.337,"basaliob":-1.394,"bolussnooze":0.0011,"activity":6.0E-4,"lastBolusTime":1703050029109,"time":"2023-12-20T06:07:01.588Z"}},{"iob":0.237,"basaliob":-0.743,"bolussnooze":9.0E-4,"activity":0.0034,"lastBolusTime":1703050029109,"time":"2023-12-20T06:12:01.588Z","iobWithZeroTemp":{"iob":-0.442,"basaliob":-1.422,"bolussnooze":9.0E-4,"activity":-4.0E-4,"lastBolusTime":1703050029109,"time":"2023-12-20T06:12:01.588Z"}},{"iob":0.22,"basaliob":-0.687,"bolussnooze":7.0E-4,"activity":0.0032,"lastBolusTime":1703050029109,"time":"2023-12-20T06:17:01.588Z","iobWithZeroTemp":{"iob":-0.542,"basaliob":-1.449,"bolussnooze":7.0E-4,"activity":-0.0015,"lastBolusTime":1703050029109,"time":"2023-12-20T06:17:01.588Z"}},{"iob":0.205,"basaliob":-0.634,"bolussnooze":5.0E-4,"activity":0.0031,"lastBolusTime":1703050029109,"time":"2023-12-20T06:22:01.588Z","iobWithZeroTemp":{"iob":-0.632,"basaliob":-1.471,"bolussnooze":5.0E-4,"activity":-0.0025,"lastBolusTime":1703050029109,"time":"2023-12-20T06:22:01.588Z"}},{"iob":0.189,"basaliob":-0.585,"bolussnooze":4.0E-4,"activity":0.0029,"lastBolusTime":1703050029109,"time":"2023-12-20T06:27:01.588Z","iobWithZeroTemp":{"iob":-0.722,"basaliob":-1.496,"bolussnooze":4.0E-4,"activity":-0.0035,"lastBolusTime":1703050029109,"time":"2023-12-20T06:27:01.588Z"}},{"iob":0.176,"basaliob":-0.538,"bolussnooze":3.0E-4,"activity":0.0028,"lastBolusTime":1703050029109,"time":"2023-12-20T06:32:01.588Z","iobWithZeroTemp":{"iob":-0.805,"basaliob":-1.519,"bolussnooze":3.0E-4,"activity":-0.0045,"lastBolusTime":1703050029109,"time":"2023-12-20T06:32:01.588Z"}},{"iob":0.162,"basaliob":-0.495,"bolussnooze":2.0E-4,"activity":0.0026,"lastBolusTime":1703050029109,"time":"2023-12-20T06:37:01.588Z","iobWithZeroTemp":{"iob":-0.885,"basaliob":-1.542,"bolussnooze":2.0E-4,"activity":-0.0055,"lastBolusTime":1703050029109,"time":"2023-12-20T06:37:01.588Z"}},{"iob":0.149,"basaliob":-0.455,"bolussnooze":1.0E-4,"activity":0.0024,"lastBolusTime":1703050029109,"time":"2023-12-20T06:42:01.588Z","iobWithZeroTemp":{"iob":-0.96,"basaliob":-1.564,"bolussnooze":1.0E-4,"activity":-0.0065,"lastBolusTime":1703050029109,"time":"2023-12-20T06:42:01.588Z"}},{"iob":0.138,"basaliob":-0.417,"bolussnooze":1.0E-4,"activity":0.0023,"lastBolusTime":1703050029109,"time":"2023-12-20T06:47:01.588Z","iobWithZeroTemp":{"iob":-1.028,"basaliob":-1.583,"bolussnooze":1.0E-4,"activity":-0.0074,"lastBolusTime":1703050029109,"time":"2023-12-20T06:47:01.588Z"}},{"iob":0.126,"basaliob":-0.383,"bolussnooze":1.0E-4,"activity":0.0021,"lastBolusTime":1703050029109,"time":"2023-12-20T06:52:01.588Z","iobWithZeroTemp":{"iob":-1.094,"basaliob":-1.603,"bolussnooze":1.0E-4,"activity":-0.0084,"lastBolusTime":1703050029109,"time":"2023-12-20T06:52:01.588Z"}},{"iob":0.117,"basaliob":-0.35,"bolussnooze":0,"activity":0.002,"lastBolusTime":1703050029109,"time":"2023-12-20T06:57:01.588Z","iobWithZeroTemp":{"iob":-1.153,"basaliob":-1.62,"bolussnooze":0,"activity":-0.0092,"lastBolusTime":1703050029109,"time":"2023-12-20T06:57:01.588Z"}},{"iob":0.107,"basaliob":-0.321,"bolussnooze":0,"activity":0.0019,"lastBolusTime":1703050029109,"time":"2023-12-20T07:02:01.588Z","iobWithZeroTemp":{"iob":-1.209,"basaliob":-1.637,"bolussnooze":0,"activity":-0.01,"lastBolusTime":1703050029109,"time":"2023-12-20T07:02:01.588Z"}},{"iob":0.098,"basaliob":-0.293,"bolussnooze":0,"activity":0.0017,"lastBolusTime":1703050029109,"time":"2023-12-20T07:07:01.588Z","iobWithZeroTemp":{"iob":-1.257,"basaliob":-1.648,"bolussnooze":0,"activity":-0.0108,"lastBolusTime":1703050029109,"time":"2023-12-20T07:07:01.588Z"}},{"iob":0.089,"basaliob":-0.268,"bolussnooze":0,"activity":0.0016,"lastBolusTime":1703050029109,"time":"2023-12-20T07:12:01.588Z","iobWithZeroTemp":{"iob":-1.302,"basaliob":-1.659,"bolussnooze":0,"activity":-0.0116,"lastBolusTime":1703050029109,"time":"2023-12-20T07:12:01.588Z"}},{"iob":0.082,"basaliob":-0.244,"bolussnooze":0,"activity":0.0015,"lastBolusTime":1703050029109,"time":"2023-12-20T07:17:01.588Z","iobWithZeroTemp":{"iob":-1.342,"basaliob":-1.668,"bolussnooze":0,"activity":-0.0122,"lastBolusTime":1703050029109,"time":"2023-12-20T07:17:01.588Z"}},{"iob":0.075,"basaliob":-0.223,"bolussnooze":0,"activity":0.0014,"lastBolusTime":1703050029109,"time":"2023-12-20T07:22:01.588Z","iobWithZeroTemp":{"iob":-1.379,"basaliob":-1.677,"bolussnooze":0,"activity":-0.0128,"lastBolusTime":1703050029109,"time":"2023-12-20T07:22:01.588Z"}},{"iob":0.068,"basaliob":-0.203,"bolussnooze":0,"activity":0.0012,"lastBolusTime":1703050029109,"time":"2023-12-20T07:27:01.588Z","iobWithZeroTemp":{"iob":-1.414,"basaliob":-1.685,"bolussnooze":0,"activity":-0.0135,"lastBolusTime":1703050029109,"time":"2023-12-20T07:27:01.588Z"}},{"iob":0.062,"basaliob":-0.185,"bolussnooze":0,"activity":0.0011,"lastBolusTime":1703050029109,"time":"2023-12-20T07:32:01.588Z","iobWithZeroTemp":{"iob":-1.445,"basaliob":-1.692,"bolussnooze":0,"activity":-0.0141,"lastBolusTime":1703050029109,"time":"2023-12-20T07:32:01.588Z"}},{"iob":0.057,"basaliob":-0.168,"bolussnooze":0,"activity":0.0011,"lastBolusTime":1703050029109,"time":"2023-12-20T07:37:01.588Z","iobWithZeroTemp":{"iob":-1.474,"basaliob":-1.699,"bolussnooze":0,"activity":-0.0145,"lastBolusTime":1703050029109,"time":"2023-12-20T07:37:01.588Z"}},{"iob":0.052,"basaliob":-0.153,"bolussnooze":0,"activity":0.001,"lastBolusTime":1703050029109,"time":"2023-12-20T07:42:01.588Z","iobWithZeroTemp":{"iob":-1.5,"basaliob":-1.705,"bolussnooze":0,"activity":-0.015,"lastBolusTime":1703050029109,"time":"2023-12-20T07:42:01.588Z"}},{"iob":0.047,"basaliob":-0.139,"bolussnooze":0,"activity":9.0E-4,"lastBolusTime":1703050029109,"time":"2023-12-20T07:47:01.588Z","iobWithZeroTemp":{"iob":-1.524,"basaliob":-1.71,"bolussnooze":0,"activity":-0.0154,"lastBolusTime":1703050029109,"time":"2023-12-20T07:47:01.588Z"}},{"iob":0.043,"basaliob":-0.126,"bolussnooze":0,"activity":8.0E-4,"lastBolusTime":1703050029109,"time":"2023-12-20T07:52:01.588Z","iobWithZeroTemp":{"iob":-1.546,"basaliob":-1.715,"bolussnooze":0,"activity":-0.0158,"lastBolusTime":1703050029109,"time":"2023-12-20T07:52:01.588Z"}},{"iob":0.039,"basaliob":-0.114,"bolussnooze":0,"activity":8.0E-4,"lastBolusTime":1703050029109,"time":"2023-12-20T07:57:01.588Z","iobWithZeroTemp":{"iob":-1.566,"basaliob":-1.719,"bolussnooze":0,"activity":-0.0161,"lastBolusTime":1703050029109,"time":"2023-12-20T07:57:01.588Z"}},{"iob":0.036,"basaliob":-0.103,"bolussnooze":0,"activity":7.0E-4,"lastBolusTime":1703050029109,"time":"2023-12-20T08:02:01.588Z","iobWithZeroTemp":{"iob":-1.584,"basaliob":-1.723,"bolussnooze":0,"activity":-0.0165,"lastBolusTime":1703050029109,"time":"2023-12-20T08:02:01.588Z"}},{"iob":0.032,"basaliob":-0.094,"bolussnooze":0,"activity":6.0E-4,"lastBolusTime":1703050029109,"time":"2023-12-20T08:07:01.588Z","iobWithZeroTemp":{"iob":-1.593,"basaliob":-1.719,"bolussnooze":0,"activity":-0.0169,"lastBolusTime":1703050029109,"time":"2023-12-20T08:07:01.588Z"}},{"iob":0.029,"basaliob":-0.085,"bolussnooze":0,"activity":6.0E-4,"lastBolusTime":1703050029109,"time":"2023-12-20T08:12:01.588Z","iobWithZeroTemp":{"iob":-1.598,"basaliob":-1.712,"bolussnooze":0,"activity":-0.017,"lastBolusTime":1703050029109,"time":"2023-12-20T08:12:01.588Z"}},{"iob":0.027,"basaliob":-0.076,"bolussnooze":0,"activity":6.0E-4,"lastBolusTime":1703050029109,"time":"2023-12-20T08:17:01.588Z","iobWithZeroTemp":{"iob":-1.603,"basaliob":-1.706,"bolussnooze":0,"activity":-0.0172,"lastBolusTime":1703050029109,"time":"2023-12-20T08:17:01.588Z"}},{"iob":0.024,"basaliob":-0.069,"bolussnooze":0,"activity":5.0E-4,"lastBolusTime":1703050029109,"time":"2023-12-20T08:22:01.588Z","iobWithZeroTemp":{"iob":-1.608,"basaliob":-1.701,"bolussnooze":0,"activity":-0.0174,"lastBolusTime":1703050029109,"time":"2023-12-20T08:22:01.588Z"}},{"iob":0.022,"basaliob":-0.062,"bolussnooze":0,"activity":4.0E-4,"lastBolusTime":1703050029109,"time":"2023-12-20T08:27:01.588Z","iobWithZeroTemp":{"iob":-1.612,"basaliob":-1.696,"bolussnooze":0,"activity":-0.0177,"lastBolusTime":1703050029109,"time":"2023-12-20T08:27:01.588Z"}},{"iob":0.02,"basaliob":-0.056,"bolussnooze":0,"activity":4.0E-4,"lastBolusTime":1703050029109,"time":"2023-12-20T08:32:01.588Z","iobWithZeroTemp":{"iob":-1.615,"basaliob":-1.691,"bolussnooze":0,"activity":-0.0178,"lastBolusTime":1703050029109,"time":"2023-12-20T08:32:01.588Z"}},{"iob":0.018,"basaliob":-0.051,"bolussnooze":0,"activity":3.0E-4,"lastBolusTime":1703050029109,"time":"2023-12-20T08:37:01.588Z","iobWithZeroTemp":{"iob":-1.618,"basaliob":-1.687,"bolussnooze":0,"activity":-0.018,"lastBolusTime":1703050029109,"time":"2023-12-20T08:37:01.588Z"}},{"iob":0.016,"basaliob":-0.046,"bolussnooze":0,"activity":3.0E-4,"lastBolusTime":1703050029109,"time":"2023-12-20T08:42:01.588Z","iobWithZeroTemp":{"iob":-1.62,"basaliob":-1.682,"bolussnooze":0,"activity":-0.018,"lastBolusTime":1703050029109,"time":"2023-12-20T08:42:01.588Z"}},{"iob":0.015,"basaliob":-0.041,"bolussnooze":0,"activity":3.0E-4,"lastBolusTime":1703050029109,"time":"2023-12-20T08:47:01.588Z","iobWithZeroTemp":{"iob":-1.621,"basaliob":-1.677,"bolussnooze":0,"activity":-0.0181,"lastBolusTime":1703050029109,"time":"2023-12-20T08:47:01.588Z"}},{"iob":0.013,"basaliob":-0.037,"bolussnooze":0,"activity":3.0E-4,"lastBolusTime":1703050029109,"time":"2023-12-20T08:52:01.588Z","iobWithZeroTemp":{"iob":-1.623,"basaliob":-1.673,"bolussnooze":0,"activity":-0.0181,"lastBolusTime":1703050029109,"time":"2023-12-20T08:52:01.588Z"}},{"iob":0.012,"basaliob":-0.033,"bolussnooze":0,"activity":3.0E-4,"lastBolusTime":1703050029109,"time":"2023-12-20T08:57:01.588Z","iobWithZeroTemp":{"iob":-1.623,"basaliob":-1.668,"bolussnooze":0,"activity":-0.0182,"lastBolusTime":1703050029109,"time":"2023-12-20T08:57:01.588Z"}},{"iob":0.01,"basaliob":-0.03,"bolussnooze":0,"activity":3.0E-4,"lastBolusTime":1703050029109,"time":"2023-12-20T09:02:01.588Z","iobWithZeroTemp":{"iob":-1.625,"basaliob":-1.665,"bolussnooze":0,"activity":-0.0182,"lastBolusTime":1703050029109,"time":"2023-12-20T09:02:01.588Z"}},{"iob":0.009,"basaliob":-0.027,"bolussnooze":0,"activity":2.0E-4,"lastBolusTime":1703050029109,"time":"2023-12-20T09:07:01.588Z","iobWithZeroTemp":{"iob":-1.617,"basaliob":-1.653,"bolussnooze":0,"activity":-0.0183,"lastBolusTime":1703050029109,"time":"2023-12-20T09:07:01.588Z"}},{"iob":0.009,"basaliob":-0.024,"bolussnooze":0,"activity":2.0E-4,"lastBolusTime":1703050029109,"time":"2023-12-20T09:12:01.588Z","iobWithZeroTemp":{"iob":-1.607,"basaliob":-1.64,"bolussnooze":0,"activity":-0.0183,"lastBolusTime":1703050029109,"time":"2023-12-20T09:12:01.588Z"}},{"iob":0.007,"basaliob":-0.022,"bolussnooze":0,"activity":1.0E-4,"lastBolusTime":1703050029109,"time":"2023-12-20T09:17:01.588Z","iobWithZeroTemp":{"iob":-1.601,"basaliob":-1.63,"bolussnooze":0,"activity":-0.0184,"lastBolusTime":1703050029109,"time":"2023-12-20T09:17:01.588Z"}},{"iob":0.007,"basaliob":-0.019,"bolussnooze":0,"activity":2.0E-4,"lastBolusTime":1703050029109,"time":"2023-12-20T09:22:01.588Z","iobWithZeroTemp":{"iob":-1.592,"basaliob":-1.618,"bolussnooze":0,"activity":-0.0182,"lastBolusTime":1703050029109,"time":"2023-12-20T09:22:01.588Z"}},{"iob":0.006,"basaliob":-0.017,"bolussnooze":0,"activity":1.0E-4,"lastBolusTime":1703050029109,"time":"2023-12-20T09:27:01.588Z","iobWithZeroTemp":{"iob":-1.584,"basaliob":-1.607,"bolussnooze":0,"activity":-0.0183,"lastBolusTime":1703050029109,"time":"2023-12-20T09:27:01.588Z"}},{"iob":0.006,"basaliob":-0.015,"bolussnooze":0,"activity":2.0E-4,"lastBolusTime":1703050029109,"time":"2023-12-20T09:32:01.588Z","iobWithZeroTemp":{"iob":-1.576,"basaliob":-1.597,"bolussnooze":0,"activity":-0.0181,"lastBolusTime":1703050029109,"time":"2023-12-20T09:32:01.588Z"}}],"profile":{"max_iob":20,"type":"current","max_daily_basal":1.6,"max_basal":4.8,"min_bg":81,"max_bg":81,"target_bg":81,"carb_ratio":5.5,"sens":72,"max_daily_safety_multiplier":3,"current_basal_safety_multiplier":4,"high_temptarget_raises_sensitivity":false,"low_temptarget_lowers_sensitivity":false,"sensitivity_raises_target":false,"resistance_lowers_target":false,"adv_target_adjustments":false,"exercise_mode":false,"half_basal_exercise_target":160,"maxCOB":120,"skip_neutral_temps":false,"remainingCarbsCap":90,"enableUAM":true,"A52_risk_enable":false,"SMBInterval":3,"enableSMB_with_COB":false,"enableSMB_with_temptarget":false,"allowSMB_with_high_temptarget":true,"enableSMB_always":true,"enableSMB_after_carbs":false,"maxSMBBasalMinutes":120,"maxUAMSMBBasalMinutes":120,"bolus_increment":0.05,"carbsReqThreshold":1,"current_basal":1.3,"temptargetSet":true,"autosens_max":1.8,"out_units":"mmol\/L"},"autosens_data":{"ratio":1},"meal_data":{"carbs":40,"mealCOB":5.217972222222233,"slopeFromMaxDeviation":-1.6015,"slopeFromMinDeviation":0.3817500000000001,"lastBolusTime":1703050029109,"lastCarbTime":1703039119000},"microBolusAllowed":true,"currentTime":1703050624498,"flatBGsDetected":false},"output":{"temp":"absolute","bg":91,"tick":-2,"eventualBG":96,"targetBG":81,"insulinReq":-0.11,"deliverAt":"2023-12-20T05:37:04.498Z","sensitivityRatio":1,"predBGs":{"IOB":[91,89,87,85,83,82,80,78,77,76,75,73,72,71,71,70,69,68,68,67,66,66,65,65,65,64,64,64,63,63,63,62,62,62,62,62,62,61],"ZT":[91,90,88,87,86,85,84,84,84],"COB":[91,89,87,85,84,82,81,79,78,77,76,76,75,74,74,74,73,73,73,73,73,73,73,74,74,74,75,75,76,76,77,78,79,80,80,81,82,83,84,86,87,88,89,90,92,93,94,96],"UAM":[91,89,87,85,83,82,80,78,77,76,75,73,72,71,71,70,69,68,68,67,66,66,65,65,65,64,64,64,63,63,63,62,62,62,62,62,62,61]},"COB":5.217972222222233,"IOB":0.37,"reason":"COB: 5.2, Dev: 1.1, BGI: -0.1, ISF: 4.0, CR: 5.5, Target: 4.5, minPredBG 4.1, minGuardBG 3.5, IOBpredBG 3.4, COBpredBG 5.3, UAMpredBG 3.4; Eventual BG 5.3 >= 4.5,  insulinReq -0.11; setting 30m low temp of 0.52U\/h. ","rate":0.52,"duration":30,"timestamp":"2023-12-20T05:37:04.623Z"}}