{"algorithm":"OpenAPSSMBPlugin","input":{"glucoseStatus":{"glucose":73,"noise":0,"delta":1,"short_avgdelta":1.11,"long_avgdelta":0.91,"date":1703028401450},"currenttemp":{"temp":"absolute","duration":20,"rate":0,"minutesrunning":10},"iob_data":[{"iob":-1.669,"basaliob":-1.947,"bolussnooze":0,"activity":-0.0161,"lastBolusTime":1703026333556,"time":"2023-12-19T23:27:00.621Z","iobWithZeroTemp":{"iob":-1.669,"basaliob":-1.947,"bolussnooze":0,"activity":-0.0161,"lastBolusTime":1703026333556,"time":"2023-12-19T23:27:00.621Z"}},{"iob":-1.588,"basaliob":-1.847,"bolussnooze":0,"activity":-0.0165,"lastBolusTime":1703026333556,"time":"2023-12-19T23:32:00.621Z","iobWithZeroTemp":{"iob":-1.695,"basaliob":-1.954,"bolussnooze":0,"activity":-0.0166,"lastBolusTime":1703026333556,"time":"2023-12-19T23:32:00.621Z"}},{"iob":-1.504,"basaliob":-1.746,"bolussnooze":0,"activity":-0.0168,"lastBolusTime":1703026333556,"time":"2023-12-19T23:37:00.621Z","iobWithZeroTemp":{"iob":-1.743,"basaliob":-1.985,"bolussnooze":0,"activity":-0.0173,"lastBolusTime":1703026333556,"time":"2023-12-19T23:37:00.621Z"}},{"iob":-1.421,"basaliob":-1.646,"bolussnooze":0,"activity":-0.0167,"lastBolusTime":1703026333556,"time":"2023-12-19T23:42:00.621Z","iobWithZeroTemp":{"iob":-1.789,"basaliob":-2.014,"bolussnooze":0,"activity":-0.0178,"lastBolusTime":1703026333556,"time":"2023-12-19T23:42:00.621Z"}},{"iob":-1.338,"basaliob":-1.547,"bolussnooze":0,"activity":-0.0165,"lastBolusTime":1703026333556,"time":"2023-12-19T23:47:00.621Z","iobWithZeroTemp":{"iob":-1.832,"basaliob":-2.041,"bolussnooze":0,"activity":-0.0183,"lastBolusTime":1703026333556,"time":"2023-12-19T23:47:00.621Z"}},{"iob":-1.256,"basaliob":-1.45,"bolussnooze":0,"activity":-0.0161,"lastBolusTime":1703026333556,"time":"2023-12-19T23:52:00.621Z","iobWithZeroTemp":{"iob":-1.872,"basaliob":-2.066,"bolussnooze":0,"activity":-0.0188,"lastBolusTime":1703026333556,"time":"2023-12-19T23:52:00.621Z"}},{"iob":-1.177,"basaliob":-1.356,"bolussnooze":0,"activity":-0.0157,"lastBolusTime":1703026333556,"time":"2023-12-19T23:57:00.621Z","iobWithZeroTemp":{"iob":-1.911,"basaliob":-2.09,"bolussnooze":0,"activity":-0.0194,"lastBolusTime":1703026333556,"time":"2023-12-19T23:57:00.621Z"}},{"iob":-1.099,"basaliob":-1.265,"bolussnooze":0,"activity":-0.0152,"lastBolusTime":1703026333556,"time":"2023-12-20T00:02:00.621Z","iobWithZeroTemp":{"iob":-1.945,"basaliob":-2.111,"bolussnooze":0,"activity":-0.02,"lastBolusTime":1703026333556,"time":"2023-12-20T00:02:00.621Z"}},{"iob":-1.025,"basaliob":-1.178,"bolussnooze":0,"activity":-0.0145,"lastBolusTime":1703026333556,"time":"2023-12-20T00:07:00.621Z","iobWithZeroTemp":{"iob":-1.97,"basaliob":-2.123,"bolussnooze":0,"activity":-0.0203,"lastBolusTime":1703026333556,"time":"2023-12-20T00:07:00.621Z"}},{"iob":-0.954,"basaliob":-1.095,"bolussnooze":0,"activity":-0.0139,"lastBolusTime":1703026333556,"time":"2023-12-20T00:12:00.621Z","iobWithZeroTemp":{"iob":-1.992,"basaliob":-2.133,"bolussnooze":0,"activity":-0.0208,"lastBolusTime":1703026333556,"time":"2023-12-20T00:12:00.621Z"}},{"iob":-0.886,"basaliob":-1.016,"bolussnooze":0,"activity":-0.0132,"lastBolusTime":1703026333556,"time":"2023-12-20T00:17:00.621Z","iobWithZeroTemp":{"iob":-2.012,"basaliob":-2.142,"bolussnooze":0,"activity":-0.0212,"lastBolusTime":1703026333556,"time":"2023-12-20T00:17:00.621Z"}},{"iob":-0.823,"basaliob":-0.942,"bolussnooze":0,"activity":-0.0125,"lastBolusTime":1703026333556,"time":"2023-12-20T00:22:00.621Z","iobWithZeroTemp":{"iob":-2.032,"basaliob":-2.151,"bolussnooze":0,"activity":-0.0215,"lastBolusTime":1703026333556,"time":"2023-12-20T00:22:00.621Z"}},{"iob":-0.761,"basaliob":-0.871,"bolussnooze":0,"activity":-0.0118,"lastBolusTime":1703026333556,"time":"2023-12-20T00:27:00.621Z","iobWithZeroTemp":{"iob":-2.047,"basaliob":-2.157,"bolussnooze":0,"activity":-0.0218,"lastBolusTime":1703026333556,"time":"2023-12-20T00:27:00.621Z"}},{"iob":-0.704,"basaliob":-0.805,"bolussnooze":0,"activity":-0.0112,"lastBolusTime":1703026333556,"time":"2023-12-20T00:32:00.621Z","iobWithZeroTemp":{"iob":-2.056,"basaliob":-2.157,"bolussnooze":0,"activity":-0.0222,"lastBolusTime":1703026333556,"time":"2023-12-20T00:32:00.621Z"}},{"iob":-0.65,"basaliob":-0.742,"bolussnooze":0,"activity":-0.0105,"lastBolusTime":1703026333556,"time":"2023-12-20T00:37:00.621Z","iobWithZeroTemp":{"iob":-2.07,"basaliob":-2.162,"bolussnooze":0,"activity":-0.0224,"lastBolusTime":1703026333556,"time":"2023-12-20T00:37:00.621Z"}},{"iob":-0.6,"basaliob":-0.684,"bolussnooze":0,"activity":-0.0098,"lastBolusTime":1703026333556,"time":"2023-12-20T00:42:00.621Z","iobWithZeroTemp":{"iob":-2.083,"basaliob":-2.167,"bolussnooze":0,"activity":-0.0226,"lastBolusTime":1703026333556,"time":"2023-12-20T00:42:00.621Z"}},{"iob":-0.552,"basaliob":-0.629,"bolussnooze":0,"activity":-0.0091,"lastBolusTime":1703026333556,"time":"2023-12-20T00:47:00.621Z","iobWithZeroTemp":{"iob":-2.094,"basaliob":-2.171,"bolussnooze":0,"activity":-0.0228,"lastBolusTime":1703026333556,"time":"2023-12-20T00:47:00.621Z"}},{"iob":-0.507,"basaliob":-0.578,"bolussnooze":0,"activity":-0.0085,"lastBolusTime":1703026333556,"time":"2023-12-20T00:52:00.621Z","iobWithZeroTemp":{"iob":-2.103,"basaliob":-2.174,"bolussnooze":0,"activity":-0.023,"lastBolusTime":1703026333556,"time":"2023-12-20T00:52:00.621Z"}},{"iob":-0.467,"basaliob":-0.531,"bolussnooze":0,"activity":-0.0079,"lastBolusTime":1703026333556,"time":"2023-12-20T00:57:00.621Z","iobWithZeroTemp":{"iob":-2.114,"basaliob":-2.178,"bolussnooze":0,"activity":-0.0232,"lastBolusTime":1703026333556,"time":"2023-12-20T00:57:00.621Z"}},{"iob":-0.428,"basaliob":-0.487,"bolussnooze":0,"activity":-0.0074,"lastBolusTime":1703026333556,"time":"2023-12-20T01:02:00.621Z","iobWithZeroTemp":{"iob":-2.122,"basaliob":-2.181,"bolussnooze":0,"activity":-0.0234,"lastBolusTime":1703026333556,"time":"2023-12-20T01:02:00.621Z"}},{"iob":-0.392,"basaliob":-0.446,"bolussnooze":0,"activity":-0.0068,"lastBolusTime":1703026333556,"time":"2023-12-20T01:07:00.621Z","iobWithZeroTemp":{"iob":-2.129,"basaliob":-2.183,"bolussnooze":0,"activity":-0.0235,"lastBolusTime":1703026333556,"time":"2023-12-20T01:07:00.621Z"}},{"iob":-0.36,"basaliob":-0.409,"bolussnooze":0,"activity":-0.0064,"lastBolusTime":1703026333556,"time":"2023-12-20T01:12:00.621Z","iobWithZeroTemp":{"iob":-2.137,"basaliob":-2.186,"bolussnooze":0,"activity":-0.0237,"lastBolusTime":1703026333556,"time":"2023-12-20T01:12:00.621Z"}},{"iob":-0.33,"basaliob":-0.374,"bolussnooze":0,"activity":-0.0059,"lastBolusTime":1703026333556,"time":"2023-12-20T01:17:00.621Z","iobWithZeroTemp":{"iob":-2.144,"basaliob":-2.188,"bolussnooze":0,"activity":-0.0239,"lastBolusTime":1703026333556,"time":"2023-12-20T01:17:00.621Z"}},{"iob":-0.301,"basaliob":-0.341,"bolussnooze":0,"activity":-0.0054,"lastBolusTime":1703026333556,"time":"2023-12-20T01:22:00.621Z","iobWithZeroTemp":{"iob":-2.149,"basaliob":-2.189,"bolussnooze":0,"activity":-0.0239,"lastBolusTime":1703026333556,"time":"2023-12-20T01:22:00.621Z"}},{"iob":-0.275,"basaliob":-0.312,"bolussnooze":0,"activity":-0.005,"lastBolusTime":1703026333556,"time":"2023-12-20T01:27:00.621Z","iobWithZeroTemp":{"iob":-2.154,"basaliob":-2.191,"bolussnooze":0,"activity":-0.024,"lastBolusTime":1703026333556,"time":"2023-12-20T01:27:00.621Z"}},{"iob":-0.251,"basaliob":-0.284,"bolussnooze":0,"activity":-0.0047,"lastBolusTime":1703026333556,"time":"2023-12-20T01:32:00.621Z","iobWithZeroTemp":{"iob":-2.159,"basaliob":-2.192,"bolussnooze":0,"activity":-0.0242,"lastBolusTime":1703026333556,"time":"2023-12-20T01:32:00.621Z"}},{"iob":-0.229,"basaliob":-0.259,"bolussnooze":0,"activity":-0.0042,"lastBolusTime":1703026333556,"time":"2023-12-20T01:37:00.621Z","iobWithZeroTemp":{"iob":-2.163,"basaliob":-2.193,"bolussnooze":0,"activity":-0.0242,"lastBolusTime":1703026333556,"time":"2023-12-20T01:37:00.621Z"}},{"iob":-0.209,"basaliob":-0.236,"bolussnooze":0,"activity":-0.0039,"lastBolusTime":1703026333556,"time":"2023-12-20T01:42:00.621Z","iobWithZeroTemp":{"iob":-2.167,"basaliob":-2.194,"bolussnooze":0,"activity":-0.0243,"lastBolusTime":1703026333556,"time":"2023-12-20T01:42:00.621Z"}},{"iob":-0.19,"basaliob":-0.215,"bolussnooze":0,"activity":-0.0036,"lastBolusTime":1703026333556,"time":"2023-12-20T01:47:00.621Z","iobWithZeroTemp":{"iob":-2.17,"basaliob":-2.195,"bolussnooze":0,"activity":-0.0244,"lastBolusTime":1703026333556,"time":"2023-12-20T01:47:00.621Z"}},{"iob":-0.173,"basaliob":-0.195,"bolussnooze":0,"activity":-0.0033,"lastBolusTime":1703026333556,"time":"2023-12-20T01:52:00.621Z","iobWithZeroTemp":{"iob":-2.173,"basaliob":-2.195,"bolussnooze":0,"activity":-0.0245,"lastBolusTime":1703026333556,"time":"2023-12-20T01:52:00.621Z"}},{"iob":-0.157,"basaliob":-0.177,"bolussnooze":0,"activity":-0.003,"lastBolusTime":1703026333556,"time":"2023-12-20T01:57:00.621Z","iobWithZeroTemp":{"iob":-2.176,"basaliob":-2.196,"bolussnooze":0,"activity":-0.0245,"lastBolusTime":1703026333556,"time":"2023-12-20T01:57:00.621Z"}},{"iob":-0.143,"basaliob":-0.161,"bolussnooze":0,"activity":-0.0027,"lastBolusTime":1703026333556,"time":"2023-12-20T02:02:00.621Z","iobWithZeroTemp":{"iob":-2.178,"basaliob":-2.196,"bolussnooze":0,"activity":-0.0245,"lastBolusTime":1703026333556,"time":"2023-12-20T02:02:00.621Z"}},{"iob":-0.129,"basaliob":-0.146,"bolussnooze":0,"activity":-0.0026,"lastBolusTime":1703026333556,"time":"2023-12-20T02:07:00.621Z","iobWithZeroTemp":{"iob":-2.163,"basaliob":-2.18,"bolussnooze":0,"activity":-0.0247,"lastBolusTime":1703026333556,"time":"2023-12-20T02:07:00.621Z"}},{"iob":-0.117,"basaliob":-0.132,"bolussnooze":0,"activity":-0.0023,"lastBolusTime":1703026333556,"time":"2023-12-20T02:12:00.621Z","iobWithZeroTemp":{"iob":-2.149,"basaliob":-2.164,"bolussnooze":0,"activity":-0.0246,"lastBolusTime":1703026333556,"time":"2023-12-20T02:12:00.621Z"}},{"iob":-0.106,"basaliob":-0.12,"bolussnooze":0,"activity":-0.0021,"lastBolusTime":1703026333556,"time":"2023-12-20T02:17:00.621Z","iobWithZeroTemp":{"iob":-2.135,"basaliob":-2.149,"bolussnooze":0,"activity":-0.0245,"lastBolusTime":1703026333556,"time":"2023-12-20T02:17:00.621Z"}},{"iob":-0.097,"basaliob":-0.109,"bolussnooze":0,"activity":-0.0019,"lastBolusTime":1703026333556,"time":"2023-12-20T02:22:00.621Z","iobWithZeroTemp":{"iob":-2.122,"basaliob":-2.134,"bolussnooze":0,"activity":-0.0245,"lastBolusTime":1703026333556,"time":"2023-12-20T02:22:00.621Z"}},{"iob":-0.087,"basaliob":-0.098,"bolussnooze":0,"activity":-0.0018,"lastBolusTime":1703026333556,"time":"2023-12-20T02:27:00.621Z","iobWithZeroTemp":{"iob":-2.107,"basaliob":-2.118,"bolussnooze":0,"activity":-0.0244,"lastBolusTime":1703026333556,"time":"2023-12-20T02:27:00.621Z"}},{"iob":-0.079,"basaliob":-0.089,"bolussnooze":0,"activity":-0.0016,"lastBolusTime":1703026333556,"time":"2023-12-20T02:32:00.621Z","iobWithZeroTemp":{"iob":-2.094,"basaliob":-2.104,"bolussnooze":0,"activity":-0.0243,"lastBolusTime":1703026333556,"time":"2023-12-20T02:32:00.621Z"}},{"iob":-0.071,"basaliob":-0.08,"bolussnooze":0,"activity":-0.0014,"lastBolusTime":1703026333556,"time":"2023-12-20T02:37:00.621Z","iobWithZeroTemp":{"iob":-2.081,"basaliob":-2.09,"bolussnooze":0,"activity":-0.0241,"lastBolusTime":1703026333556,"time":"2023-12-20T02:37:00.621Z"}},{"iob":-0.064,"basaliob":-0.072,"bolussnooze":0,"activity":-0.0013,"lastBolusTime":1703026333556,"time":"2023-12-20T02:42:00.621Z","iobWithZeroTemp":{"iob":-2.069,"basaliob":-2.077,"bolussnooze":0,"activity":-0.0241,"lastBolusTime":1703026333556,"time":"2023-12-20T02:42:00.621Z"}},{"iob":-0.058,"basaliob":-0.065,"bolussnooze":0,"activity":-0.0012,"lastBolusTime":1703026333556,"time":"2023-12-20T02:47:00.621Z","iobWithZeroTemp":{"iob":-2.057,"basaliob":-2.064,"bolussnooze":0,"activity":-0.024,"lastBolusTime":1703026333556,"time":"2023-12-20T02:47:00.621Z"}},{"iob":-0.053,"basaliob":-0.059,"bolussnooze":0,"activity":-0.0011,"lastBolusTime":1703026333556,"time":"2023-12-20T02:52:00.621Z","iobWithZeroTemp":{"iob":-2.047,"basaliob":-2.053,"bolussnooze":0,"activity":-0.0238,"lastBolusTime":1703026333556,"time":"2023-12-20T02:52:00.621Z"}},{"iob":-0.047,"basaliob":-0.053,"bolussnooze":0,"activity":-0.001,"lastBolusTime":1703026333556,"time":"2023-12-20T02:57:00.621Z","iobWithZeroTemp":{"iob":-2.036,"basaliob":-2.042,"bolussnooze":0,"activity":-0.0237,"lastBolusTime":1703026333556,"time":"2023-12-20T02:57:00.621Z"}},{"iob":-0.043,"basaliob":-0.048,"bolussnooze":0,"activity":-9.0E-4,"lastBolusTime":1703026333556,"time":"2023-12-20T03:02:00.621Z","iobWithZeroTemp":{"iob":-2.027,"basaliob":-2.032,"bolussnooze":0,"activity":-0.0236,"lastBolusTime":1703026333556,"time":"2023-12-20T03:02:00.621Z"}},{"iob":-0.038,"basaliob":-0.043,"bolussnooze":0,"activity":-8.0E-4,"lastBolusTime":1703026333556,"time":"2023-12-20T03:07:00.621Z","iobWithZeroTemp":{"iob":-2.017,"basaliob":-2.022,"bolussnooze":0,"activity":-0.0235,"lastBolusTime":1703026333556,"time":"2023-12-20T03:07:00.621Z"}},{"iob":-0.035,"basaliob":-0.039,"bolussnooze":0,"activity":-7.0E-4,"lastBolusTime":1703026333556,"time":"2023-12-20T03:12:00.621Z","iobWithZeroTemp":{"iob":-2.009,"basaliob":-2.013,"bolussnooze":0,"activity":-0.0233,"lastBolusTime":1703026333556,"time":"2023-12-20T03:12:00.621Z"}},{"iob":-0.031,"basaliob":-0.035,"bolussnooze":0,"activity":-6.0E-4,"lastBolusTime":1703026333556,"time":"2023-12-20T03:17:00.621Z","iobWithZeroTemp":{"iob":-2,"basaliob":-2.004,"bolussnooze":0,"activity":-0.0232,"lastBolusTime":1703026333556,"time":"2023-12-20T03:17:00.621Z"}},{"iob":-0.028,"basaliob":-0.031,"bolussnooze":0,"activity":-6.0E-4,"lastBolusTime":1703026333556,"time":"2023-12-20T03:22:00.621Z","iobWithZeroTemp":{"iob":-1.993,"basaliob":-1.996,"bolussnooze":0,"activity":-0.0232,"lastBolusTime":1703026333556,"time":"2023-12-20T03:22:00.621Z"}}],"profile":{"max_iob":20,"type":"current","max_daily_basal":1.6,"max_basal":4.8,"min_bg":90,"max_bg":90,"target_bg":90,"carb_ratio":4.5,"sens":63,"max_daily_safety_multiplier":3,"current_basal_safety_multiplier":4,"high_temptarget_raises_sensitivity":false,"low_temptarget_lowers_sensitivity":false,"sensitivity_raises_target":false,"resistance_lowers_target":false,"adv_target_adjustments":false,"exercise_mode":false,"half_basal_exercise_target":160,"maxCOB":120,"skip_neutral_temps":false,"remainingCarbsCap":90,"enableUAM":true,"A52_risk_enable":false,"SMBInterval":3,"enableSMB_with_COB":false,"enableSMB_with_temptarget":false,"allowSMB_with_high_temptarget":true,"enableSMB_always":true,"enableSMB_after_carbs":false,"maxSMBBasalMinutes":120,"maxUAMSMBBasalMinutes":120,"bolus_increment":0.05,"carbsReqThreshold":1,"current_basal":1.6,"temptargetSet":false,"autosens_max":1.8,"out_units":"mmol\/L"},"autosens_data":{"ratio":1},"meal_data":{"carbs":0,"mealCOB":0,"slopeFromMaxDeviation":0,"slopeFromMinDeviation":0.24499999999999994,"lastBolusTime":1703026333556,"lastCarbTime":0},"microBolusAllowed":true,"currentTime":1703028423083,"flatBGsDetected":false},"output":{"temp":"absolute","bg":73,"tick":"+1","eventualBG":153,"targetBG":90,"insulinReq":0.6,"deliverAt":"2023-12-19T23:27:03.083Z","sensitivityRatio":1,"predBGs":{"IOB":[73,74,76,78,81,84,87,90,93,97,101,104,108,112,116,119,122,125,128,130,132,134,137,138,140,142,143,144,146,147,148,149,150,150,151,152,152,153,154,154,154,155,155,155,156],"ZT":[73,78,83,89,94,100,106]},"COB":0,"IOB":-1.669,"reason":"COB: 0, Dev: -1.4, BGI: 0.3, ISF: 3.5, CR: 4.5, Target: 5.0, minPredBG 7.1, minGuardBG 4.1, IOBpredBG 8.7; Eventual BG 8.5 >= 5.0,  insulinReq 0.6. Microbolusing 0.3U. temp 0.00 < 2.8U\/hr. ","units":0.3,"duration":30,"rate":2.8,"timestamp":"2023-12-19T23:27:03.239Z"}}