{"algorithm":"OpenAPSSMBPlugin","input":{"glucoseStatus":{"glucose":98,"noise":0,"delta":-5,"short_avgdelta":-4,"long_avgdelta":-0.13,"date":1703106702885},"currenttemp":{"temp":"absolute","duration":25,"rate":0.35,"minutesrunning":5},"iob_data":[{"iob":0.337,"basaliob":-0.106,"bolussnooze":0,"activity":0.0031,"lastBolusTime":1703106169664,"time":"2023-12-20T21:12:11.137Z","iobWithZeroTemp":{"iob":0.337,"basaliob":-0.106,"bolussnooze":0,"activity":0.0031,"lastBolusTime":1703106169664,"time":"2023-12-20T21:12:11.137Z"}},{"iob":0.321,"basaliob":-0.101,"bolussnooze":0,"activity":0.0032,"lastBolusTime":1703106169664,"time":"2023-12-20T21:17:11.137Z","iobWithZeroTemp":{"iob":0.234,"basaliob":-0.188,"bolussnooze":0,"activity":0.0031,"lastBolusTime":1703106169664,"time":"2023-12-20T21:17:11.137Z"}},{"iob":0.306,"basaliob":-0.095,"bolussnooze":0,"activity":0.0033,"lastBolusTime":1703106169664,"time":"2023-12-20T21:22:11.137Z","iobWithZeroTemp":{"iob":0.112,"basaliob":-0.289,"bolussnooze":0,"activity":0.0029,"lastBolusTime":1703106169664,"time":"2023-12-20T21:22:11.137Z"}},{"iob":0.289,"basaliob":-0.09,"bolussnooze":0,"activity":0.0033,"lastBolusTime":1703106169664,"time":"2023-12-20T21:27:11.137Z","iobWithZeroTemp":{"iob":-0.01,"basaliob":-0.389,"bolussnooze":0,"activity":0.0024,"lastBolusTime":1703106169664,"time":"2023-12-20T21:27:11.137Z"}},{"iob":0.272,"basaliob":-0.085,"bolussnooze":0,"activity":0.0032,"lastBolusTime":1703106169664,"time":"2023-12-20T21:32:11.137Z","iobWithZeroTemp":{"iob":-0.13,"basaliob":-0.487,"bolussnooze":0,"activity":0.0017,"lastBolusTime":1703106169664,"time":"2023-12-20T21:32:11.137Z"}},{"iob":0.256,"basaliob":-0.079,"bolussnooze":0,"activity":0.0033,"lastBolusTime":1703106169664,"time":"2023-12-20T21:37:11.137Z","iobWithZeroTemp":{"iob":-0.245,"basaliob":-0.58,"bolussnooze":0,"activity":0.0011,"lastBolusTime":1703106169664,"time":"2023-12-20T21:37:11.137Z"}},{"iob":0.24,"basaliob":-0.074,"bolussnooze":0,"activity":0.0031,"lastBolusTime":1703106169664,"time":"2023-12-20T21:42:11.137Z","iobWithZeroTemp":{"iob":-0.356,"basaliob":-0.67,"bolussnooze":0,"activity":1.0E-4,"lastBolusTime":1703106169664,"time":"2023-12-20T21:42:11.137Z"}},{"iob":0.225,"basaliob":-0.069,"bolussnooze":0,"activity":0.003,"lastBolusTime":1703106169664,"time":"2023-12-20T21:47:11.137Z","iobWithZeroTemp":{"iob":-0.462,"basaliob":-0.756,"bolussnooze":0,"activity":-9.0E-4,"lastBolusTime":1703106169664,"time":"2023-12-20T21:47:11.137Z"}},{"iob":0.209,"basaliob":-0.065,"bolussnooze":0,"activity":0.003,"lastBolusTime":1703106169664,"time":"2023-12-20T21:52:11.137Z","iobWithZeroTemp":{"iob":-0.565,"basaliob":-0.839,"bolussnooze":0,"activity":-0.0017,"lastBolusTime":1703106169664,"time":"2023-12-20T21:52:11.137Z"}},{"iob":0.195,"basaliob":-0.06,"bolussnooze":0,"activity":0.0028,"lastBolusTime":1703106169664,"time":"2023-12-20T21:57:11.137Z","iobWithZeroTemp":{"iob":-0.662,"basaliob":-0.917,"bolussnooze":0,"activity":-0.0028,"lastBolusTime":1703106169664,"time":"2023-12-20T21:57:11.137Z"}},{"iob":0.181,"basaliob":-0.056,"bolussnooze":0,"activity":0.0027,"lastBolusTime":1703106169664,"time":"2023-12-20T22:02:11.137Z","iobWithZeroTemp":{"iob":-0.754,"basaliob":-0.991,"bolussnooze":0,"activity":-0.0038,"lastBolusTime":1703106169664,"time":"2023-12-20T22:02:11.137Z"}},{"iob":0.168,"basaliob":-0.052,"bolussnooze":0,"activity":0.0025,"lastBolusTime":1703106169664,"time":"2023-12-20T22:07:11.137Z","iobWithZeroTemp":{"iob":-0.856,"basaliob":-1.076,"bolussnooze":0,"activity":-0.005,"lastBolusTime":1703106169664,"time":"2023-12-20T22:07:11.137Z"}},{"iob":0.156,"basaliob":-0.048,"bolussnooze":0,"activity":0.0025,"lastBolusTime":1703106169664,"time":"2023-12-20T22:12:11.137Z","iobWithZeroTemp":{"iob":-0.954,"basaliob":-1.158,"bolussnooze":0,"activity":-0.0059,"lastBolusTime":1703106169664,"time":"2023-12-20T22:12:11.137Z"}},{"iob":0.145,"basaliob":-0.044,"bolussnooze":0,"activity":0.0023,"lastBolusTime":1703106169664,"time":"2023-12-20T22:17:11.137Z","iobWithZeroTemp":{"iob":-1.045,"basaliob":-1.234,"bolussnooze":0,"activity":-0.007,"lastBolusTime":1703106169664,"time":"2023-12-20T22:17:11.137Z"}},{"iob":0.133,"basaliob":-0.041,"bolussnooze":0,"activity":0.0021,"lastBolusTime":1703106169664,"time":"2023-12-20T22:22:11.137Z","iobWithZeroTemp":{"iob":-1.148,"basaliob":-1.322,"bolussnooze":0,"activity":-0.0082,"lastBolusTime":1703106169664,"time":"2023-12-20T22:22:11.137Z"}},{"iob":0.123,"basaliob":-0.038,"bolussnooze":0,"activity":0.002,"lastBolusTime":1703106169664,"time":"2023-12-20T22:27:11.137Z","iobWithZeroTemp":{"iob":-1.229,"basaliob":-1.39,"bolussnooze":0,"activity":-0.0093,"lastBolusTime":1703106169664,"time":"2023-12-20T22:27:11.137Z"}},{"iob":0.113,"basaliob":-0.035,"bolussnooze":0,"activity":0.0018,"lastBolusTime":1703106169664,"time":"2023-12-20T22:32:11.137Z","iobWithZeroTemp":{"iob":-1.306,"basaliob":-1.454,"bolussnooze":0,"activity":-0.0103,"lastBolusTime":1703106169664,"time":"2023-12-20T22:32:11.137Z"}},{"iob":0.104,"basaliob":-0.032,"bolussnooze":0,"activity":0.0018,"lastBolusTime":1703106169664,"time":"2023-12-20T22:37:11.137Z","iobWithZeroTemp":{"iob":-1.377,"basaliob":-1.513,"bolussnooze":0,"activity":-0.0112,"lastBolusTime":1703106169664,"time":"2023-12-20T22:37:11.137Z"}},{"iob":0.096,"basaliob":-0.029,"bolussnooze":0,"activity":0.0016,"lastBolusTime":1703106169664,"time":"2023-12-20T22:42:11.137Z","iobWithZeroTemp":{"iob":-1.443,"basaliob":-1.568,"bolussnooze":0,"activity":-0.0122,"lastBolusTime":1703106169664,"time":"2023-12-20T22:42:11.137Z"}},{"iob":0.088,"basaliob":-0.027,"bolussnooze":0,"activity":0.0015,"lastBolusTime":1703106169664,"time":"2023-12-20T22:47:11.137Z","iobWithZeroTemp":{"iob":-1.505,"basaliob":-1.62,"bolussnooze":0,"activity":-0.0131,"lastBolusTime":1703106169664,"time":"2023-12-20T22:47:11.137Z"}},{"iob":0.081,"basaliob":-0.025,"bolussnooze":0,"activity":0.0014,"lastBolusTime":1703106169664,"time":"2023-12-20T22:52:11.137Z","iobWithZeroTemp":{"iob":-1.562,"basaliob":-1.668,"bolussnooze":0,"activity":-0.014,"lastBolusTime":1703106169664,"time":"2023-12-20T22:52:11.137Z"}},{"iob":0.075,"basaliob":-0.022,"bolussnooze":0,"activity":0.0013,"lastBolusTime":1703106169664,"time":"2023-12-20T22:57:11.137Z","iobWithZeroTemp":{"iob":-1.614,"basaliob":-1.711,"bolussnooze":0,"activity":-0.0148,"lastBolusTime":1703106169664,"time":"2023-12-20T22:57:11.137Z"}},{"iob":0.068,"basaliob":-0.021,"bolussnooze":0,"activity":0.0012,"lastBolusTime":1703106169664,"time":"2023-12-20T23:02:11.137Z","iobWithZeroTemp":{"iob":-1.664,"basaliob":-1.753,"bolussnooze":0,"activity":-0.0155,"lastBolusTime":1703106169664,"time":"2023-12-20T23:02:11.137Z"}},{"iob":0.062,"basaliob":-0.019,"bolussnooze":0,"activity":0.0012,"lastBolusTime":1703106169664,"time":"2023-12-20T23:07:11.137Z","iobWithZeroTemp":{"iob":-1.718,"basaliob":-1.799,"bolussnooze":0,"activity":-0.0162,"lastBolusTime":1703106169664,"time":"2023-12-20T23:07:11.137Z"}},{"iob":0.057,"basaliob":-0.017,"bolussnooze":0,"activity":0.001,"lastBolusTime":1703106169664,"time":"2023-12-20T23:12:11.137Z","iobWithZeroTemp":{"iob":-1.768,"basaliob":-1.842,"bolussnooze":0,"activity":-0.017,"lastBolusTime":1703106169664,"time":"2023-12-20T23:12:11.137Z"}},{"iob":0.052,"basaliob":-0.016,"bolussnooze":0,"activity":9.0E-4,"lastBolusTime":1703106169664,"time":"2023-12-20T23:17:11.137Z","iobWithZeroTemp":{"iob":-1.815,"basaliob":-1.883,"bolussnooze":0,"activity":-0.0177,"lastBolusTime":1703106169664,"time":"2023-12-20T23:17:11.137Z"}},{"iob":0.048,"basaliob":-0.014,"bolussnooze":0,"activity":8.0E-4,"lastBolusTime":1703106169664,"time":"2023-12-20T23:22:11.137Z","iobWithZeroTemp":{"iob":-1.858,"basaliob":-1.92,"bolussnooze":0,"activity":-0.0183,"lastBolusTime":1703106169664,"time":"2023-12-20T23:22:11.137Z"}},{"iob":0.043,"basaliob":-0.013,"bolussnooze":0,"activity":8.0E-4,"lastBolusTime":1703106169664,"time":"2023-12-20T23:27:11.137Z","iobWithZeroTemp":{"iob":-1.899,"basaliob":-1.955,"bolussnooze":0,"activity":-0.0189,"lastBolusTime":1703106169664,"time":"2023-12-20T23:27:11.137Z"}},{"iob":0.039,"basaliob":-0.012,"bolussnooze":0,"activity":8.0E-4,"lastBolusTime":1703106169664,"time":"2023-12-20T23:32:11.137Z","iobWithZeroTemp":{"iob":-1.937,"basaliob":-1.988,"bolussnooze":0,"activity":-0.0194,"lastBolusTime":1703106169664,"time":"2023-12-20T23:32:11.137Z"}},{"iob":0.036,"basaliob":-0.011,"bolussnooze":0,"activity":7.0E-4,"lastBolusTime":1703106169664,"time":"2023-12-20T23:37:11.137Z","iobWithZeroTemp":{"iob":-1.971,"basaliob":-2.018,"bolussnooze":0,"activity":-0.02,"lastBolusTime":1703106169664,"time":"2023-12-20T23:37:11.137Z"}},{"iob":0.032,"basaliob":-0.01,"bolussnooze":0,"activity":6.0E-4,"lastBolusTime":1703106169664,"time":"2023-12-20T23:42:11.137Z","iobWithZeroTemp":{"iob":-2.004,"basaliob":-2.046,"bolussnooze":0,"activity":-0.0205,"lastBolusTime":1703106169664,"time":"2023-12-20T23:42:11.137Z"}},{"iob":0.029,"basaliob":-0.009,"bolussnooze":0,"activity":5.0E-4,"lastBolusTime":1703106169664,"time":"2023-12-20T23:47:11.137Z","iobWithZeroTemp":{"iob":-2.034,"basaliob":-2.072,"bolussnooze":0,"activity":-0.0211,"lastBolusTime":1703106169664,"time":"2023-12-20T23:47:11.137Z"}},{"iob":0.027,"basaliob":-0.008,"bolussnooze":0,"activity":5.0E-4,"lastBolusTime":1703106169664,"time":"2023-12-20T23:52:11.137Z","iobWithZeroTemp":{"iob":-2.066,"basaliob":-2.101,"bolussnooze":0,"activity":-0.0215,"lastBolusTime":1703106169664,"time":"2023-12-20T23:52:11.137Z"}},{"iob":0.025,"basaliob":-0.007,"bolussnooze":0,"activity":5.0E-4,"lastBolusTime":1703106169664,"time":"2023-12-20T23:57:11.137Z","iobWithZeroTemp":{"iob":-2.09,"basaliob":-2.122,"bolussnooze":0,"activity":-0.0219,"lastBolusTime":1703106169664,"time":"2023-12-20T23:57:11.137Z"}},{"iob":0.022,"basaliob":-0.007,"bolussnooze":0,"activity":5.0E-4,"lastBolusTime":1703106169664,"time":"2023-12-21T00:02:11.137Z","iobWithZeroTemp":{"iob":-2.113,"basaliob":-2.142,"bolussnooze":0,"activity":-0.0223,"lastBolusTime":1703106169664,"time":"2023-12-21T00:02:11.137Z"}},{"iob":0.02,"basaliob":-0.006,"bolussnooze":0,"activity":4.0E-4,"lastBolusTime":1703106169664,"time":"2023-12-21T00:07:11.137Z","iobWithZeroTemp":{"iob":-2.126,"basaliob":-2.152,"bolussnooze":0,"activity":-0.0227,"lastBolusTime":1703106169664,"time":"2023-12-21T00:07:11.137Z"}},{"iob":0.019,"basaliob":-0.005,"bolussnooze":0,"activity":4.0E-4,"lastBolusTime":1703106169664,"time":"2023-12-21T00:12:11.137Z","iobWithZeroTemp":{"iob":-2.136,"basaliob":-2.16,"bolussnooze":0,"activity":-0.0229,"lastBolusTime":1703106169664,"time":"2023-12-21T00:12:11.137Z"}},{"iob":0.016,"basaliob":-0.005,"bolussnooze":0,"activity":3.0E-4,"lastBolusTime":1703106169664,"time":"2023-12-21T00:17:11.137Z","iobWithZeroTemp":{"iob":-2.147,"basaliob":-2.168,"bolussnooze":0,"activity":-0.0233,"lastBolusTime":1703106169664,"time":"2023-12-21T00:17:11.137Z"}},{"iob":0.015,"basaliob":-0.004,"bolussnooze":0,"activity":3.0E-4,"lastBolusTime":1703106169664,"time":"2023-12-21T00:22:11.137Z","iobWithZeroTemp":{"iob":-2.155,"basaliob":-2.174,"bolussnooze":0,"activity":-0.0235,"lastBolusTime":1703106169664,"time":"2023-12-21T00:22:11.137Z"}},{"iob":0.013,"basaliob":-0.004,"bolussnooze":0,"activity":3.0E-4,"lastBolusTime":1703106169664,"time":"2023-12-21T00:27:11.137Z","iobWithZeroTemp":{"iob":-2.162,"basaliob":-2.179,"bolussnooze":0,"activity":-0.0237,"lastBolusTime":1703106169664,"time":"2023-12-21T00:27:11.137Z"}},{"iob":0.012,"basaliob":-0.004,"bolussnooze":0,"activity":2.0E-4,"lastBolusTime":1703106169664,"time":"2023-12-21T00:32:11.137Z","iobWithZeroTemp":{"iob":-2.168,"basaliob":-2.184,"bolussnooze":0,"activity":-0.0239,"lastBolusTime":1703106169664,"time":"2023-12-21T00:32:11.137Z"}},{"iob":0.011,"basaliob":-0.003,"bolussnooze":0,"activity":2.0E-4,"lastBolusTime":1703106169664,"time":"2023-12-21T00:37:11.137Z","iobWithZeroTemp":{"iob":-2.173,"basaliob":-2.187,"bolussnooze":0,"activity":-0.0241,"lastBolusTime":1703106169664,"time":"2023-12-21T00:37:11.137Z"}},{"iob":0.01,"basaliob":-0.003,"bolussnooze":0,"activity":2.0E-4,"lastBolusTime":1703106169664,"time":"2023-12-21T00:42:11.137Z","iobWithZeroTemp":{"iob":-2.178,"basaliob":-2.191,"bolussnooze":0,"activity":-0.0242,"lastBolusTime":1703106169664,"time":"2023-12-21T00:42:11.137Z"}},{"iob":0.008,"basaliob":-0.003,"bolussnooze":0,"activity":1.0E-4,"lastBolusTime":1703106169664,"time":"2023-12-21T00:47:11.137Z","iobWithZeroTemp":{"iob":-2.183,"basaliob":-2.194,"bolussnooze":0,"activity":-0.0244,"lastBolusTime":1703106169664,"time":"2023-12-21T00:47:11.137Z"}},{"iob":0.008,"basaliob":-0.002,"bolussnooze":0,"activity":1.0E-4,"lastBolusTime":1703106169664,"time":"2023-12-21T00:52:11.137Z","iobWithZeroTemp":{"iob":-2.185,"basaliob":-2.195,"bolussnooze":0,"activity":-0.0245,"lastBolusTime":1703106169664,"time":"2023-12-21T00:52:11.137Z"}},{"iob":0.007,"basaliob":-0.002,"bolussnooze":0,"activity":2.0E-4,"lastBolusTime":1703106169664,"time":"2023-12-21T00:57:11.137Z","iobWithZeroTemp":{"iob":-2.188,"basaliob":-2.197,"bolussnooze":0,"activity":-0.0244,"lastBolusTime":1703106169664,"time":"2023-12-21T00:57:11.137Z"}},{"iob":0.006,"basaliob":-0.002,"bolussnooze":0,"activity":2.0E-4,"lastBolusTime":1703106169664,"time":"2023-12-21T01:02:11.137Z","iobWithZeroTemp":{"iob":-2.191,"basaliob":-2.199,"bolussnooze":0,"activity":-0.0245,"lastBolusTime":1703106169664,"time":"2023-12-21T01:02:11.137Z"}},{"iob":0.006,"basaliob":-0.002,"bolussnooze":0,"activity":2.0E-4,"lastBolusTime":1703106169664,"time":"2023-12-21T01:07:11.137Z","iobWithZeroTemp":{"iob":-2.192,"basaliob":-2.2,"bolussnooze":0,"activity":-0.0246,"lastBolusTime":1703106169664,"time":"2023-12-21T01:07:11.137Z"}}],"profile":{"max_iob":20,"type":"current","max_daily_basal":1.6,"max_basal":4.8,"min_bg":81,"max_bg":81,"target_bg":81,"carb_ratio":4.5,"sens":63,"max_daily_safety_multiplier":3,"current_basal_safety_multiplier":4,"high_temptarget_raises_sensitivity":false,"low_temptarget_lowers_sensitivity":false,"sensitivity_raises_target":false,"resistance_lowers_target":false,"adv_target_adjustments":false,"exercise_mode":false,"half_basal_exercise_target":160,"maxCOB":120,"skip_neutral_temps":false,"remainingCarbsCap":90,"enableUAM":true,"A52_risk_enable":false,"SMBInterval":3,"enableSMB_with_COB":false,"enableSMB_with_temptarget":false,"allowSMB_with_high_temptarget":true,"enableSMB_always":true,"enableSMB_after_carbs":false,"maxSMBBasalMinutes":120,"maxUAMSMBBasalMinutes":120,"bolus_increment":0.05,"carbsReqThreshold":1,"current_basal":1.3,"temptargetSet":true,"autosens_max":1.8,"out_units":"mmol\/L"},"autosens_data":{"ratio":1},"meal_data":{"carbs":0,"mealCOB":0,"slopeFromMaxDeviation":-2.0553333333333335,"slopeFromMinDeviation":0.14166666666666666,"lastBolusTime":1703106169664,"lastCarbTime":0},"microBolusAllowed":true,"currentTime":1703106732798,"flatBGsDetected":false},"output":{"temp":"absolute","bg":98,"tick":-5,"eventualBG":82,"targetBG":81,"insulinReq":0,"deliverAt":"2023-12-20T21:12:12.798Z","sensitivityRatio":1,"predBGs":{"IOB":[98,93,89,85,81,78,75,72,70,68,66,65,64,64,63,62,62,61,61,60,60,59,59,58,58,58,57,57,57,57,56,56,56,56,56,56,55],"ZT":[98,97,96,95,94,94,93,93,94,94]},"COB":0,"IOB":0.337,"reason":"COB: 0, Dev: 0.3, BGI: -0.1, ISF: 3.5, CR: 4.5, Target: 4.5, minPredBG 4.1, minGuardBG 3.1, IOBpredBG 3.1; minGuardBG 3.1<3.4","duration":30,"rate":0,"timestamp":"2023-12-20T21:12:12.949Z"}}