{"algorithm":"OpenAPSSMBPlugin","input":{"glucoseStatus":{"glucose":101,"noise":0,"delta":0,"short_avgdelta":-0.39,"long_avgdelta":0.18,"date":1703102202788},"currenttemp":{"temp":"absolute","duration":26,"rate":0.3,"minutesrunning":4},"iob_data":[{"iob":0.174,"basaliob":-0.045,"bolussnooze":0,"activity":0.0018,"lastBolusTime":1703101349071,"time":"2023-12-20T19:57:06.934Z","iobWithZeroTemp":{"iob":0.174,"basaliob":-0.045,"bolussnooze":0,"activity":0.0018,"lastBolusTime":1703101349071,"time":"2023-12-20T19:57:06.934Z"}},{"iob":0.165,"basaliob":-0.041,"bolussnooze":0,"activity":0.0018,"lastBolusTime":1703101349071,"time":"2023-12-20T20:02:06.934Z","iobWithZeroTemp":{"iob":0.115,"basaliob":-0.091,"bolussnooze":0,"activity":0.0018,"lastBolusTime":1703101349071,"time":"2023-12-20T20:02:06.934Z"}},{"iob":0.156,"basaliob":-0.037,"bolussnooze":0,"activity":0.0018,"lastBolusTime":1703101349071,"time":"2023-12-20T20:07:06.934Z","iobWithZeroTemp":{"iob":0.044,"basaliob":-0.149,"bolussnooze":0,"activity":0.0016,"lastBolusTime":1703101349071,"time":"2023-12-20T20:07:06.934Z"}},{"iob":0.147,"basaliob":-0.034,"bolussnooze":0,"activity":0.0018,"lastBolusTime":1703101349071,"time":"2023-12-20T20:12:06.934Z","iobWithZeroTemp":{"iob":-0.026,"basaliob":-0.207,"bolussnooze":0,"activity":0.0013,"lastBolusTime":1703101349071,"time":"2023-12-20T20:12:06.934Z"}},{"iob":0.138,"basaliob":-0.031,"bolussnooze":0,"activity":0.0017,"lastBolusTime":1703101349071,"time":"2023-12-20T20:17:06.934Z","iobWithZeroTemp":{"iob":-0.094,"basaliob":-0.263,"bolussnooze":0,"activity":8.0E-4,"lastBolusTime":1703101349071,"time":"2023-12-20T20:17:06.934Z"}},{"iob":0.13,"basaliob":-0.028,"bolussnooze":0,"activity":0.0017,"lastBolusTime":1703101349071,"time":"2023-12-20T20:22:06.934Z","iobWithZeroTemp":{"iob":-0.159,"basaliob":-0.317,"bolussnooze":0,"activity":4.0E-4,"lastBolusTime":1703101349071,"time":"2023-12-20T20:22:06.934Z"}},{"iob":0.122,"basaliob":-0.025,"bolussnooze":0,"activity":0.0016,"lastBolusTime":1703101349071,"time":"2023-12-20T20:27:06.934Z","iobWithZeroTemp":{"iob":-0.222,"basaliob":-0.369,"bolussnooze":0,"activity":-1.0E-4,"lastBolusTime":1703101349071,"time":"2023-12-20T20:27:06.934Z"}},{"iob":0.113,"basaliob":-0.023,"bolussnooze":0,"activity":0.0016,"lastBolusTime":1703101349071,"time":"2023-12-20T20:32:06.934Z","iobWithZeroTemp":{"iob":-0.284,"basaliob":-0.42,"bolussnooze":0,"activity":-6.0E-4,"lastBolusTime":1703101349071,"time":"2023-12-20T20:32:06.934Z"}},{"iob":0.105,"basaliob":-0.021,"bolussnooze":0,"activity":0.0015,"lastBolusTime":1703101349071,"time":"2023-12-20T20:37:06.934Z","iobWithZeroTemp":{"iob":-0.342,"basaliob":-0.468,"bolussnooze":0,"activity":-0.0012,"lastBolusTime":1703101349071,"time":"2023-12-20T20:37:06.934Z"}},{"iob":0.098,"basaliob":-0.019,"bolussnooze":0,"activity":0.0014,"lastBolusTime":1703101349071,"time":"2023-12-20T20:42:06.934Z","iobWithZeroTemp":{"iob":-0.396,"basaliob":-0.513,"bolussnooze":0,"activity":-0.0019,"lastBolusTime":1703101349071,"time":"2023-12-20T20:42:06.934Z"}},{"iob":0.091,"basaliob":-0.017,"bolussnooze":0,"activity":0.0014,"lastBolusTime":1703101349071,"time":"2023-12-20T20:47:06.934Z","iobWithZeroTemp":{"iob":-0.448,"basaliob":-0.556,"bolussnooze":0,"activity":-0.0024,"lastBolusTime":1703101349071,"time":"2023-12-20T20:47:06.934Z"}},{"iob":0.085,"basaliob":-0.015,"bolussnooze":0,"activity":0.0013,"lastBolusTime":1703101349071,"time":"2023-12-20T20:52:06.934Z","iobWithZeroTemp":{"iob":-0.497,"basaliob":-0.597,"bolussnooze":0,"activity":-0.003,"lastBolusTime":1703101349071,"time":"2023-12-20T20:52:06.934Z"}},{"iob":0.078,"basaliob":-0.014,"bolussnooze":0,"activity":0.0012,"lastBolusTime":1703101349071,"time":"2023-12-20T20:57:06.934Z","iobWithZeroTemp":{"iob":-0.543,"basaliob":-0.635,"bolussnooze":0,"activity":-0.0036,"lastBolusTime":1703101349071,"time":"2023-12-20T20:57:06.934Z"}},{"iob":0.072,"basaliob":-0.013,"bolussnooze":0,"activity":0.0011,"lastBolusTime":1703101349071,"time":"2023-12-20T21:02:06.934Z","iobWithZeroTemp":{"iob":-0.587,"basaliob":-0.672,"bolussnooze":0,"activity":-0.0042,"lastBolusTime":1703101349071,"time":"2023-12-20T21:02:06.934Z"}},{"iob":0.067,"basaliob":-0.011,"bolussnooze":0,"activity":0.0011,"lastBolusTime":1703101349071,"time":"2023-12-20T21:07:06.934Z","iobWithZeroTemp":{"iob":-0.672,"basaliob":-0.75,"bolussnooze":0,"activity":-0.0047,"lastBolusTime":1703101349071,"time":"2023-12-20T21:07:06.934Z"}},{"iob":0.062,"basaliob":-0.01,"bolussnooze":0,"activity":0.001,"lastBolusTime":1703101349071,"time":"2023-12-20T21:12:06.934Z","iobWithZeroTemp":{"iob":-0.754,"basaliob":-0.826,"bolussnooze":0,"activity":-0.0054,"lastBolusTime":1703101349071,"time":"2023-12-20T21:12:06.934Z"}},{"iob":0.057,"basaliob":-0.009,"bolussnooze":0,"activity":9.0E-4,"lastBolusTime":1703101349071,"time":"2023-12-20T21:17:06.934Z","iobWithZeroTemp":{"iob":-0.833,"basaliob":-0.899,"bolussnooze":0,"activity":-0.0062,"lastBolusTime":1703101349071,"time":"2023-12-20T21:17:06.934Z"}},{"iob":0.052,"basaliob":-0.008,"bolussnooze":0,"activity":9.0E-4,"lastBolusTime":1703101349071,"time":"2023-12-20T21:22:06.934Z","iobWithZeroTemp":{"iob":-0.909,"basaliob":-0.969,"bolussnooze":0,"activity":-0.0068,"lastBolusTime":1703101349071,"time":"2023-12-20T21:22:06.934Z"}},{"iob":0.048,"basaliob":-0.007,"bolussnooze":0,"activity":8.0E-4,"lastBolusTime":1703101349071,"time":"2023-12-20T21:27:06.934Z","iobWithZeroTemp":{"iob":-0.981,"basaliob":-1.036,"bolussnooze":0,"activity":-0.0076,"lastBolusTime":1703101349071,"time":"2023-12-20T21:27:06.934Z"}},{"iob":0.043,"basaliob":-0.007,"bolussnooze":0,"activity":8.0E-4,"lastBolusTime":1703101349071,"time":"2023-12-20T21:32:06.934Z","iobWithZeroTemp":{"iob":-1.05,"basaliob":-1.1,"bolussnooze":0,"activity":-0.0084,"lastBolusTime":1703101349071,"time":"2023-12-20T21:32:06.934Z"}},{"iob":0.04,"basaliob":-0.006,"bolussnooze":0,"activity":7.0E-4,"lastBolusTime":1703101349071,"time":"2023-12-20T21:37:06.934Z","iobWithZeroTemp":{"iob":-1.15,"basaliob":-1.196,"bolussnooze":0,"activity":-0.0095,"lastBolusTime":1703101349071,"time":"2023-12-20T21:37:06.934Z"}},{"iob":0.037,"basaliob":-0.005,"bolussnooze":0,"activity":7.0E-4,"lastBolusTime":1703101349071,"time":"2023-12-20T21:42:06.934Z","iobWithZeroTemp":{"iob":-1.208,"basaliob":-1.25,"bolussnooze":0,"activity":-0.0103,"lastBolusTime":1703101349071,"time":"2023-12-20T21:42:06.934Z"}},{"iob":0.033,"basaliob":-0.005,"bolussnooze":0,"activity":6.0E-4,"lastBolusTime":1703101349071,"time":"2023-12-20T21:47:06.934Z","iobWithZeroTemp":{"iob":-1.264,"basaliob":-1.302,"bolussnooze":0,"activity":-0.011,"lastBolusTime":1703101349071,"time":"2023-12-20T21:47:06.934Z"}},{"iob":0.031,"basaliob":-0.004,"bolussnooze":0,"activity":5.0E-4,"lastBolusTime":1703101349071,"time":"2023-12-20T21:52:06.934Z","iobWithZeroTemp":{"iob":-1.314,"basaliob":-1.349,"bolussnooze":0,"activity":-0.0118,"lastBolusTime":1703101349071,"time":"2023-12-20T21:52:06.934Z"}},{"iob":0.028,"basaliob":-0.004,"bolussnooze":0,"activity":5.0E-4,"lastBolusTime":1703101349071,"time":"2023-12-20T21:57:06.934Z","iobWithZeroTemp":{"iob":-1.362,"basaliob":-1.394,"bolussnooze":0,"activity":-0.0124,"lastBolusTime":1703101349071,"time":"2023-12-20T21:57:06.934Z"}},{"iob":0.026,"basaliob":-0.003,"bolussnooze":0,"activity":4.0E-4,"lastBolusTime":1703101349071,"time":"2023-12-20T22:02:06.934Z","iobWithZeroTemp":{"iob":-1.406,"basaliob":-1.435,"bolussnooze":0,"activity":-0.0132,"lastBolusTime":1703101349071,"time":"2023-12-20T22:02:06.934Z"}},{"iob":0.023,"basaliob":-0.003,"bolussnooze":0,"activity":4.0E-4,"lastBolusTime":1703101349071,"time":"2023-12-20T22:07:06.934Z","iobWithZeroTemp":{"iob":-1.465,"basaliob":-1.491,"bolussnooze":0,"activity":-0.0138,"lastBolusTime":1703101349071,"time":"2023-12-20T22:07:06.934Z"}},{"iob":0.021,"basaliob":-0.003,"bolussnooze":0,"activity":4.0E-4,"lastBolusTime":1703101349071,"time":"2023-12-20T22:12:06.934Z","iobWithZeroTemp":{"iob":-1.519,"basaliob":-1.543,"bolussnooze":0,"activity":-0.0144,"lastBolusTime":1703101349071,"time":"2023-12-20T22:12:06.934Z"}},{"iob":0.02,"basaliob":-0.002,"bolussnooze":0,"activity":3.0E-4,"lastBolusTime":1703101349071,"time":"2023-12-20T22:17:06.934Z","iobWithZeroTemp":{"iob":-1.57,"basaliob":-1.592,"bolussnooze":0,"activity":-0.0151,"lastBolusTime":1703101349071,"time":"2023-12-20T22:17:06.934Z"}},{"iob":0.018,"basaliob":-0.002,"bolussnooze":0,"activity":4.0E-4,"lastBolusTime":1703101349071,"time":"2023-12-20T22:22:06.934Z","iobWithZeroTemp":{"iob":-1.619,"basaliob":-1.639,"bolussnooze":0,"activity":-0.0155,"lastBolusTime":1703101349071,"time":"2023-12-20T22:22:06.934Z"}},{"iob":0.016,"basaliob":-0.002,"bolussnooze":0,"activity":4.0E-4,"lastBolusTime":1703101349071,"time":"2023-12-20T22:27:06.934Z","iobWithZeroTemp":{"iob":-1.664,"basaliob":-1.682,"bolussnooze":0,"activity":-0.0161,"lastBolusTime":1703101349071,"time":"2023-12-20T22:27:06.934Z"}},{"iob":0.014,"basaliob":-0.002,"bolussnooze":0,"activity":3.0E-4,"lastBolusTime":1703101349071,"time":"2023-12-20T22:32:06.934Z","iobWithZeroTemp":{"iob":-1.707,"basaliob":-1.723,"bolussnooze":0,"activity":-0.0168,"lastBolusTime":1703101349071,"time":"2023-12-20T22:32:06.934Z"}},{"iob":0.013,"basaliob":-0.002,"bolussnooze":0,"activity":3.0E-4,"lastBolusTime":1703101349071,"time":"2023-12-20T22:37:06.934Z","iobWithZeroTemp":{"iob":-1.747,"basaliob":-1.762,"bolussnooze":0,"activity":-0.0173,"lastBolusTime":1703101349071,"time":"2023-12-20T22:37:06.934Z"}},{"iob":0.012,"basaliob":-0.001,"bolussnooze":0,"activity":3.0E-4,"lastBolusTime":1703101349071,"time":"2023-12-20T22:42:06.934Z","iobWithZeroTemp":{"iob":-1.783,"basaliob":-1.796,"bolussnooze":0,"activity":-0.0178,"lastBolusTime":1703101349071,"time":"2023-12-20T22:42:06.934Z"}},{"iob":0.011,"basaliob":-0.001,"bolussnooze":0,"activity":2.0E-4,"lastBolusTime":1703101349071,"time":"2023-12-20T22:47:06.934Z","iobWithZeroTemp":{"iob":-1.817,"basaliob":-1.829,"bolussnooze":0,"activity":-0.0184,"lastBolusTime":1703101349071,"time":"2023-12-20T22:47:06.934Z"}},{"iob":0.01,"basaliob":-0.001,"bolussnooze":0,"activity":2.0E-4,"lastBolusTime":1703101349071,"time":"2023-12-20T22:52:06.934Z","iobWithZeroTemp":{"iob":-1.849,"basaliob":-1.86,"bolussnooze":0,"activity":-0.0189,"lastBolusTime":1703101349071,"time":"2023-12-20T22:52:06.934Z"}},{"iob":0.009,"basaliob":-0.001,"bolussnooze":0,"activity":2.0E-4,"lastBolusTime":1703101349071,"time":"2023-12-20T22:57:06.934Z","iobWithZeroTemp":{"iob":-1.879,"basaliob":-1.889,"bolussnooze":0,"activity":-0.0193,"lastBolusTime":1703101349071,"time":"2023-12-20T22:57:06.934Z"}},{"iob":0.008,"basaliob":-0.001,"bolussnooze":0,"activity":2.0E-4,"lastBolusTime":1703101349071,"time":"2023-12-20T23:02:06.934Z","iobWithZeroTemp":{"iob":-1.906,"basaliob":-1.915,"bolussnooze":0,"activity":-0.0197,"lastBolusTime":1703101349071,"time":"2023-12-20T23:02:06.934Z"}},{"iob":0.007,"basaliob":-0.001,"bolussnooze":0,"activity":2.0E-4,"lastBolusTime":1703101349071,"time":"2023-12-20T23:07:06.934Z","iobWithZeroTemp":{"iob":-1.94,"basaliob":-1.948,"bolussnooze":0,"activity":-0.0201,"lastBolusTime":1703101349071,"time":"2023-12-20T23:07:06.934Z"}},{"iob":0.006,"basaliob":-0.001,"bolussnooze":0,"activity":2.0E-4,"lastBolusTime":1703101349071,"time":"2023-12-20T23:12:06.934Z","iobWithZeroTemp":{"iob":-1.98,"basaliob":-1.987,"bolussnooze":0,"activity":-0.0206,"lastBolusTime":1703101349071,"time":"2023-12-20T23:12:06.934Z"}},{"iob":0.005,"basaliob":-0.001,"bolussnooze":0,"activity":1.0E-4,"lastBolusTime":1703101349071,"time":"2023-12-20T23:17:06.934Z","iobWithZeroTemp":{"iob":-2.009,"basaliob":-2.015,"bolussnooze":0,"activity":-0.0211,"lastBolusTime":1703101349071,"time":"2023-12-20T23:17:06.934Z"}},{"iob":0.005,"basaliob":-0.001,"bolussnooze":0,"activity":1.0E-4,"lastBolusTime":1703101349071,"time":"2023-12-20T23:22:06.934Z","iobWithZeroTemp":{"iob":-2.036,"basaliob":-2.042,"bolussnooze":0,"activity":-0.0215,"lastBolusTime":1703101349071,"time":"2023-12-20T23:22:06.934Z"}},{"iob":0.005,"basaliob":0,"bolussnooze":0,"activity":1.0E-4,"lastBolusTime":1703101349071,"time":"2023-12-20T23:27:06.934Z","iobWithZeroTemp":{"iob":-2.06,"basaliob":-2.065,"bolussnooze":0,"activity":-0.0218,"lastBolusTime":1703101349071,"time":"2023-12-20T23:27:06.934Z"}},{"iob":0.005,"basaliob":0,"bolussnooze":0,"activity":1.0E-4,"lastBolusTime":1703101349071,"time":"2023-12-20T23:32:06.934Z","iobWithZeroTemp":{"iob":-2.083,"basaliob":-2.088,"bolussnooze":0,"activity":-0.0222,"lastBolusTime":1703101349071,"time":"2023-12-20T23:32:06.934Z"}},{"iob":0.004,"basaliob":0,"bolussnooze":0,"activity":1.0E-4,"lastBolusTime":1703101349071,"time":"2023-12-20T23:37:06.934Z","iobWithZeroTemp":{"iob":-2.106,"basaliob":-2.11,"bolussnooze":0,"activity":-0.0225,"lastBolusTime":1703101349071,"time":"2023-12-20T23:37:06.934Z"}},{"iob":0.004,"basaliob":0,"bolussnooze":0,"activity":1.0E-4,"lastBolusTime":1703101349071,"time":"2023-12-20T23:42:06.934Z","iobWithZeroTemp":{"iob":-2.125,"basaliob":-2.129,"bolussnooze":0,"activity":-0.0228,"lastBolusTime":1703101349071,"time":"2023-12-20T23:42:06.934Z"}},{"iob":0.003,"basaliob":0,"bolussnooze":0,"activity":1.0E-4,"lastBolusTime":1703101349071,"time":"2023-12-20T23:47:06.934Z","iobWithZeroTemp":{"iob":-2.145,"basaliob":-2.148,"bolussnooze":0,"activity":-0.0231,"lastBolusTime":1703101349071,"time":"2023-12-20T23:47:06.934Z"}},{"iob":0.003,"basaliob":0,"bolussnooze":0,"activity":1.0E-4,"lastBolusTime":1703101349071,"time":"2023-12-20T23:52:06.934Z","iobWithZeroTemp":{"iob":-2.161,"basaliob":-2.164,"bolussnooze":0,"activity":-0.0233,"lastBolusTime":1703101349071,"time":"2023-12-20T23:52:06.934Z"}}],"profile":{"max_iob":20,"type":"current","max_daily_basal":1.6,"max_basal":2.4,"min_bg":90,"max_bg":90,"target_bg":90,"carb_ratio":4.5,"sens":90,"max_daily_safety_multiplier":3,"current_basal_safety_multiplier":4,"high_temptarget_raises_sensitivity":false,"low_temptarget_lowers_sensitivity":false,"sensitivity_raises_target":false,"resistance_lowers_target":false,"adv_target_adjustments":false,"exercise_mode":false,"half_basal_exercise_target":160,"maxCOB":120,"skip_neutral_temps":false,"remainingCarbsCap":90,"enableUAM":true,"A52_risk_enable":false,"SMBInterval":3,"enableSMB_with_COB":false,"enableSMB_with_temptarget":false,"allowSMB_with_high_temptarget":true,"enableSMB_always":true,"enableSMB_after_carbs":false,"maxSMBBasalMinutes":120,"maxUAMSMBBasalMinutes":120,"bolus_increment":0.05,"carbsReqThreshold":1,"current_basal":0.6,"temptargetSet":false,"autosens_max":1.8,"out_units":"mmol\/L"},"autosens_data":{"ratio":1},"meal_data":{"carbs":0,"mealCOB":0,"slopeFromMaxDeviation":-0.1965,"slopeFromMinDeviation":0,"lastBolusTime":1703101349071,"lastCarbTime":0},"microBolusAllowed":true,"currentTime":1703102229976,"flatBGsDetected":false},"output":{"temp":"absolute","bg":101,"tick":"+0","eventualBG":88,"targetBG":90,"insulinReq":0,"deliverAt":"2023-12-20T19:57:09.976Z","sensitivityRatio":1,"predBGs":{"IOB":[101,101,100,100,99,98,98,97,97,96,96,95,94,94,93,93,93,92,92,91,91,91,90,90,90,90,89,89,89,89,89,89,89,88,88,88,88,88,88,88,88,88,88,88,88,87],"ZT":[101,100,99,99,98,98,98,98,98,98],"UAM":[101,100,100,99,98,97,96,96,95,94,94,93,92,92,91,91,91,90,90,89,89,89,88,88,88,88,87,87,87,87,87,87,87,86,86,86,86,86,86,86,86,86,86,86,86,85]},"COB":0,"IOB":0.174,"reason":"COB: 0, Dev: 0.2, BGI: 0.0, ISF: 5.0, CR: 4.5, Target: 5.0, minPredBG 5.1, minGuardBG 4.7, IOBpredBG 4.8, UAMpredBG 4.7; Eventual BG 4.9 < 5.0, temp 0.3 ~< req 0.56U\/hr. ","timestamp":"2023-12-20T19:57:10.111Z"}}