{"algorithm":"OpenAPSSMBPlugin","input":{"glucoseStatus":{"glucose":70,"noise":0,"delta":2,"short_avgdelta":0.94,"long_avgdelta":-0.24,"date":1703032601752},"currenttemp":{"temp":"absolute","duration":25,"rate":0,"minutesrunning":5},"iob_data":[{"iob":-0.139,"basaliob":-1.07,"bolussnooze":0,"activity":-0.0032,"lastBolusTime":1703032066164,"time":"2023-12-20T00:37:13.488Z","iobWithZeroTemp":{"iob":-0.139,"basaliob":-1.07,"bolussnooze":0,"activity":-0.0032,"lastBolusTime":1703032066164,"time":"2023-12-20T00:37:13.488Z"}},{"iob":-0.124,"basaliob":-1.007,"bolussnooze":0,"activity":-0.0028,"lastBolusTime":1703032066164,"time":"2023-12-20T00:42:13.488Z","iobWithZeroTemp":{"iob":-0.224,"basaliob":-1.107,"bolussnooze":0,"activity":-0.0029,"lastBolusTime":1703032066164,"time":"2023-12-20T00:42:13.488Z"}},{"iob":-0.11,"basaliob":-0.945,"bolussnooze":0,"activity":-0.0025,"lastBolusTime":1703032066164,"time":"2023-12-20T00:47:13.488Z","iobWithZeroTemp":{"iob":-0.334,"basaliob":-1.169,"bolussnooze":0,"activity":-0.0029,"lastBolusTime":1703032066164,"time":"2023-12-20T00:47:13.488Z"}},{"iob":-0.098,"basaliob":-0.885,"bolussnooze":0,"activity":-0.0023,"lastBolusTime":1703032066164,"time":"2023-12-20T00:52:13.488Z","iobWithZeroTemp":{"iob":-0.443,"basaliob":-1.23,"bolussnooze":0,"activity":-0.0033,"lastBolusTime":1703032066164,"time":"2023-12-20T00:52:13.488Z"}},{"iob":-0.087,"basaliob":-0.826,"bolussnooze":0,"activity":-0.0021,"lastBolusTime":1703032066164,"time":"2023-12-20T00:57:13.488Z","iobWithZeroTemp":{"iob":-0.551,"basaliob":-1.29,"bolussnooze":0,"activity":-0.0038,"lastBolusTime":1703032066164,"time":"2023-12-20T00:57:13.488Z"}},{"iob":-0.077,"basaliob":-0.77,"bolussnooze":0,"activity":-0.0018,"lastBolusTime":1703032066164,"time":"2023-12-20T01:02:13.488Z","iobWithZeroTemp":{"iob":-0.655,"basaliob":-1.348,"bolussnooze":0,"activity":-0.0044,"lastBolusTime":1703032066164,"time":"2023-12-20T01:02:13.488Z"}},{"iob":-0.068,"basaliob":-0.716,"bolussnooze":0,"activity":-0.0017,"lastBolusTime":1703032066164,"time":"2023-12-20T01:07:13.488Z","iobWithZeroTemp":{"iob":-0.756,"basaliob":-1.404,"bolussnooze":0,"activity":-0.0052,"lastBolusTime":1703032066164,"time":"2023-12-20T01:07:13.488Z"}},{"iob":-0.061,"basaliob":-0.665,"bolussnooze":0,"activity":-0.0015,"lastBolusTime":1703032066164,"time":"2023-12-20T01:12:13.488Z","iobWithZeroTemp":{"iob":-0.854,"basaliob":-1.458,"bolussnooze":0,"activity":-0.006,"lastBolusTime":1703032066164,"time":"2023-12-20T01:12:13.488Z"}},{"iob":-0.054,"basaliob":-0.617,"bolussnooze":0,"activity":-0.0013,"lastBolusTime":1703032066164,"time":"2023-12-20T01:17:13.488Z","iobWithZeroTemp":{"iob":-0.947,"basaliob":-1.51,"bolussnooze":0,"activity":-0.0068,"lastBolusTime":1703032066164,"time":"2023-12-20T01:17:13.488Z"}},{"iob":-0.048,"basaliob":-0.571,"bolussnooze":0,"activity":-0.0012,"lastBolusTime":1703032066164,"time":"2023-12-20T01:22:13.488Z","iobWithZeroTemp":{"iob":-1.037,"basaliob":-1.56,"bolussnooze":0,"activity":-0.0077,"lastBolusTime":1703032066164,"time":"2023-12-20T01:22:13.488Z"}},{"iob":-0.043,"basaliob":-0.528,"bolussnooze":0,"activity":-0.0011,"lastBolusTime":1703032066164,"time":"2023-12-20T01:27:13.488Z","iobWithZeroTemp":{"iob":-1.121,"basaliob":-1.606,"bolussnooze":0,"activity":-0.0086,"lastBolusTime":1703032066164,"time":"2023-12-20T01:27:13.488Z"}},{"iob":-0.038,"basaliob":-0.487,"bolussnooze":0,"activity":-0.001,"lastBolusTime":1703032066164,"time":"2023-12-20T01:32:13.488Z","iobWithZeroTemp":{"iob":-1.201,"basaliob":-1.65,"bolussnooze":0,"activity":-0.0096,"lastBolusTime":1703032066164,"time":"2023-12-20T01:32:13.488Z"}},{"iob":-0.033,"basaliob":-0.449,"bolussnooze":0,"activity":-9.0E-4,"lastBolusTime":1703032066164,"time":"2023-12-20T01:37:13.488Z","iobWithZeroTemp":{"iob":-1.276,"basaliob":-1.692,"bolussnooze":0,"activity":-0.0105,"lastBolusTime":1703032066164,"time":"2023-12-20T01:37:13.488Z"}},{"iob":-0.029,"basaliob":-0.413,"bolussnooze":0,"activity":-7.0E-4,"lastBolusTime":1703032066164,"time":"2023-12-20T01:42:13.488Z","iobWithZeroTemp":{"iob":-1.347,"basaliob":-1.731,"bolussnooze":0,"activity":-0.0113,"lastBolusTime":1703032066164,"time":"2023-12-20T01:42:13.488Z"}},{"iob":-0.026,"basaliob":-0.38,"bolussnooze":0,"activity":-6.0E-4,"lastBolusTime":1703032066164,"time":"2023-12-20T01:47:13.488Z","iobWithZeroTemp":{"iob":-1.413,"basaliob":-1.767,"bolussnooze":0,"activity":-0.0121,"lastBolusTime":1703032066164,"time":"2023-12-20T01:47:13.488Z"}},{"iob":-0.023,"basaliob":-0.349,"bolussnooze":0,"activity":-6.0E-4,"lastBolusTime":1703032066164,"time":"2023-12-20T01:52:13.488Z","iobWithZeroTemp":{"iob":-1.476,"basaliob":-1.802,"bolussnooze":0,"activity":-0.013,"lastBolusTime":1703032066164,"time":"2023-12-20T01:52:13.488Z"}},{"iob":-0.02,"basaliob":-0.32,"bolussnooze":0,"activity":-5.0E-4,"lastBolusTime":1703032066164,"time":"2023-12-20T01:57:13.488Z","iobWithZeroTemp":{"iob":-1.533,"basaliob":-1.833,"bolussnooze":0,"activity":-0.0138,"lastBolusTime":1703032066164,"time":"2023-12-20T01:57:13.488Z"}},{"iob":-0.018,"basaliob":-0.294,"bolussnooze":0,"activity":-4.0E-4,"lastBolusTime":1703032066164,"time":"2023-12-20T02:02:13.488Z","iobWithZeroTemp":{"iob":-1.588,"basaliob":-1.864,"bolussnooze":0,"activity":-0.0145,"lastBolusTime":1703032066164,"time":"2023-12-20T02:02:13.488Z"}},{"iob":-0.016,"basaliob":-0.269,"bolussnooze":0,"activity":-4.0E-4,"lastBolusTime":1703032066164,"time":"2023-12-20T02:07:13.488Z","iobWithZeroTemp":{"iob":-1.622,"basaliob":-1.875,"bolussnooze":0,"activity":-0.0153,"lastBolusTime":1703032066164,"time":"2023-12-20T02:07:13.488Z"}},{"iob":-0.014,"basaliob":-0.246,"bolussnooze":0,"activity":-4.0E-4,"lastBolusTime":1703032066164,"time":"2023-12-20T02:12:13.488Z","iobWithZeroTemp":{"iob":-1.652,"basaliob":-1.884,"bolussnooze":0,"activity":-0.016,"lastBolusTime":1703032066164,"time":"2023-12-20T02:12:13.488Z"}},{"iob":-0.012,"basaliob":-0.225,"bolussnooze":0,"activity":-4.0E-4,"lastBolusTime":1703032066164,"time":"2023-12-20T02:17:13.488Z","iobWithZeroTemp":{"iob":-1.679,"basaliob":-1.892,"bolussnooze":0,"activity":-0.0166,"lastBolusTime":1703032066164,"time":"2023-12-20T02:17:13.488Z"}},{"iob":-0.01,"basaliob":-0.205,"bolussnooze":0,"activity":-2.0E-4,"lastBolusTime":1703032066164,"time":"2023-12-20T02:22:13.488Z","iobWithZeroTemp":{"iob":-1.703,"basaliob":-1.898,"bolussnooze":0,"activity":-0.017,"lastBolusTime":1703032066164,"time":"2023-12-20T02:22:13.488Z"}},{"iob":-0.009,"basaliob":-0.187,"bolussnooze":0,"activity":-3.0E-4,"lastBolusTime":1703032066164,"time":"2023-12-20T02:27:13.488Z","iobWithZeroTemp":{"iob":-1.725,"basaliob":-1.903,"bolussnooze":0,"activity":-0.0176,"lastBolusTime":1703032066164,"time":"2023-12-20T02:27:13.488Z"}},{"iob":-0.008,"basaliob":-0.171,"bolussnooze":0,"activity":-2.0E-4,"lastBolusTime":1703032066164,"time":"2023-12-20T02:32:13.488Z","iobWithZeroTemp":{"iob":-1.731,"basaliob":-1.894,"bolussnooze":0,"activity":-0.0178,"lastBolusTime":1703032066164,"time":"2023-12-20T02:32:13.488Z"}},{"iob":-0.006,"basaliob":-0.155,"bolussnooze":0,"activity":-2.0E-4,"lastBolusTime":1703032066164,"time":"2023-12-20T02:37:13.488Z","iobWithZeroTemp":{"iob":-1.748,"basaliob":-1.897,"bolussnooze":0,"activity":-0.0182,"lastBolusTime":1703032066164,"time":"2023-12-20T02:37:13.488Z"}},{"iob":-0.005,"basaliob":-0.141,"bolussnooze":0,"activity":-2.0E-4,"lastBolusTime":1703032066164,"time":"2023-12-20T02:42:13.488Z","iobWithZeroTemp":{"iob":-1.764,"basaliob":-1.9,"bolussnooze":0,"activity":-0.0186,"lastBolusTime":1703032066164,"time":"2023-12-20T02:42:13.488Z"}},{"iob":-0.005,"basaliob":-0.129,"bolussnooze":0,"activity":-2.0E-4,"lastBolusTime":1703032066164,"time":"2023-12-20T02:47:13.488Z","iobWithZeroTemp":{"iob":-1.78,"basaliob":-1.904,"bolussnooze":0,"activity":-0.0189,"lastBolusTime":1703032066164,"time":"2023-12-20T02:47:13.488Z"}},{"iob":-0.004,"basaliob":-0.117,"bolussnooze":0,"activity":-1.0E-4,"lastBolusTime":1703032066164,"time":"2023-12-20T02:52:13.488Z","iobWithZeroTemp":{"iob":-1.793,"basaliob":-1.906,"bolussnooze":0,"activity":-0.0191,"lastBolusTime":1703032066164,"time":"2023-12-20T02:52:13.488Z"}},{"iob":-0.004,"basaliob":-0.106,"bolussnooze":0,"activity":-2.0E-4,"lastBolusTime":1703032066164,"time":"2023-12-20T02:57:13.488Z","iobWithZeroTemp":{"iob":-1.806,"basaliob":-1.908,"bolussnooze":0,"activity":-0.0195,"lastBolusTime":1703032066164,"time":"2023-12-20T02:57:13.488Z"}},{"iob":-0.003,"basaliob":-0.096,"bolussnooze":0,"activity":-1.0E-4,"lastBolusTime":1703032066164,"time":"2023-12-20T03:02:13.488Z","iobWithZeroTemp":{"iob":-1.816,"basaliob":-1.909,"bolussnooze":0,"activity":-0.0197,"lastBolusTime":1703032066164,"time":"2023-12-20T03:02:13.488Z"}},{"iob":-0.002,"basaliob":-0.087,"bolussnooze":0,"activity":-1.0E-4,"lastBolusTime":1703032066164,"time":"2023-12-20T03:07:13.488Z","iobWithZeroTemp":{"iob":-1.825,"basaliob":-1.91,"bolussnooze":0,"activity":-0.0199,"lastBolusTime":1703032066164,"time":"2023-12-20T03:07:13.488Z"}},{"iob":-0.002,"basaliob":-0.079,"bolussnooze":0,"activity":-1.0E-4,"lastBolusTime":1703032066164,"time":"2023-12-20T03:12:13.488Z","iobWithZeroTemp":{"iob":-1.834,"basaliob":-1.911,"bolussnooze":0,"activity":-0.0201,"lastBolusTime":1703032066164,"time":"2023-12-20T03:12:13.488Z"}},{"iob":-0.002,"basaliob":-0.072,"bolussnooze":0,"activity":0,"lastBolusTime":1703032066164,"time":"2023-12-20T03:17:13.488Z","iobWithZeroTemp":{"iob":-1.842,"basaliob":-1.912,"bolussnooze":0,"activity":-0.0202,"lastBolusTime":1703032066164,"time":"2023-12-20T03:17:13.488Z"}},{"iob":-0.002,"basaliob":-0.065,"bolussnooze":0,"activity":-1.0E-4,"lastBolusTime":1703032066164,"time":"2023-12-20T03:22:13.488Z","iobWithZeroTemp":{"iob":-1.849,"basaliob":-1.912,"bolussnooze":0,"activity":-0.0204,"lastBolusTime":1703032066164,"time":"2023-12-20T03:22:13.488Z"}},{"iob":-0.001,"basaliob":-0.058,"bolussnooze":0,"activity":-1.0E-4,"lastBolusTime":1703032066164,"time":"2023-12-20T03:27:13.488Z","iobWithZeroTemp":{"iob":-1.855,"basaliob":-1.912,"bolussnooze":0,"activity":-0.0206,"lastBolusTime":1703032066164,"time":"2023-12-20T03:27:13.488Z"}},{"iob":-0.001,"basaliob":-0.053,"bolussnooze":0,"activity":-1.0E-4,"lastBolusTime":1703032066164,"time":"2023-12-20T03:32:13.488Z","iobWithZeroTemp":{"iob":-1.861,"basaliob":-1.913,"bolussnooze":0,"activity":-0.0207,"lastBolusTime":1703032066164,"time":"2023-12-20T03:32:13.488Z"}},{"iob":-0.001,"basaliob":-0.048,"bolussnooze":0,"activity":-1.0E-4,"lastBolusTime":1703032066164,"time":"2023-12-20T03:37:13.488Z","iobWithZeroTemp":{"iob":-1.866,"basaliob":-1.913,"bolussnooze":0,"activity":-0.0208,"lastBolusTime":1703032066164,"time":"2023-12-20T03:37:13.488Z"}},{"iob":-0.001,"basaliob":-0.043,"bolussnooze":0,"activity":0,"lastBolusTime":1703032066164,"time":"2023-12-20T03:42:13.488Z","iobWithZeroTemp":{"iob":-1.871,"basaliob":-1.913,"bolussnooze":0,"activity":-0.0208,"lastBolusTime":1703032066164,"time":"2023-12-20T03:42:13.488Z"}},{"iob":-0.001,"basaliob":-0.039,"bolussnooze":0,"activity":0,"lastBolusTime":1703032066164,"time":"2023-12-20T03:47:13.488Z","iobWithZeroTemp":{"iob":-1.875,"basaliob":-1.913,"bolussnooze":0,"activity":-0.0209,"lastBolusTime":1703032066164,"time":"2023-12-20T03:47:13.488Z"}},{"iob":0,"basaliob":-0.035,"bolussnooze":0,"activity":0,"lastBolusTime":1703032066164,"time":"2023-12-20T03:52:13.488Z","iobWithZeroTemp":{"iob":-1.877,"basaliob":-1.912,"bolussnooze":0,"activity":-0.021,"lastBolusTime":1703032066164,"time":"2023-12-20T03:52:13.488Z"}},{"iob":0,"basaliob":-0.031,"bolussnooze":0,"activity":-1.0E-4,"lastBolusTime":1703032066164,"time":"2023-12-20T03:57:13.488Z","iobWithZeroTemp":{"iob":-1.881,"basaliob":-1.912,"bolussnooze":0,"activity":-0.0212,"lastBolusTime":1703032066164,"time":"2023-12-20T03:57:13.488Z"}},{"iob":0,"basaliob":-0.028,"bolussnooze":0,"activity":0,"lastBolusTime":1703032066164,"time":"2023-12-20T04:02:13.488Z","iobWithZeroTemp":{"iob":-1.884,"basaliob":-1.912,"bolussnooze":0,"activity":-0.0211,"lastBolusTime":1703032066164,"time":"2023-12-20T04:02:13.488Z"}},{"iob":0,"basaliob":-0.025,"bolussnooze":0,"activity":0,"lastBolusTime":1703032066164,"time":"2023-12-20T04:07:13.488Z","iobWithZeroTemp":{"iob":-1.886,"basaliob":-1.911,"bolussnooze":0,"activity":-0.0212,"lastBolusTime":1703032066164,"time":"2023-12-20T04:07:13.488Z"}},{"iob":0,"basaliob":-0.023,"bolussnooze":0,"activity":0,"lastBolusTime":1703032066164,"time":"2023-12-20T04:12:13.488Z","iobWithZeroTemp":{"iob":-1.888,"basaliob":-1.911,"bolussnooze":0,"activity":-0.0212,"lastBolusTime":1703032066164,"time":"2023-12-20T04:12:13.488Z"}},{"iob":0,"basaliob":-0.02,"bolussnooze":0,"activity":0,"lastBolusTime":1703032066164,"time":"2023-12-20T04:17:13.488Z","iobWithZeroTemp":{"iob":-1.89,"basaliob":-1.91,"bolussnooze":0,"activity":-0.0213,"lastBolusTime":1703032066164,"time":"2023-12-20T04:17:13.488Z"}},{"iob":0,"basaliob":-0.018,"bolussnooze":0,"activity":0,"lastBolusTime":1703032066164,"time":"2023-12-20T04:22:13.488Z","iobWithZeroTemp":{"iob":-1.892,"basaliob":-1.91,"bolussnooze":0,"activity":-0.0213,"lastBolusTime":1703032066164,"time":"2023-12-20T04:22:13.488Z"}},{"iob":0.001,"basaliob":-0.016,"bolussnooze":0,"activity":0,"lastBolusTime":1703032066164,"time":"2023-12-20T04:27:13.488Z","iobWithZeroTemp":{"iob":-1.893,"basaliob":-1.91,"bolussnooze":0,"activity":-0.0214,"lastBolusTime":1703032066164,"time":"2023-12-20T04:27:13.488Z"}},{"iob":0,"basaliob":-0.015,"bolussnooze":0,"activity":0,"lastBolusTime":1703032066164,"time":"2023-12-20T04:32:13.488Z","iobWithZeroTemp":{"iob":-1.895,"basaliob":-1.91,"bolussnooze":0,"activity":-0.0214,"lastBolusTime":1703032066164,"time":"2023-12-20T04:32:13.488Z"}}],"profile":{"max_iob":20,"type":"current","max_daily_basal":1.6,"max_basal":4.8,"min_bg":90,"max_bg":90,"target_bg":90,"carb_ratio":4.5,"sens":63,"max_daily_safety_multiplier":3,"current_basal_safety_multiplier":4,"high_temptarget_raises_sensitivity":false,"low_temptarget_lowers_sensitivity":false,"sensitivity_raises_target":false,"resistance_lowers_target":false,"adv_target_adjustments":false,"exercise_mode":false,"half_basal_exercise_target":160,"maxCOB":120,"skip_neutral_temps":false,"remainingCarbsCap":90,"enableUAM":true,"A52_risk_enable":false,"SMBInterval":3,"enableSMB_with_COB":false,"enableSMB_with_temptarget":false,"allowSMB_with_high_temptarget":true,"enableSMB_always":true,"enableSMB_after_carbs":false,"maxSMBBasalMinutes":120,"maxUAMSMBBasalMinutes":120,"bolus_increment":0.05,"carbsReqThreshold":1,"current_basal":1.5,"temptargetSet":false,"autosens_max":1.8,"out_units":"mmol\/L"},"autosens_data":{"ratio":1},"meal_data":{"carbs":10,"mealCOB":6.000000000000002,"slopeFromMaxDeviation":0,"slopeFromMinDeviation":1.0204,"lastBolusTime":1703032066164,"lastCarbTime":1703030390000},"microBolusAllowed":true,"currentTime":1703032636824,"flatBGsDetected":false},"output":{"temp":"absolute","bg":70,"tick":"+2","eventualBG":163,"targetBG":90,"insulinReq":0.22,"deliverAt":"2023-12-20T00:37:16.824Z","sensitivityRatio":1,"predBGs":{"IOB":[70,71,72,72,73,74,74,75,75,76,76,76,77,77,77,77,77,78,78,78,78,78,78,78,78,78,78,78,79],"ZT":[70,71,72,73,74,75,76,78,80,82,85,87,90],"COB":[70,71,72,73,75,76,77,79,81,82,84,86,89,91,93,96,98,101,104,107,110,114,117,121,124,128,131,134,137,140,142,145,147,149,151,153,155,156,157,159,160,161,161,162,162,163],"UAM":[70,71,72,72,73,74,74,75,75,76,76,76,77,77,77,77,77,78,78,78,78,78,78,78,78,78,78,78,79]},"COB":6.000000000000002,"IOB":-0.139,"reason":"COB: 6, Dev: 0.0, BGI: 0.1, ISF: 3.5, CR: 4.5, Target: 5.0, minPredBG 5.8, minGuardBG 3.9, IOBpredBG 4.4, COBpredBG 9.1, UAMpredBG 4.4; Eventual BG 9.1 >= 5.0,  insulinReq 0.22; setting 30m low temp of 0.35U\/h. Microbolusing 0.1U. ","units":0.1,"rate":0.35,"duration":30,"timestamp":"2023-12-20T00:37:17.000Z"}}