{"algorithm":"OpenAPSSMBPlugin","input":{"glucoseStatus":{"glucose":86,"noise":0,"delta":1,"short_avgdelta":0.22,"long_avgdelta":-0.79,"date":1703097702597},"currenttemp":{"temp":"absolute","duration":20,"rate":0.5,"minutesrunning":10},"iob_data":[{"iob":-0.143,"basaliob":-0.283,"bolussnooze":0,"activity":-0.0011,"lastBolusTime":1703095633882,"time":"2023-12-20T18:42:54.218Z","iobWithZeroTemp":{"iob":-0.143,"basaliob":-0.283,"bolussnooze":0,"activity":-0.0011,"lastBolusTime":1703095633882,"time":"2023-12-20T18:42:54.218Z"}},{"iob":-0.137,"basaliob":-0.267,"bolussnooze":0,"activity":-0.0012,"lastBolusTime":1703095633882,"time":"2023-12-20T18:47:54.218Z","iobWithZeroTemp":{"iob":-0.177,"basaliob":-0.307,"bolussnooze":0,"activity":-0.0012,"lastBolusTime":1703095633882,"time":"2023-12-20T18:47:54.218Z"}},{"iob":-0.13,"basaliob":-0.251,"bolussnooze":0,"activity":-0.0013,"lastBolusTime":1703095633882,"time":"2023-12-20T18:52:54.218Z","iobWithZeroTemp":{"iob":-0.219,"basaliob":-0.34,"bolussnooze":0,"activity":-0.0015,"lastBolusTime":1703095633882,"time":"2023-12-20T18:52:54.218Z"}},{"iob":-0.123,"basaliob":-0.235,"bolussnooze":0,"activity":-0.0014,"lastBolusTime":1703095633882,"time":"2023-12-20T18:57:54.218Z","iobWithZeroTemp":{"iob":-0.261,"basaliob":-0.373,"bolussnooze":0,"activity":-0.0018,"lastBolusTime":1703095633882,"time":"2023-12-20T18:57:54.218Z"}},{"iob":-0.117,"basaliob":-0.22,"bolussnooze":0,"activity":-0.0014,"lastBolusTime":1703095633882,"time":"2023-12-20T19:02:54.218Z","iobWithZeroTemp":{"iob":-0.302,"basaliob":-0.405,"bolussnooze":0,"activity":-0.0021,"lastBolusTime":1703095633882,"time":"2023-12-20T19:02:54.218Z"}},{"iob":-0.11,"basaliob":-0.205,"bolussnooze":0,"activity":-0.0014,"lastBolusTime":1703095633882,"time":"2023-12-20T19:07:54.218Z","iobWithZeroTemp":{"iob":-0.341,"basaliob":-0.436,"bolussnooze":0,"activity":-0.0024,"lastBolusTime":1703095633882,"time":"2023-12-20T19:07:54.218Z"}},{"iob":-0.103,"basaliob":-0.191,"bolussnooze":0,"activity":-0.0013,"lastBolusTime":1703095633882,"time":"2023-12-20T19:12:54.218Z","iobWithZeroTemp":{"iob":-0.378,"basaliob":-0.466,"bolussnooze":0,"activity":-0.0027,"lastBolusTime":1703095633882,"time":"2023-12-20T19:12:54.218Z"}},{"iob":-0.097,"basaliob":-0.178,"bolussnooze":0,"activity":-0.0013,"lastBolusTime":1703095633882,"time":"2023-12-20T19:17:54.218Z","iobWithZeroTemp":{"iob":-0.414,"basaliob":-0.495,"bolussnooze":0,"activity":-0.0031,"lastBolusTime":1703095633882,"time":"2023-12-20T19:17:54.218Z"}},{"iob":-0.091,"basaliob":-0.165,"bolussnooze":0,"activity":-0.0012,"lastBolusTime":1703095633882,"time":"2023-12-20T19:22:54.218Z","iobWithZeroTemp":{"iob":-0.448,"basaliob":-0.522,"bolussnooze":0,"activity":-0.0034,"lastBolusTime":1703095633882,"time":"2023-12-20T19:22:54.218Z"}},{"iob":-0.085,"basaliob":-0.153,"bolussnooze":0,"activity":-0.0012,"lastBolusTime":1703095633882,"time":"2023-12-20T19:27:54.218Z","iobWithZeroTemp":{"iob":-0.48,"basaliob":-0.548,"bolussnooze":0,"activity":-0.0038,"lastBolusTime":1703095633882,"time":"2023-12-20T19:27:54.218Z"}},{"iob":-0.079,"basaliob":-0.142,"bolussnooze":0,"activity":-0.0011,"lastBolusTime":1703095633882,"time":"2023-12-20T19:32:54.218Z","iobWithZeroTemp":{"iob":-0.51,"basaliob":-0.573,"bolussnooze":0,"activity":-0.0041,"lastBolusTime":1703095633882,"time":"2023-12-20T19:32:54.218Z"}},{"iob":-0.073,"basaliob":-0.131,"bolussnooze":0,"activity":-0.0011,"lastBolusTime":1703095633882,"time":"2023-12-20T19:37:54.218Z","iobWithZeroTemp":{"iob":-0.538,"basaliob":-0.596,"bolussnooze":0,"activity":-0.0045,"lastBolusTime":1703095633882,"time":"2023-12-20T19:37:54.218Z"}},{"iob":-0.068,"basaliob":-0.121,"bolussnooze":0,"activity":-0.0011,"lastBolusTime":1703095633882,"time":"2023-12-20T19:42:54.218Z","iobWithZeroTemp":{"iob":-0.565,"basaliob":-0.618,"bolussnooze":0,"activity":-0.0049,"lastBolusTime":1703095633882,"time":"2023-12-20T19:42:54.218Z"}},{"iob":-0.063,"basaliob":-0.111,"bolussnooze":0,"activity":-9.0E-4,"lastBolusTime":1703095633882,"time":"2023-12-20T19:47:54.218Z","iobWithZeroTemp":{"iob":-0.59,"basaliob":-0.638,"bolussnooze":0,"activity":-0.0051,"lastBolusTime":1703095633882,"time":"2023-12-20T19:47:54.218Z"}},{"iob":-0.058,"basaliob":-0.102,"bolussnooze":0,"activity":-9.0E-4,"lastBolusTime":1703095633882,"time":"2023-12-20T19:52:54.218Z","iobWithZeroTemp":{"iob":-0.613,"basaliob":-0.657,"bolussnooze":0,"activity":-0.0055,"lastBolusTime":1703095633882,"time":"2023-12-20T19:52:54.218Z"}},{"iob":-0.054,"basaliob":-0.094,"bolussnooze":0,"activity":-9.0E-4,"lastBolusTime":1703095633882,"time":"2023-12-20T19:57:54.218Z","iobWithZeroTemp":{"iob":-0.635,"basaliob":-0.675,"bolussnooze":0,"activity":-0.0059,"lastBolusTime":1703095633882,"time":"2023-12-20T19:57:54.218Z"}},{"iob":-0.049,"basaliob":-0.086,"bolussnooze":0,"activity":-8.0E-4,"lastBolusTime":1703095633882,"time":"2023-12-20T20:02:54.218Z","iobWithZeroTemp":{"iob":-0.667,"basaliob":-0.704,"bolussnooze":0,"activity":-0.0061,"lastBolusTime":1703095633882,"time":"2023-12-20T20:02:54.218Z"}},{"iob":-0.046,"basaliob":-0.079,"bolussnooze":0,"activity":-8.0E-4,"lastBolusTime":1703095633882,"time":"2023-12-20T20:07:54.218Z","iobWithZeroTemp":{"iob":-0.698,"basaliob":-0.731,"bolussnooze":0,"activity":-0.0065,"lastBolusTime":1703095633882,"time":"2023-12-20T20:07:54.218Z"}},{"iob":-0.043,"basaliob":-0.073,"bolussnooze":0,"activity":-7.0E-4,"lastBolusTime":1703095633882,"time":"2023-12-20T20:12:54.218Z","iobWithZeroTemp":{"iob":-0.728,"basaliob":-0.758,"bolussnooze":0,"activity":-0.0068,"lastBolusTime":1703095633882,"time":"2023-12-20T20:12:54.218Z"}},{"iob":-0.038,"basaliob":-0.066,"bolussnooze":0,"activity":-7.0E-4,"lastBolusTime":1703095633882,"time":"2023-12-20T20:17:54.218Z","iobWithZeroTemp":{"iob":-0.754,"basaliob":-0.782,"bolussnooze":0,"activity":-0.0072,"lastBolusTime":1703095633882,"time":"2023-12-20T20:17:54.218Z"}},{"iob":-0.036,"basaliob":-0.061,"bolussnooze":0,"activity":-6.0E-4,"lastBolusTime":1703095633882,"time":"2023-12-20T20:22:54.218Z","iobWithZeroTemp":{"iob":-0.782,"basaliob":-0.807,"bolussnooze":0,"activity":-0.0074,"lastBolusTime":1703095633882,"time":"2023-12-20T20:22:54.218Z"}},{"iob":-0.032,"basaliob":-0.055,"bolussnooze":0,"activity":-6.0E-4,"lastBolusTime":1703095633882,"time":"2023-12-20T20:27:54.218Z","iobWithZeroTemp":{"iob":-0.805,"basaliob":-0.828,"bolussnooze":0,"activity":-0.0078,"lastBolusTime":1703095633882,"time":"2023-12-20T20:27:54.218Z"}},{"iob":-0.03,"basaliob":-0.051,"bolussnooze":0,"activity":-5.0E-4,"lastBolusTime":1703095633882,"time":"2023-12-20T20:32:54.218Z","iobWithZeroTemp":{"iob":-0.829,"basaliob":-0.85,"bolussnooze":0,"activity":-0.008,"lastBolusTime":1703095633882,"time":"2023-12-20T20:32:54.218Z"}},{"iob":-0.027,"basaliob":-0.046,"bolussnooze":0,"activity":-5.0E-4,"lastBolusTime":1703095633882,"time":"2023-12-20T20:37:54.218Z","iobWithZeroTemp":{"iob":-0.85,"basaliob":-0.869,"bolussnooze":0,"activity":-0.0084,"lastBolusTime":1703095633882,"time":"2023-12-20T20:37:54.218Z"}},{"iob":-0.025,"basaliob":-0.042,"bolussnooze":0,"activity":-5.0E-4,"lastBolusTime":1703095633882,"time":"2023-12-20T20:42:54.218Z","iobWithZeroTemp":{"iob":-0.87,"basaliob":-0.887,"bolussnooze":0,"activity":-0.0087,"lastBolusTime":1703095633882,"time":"2023-12-20T20:42:54.218Z"}},{"iob":-0.022,"basaliob":-0.038,"bolussnooze":0,"activity":-4.0E-4,"lastBolusTime":1703095633882,"time":"2023-12-20T20:47:54.218Z","iobWithZeroTemp":{"iob":-0.888,"basaliob":-0.904,"bolussnooze":0,"activity":-0.0089,"lastBolusTime":1703095633882,"time":"2023-12-20T20:47:54.218Z"}},{"iob":-0.021,"basaliob":-0.035,"bolussnooze":0,"activity":-4.0E-4,"lastBolusTime":1703095633882,"time":"2023-12-20T20:52:54.218Z","iobWithZeroTemp":{"iob":-0.906,"basaliob":-0.92,"bolussnooze":0,"activity":-0.0092,"lastBolusTime":1703095633882,"time":"2023-12-20T20:52:54.218Z"}},{"iob":-0.019,"basaliob":-0.032,"bolussnooze":0,"activity":-3.0E-4,"lastBolusTime":1703095633882,"time":"2023-12-20T20:57:54.218Z","iobWithZeroTemp":{"iob":-0.922,"basaliob":-0.935,"bolussnooze":0,"activity":-0.0093,"lastBolusTime":1703095633882,"time":"2023-12-20T20:57:54.218Z"}},{"iob":-0.018,"basaliob":-0.029,"bolussnooze":0,"activity":-4.0E-4,"lastBolusTime":1703095633882,"time":"2023-12-20T21:02:54.218Z","iobWithZeroTemp":{"iob":-0.983,"basaliob":-0.994,"bolussnooze":0,"activity":-0.0098,"lastBolusTime":1703095633882,"time":"2023-12-20T21:02:54.218Z"}},{"iob":-0.016,"basaliob":-0.026,"bolussnooze":0,"activity":-3.0E-4,"lastBolusTime":1703095633882,"time":"2023-12-20T21:07:54.218Z","iobWithZeroTemp":{"iob":-1.042,"basaliob":-1.052,"bolussnooze":0,"activity":-0.01,"lastBolusTime":1703095633882,"time":"2023-12-20T21:07:54.218Z"}},{"iob":-0.015,"basaliob":-0.024,"bolussnooze":0,"activity":-3.0E-4,"lastBolusTime":1703095633882,"time":"2023-12-20T21:12:54.218Z","iobWithZeroTemp":{"iob":-1.099,"basaliob":-1.108,"bolussnooze":0,"activity":-0.0105,"lastBolusTime":1703095633882,"time":"2023-12-20T21:12:54.218Z"}},{"iob":-0.013,"basaliob":-0.021,"bolussnooze":0,"activity":-2.0E-4,"lastBolusTime":1703095633882,"time":"2023-12-20T21:17:54.218Z","iobWithZeroTemp":{"iob":-1.153,"basaliob":-1.161,"bolussnooze":0,"activity":-0.0109,"lastBolusTime":1703095633882,"time":"2023-12-20T21:17:54.218Z"}},{"iob":-0.011,"basaliob":-0.019,"bolussnooze":0,"activity":-2.0E-4,"lastBolusTime":1703095633882,"time":"2023-12-20T21:22:54.218Z","iobWithZeroTemp":{"iob":-1.204,"basaliob":-1.212,"bolussnooze":0,"activity":-0.0114,"lastBolusTime":1703095633882,"time":"2023-12-20T21:22:54.218Z"}},{"iob":-0.011,"basaliob":-0.018,"bolussnooze":0,"activity":-3.0E-4,"lastBolusTime":1703095633882,"time":"2023-12-20T21:27:54.218Z","iobWithZeroTemp":{"iob":-1.255,"basaliob":-1.262,"bolussnooze":0,"activity":-0.012,"lastBolusTime":1703095633882,"time":"2023-12-20T21:27:54.218Z"}},{"iob":-0.01,"basaliob":-0.016,"bolussnooze":0,"activity":-2.0E-4,"lastBolusTime":1703095633882,"time":"2023-12-20T21:32:54.218Z","iobWithZeroTemp":{"iob":-1.303,"basaliob":-1.309,"bolussnooze":0,"activity":-0.0124,"lastBolusTime":1703095633882,"time":"2023-12-20T21:32:54.218Z"}},{"iob":-0.008,"basaliob":-0.014,"bolussnooze":0,"activity":-2.0E-4,"lastBolusTime":1703095633882,"time":"2023-12-20T21:37:54.218Z","iobWithZeroTemp":{"iob":-1.346,"basaliob":-1.352,"bolussnooze":0,"activity":-0.013,"lastBolusTime":1703095633882,"time":"2023-12-20T21:37:54.218Z"}},{"iob":-0.008,"basaliob":-0.013,"bolussnooze":0,"activity":-2.0E-4,"lastBolusTime":1703095633882,"time":"2023-12-20T21:42:54.218Z","iobWithZeroTemp":{"iob":-1.389,"basaliob":-1.394,"bolussnooze":0,"activity":-0.0135,"lastBolusTime":1703095633882,"time":"2023-12-20T21:42:54.218Z"}},{"iob":-0.007,"basaliob":-0.012,"bolussnooze":0,"activity":-1.0E-4,"lastBolusTime":1703095633882,"time":"2023-12-20T21:47:54.218Z","iobWithZeroTemp":{"iob":-1.429,"basaliob":-1.434,"bolussnooze":0,"activity":-0.0139,"lastBolusTime":1703095633882,"time":"2023-12-20T21:47:54.218Z"}},{"iob":-0.007,"basaliob":-0.011,"bolussnooze":0,"activity":-1.0E-4,"lastBolusTime":1703095633882,"time":"2023-12-20T21:52:54.218Z","iobWithZeroTemp":{"iob":-1.466,"basaliob":-1.47,"bolussnooze":0,"activity":-0.0144,"lastBolusTime":1703095633882,"time":"2023-12-20T21:52:54.218Z"}},{"iob":-0.006,"basaliob":-0.01,"bolussnooze":0,"activity":-1.0E-4,"lastBolusTime":1703095633882,"time":"2023-12-20T21:57:54.218Z","iobWithZeroTemp":{"iob":-1.501,"basaliob":-1.505,"bolussnooze":0,"activity":-0.0149,"lastBolusTime":1703095633882,"time":"2023-12-20T21:57:54.218Z"}},{"iob":-0.006,"basaliob":-0.009,"bolussnooze":0,"activity":-1.0E-4,"lastBolusTime":1703095633882,"time":"2023-12-20T22:02:54.218Z","iobWithZeroTemp":{"iob":-1.55,"basaliob":-1.553,"bolussnooze":0,"activity":-0.0154,"lastBolusTime":1703095633882,"time":"2023-12-20T22:02:54.218Z"}},{"iob":-0.005,"basaliob":-0.008,"bolussnooze":0,"activity":-1.0E-4,"lastBolusTime":1703095633882,"time":"2023-12-20T22:07:54.218Z","iobWithZeroTemp":{"iob":-1.597,"basaliob":-1.6,"bolussnooze":0,"activity":-0.0159,"lastBolusTime":1703095633882,"time":"2023-12-20T22:07:54.218Z"}},{"iob":-0.004,"basaliob":-0.007,"bolussnooze":0,"activity":0,"lastBolusTime":1703095633882,"time":"2023-12-20T22:12:54.218Z","iobWithZeroTemp":{"iob":-1.64,"basaliob":-1.643,"bolussnooze":0,"activity":-0.0163,"lastBolusTime":1703095633882,"time":"2023-12-20T22:12:54.218Z"}},{"iob":-0.004,"basaliob":-0.006,"bolussnooze":0,"activity":0,"lastBolusTime":1703095633882,"time":"2023-12-20T22:17:54.218Z","iobWithZeroTemp":{"iob":-1.682,"basaliob":-1.684,"bolussnooze":0,"activity":-0.0168,"lastBolusTime":1703095633882,"time":"2023-12-20T22:17:54.218Z"}},{"iob":-0.004,"basaliob":-0.006,"bolussnooze":0,"activity":-1.0E-4,"lastBolusTime":1703095633882,"time":"2023-12-20T22:22:54.218Z","iobWithZeroTemp":{"iob":-1.722,"basaliob":-1.724,"bolussnooze":0,"activity":-0.0174,"lastBolusTime":1703095633882,"time":"2023-12-20T22:22:54.218Z"}},{"iob":-0.003,"basaliob":-0.005,"bolussnooze":0,"activity":-1.0E-4,"lastBolusTime":1703095633882,"time":"2023-12-20T22:27:54.218Z","iobWithZeroTemp":{"iob":-1.758,"basaliob":-1.76,"bolussnooze":0,"activity":-0.0179,"lastBolusTime":1703095633882,"time":"2023-12-20T22:27:54.218Z"}},{"iob":-0.002,"basaliob":-0.004,"bolussnooze":0,"activity":-1.0E-4,"lastBolusTime":1703095633882,"time":"2023-12-20T22:32:54.218Z","iobWithZeroTemp":{"iob":-1.792,"basaliob":-1.794,"bolussnooze":0,"activity":-0.0184,"lastBolusTime":1703095633882,"time":"2023-12-20T22:32:54.218Z"}},{"iob":-0.003,"basaliob":-0.004,"bolussnooze":0,"activity":-1.0E-4,"lastBolusTime":1703095633882,"time":"2023-12-20T22:37:54.218Z","iobWithZeroTemp":{"iob":-1.826,"basaliob":-1.827,"bolussnooze":0,"activity":-0.0188,"lastBolusTime":1703095633882,"time":"2023-12-20T22:37:54.218Z"}}],"profile":{"max_iob":20,"type":"current","max_daily_basal":1.6,"max_basal":2.4,"min_bg":90,"max_bg":90,"target_bg":90,"carb_ratio":4.5,"sens":90,"max_daily_safety_multiplier":3,"current_basal_safety_multiplier":4,"high_temptarget_raises_sensitivity":false,"low_temptarget_lowers_sensitivity":false,"sensitivity_raises_target":false,"resistance_lowers_target":false,"adv_target_adjustments":false,"exercise_mode":false,"half_basal_exercise_target":160,"maxCOB":120,"skip_neutral_temps":false,"remainingCarbsCap":90,"enableUAM":true,"A52_risk_enable":false,"SMBInterval":3,"enableSMB_with_COB":false,"enableSMB_with_temptarget":false,"allowSMB_with_high_temptarget":true,"enableSMB_always":true,"enableSMB_after_carbs":false,"maxSMBBasalMinutes":120,"maxUAMSMBBasalMinutes":120,"bolus_increment":0.05,"carbsReqThreshold":1,"current_basal":0.6,"temptargetSet":false,"autosens_max":1.8,"out_units":"mmol\/L"},"autosens_data":{"ratio":1},"meal_data":{"carbs":0,"mealCOB":0,"slopeFromMaxDeviation":-0.4443333333333333,"slopeFromMinDeviation":0.5256666666666666,"lastBolusTime":1703095633882,"lastCarbTime":0},"microBolusAllowed":true,"currentTime":1703097776267,"flatBGsDetected":false},"output":{"temp":"absolute","bg":86,"tick":"+1","eventualBG":91,"targetBG":90,"insulinReq":0.01,"deliverAt":"2023-12-20T18:42:56.267Z","sensitivityRatio":1,"predBGs":{"IOB":[86,86,87,87,87,88,88,89,89,90,90,91,91,92,92,92,93,93,94,94,94,94,95,95,95,95,96,96,96,96,96,96,96,97],"ZT":[86,87,87,88,89,89,91]},"COB":0,"IOB":-0.143,"reason":"COB: 0, Dev: -0.4, BGI: 0.0, ISF: 5.0, CR: 4.5, Target: 5.0, minPredBG 5.2, minGuardBG 4.8, IOBpredBG 5.4; Eventual BG 5.1 >= 5.0,  insulinReq 0.01. temp 0.50 < 0.62U\/hr. ","duration":30,"rate":0.62,"timestamp":"2023-12-20T18:42:56.370Z"}}