{"algorithm":"OpenAPSSMBPlugin","input":{"glucoseStatus":{"glucose":144,"noise":0,"delta":3,"short_avgdelta":2.89,"long_avgdelta":3.51,"date":1703133403897},"currenttemp":{"temp":"absolute","duration":75,"rate":0,"minutesrunning":45},"iob_data":[{"iob":5.892,"basaliob":-1.525,"bolussnooze":3.8029,"activity":0.0606,"lastBolusTime":1703133263891,"time":"2023-12-21T04:37:03.091Z","iobWithZeroTemp":{"iob":5.892,"basaliob":-1.525,"bolussnooze":3.8029,"activity":0.0606,"lastBolusTime":1703133263891,"time":"2023-12-21T04:37:03.091Z"}},{"iob":5.586,"basaliob":-1.444,"bolussnooze":3.3649,"activity":0.0615,"lastBolusTime":1703133263891,"time":"2023-12-21T04:42:03.091Z","iobWithZeroTemp":{"iob":5.499,"basaliob":-1.531,"bolussnooze":3.3649,"activity":0.0614,"lastBolusTime":1703133263891,"time":"2023-12-21T04:42:03.091Z"}},{"iob":5.278,"basaliob":-1.362,"bolussnooze":2.9472,"activity":0.0615,"lastBolusTime":1703133263891,"time":"2023-12-21T04:47:03.091Z","iobWithZeroTemp":{"iob":5.084,"basaliob":-1.556,"bolussnooze":2.9472,"activity":0.0611,"lastBolusTime":1703133263891,"time":"2023-12-21T04:47:03.091Z"}},{"iob":4.971,"basaliob":-1.282,"bolussnooze":2.5593,"activity":0.0609,"lastBolusTime":1703133263891,"time":"2023-12-21T04:52:03.091Z","iobWithZeroTemp":{"iob":4.672,"basaliob":-1.581,"bolussnooze":2.5593,"activity":0.06,"lastBolusTime":1703133263891,"time":"2023-12-21T04:52:03.091Z"}},{"iob":4.671,"basaliob":-1.202,"bolussnooze":2.2063,"activity":0.0597,"lastBolusTime":1703133263891,"time":"2023-12-21T04:57:03.091Z","iobWithZeroTemp":{"iob":4.269,"basaliob":-1.604,"bolussnooze":2.2063,"activity":0.0582,"lastBolusTime":1703133263891,"time":"2023-12-21T04:57:03.091Z"}},{"iob":4.376,"basaliob":-1.125,"bolussnooze":1.8898,"activity":0.058,"lastBolusTime":1703133263891,"time":"2023-12-21T05:02:03.091Z","iobWithZeroTemp":{"iob":3.875,"basaliob":-1.626,"bolussnooze":1.8898,"activity":0.0558,"lastBolusTime":1703133263891,"time":"2023-12-21T05:02:03.091Z"}},{"iob":4.091,"basaliob":-1.051,"bolussnooze":1.6096,"activity":0.056,"lastBolusTime":1703133263891,"time":"2023-12-21T05:07:03.091Z","iobWithZeroTemp":{"iob":3.495,"basaliob":-1.647,"bolussnooze":1.6096,"activity":0.053,"lastBolusTime":1703133263891,"time":"2023-12-21T05:07:03.091Z"}},{"iob":3.816,"basaliob":-0.979,"bolussnooze":1.3641,"activity":0.0538,"lastBolusTime":1703133263891,"time":"2023-12-21T05:12:03.091Z","iobWithZeroTemp":{"iob":3.129,"basaliob":-1.666,"bolussnooze":1.3641,"activity":0.0499,"lastBolusTime":1703133263891,"time":"2023-12-21T05:12:03.091Z"}},{"iob":3.553,"basaliob":-0.911,"bolussnooze":1.1507,"activity":0.0514,"lastBolusTime":1703133263891,"time":"2023-12-21T05:17:03.091Z","iobWithZeroTemp":{"iob":2.779,"basaliob":-1.685,"bolussnooze":1.1507,"activity":0.0467,"lastBolusTime":1703133263891,"time":"2023-12-21T05:17:03.091Z"}},{"iob":3.301,"basaliob":-0.846,"bolussnooze":0.9667,"activity":0.049,"lastBolusTime":1703133263891,"time":"2023-12-21T05:22:03.091Z","iobWithZeroTemp":{"iob":2.444,"basaliob":-1.703,"bolussnooze":0.9667,"activity":0.0434,"lastBolusTime":1703133263891,"time":"2023-12-21T05:22:03.091Z"}},{"iob":3.063,"basaliob":-0.784,"bolussnooze":0.809,"activity":0.0465,"lastBolusTime":1703133263891,"time":"2023-12-21T05:27:03.091Z","iobWithZeroTemp":{"iob":2.128,"basaliob":-1.719,"bolussnooze":0.809,"activity":0.04,"lastBolusTime":1703133263891,"time":"2023-12-21T05:27:03.091Z"}},{"iob":2.837,"basaliob":-0.726,"bolussnooze":0.6746,"activity":0.0439,"lastBolusTime":1703133263891,"time":"2023-12-21T05:32:03.091Z","iobWithZeroTemp":{"iob":1.829,"basaliob":-1.734,"bolussnooze":0.6746,"activity":0.0365,"lastBolusTime":1703133263891,"time":"2023-12-21T05:32:03.091Z"}},{"iob":2.625,"basaliob":-0.67,"bolussnooze":0.5606,"activity":0.0413,"lastBolusTime":1703133263891,"time":"2023-12-21T05:37:03.091Z","iobWithZeroTemp":{"iob":1.548,"basaliob":-1.747,"bolussnooze":0.5606,"activity":0.033,"lastBolusTime":1703133263891,"time":"2023-12-21T05:37:03.091Z"}},{"iob":2.423,"basaliob":-0.619,"bolussnooze":0.4644,"activity":0.0389,"lastBolusTime":1703133263891,"time":"2023-12-21T05:42:03.091Z","iobWithZeroTemp":{"iob":1.281,"basaliob":-1.761,"bolussnooze":0.4644,"activity":0.0297,"lastBolusTime":1703133263891,"time":"2023-12-21T05:42:03.091Z"}},{"iob":2.236,"basaliob":-0.57,"bolussnooze":0.3835,"activity":0.0364,"lastBolusTime":1703133263891,"time":"2023-12-21T05:47:03.091Z","iobWithZeroTemp":{"iob":1.034,"basaliob":-1.772,"bolussnooze":0.3835,"activity":0.0264,"lastBolusTime":1703133263891,"time":"2023-12-21T05:47:03.091Z"}},{"iob":2.059,"basaliob":-0.525,"bolussnooze":0.3157,"activity":0.034,"lastBolusTime":1703133263891,"time":"2023-12-21T05:52:03.091Z","iobWithZeroTemp":{"iob":0.8,"basaliob":-1.784,"bolussnooze":0.3157,"activity":0.0232,"lastBolusTime":1703133263891,"time":"2023-12-21T05:52:03.091Z"}},{"iob":1.895,"basaliob":-0.483,"bolussnooze":0.2592,"activity":0.0317,"lastBolusTime":1703133263891,"time":"2023-12-21T05:57:03.091Z","iobWithZeroTemp":{"iob":0.583,"basaliob":-1.795,"bolussnooze":0.2592,"activity":0.0202,"lastBolusTime":1703133263891,"time":"2023-12-21T05:57:03.091Z"}},{"iob":1.742,"basaliob":-0.443,"bolussnooze":0.2121,"activity":0.0296,"lastBolusTime":1703133263891,"time":"2023-12-21T06:02:03.091Z","iobWithZeroTemp":{"iob":0.382,"basaliob":-1.803,"bolussnooze":0.2121,"activity":0.0173,"lastBolusTime":1703133263891,"time":"2023-12-21T06:02:03.091Z"}},{"iob":1.599,"basaliob":-0.407,"bolussnooze":0.1732,"activity":0.0275,"lastBolusTime":1703133263891,"time":"2023-12-21T06:07:03.091Z","iobWithZeroTemp":{"iob":0.197,"basaliob":-1.809,"bolussnooze":0.1732,"activity":0.0146,"lastBolusTime":1703133263891,"time":"2023-12-21T06:07:03.091Z"}},{"iob":1.466,"basaliob":-0.373,"bolussnooze":0.1409,"activity":0.0256,"lastBolusTime":1703133263891,"time":"2023-12-21T06:12:03.091Z","iobWithZeroTemp":{"iob":0.026,"basaliob":-1.813,"bolussnooze":0.1409,"activity":0.012,"lastBolusTime":1703133263891,"time":"2023-12-21T06:12:03.091Z"}},{"iob":1.344,"basaliob":-0.341,"bolussnooze":0.1144,"activity":0.0236,"lastBolusTime":1703133263891,"time":"2023-12-21T06:17:03.091Z","iobWithZeroTemp":{"iob":-0.131,"basaliob":-1.816,"bolussnooze":0.1144,"activity":0.0094,"lastBolusTime":1703133263891,"time":"2023-12-21T06:17:03.091Z"}},{"iob":1.23,"basaliob":-0.312,"bolussnooze":0.0926,"activity":0.0219,"lastBolusTime":1703133263891,"time":"2023-12-21T06:22:03.091Z","iobWithZeroTemp":{"iob":-0.277,"basaliob":-1.819,"bolussnooze":0.0926,"activity":0.0072,"lastBolusTime":1703133263891,"time":"2023-12-21T06:22:03.091Z"}},{"iob":1.125,"basaliob":-0.285,"bolussnooze":0.0747,"activity":0.0202,"lastBolusTime":1703133263891,"time":"2023-12-21T06:27:03.091Z","iobWithZeroTemp":{"iob":-0.411,"basaliob":-1.821,"bolussnooze":0.0747,"activity":0.005,"lastBolusTime":1703133263891,"time":"2023-12-21T06:27:03.091Z"}},{"iob":1.027,"basaliob":-0.261,"bolussnooze":0.0601,"activity":0.0186,"lastBolusTime":1703133263891,"time":"2023-12-21T06:32:03.091Z","iobWithZeroTemp":{"iob":-0.536,"basaliob":-1.824,"bolussnooze":0.0601,"activity":0.0029,"lastBolusTime":1703133263891,"time":"2023-12-21T06:32:03.091Z"}},{"iob":0.938,"basaliob":-0.238,"bolussnooze":0.0482,"activity":0.0172,"lastBolusTime":1703133263891,"time":"2023-12-21T06:37:03.091Z","iobWithZeroTemp":{"iob":-0.65,"basaliob":-1.826,"bolussnooze":0.0482,"activity":0.0011,"lastBolusTime":1703133263891,"time":"2023-12-21T06:37:03.091Z"}},{"iob":0.855,"basaliob":-0.217,"bolussnooze":0.0385,"activity":0.0158,"lastBolusTime":1703133263891,"time":"2023-12-21T06:42:03.091Z","iobWithZeroTemp":{"iob":-0.755,"basaliob":-1.827,"bolussnooze":0.0385,"activity":-7.0E-4,"lastBolusTime":1703133263891,"time":"2023-12-21T06:42:03.091Z"}},{"iob":0.78,"basaliob":-0.197,"bolussnooze":0.0306,"activity":0.0145,"lastBolusTime":1703133263891,"time":"2023-12-21T06:47:03.091Z","iobWithZeroTemp":{"iob":-0.851,"basaliob":-1.828,"bolussnooze":0.0306,"activity":-0.0024,"lastBolusTime":1703133263891,"time":"2023-12-21T06:47:03.091Z"}},{"iob":0.71,"basaliob":-0.18,"bolussnooze":0.0243,"activity":0.0133,"lastBolusTime":1703133263891,"time":"2023-12-21T06:52:03.091Z","iobWithZeroTemp":{"iob":-0.94,"basaliob":-1.83,"bolussnooze":0.0243,"activity":-0.004,"lastBolusTime":1703133263891,"time":"2023-12-21T06:52:03.091Z"}},{"iob":0.646,"basaliob":-0.163,"bolussnooze":0.0192,"activity":0.0123,"lastBolusTime":1703133263891,"time":"2023-12-21T06:57:03.091Z","iobWithZeroTemp":{"iob":-1.021,"basaliob":-1.83,"bolussnooze":0.0192,"activity":-0.0053,"lastBolusTime":1703133263891,"time":"2023-12-21T06:57:03.091Z"}},{"iob":0.588,"basaliob":-0.148,"bolussnooze":0.0151,"activity":0.0112,"lastBolusTime":1703133263891,"time":"2023-12-21T07:02:03.091Z","iobWithZeroTemp":{"iob":-1.092,"basaliob":-1.828,"bolussnooze":0.0151,"activity":-0.0066,"lastBolusTime":1703133263891,"time":"2023-12-21T07:02:03.091Z"}},{"iob":0.533,"basaliob":-0.135,"bolussnooze":0.0118,"activity":0.0103,"lastBolusTime":1703133263891,"time":"2023-12-21T07:07:03.091Z","iobWithZeroTemp":{"iob":-1.158,"basaliob":-1.826,"bolussnooze":0.0118,"activity":-0.0078,"lastBolusTime":1703133263891,"time":"2023-12-21T07:07:03.091Z"}},{"iob":0.485,"basaliob":-0.122,"bolussnooze":0.0092,"activity":0.0094,"lastBolusTime":1703133263891,"time":"2023-12-21T07:12:03.091Z","iobWithZeroTemp":{"iob":-1.215,"basaliob":-1.822,"bolussnooze":0.0092,"activity":-0.0089,"lastBolusTime":1703133263891,"time":"2023-12-21T07:12:03.091Z"}},{"iob":0.439,"basaliob":-0.111,"bolussnooze":0.0071,"activity":0.0086,"lastBolusTime":1703133263891,"time":"2023-12-21T07:17:03.091Z","iobWithZeroTemp":{"iob":-1.269,"basaliob":-1.819,"bolussnooze":0.0071,"activity":-0.0099,"lastBolusTime":1703133263891,"time":"2023-12-21T07:17:03.091Z"}},{"iob":0.399,"basaliob":-0.1,"bolussnooze":0.0055,"activity":0.0078,"lastBolusTime":1703133263891,"time":"2023-12-21T07:22:03.091Z","iobWithZeroTemp":{"iob":-1.316,"basaliob":-1.815,"bolussnooze":0.0055,"activity":-0.0109,"lastBolusTime":1703133263891,"time":"2023-12-21T07:22:03.091Z"}},{"iob":0.361,"basaliob":-0.091,"bolussnooze":0.0042,"activity":0.0072,"lastBolusTime":1703133263891,"time":"2023-12-21T07:27:03.091Z","iobWithZeroTemp":{"iob":-1.36,"basaliob":-1.812,"bolussnooze":0.0042,"activity":-0.0117,"lastBolusTime":1703133263891,"time":"2023-12-21T07:27:03.091Z"}},{"iob":0.327,"basaliob":-0.082,"bolussnooze":0.0032,"activity":0.0065,"lastBolusTime":1703133263891,"time":"2023-12-21T07:32:03.091Z","iobWithZeroTemp":{"iob":-1.399,"basaliob":-1.808,"bolussnooze":0.0032,"activity":-0.0125,"lastBolusTime":1703133263891,"time":"2023-12-21T07:32:03.091Z"}},{"iob":0.296,"basaliob":-0.074,"bolussnooze":0.0024,"activity":0.006,"lastBolusTime":1703133263891,"time":"2023-12-21T07:37:03.091Z","iobWithZeroTemp":{"iob":-1.435,"basaliob":-1.805,"bolussnooze":0.0024,"activity":-0.0131,"lastBolusTime":1703133263891,"time":"2023-12-21T07:37:03.091Z"}},{"iob":0.267,"basaliob":-0.067,"bolussnooze":0.0018,"activity":0.0054,"lastBolusTime":1703133263891,"time":"2023-12-21T07:42:03.091Z","iobWithZeroTemp":{"iob":-1.468,"basaliob":-1.802,"bolussnooze":0.0018,"activity":-0.0139,"lastBolusTime":1703133263891,"time":"2023-12-21T07:42:03.091Z"}},{"iob":0.241,"basaliob":-0.061,"bolussnooze":0.0013,"activity":0.005,"lastBolusTime":1703133263891,"time":"2023-12-21T07:47:03.091Z","iobWithZeroTemp":{"iob":-1.497,"basaliob":-1.799,"bolussnooze":0.0013,"activity":-0.0144,"lastBolusTime":1703133263891,"time":"2023-12-21T07:47:03.091Z"}},{"iob":0.218,"basaliob":-0.055,"bolussnooze":0.001,"activity":0.0045,"lastBolusTime":1703133263891,"time":"2023-12-21T07:52:03.091Z","iobWithZeroTemp":{"iob":-1.524,"basaliob":-1.797,"bolussnooze":0.001,"activity":-0.0149,"lastBolusTime":1703133263891,"time":"2023-12-21T07:52:03.091Z"}},{"iob":0.197,"basaliob":-0.049,"bolussnooze":7.0E-4,"activity":0.0041,"lastBolusTime":1703133263891,"time":"2023-12-21T07:57:03.091Z","iobWithZeroTemp":{"iob":-1.547,"basaliob":-1.793,"bolussnooze":7.0E-4,"activity":-0.0154,"lastBolusTime":1703133263891,"time":"2023-12-21T07:57:03.091Z"}},{"iob":0.178,"basaliob":-0.044,"bolussnooze":5.0E-4,"activity":0.0037,"lastBolusTime":1703133263891,"time":"2023-12-21T08:02:03.091Z","iobWithZeroTemp":{"iob":-1.569,"basaliob":-1.791,"bolussnooze":5.0E-4,"activity":-0.0159,"lastBolusTime":1703133263891,"time":"2023-12-21T08:02:03.091Z"}},{"iob":0.16,"basaliob":-0.04,"bolussnooze":3.0E-4,"activity":0.0034,"lastBolusTime":1703133263891,"time":"2023-12-21T08:07:03.091Z","iobWithZeroTemp":{"iob":-1.58,"basaliob":-1.78,"bolussnooze":3.0E-4,"activity":-0.0162,"lastBolusTime":1703133263891,"time":"2023-12-21T08:07:03.091Z"}},{"iob":0.144,"basaliob":-0.036,"bolussnooze":2.0E-4,"activity":0.003,"lastBolusTime":1703133263891,"time":"2023-12-21T08:12:03.091Z","iobWithZeroTemp":{"iob":-1.59,"basaliob":-1.77,"bolussnooze":2.0E-4,"activity":-0.0167,"lastBolusTime":1703133263891,"time":"2023-12-21T08:12:03.091Z"}},{"iob":0.13,"basaliob":-0.032,"bolussnooze":2.0E-4,"activity":0.0027,"lastBolusTime":1703133263891,"time":"2023-12-21T08:17:03.091Z","iobWithZeroTemp":{"iob":-1.597,"basaliob":-1.759,"bolussnooze":2.0E-4,"activity":-0.017,"lastBolusTime":1703133263891,"time":"2023-12-21T08:17:03.091Z"}},{"iob":0.116,"basaliob":-0.029,"bolussnooze":1.0E-4,"activity":0.0025,"lastBolusTime":1703133263891,"time":"2023-12-21T08:22:03.091Z","iobWithZeroTemp":{"iob":-1.605,"basaliob":-1.75,"bolussnooze":1.0E-4,"activity":-0.0171,"lastBolusTime":1703133263891,"time":"2023-12-21T08:22:03.091Z"}},{"iob":0.104,"basaliob":-0.026,"bolussnooze":1.0E-4,"activity":0.0022,"lastBolusTime":1703133263891,"time":"2023-12-21T08:27:03.091Z","iobWithZeroTemp":{"iob":-1.61,"basaliob":-1.74,"bolussnooze":1.0E-4,"activity":-0.0174,"lastBolusTime":1703133263891,"time":"2023-12-21T08:27:03.091Z"}},{"iob":0.094,"basaliob":-0.023,"bolussnooze":0,"activity":0.002,"lastBolusTime":1703133263891,"time":"2023-12-21T08:32:03.091Z","iobWithZeroTemp":{"iob":-1.614,"basaliob":-1.731,"bolussnooze":0,"activity":-0.0176,"lastBolusTime":1703133263891,"time":"2023-12-21T08:32:03.091Z"}}],"profile":{"max_iob":20,"type":"current","max_daily_basal":1.6,"max_basal":4.8,"min_bg":81,"max_bg":81,"target_bg":81,"carb_ratio":5.5,"sens":72,"max_daily_safety_multiplier":3,"current_basal_safety_multiplier":4,"high_temptarget_raises_sensitivity":false,"low_temptarget_lowers_sensitivity":false,"sensitivity_raises_target":false,"resistance_lowers_target":false,"adv_target_adjustments":false,"exercise_mode":false,"half_basal_exercise_target":160,"maxCOB":120,"skip_neutral_temps":false,"remainingCarbsCap":90,"enableUAM":true,"A52_risk_enable":false,"SMBInterval":3,"enableSMB_with_COB":false,"enableSMB_with_temptarget":false,"allowSMB_with_high_temptarget":true,"enableSMB_always":true,"enableSMB_after_carbs":false,"maxSMBBasalMinutes":120,"maxUAMSMBBasalMinutes":120,"bolus_increment":0.05,"carbsReqThreshold":1,"current_basal":1.3,"temptargetSet":true,"autosens_max":1.8,"out_units":"mmol\/L"},"autosens_data":{"ratio":1},"meal_data":{"carbs":20,"mealCOB":1.1566944444444462,"slopeFromMaxDeviation":0,"slopeFromMinDeviation":1.6001818181818184,"lastBolusTime":1703133263891,"lastCarbTime":1703127724000},"microBolusAllowed":true,"currentTime":1703133427064,"flatBGsDetected":false},"output":{"temp":"absolute","bg":144,"tick":"+3","eventualBG":148,"targetBG":81,"insulinReq":-0.58,"deliverAt":"2023-12-21T04:37:07.064Z","sensitivityRatio":1,"predBGs":{"IOB":[144,145,143,140,134,127,119,109,98,85,72,57,41,39],"ZT":[144,122,100,78,56,39,39,39,39,39,39,39,39,39,39,39,39,39,39,39,39,39,39,39,39,39,39,39,39,39,39,39,39,39,39,39,39,39,39,39,39,39,39,39,39,39,39,39],"COB":[144,127,105,82,61,39,39,39,39,39,39,39,39],"UAM":[144,146,147,148,148,148,147,147,147,147,147,148,148,149,150,152,153,155,156,158,160,162,163,165,167,168,169,170,171,171,171,171,170,169,168,166,164,161,160,158,156,155,153,152,151,150,149,148]},"COB":1.1566944444444462,"IOB":5.892,"reason":"COB: 1.2, Dev: 8.2, BGI: -1.2, ISF: 4.0, CR: 5.5, Target: 4.5, minPredBG 2.2, minGuardBG 6.7, IOBpredBG 2.2, COBpredBG 2.2, UAMpredBG 8.2; 23 add'l carbs req w\/in 25m; Eventual BG 8.2 >= 4.5,  insulinReq -0.58; setting 60m low temp of 0U\/h. Waiting 0m 18s to microbolus again. ","carbsReq":23,"carbsReqWithin":25,"rate":0,"duration":60,"timestamp":"2023-12-21T04:37:07.154Z"}}