{"algorithm":"OpenAPSSMBPlugin","input":{"glucoseStatus":{"glucose":84,"noise":0,"delta":-7,"short_avgdelta":-5.61,"long_avgdelta":-0.84,"date":1703077601836},"currenttemp":{"temp":"absolute","duration":95,"rate":0,"minutesrunning":25},"iob_data":[{"iob":1.414,"basaliob":-1.101,"bolussnooze":1.3712,"activity":0.0149,"lastBolusTime":1703076907848,"time":"2023-12-20T13:07:05.124Z","iobWithZeroTemp":{"iob":1.414,"basaliob":-1.101,"bolussnooze":1.3712,"activity":0.0149,"lastBolusTime":1703076907848,"time":"2023-12-20T13:07:05.124Z"}},{"iob":1.339,"basaliob":-1.037,"bolussnooze":1.205,"activity":0.015,"lastBolusTime":1703076907848,"time":"2023-12-20T13:12:05.124Z","iobWithZeroTemp":{"iob":1.292,"basaliob":-1.084,"bolussnooze":1.205,"activity":0.015,"lastBolusTime":1703076907848,"time":"2023-12-20T13:12:05.124Z"}},{"iob":1.264,"basaliob":-0.974,"bolussnooze":1.0493,"activity":0.0149,"lastBolusTime":1703076907848,"time":"2023-12-20T13:17:05.124Z","iobWithZeroTemp":{"iob":1.16,"basaliob":-1.078,"bolussnooze":1.0493,"activity":0.0147,"lastBolusTime":1703076907848,"time":"2023-12-20T13:17:05.124Z"}},{"iob":1.189,"basaliob":-0.913,"bolussnooze":0.9068,"activity":0.0148,"lastBolusTime":1703076907848,"time":"2023-12-20T13:22:05.124Z","iobWithZeroTemp":{"iob":1.028,"basaliob":-1.074,"bolussnooze":0.9068,"activity":0.0143,"lastBolusTime":1703076907848,"time":"2023-12-20T13:22:05.124Z"}},{"iob":1.117,"basaliob":-0.853,"bolussnooze":0.7784,"activity":0.0144,"lastBolusTime":1703076907848,"time":"2023-12-20T13:27:05.124Z","iobWithZeroTemp":{"iob":0.901,"basaliob":-1.069,"bolussnooze":0.7784,"activity":0.0136,"lastBolusTime":1703076907848,"time":"2023-12-20T13:27:05.124Z"}},{"iob":1.045,"basaliob":-0.796,"bolussnooze":0.6643,"activity":0.0141,"lastBolusTime":1703076907848,"time":"2023-12-20T13:32:05.124Z","iobWithZeroTemp":{"iob":0.775,"basaliob":-1.066,"bolussnooze":0.6643,"activity":0.0129,"lastBolusTime":1703076907848,"time":"2023-12-20T13:32:05.124Z"}},{"iob":0.976,"basaliob":-0.741,"bolussnooze":0.564,"activity":0.0135,"lastBolusTime":1703076907848,"time":"2023-12-20T13:37:05.124Z","iobWithZeroTemp":{"iob":0.655,"basaliob":-1.062,"bolussnooze":0.564,"activity":0.0119,"lastBolusTime":1703076907848,"time":"2023-12-20T13:37:05.124Z"}},{"iob":0.91,"basaliob":-0.689,"bolussnooze":0.4766,"activity":0.013,"lastBolusTime":1703076907848,"time":"2023-12-20T13:42:05.124Z","iobWithZeroTemp":{"iob":0.54,"basaliob":-1.059,"bolussnooze":0.4766,"activity":0.0109,"lastBolusTime":1703076907848,"time":"2023-12-20T13:42:05.124Z"}},{"iob":0.846,"basaliob":-0.639,"bolussnooze":0.401,"activity":0.0124,"lastBolusTime":1703076907848,"time":"2023-12-20T13:47:05.124Z","iobWithZeroTemp":{"iob":0.429,"basaliob":-1.056,"bolussnooze":0.401,"activity":0.0098,"lastBolusTime":1703076907848,"time":"2023-12-20T13:47:05.124Z"}},{"iob":0.786,"basaliob":-0.592,"bolussnooze":0.3361,"activity":0.0117,"lastBolusTime":1703076907848,"time":"2023-12-20T13:52:05.124Z","iobWithZeroTemp":{"iob":0.325,"basaliob":-1.053,"bolussnooze":0.3361,"activity":0.0087,"lastBolusTime":1703076907848,"time":"2023-12-20T13:52:05.124Z"}},{"iob":0.729,"basaliob":-0.547,"bolussnooze":0.2806,"activity":0.0112,"lastBolusTime":1703076907848,"time":"2023-12-20T13:57:05.124Z","iobWithZeroTemp":{"iob":0.226,"basaliob":-1.05,"bolussnooze":0.2806,"activity":0.0077,"lastBolusTime":1703076907848,"time":"2023-12-20T13:57:05.124Z"}},{"iob":0.675,"basaliob":-0.505,"bolussnooze":0.2335,"activity":0.0105,"lastBolusTime":1703076907848,"time":"2023-12-20T14:02:05.124Z","iobWithZeroTemp":{"iob":0.132,"basaliob":-1.048,"bolussnooze":0.2335,"activity":0.0065,"lastBolusTime":1703076907848,"time":"2023-12-20T14:02:05.124Z"}},{"iob":0.624,"basaliob":-0.466,"bolussnooze":0.1937,"activity":0.0099,"lastBolusTime":1703076907848,"time":"2023-12-20T14:07:05.124Z","iobWithZeroTemp":{"iob":0.044,"basaliob":-1.046,"bolussnooze":0.1937,"activity":0.0054,"lastBolusTime":1703076907848,"time":"2023-12-20T14:07:05.124Z"}},{"iob":0.576,"basaliob":-0.429,"bolussnooze":0.1602,"activity":0.0093,"lastBolusTime":1703076907848,"time":"2023-12-20T14:12:05.124Z","iobWithZeroTemp":{"iob":-0.039,"basaliob":-1.044,"bolussnooze":0.1602,"activity":0.0044,"lastBolusTime":1703076907848,"time":"2023-12-20T14:12:05.124Z"}},{"iob":0.53,"basaliob":-0.395,"bolussnooze":0.1321,"activity":0.0087,"lastBolusTime":1703076907848,"time":"2023-12-20T14:17:05.124Z","iobWithZeroTemp":{"iob":-0.117,"basaliob":-1.042,"bolussnooze":0.1321,"activity":0.0033,"lastBolusTime":1703076907848,"time":"2023-12-20T14:17:05.124Z"}},{"iob":0.488,"basaliob":-0.363,"bolussnooze":0.1086,"activity":0.0081,"lastBolusTime":1703076907848,"time":"2023-12-20T14:22:05.124Z","iobWithZeroTemp":{"iob":-0.19,"basaliob":-1.041,"bolussnooze":0.1086,"activity":0.0023,"lastBolusTime":1703076907848,"time":"2023-12-20T14:22:05.124Z"}},{"iob":0.449,"basaliob":-0.333,"bolussnooze":0.089,"activity":0.0076,"lastBolusTime":1703076907848,"time":"2023-12-20T14:27:05.124Z","iobWithZeroTemp":{"iob":-0.257,"basaliob":-1.039,"bolussnooze":0.089,"activity":0.0014,"lastBolusTime":1703076907848,"time":"2023-12-20T14:27:05.124Z"}},{"iob":0.413,"basaliob":-0.305,"bolussnooze":0.0727,"activity":0.0071,"lastBolusTime":1703076907848,"time":"2023-12-20T14:32:05.124Z","iobWithZeroTemp":{"iob":-0.32,"basaliob":-1.038,"bolussnooze":0.0727,"activity":5.0E-4,"lastBolusTime":1703076907848,"time":"2023-12-20T14:32:05.124Z"}},{"iob":0.378,"basaliob":-0.28,"bolussnooze":0.0593,"activity":0.0066,"lastBolusTime":1703076907848,"time":"2023-12-20T14:37:05.124Z","iobWithZeroTemp":{"iob":-0.379,"basaliob":-1.037,"bolussnooze":0.0593,"activity":-4.0E-4,"lastBolusTime":1703076907848,"time":"2023-12-20T14:37:05.124Z"}},{"iob":0.347,"basaliob":-0.256,"bolussnooze":0.0482,"activity":0.006,"lastBolusTime":1703076907848,"time":"2023-12-20T14:42:05.124Z","iobWithZeroTemp":{"iob":-0.433,"basaliob":-1.036,"bolussnooze":0.0482,"activity":-0.0013,"lastBolusTime":1703076907848,"time":"2023-12-20T14:42:05.124Z"}},{"iob":0.318,"basaliob":-0.234,"bolussnooze":0.0391,"activity":0.0056,"lastBolusTime":1703076907848,"time":"2023-12-20T14:47:05.124Z","iobWithZeroTemp":{"iob":-0.483,"basaliob":-1.035,"bolussnooze":0.0391,"activity":-0.002,"lastBolusTime":1703076907848,"time":"2023-12-20T14:47:05.124Z"}},{"iob":0.291,"basaliob":-0.214,"bolussnooze":0.0316,"activity":0.0052,"lastBolusTime":1703076907848,"time":"2023-12-20T14:52:05.124Z","iobWithZeroTemp":{"iob":-0.529,"basaliob":-1.034,"bolussnooze":0.0316,"activity":-0.0028,"lastBolusTime":1703076907848,"time":"2023-12-20T14:52:05.124Z"}},{"iob":0.266,"basaliob":-0.195,"bolussnooze":0.0254,"activity":0.0048,"lastBolusTime":1703076907848,"time":"2023-12-20T14:57:05.124Z","iobWithZeroTemp":{"iob":-0.572,"basaliob":-1.033,"bolussnooze":0.0254,"activity":-0.0034,"lastBolusTime":1703076907848,"time":"2023-12-20T14:57:05.124Z"}},{"iob":0.243,"basaliob":-0.178,"bolussnooze":0.0204,"activity":0.0044,"lastBolusTime":1703076907848,"time":"2023-12-20T15:02:05.124Z","iobWithZeroTemp":{"iob":-0.611,"basaliob":-1.032,"bolussnooze":0.0204,"activity":-0.0041,"lastBolusTime":1703076907848,"time":"2023-12-20T15:02:05.124Z"}},{"iob":0.222,"basaliob":-0.162,"bolussnooze":0.0164,"activity":0.0041,"lastBolusTime":1703076907848,"time":"2023-12-20T15:07:05.124Z","iobWithZeroTemp":{"iob":-0.639,"basaliob":-1.023,"bolussnooze":0.0164,"activity":-0.0047,"lastBolusTime":1703076907848,"time":"2023-12-20T15:07:05.124Z"}},{"iob":0.202,"basaliob":-0.147,"bolussnooze":0.0131,"activity":0.0037,"lastBolusTime":1703076907848,"time":"2023-12-20T15:12:05.124Z","iobWithZeroTemp":{"iob":-0.665,"basaliob":-1.014,"bolussnooze":0.0131,"activity":-0.0053,"lastBolusTime":1703076907848,"time":"2023-12-20T15:12:05.124Z"}},{"iob":0.184,"basaliob":-0.134,"bolussnooze":0.0104,"activity":0.0034,"lastBolusTime":1703076907848,"time":"2023-12-20T15:17:05.124Z","iobWithZeroTemp":{"iob":-0.688,"basaliob":-1.006,"bolussnooze":0.0104,"activity":-0.0057,"lastBolusTime":1703076907848,"time":"2023-12-20T15:17:05.124Z"}},{"iob":0.167,"basaliob":-0.122,"bolussnooze":0.0082,"activity":0.0032,"lastBolusTime":1703076907848,"time":"2023-12-20T15:22:05.124Z","iobWithZeroTemp":{"iob":-0.709,"basaliob":-0.998,"bolussnooze":0.0082,"activity":-0.0061,"lastBolusTime":1703076907848,"time":"2023-12-20T15:22:05.124Z"}},{"iob":0.152,"basaliob":-0.111,"bolussnooze":0.0065,"activity":0.0029,"lastBolusTime":1703076907848,"time":"2023-12-20T15:27:05.124Z","iobWithZeroTemp":{"iob":-0.727,"basaliob":-0.99,"bolussnooze":0.0065,"activity":-0.0065,"lastBolusTime":1703076907848,"time":"2023-12-20T15:27:05.124Z"}},{"iob":0.139,"basaliob":-0.1,"bolussnooze":0.0051,"activity":0.0026,"lastBolusTime":1703076907848,"time":"2023-12-20T15:32:05.124Z","iobWithZeroTemp":{"iob":-0.743,"basaliob":-0.982,"bolussnooze":0.0051,"activity":-0.0069,"lastBolusTime":1703076907848,"time":"2023-12-20T15:32:05.124Z"}},{"iob":0.126,"basaliob":-0.091,"bolussnooze":0.004,"activity":0.0024,"lastBolusTime":1703076907848,"time":"2023-12-20T15:37:05.124Z","iobWithZeroTemp":{"iob":-0.758,"basaliob":-0.975,"bolussnooze":0.004,"activity":-0.0072,"lastBolusTime":1703076907848,"time":"2023-12-20T15:37:05.124Z"}},{"iob":0.114,"basaliob":-0.083,"bolussnooze":0.0031,"activity":0.0023,"lastBolusTime":1703076907848,"time":"2023-12-20T15:42:05.124Z","iobWithZeroTemp":{"iob":-0.771,"basaliob":-0.968,"bolussnooze":0.0031,"activity":-0.0074,"lastBolusTime":1703076907848,"time":"2023-12-20T15:42:05.124Z"}},{"iob":0.103,"basaliob":-0.075,"bolussnooze":0.0024,"activity":0.002,"lastBolusTime":1703076907848,"time":"2023-12-20T15:47:05.124Z","iobWithZeroTemp":{"iob":-0.784,"basaliob":-0.962,"bolussnooze":0.0024,"activity":-0.0078,"lastBolusTime":1703076907848,"time":"2023-12-20T15:47:05.124Z"}},{"iob":0.093,"basaliob":-0.068,"bolussnooze":0.0018,"activity":0.0018,"lastBolusTime":1703076907848,"time":"2023-12-20T15:52:05.124Z","iobWithZeroTemp":{"iob":-0.794,"basaliob":-0.955,"bolussnooze":0.0018,"activity":-0.0081,"lastBolusTime":1703076907848,"time":"2023-12-20T15:52:05.124Z"}},{"iob":0.085,"basaliob":-0.061,"bolussnooze":0.0014,"activity":0.0017,"lastBolusTime":1703076907848,"time":"2023-12-20T15:57:05.124Z","iobWithZeroTemp":{"iob":-0.803,"basaliob":-0.949,"bolussnooze":0.0014,"activity":-0.0082,"lastBolusTime":1703076907848,"time":"2023-12-20T15:57:05.124Z"}},{"iob":0.077,"basaliob":-0.055,"bolussnooze":0.0011,"activity":0.0016,"lastBolusTime":1703076907848,"time":"2023-12-20T16:02:05.124Z","iobWithZeroTemp":{"iob":-0.812,"basaliob":-0.944,"bolussnooze":0.0011,"activity":-0.0083,"lastBolusTime":1703076907848,"time":"2023-12-20T16:02:05.124Z"}},{"iob":0.069,"basaliob":-0.05,"bolussnooze":8.0E-4,"activity":0.0014,"lastBolusTime":1703076907848,"time":"2023-12-20T16:07:05.124Z","iobWithZeroTemp":{"iob":-0.82,"basaliob":-0.939,"bolussnooze":8.0E-4,"activity":-0.0086,"lastBolusTime":1703076907848,"time":"2023-12-20T16:07:05.124Z"}},{"iob":0.063,"basaliob":-0.045,"bolussnooze":6.0E-4,"activity":0.0013,"lastBolusTime":1703076907848,"time":"2023-12-20T16:12:05.124Z","iobWithZeroTemp":{"iob":-0.822,"basaliob":-0.93,"bolussnooze":6.0E-4,"activity":-0.0086,"lastBolusTime":1703076907848,"time":"2023-12-20T16:12:05.124Z"}},{"iob":0.056,"basaliob":-0.041,"bolussnooze":4.0E-4,"activity":0.0012,"lastBolusTime":1703076907848,"time":"2023-12-20T16:17:05.124Z","iobWithZeroTemp":{"iob":-0.829,"basaliob":-0.926,"bolussnooze":4.0E-4,"activity":-0.0088,"lastBolusTime":1703076907848,"time":"2023-12-20T16:17:05.124Z"}},{"iob":0.051,"basaliob":-0.037,"bolussnooze":3.0E-4,"activity":0.001,"lastBolusTime":1703076907848,"time":"2023-12-20T16:22:05.124Z","iobWithZeroTemp":{"iob":-0.834,"basaliob":-0.922,"bolussnooze":3.0E-4,"activity":-0.009,"lastBolusTime":1703076907848,"time":"2023-12-20T16:22:05.124Z"}},{"iob":0.046,"basaliob":-0.033,"bolussnooze":2.0E-4,"activity":0.001,"lastBolusTime":1703076907848,"time":"2023-12-20T16:27:05.124Z","iobWithZeroTemp":{"iob":-0.839,"basaliob":-0.918,"bolussnooze":2.0E-4,"activity":-0.009,"lastBolusTime":1703076907848,"time":"2023-12-20T16:27:05.124Z"}},{"iob":0.041,"basaliob":-0.03,"bolussnooze":1.0E-4,"activity":9.0E-4,"lastBolusTime":1703076907848,"time":"2023-12-20T16:32:05.124Z","iobWithZeroTemp":{"iob":-0.844,"basaliob":-0.915,"bolussnooze":1.0E-4,"activity":-0.0091,"lastBolusTime":1703076907848,"time":"2023-12-20T16:32:05.124Z"}},{"iob":0.037,"basaliob":-0.027,"bolussnooze":1.0E-4,"activity":8.0E-4,"lastBolusTime":1703076907848,"time":"2023-12-20T16:37:05.124Z","iobWithZeroTemp":{"iob":-0.848,"basaliob":-0.912,"bolussnooze":1.0E-4,"activity":-0.0092,"lastBolusTime":1703076907848,"time":"2023-12-20T16:37:05.124Z"}},{"iob":0.034,"basaliob":-0.024,"bolussnooze":1.0E-4,"activity":7.0E-4,"lastBolusTime":1703076907848,"time":"2023-12-20T16:42:05.124Z","iobWithZeroTemp":{"iob":-0.851,"basaliob":-0.909,"bolussnooze":1.0E-4,"activity":-0.0093,"lastBolusTime":1703076907848,"time":"2023-12-20T16:42:05.124Z"}},{"iob":0.03,"basaliob":-0.022,"bolussnooze":0,"activity":6.0E-4,"lastBolusTime":1703076907848,"time":"2023-12-20T16:47:05.124Z","iobWithZeroTemp":{"iob":-0.855,"basaliob":-0.907,"bolussnooze":0,"activity":-0.0094,"lastBolusTime":1703076907848,"time":"2023-12-20T16:47:05.124Z"}},{"iob":0.027,"basaliob":-0.019,"bolussnooze":0,"activity":6.0E-4,"lastBolusTime":1703076907848,"time":"2023-12-20T16:52:05.124Z","iobWithZeroTemp":{"iob":-0.858,"basaliob":-0.904,"bolussnooze":0,"activity":-0.0094,"lastBolusTime":1703076907848,"time":"2023-12-20T16:52:05.124Z"}},{"iob":0.025,"basaliob":-0.017,"bolussnooze":0,"activity":5.0E-4,"lastBolusTime":1703076907848,"time":"2023-12-20T16:57:05.124Z","iobWithZeroTemp":{"iob":-0.86,"basaliob":-0.902,"bolussnooze":0,"activity":-0.0095,"lastBolusTime":1703076907848,"time":"2023-12-20T16:57:05.124Z"}},{"iob":0.022,"basaliob":-0.015,"bolussnooze":0,"activity":5.0E-4,"lastBolusTime":1703076907848,"time":"2023-12-20T17:02:05.124Z","iobWithZeroTemp":{"iob":-0.862,"basaliob":-0.899,"bolussnooze":0,"activity":-0.0096,"lastBolusTime":1703076907848,"time":"2023-12-20T17:02:05.124Z"}}],"profile":{"max_iob":20,"type":"current","max_daily_basal":1.6,"max_basal":2.8,"min_bg":81,"max_bg":81,"target_bg":81,"carb_ratio":8,"sens":108,"max_daily_safety_multiplier":3,"current_basal_safety_multiplier":4,"high_temptarget_raises_sensitivity":false,"low_temptarget_lowers_sensitivity":false,"sensitivity_raises_target":false,"resistance_lowers_target":false,"adv_target_adjustments":false,"exercise_mode":false,"half_basal_exercise_target":160,"maxCOB":120,"skip_neutral_temps":false,"remainingCarbsCap":90,"enableUAM":true,"A52_risk_enable":false,"SMBInterval":3,"enableSMB_with_COB":false,"enableSMB_with_temptarget":false,"allowSMB_with_high_temptarget":true,"enableSMB_always":true,"enableSMB_after_carbs":false,"maxSMBBasalMinutes":120,"maxUAMSMBBasalMinutes":120,"bolus_increment":0.05,"carbsReqThreshold":1,"current_basal":0.7,"temptargetSet":true,"autosens_max":1.8,"out_units":"mmol\/L"},"autosens_data":{"ratio":1},"meal_data":{"carbs":45,"mealCOB":2.9045925925925937,"slopeFromMaxDeviation":-1.7174285714285715,"slopeFromMinDeviation":0,"lastBolusTime":1703076907848,"lastCarbTime":1703074649000},"microBolusAllowed":true,"currentTime":1703077628613,"flatBGsDetected":false},"output":{"temp":"absolute","bg":84,"tick":-7,"eventualBG":39,"targetBG":81,"insulinReq":0,"deliverAt":"2023-12-20T13:07:08.613Z","sensitivityRatio":1,"predBGs":{"IOB":[84,77,70,63,55,48,41,39,39,39,39,39,39],"ZT":[84,76,68,60,52,45,39,39,39,39,39,39,39,39,39,39,39,39,39,39,39,39,39,39,39,39,39,39,39,39,39,39,39,39,42,46,51,55,60,65,69,74,79],"COB":[84,77,70,63,56,49,43,39,39,39,39,39,39],"UAM":[84,76,68,60,52,44,39,39,39,39,39,39,39]},"COB":2.9045925925925937,"IOB":1.414,"reason":"COB: 2.9, Dev: 0.3, BGI: -0.4, ISF: 6.0, CR: 8, Target: 4.5, minPredBG -0.1, minGuardBG -3.8, IOBpredBG 2.2, COBpredBG 2.2, UAMpredBG 2.2; 8 add'l carbs req w\/in 20m; minGuardBG -3.8<3.4","carbsReq":8,"carbsReqWithin":20,"duration":120,"rate":0,"timestamp":"2023-12-20T13:07:08.726Z"}}