{"algorithm":"OpenAPSSMBPlugin","input":{"glucoseStatus":{"glucose":48,"noise":0,"delta":-9,"short_avgdelta":-6.83,"long_avgdelta":-3.07,"date":1703073101243},"currenttemp":{"temp":"absolute","duration":75,"rate":0,"minutesrunning":45},"iob_data":[{"iob":0.745,"basaliob":-1.209,"bolussnooze":0.2072,"activity":0.0185,"lastBolusTime":1703067675204,"time":"2023-12-20T11:52:02.243Z","iobWithZeroTemp":{"iob":0.745,"basaliob":-1.209,"bolussnooze":0.2072,"activity":0.0185,"lastBolusTime":1703067675204,"time":"2023-12-20T11:52:02.243Z"}},{"iob":0.658,"basaliob":-1.14,"bolussnooze":0.1697,"activity":0.0164,"lastBolusTime":1703067675204,"time":"2023-12-20T11:57:02.243Z","iobWithZeroTemp":{"iob":0.605,"basaliob":-1.193,"bolussnooze":0.1697,"activity":0.0163,"lastBolusTime":1703067675204,"time":"2023-12-20T11:57:02.243Z"}},{"iob":0.58,"basaliob":-1.072,"bolussnooze":0.1387,"activity":0.0146,"lastBolusTime":1703067675204,"time":"2023-12-20T12:02:02.243Z","iobWithZeroTemp":{"iob":0.461,"basaliob":-1.191,"bolussnooze":0.1387,"activity":0.0144,"lastBolusTime":1703067675204,"time":"2023-12-20T12:02:02.243Z"}},{"iob":0.511,"basaliob":-1.006,"bolussnooze":0.113,"activity":0.0129,"lastBolusTime":1703067675204,"time":"2023-12-20T12:07:02.243Z","iobWithZeroTemp":{"iob":0.327,"basaliob":-1.19,"bolussnooze":0.113,"activity":0.0124,"lastBolusTime":1703067675204,"time":"2023-12-20T12:07:02.243Z"}},{"iob":0.45,"basaliob":-0.941,"bolussnooze":0.0918,"activity":0.0114,"lastBolusTime":1703067675204,"time":"2023-12-20T12:12:02.243Z","iobWithZeroTemp":{"iob":0.203,"basaliob":-1.188,"bolussnooze":0.0918,"activity":0.0105,"lastBolusTime":1703067675204,"time":"2023-12-20T12:12:02.243Z"}},{"iob":0.397,"basaliob":-0.878,"bolussnooze":0.0743,"activity":0.0101,"lastBolusTime":1703067675204,"time":"2023-12-20T12:17:02.243Z","iobWithZeroTemp":{"iob":0.089,"basaliob":-1.186,"bolussnooze":0.0743,"activity":0.0087,"lastBolusTime":1703067675204,"time":"2023-12-20T12:17:02.243Z"}},{"iob":0.349,"basaliob":-0.818,"bolussnooze":0.06,"activity":0.0089,"lastBolusTime":1703067675204,"time":"2023-12-20T12:22:02.243Z","iobWithZeroTemp":{"iob":-0.018,"basaliob":-1.185,"bolussnooze":0.06,"activity":0.007,"lastBolusTime":1703067675204,"time":"2023-12-20T12:22:02.243Z"}},{"iob":0.306,"basaliob":-0.761,"bolussnooze":0.0483,"activity":0.008,"lastBolusTime":1703067675204,"time":"2023-12-20T12:27:02.243Z","iobWithZeroTemp":{"iob":-0.117,"basaliob":-1.184,"bolussnooze":0.0483,"activity":0.0056,"lastBolusTime":1703067675204,"time":"2023-12-20T12:27:02.243Z"}},{"iob":0.269,"basaliob":-0.706,"bolussnooze":0.0388,"activity":0.0071,"lastBolusTime":1703067675204,"time":"2023-12-20T12:32:02.243Z","iobWithZeroTemp":{"iob":-0.208,"basaliob":-1.183,"bolussnooze":0.0388,"activity":0.0042,"lastBolusTime":1703067675204,"time":"2023-12-20T12:32:02.243Z"}},{"iob":0.236,"basaliob":-0.654,"bolussnooze":0.031,"activity":0.0062,"lastBolusTime":1703067675204,"time":"2023-12-20T12:37:02.243Z","iobWithZeroTemp":{"iob":-0.291,"basaliob":-1.181,"bolussnooze":0.031,"activity":0.0027,"lastBolusTime":1703067675204,"time":"2023-12-20T12:37:02.243Z"}},{"iob":0.207,"basaliob":-0.605,"bolussnooze":0.0248,"activity":0.0055,"lastBolusTime":1703067675204,"time":"2023-12-20T12:42:02.243Z","iobWithZeroTemp":{"iob":-0.368,"basaliob":-1.18,"bolussnooze":0.0248,"activity":0.0015,"lastBolusTime":1703067675204,"time":"2023-12-20T12:42:02.243Z"}},{"iob":0.181,"basaliob":-0.559,"bolussnooze":0.0197,"activity":0.0049,"lastBolusTime":1703067675204,"time":"2023-12-20T12:47:02.243Z","iobWithZeroTemp":{"iob":-0.439,"basaliob":-1.179,"bolussnooze":0.0197,"activity":3.0E-4,"lastBolusTime":1703067675204,"time":"2023-12-20T12:47:02.243Z"}},{"iob":0.158,"basaliob":-0.516,"bolussnooze":0.0156,"activity":0.0043,"lastBolusTime":1703067675204,"time":"2023-12-20T12:52:02.243Z","iobWithZeroTemp":{"iob":-0.505,"basaliob":-1.179,"bolussnooze":0.0156,"activity":-8.0E-4,"lastBolusTime":1703067675204,"time":"2023-12-20T12:52:02.243Z"}},{"iob":0.137,"basaliob":-0.476,"bolussnooze":0.0123,"activity":0.0038,"lastBolusTime":1703067675204,"time":"2023-12-20T12:57:02.243Z","iobWithZeroTemp":{"iob":-0.566,"basaliob":-1.179,"bolussnooze":0.0123,"activity":-0.0018,"lastBolusTime":1703067675204,"time":"2023-12-20T12:57:02.243Z"}},{"iob":0.12,"basaliob":-0.438,"bolussnooze":0.0096,"activity":0.0034,"lastBolusTime":1703067675204,"time":"2023-12-20T13:02:02.243Z","iobWithZeroTemp":{"iob":-0.62,"basaliob":-1.178,"bolussnooze":0.0096,"activity":-0.0027,"lastBolusTime":1703067675204,"time":"2023-12-20T13:02:02.243Z"}},{"iob":0.105,"basaliob":-0.402,"bolussnooze":0.0075,"activity":0.003,"lastBolusTime":1703067675204,"time":"2023-12-20T13:07:02.243Z","iobWithZeroTemp":{"iob":-0.662,"basaliob":-1.169,"bolussnooze":0.0075,"activity":-0.0036,"lastBolusTime":1703067675204,"time":"2023-12-20T13:07:02.243Z"}},{"iob":0.091,"basaliob":-0.369,"bolussnooze":0.0058,"activity":0.0026,"lastBolusTime":1703067675204,"time":"2023-12-20T13:12:02.243Z","iobWithZeroTemp":{"iob":-0.7,"basaliob":-1.16,"bolussnooze":0.0058,"activity":-0.0045,"lastBolusTime":1703067675204,"time":"2023-12-20T13:12:02.243Z"}},{"iob":0.078,"basaliob":-0.339,"bolussnooze":0.0045,"activity":0.0023,"lastBolusTime":1703067675204,"time":"2023-12-20T13:17:02.243Z","iobWithZeroTemp":{"iob":-0.735,"basaliob":-1.152,"bolussnooze":0.0045,"activity":-0.0052,"lastBolusTime":1703067675204,"time":"2023-12-20T13:17:02.243Z"}},{"iob":0.067,"basaliob":-0.311,"bolussnooze":0.0034,"activity":0.0019,"lastBolusTime":1703067675204,"time":"2023-12-20T13:22:02.243Z","iobWithZeroTemp":{"iob":-0.766,"basaliob":-1.144,"bolussnooze":0.0034,"activity":-0.0059,"lastBolusTime":1703067675204,"time":"2023-12-20T13:22:02.243Z"}},{"iob":0.059,"basaliob":-0.284,"bolussnooze":0.0026,"activity":0.0018,"lastBolusTime":1703067675204,"time":"2023-12-20T13:27:02.243Z","iobWithZeroTemp":{"iob":-0.792,"basaliob":-1.135,"bolussnooze":0.0026,"activity":-0.0064,"lastBolusTime":1703067675204,"time":"2023-12-20T13:27:02.243Z"}},{"iob":0.05,"basaliob":-0.26,"bolussnooze":0.002,"activity":0.0015,"lastBolusTime":1703067675204,"time":"2023-12-20T13:32:02.243Z","iobWithZeroTemp":{"iob":-0.818,"basaliob":-1.128,"bolussnooze":0.002,"activity":-0.007,"lastBolusTime":1703067675204,"time":"2023-12-20T13:32:02.243Z"}},{"iob":0.043,"basaliob":-0.238,"bolussnooze":0.0015,"activity":0.0013,"lastBolusTime":1703067675204,"time":"2023-12-20T13:37:02.243Z","iobWithZeroTemp":{"iob":-0.84,"basaliob":-1.121,"bolussnooze":0.0015,"activity":-0.0075,"lastBolusTime":1703067675204,"time":"2023-12-20T13:37:02.243Z"}},{"iob":0.037,"basaliob":-0.217,"bolussnooze":0.0011,"activity":0.0011,"lastBolusTime":1703067675204,"time":"2023-12-20T13:42:02.243Z","iobWithZeroTemp":{"iob":-0.86,"basaliob":-1.114,"bolussnooze":0.0011,"activity":-0.0079,"lastBolusTime":1703067675204,"time":"2023-12-20T13:42:02.243Z"}},{"iob":0.031,"basaliob":-0.198,"bolussnooze":8.0E-4,"activity":0.001,"lastBolusTime":1703067675204,"time":"2023-12-20T13:47:02.243Z","iobWithZeroTemp":{"iob":-0.879,"basaliob":-1.108,"bolussnooze":8.0E-4,"activity":-0.0083,"lastBolusTime":1703067675204,"time":"2023-12-20T13:47:02.243Z"}},{"iob":0.027,"basaliob":-0.18,"bolussnooze":6.0E-4,"activity":8.0E-4,"lastBolusTime":1703067675204,"time":"2023-12-20T13:52:02.243Z","iobWithZeroTemp":{"iob":-0.894,"basaliob":-1.101,"bolussnooze":6.0E-4,"activity":-0.0087,"lastBolusTime":1703067675204,"time":"2023-12-20T13:52:02.243Z"}},{"iob":0.023,"basaliob":-0.164,"bolussnooze":4.0E-4,"activity":8.0E-4,"lastBolusTime":1703067675204,"time":"2023-12-20T13:57:02.243Z","iobWithZeroTemp":{"iob":-0.903,"basaliob":-1.09,"bolussnooze":4.0E-4,"activity":-0.0088,"lastBolusTime":1703067675204,"time":"2023-12-20T13:57:02.243Z"}},{"iob":0.019,"basaliob":-0.149,"bolussnooze":3.0E-4,"activity":7.0E-4,"lastBolusTime":1703067675204,"time":"2023-12-20T14:02:02.243Z","iobWithZeroTemp":{"iob":-0.917,"basaliob":-1.085,"bolussnooze":3.0E-4,"activity":-0.0091,"lastBolusTime":1703067675204,"time":"2023-12-20T14:02:02.243Z"}},{"iob":0.016,"basaliob":-0.136,"bolussnooze":2.0E-4,"activity":6.0E-4,"lastBolusTime":1703067675204,"time":"2023-12-20T14:07:02.243Z","iobWithZeroTemp":{"iob":-0.929,"basaliob":-1.081,"bolussnooze":2.0E-4,"activity":-0.0094,"lastBolusTime":1703067675204,"time":"2023-12-20T14:07:02.243Z"}},{"iob":0.013,"basaliob":-0.123,"bolussnooze":1.0E-4,"activity":5.0E-4,"lastBolusTime":1703067675204,"time":"2023-12-20T14:12:02.243Z","iobWithZeroTemp":{"iob":-0.94,"basaliob":-1.076,"bolussnooze":1.0E-4,"activity":-0.0097,"lastBolusTime":1703067675204,"time":"2023-12-20T14:12:02.243Z"}},{"iob":0.011,"basaliob":-0.112,"bolussnooze":1.0E-4,"activity":4.0E-4,"lastBolusTime":1703067675204,"time":"2023-12-20T14:17:02.243Z","iobWithZeroTemp":{"iob":-0.949,"basaliob":-1.072,"bolussnooze":1.0E-4,"activity":-0.0099,"lastBolusTime":1703067675204,"time":"2023-12-20T14:17:02.243Z"}},{"iob":0.008,"basaliob":-0.102,"bolussnooze":0,"activity":4.0E-4,"lastBolusTime":1703067675204,"time":"2023-12-20T14:22:02.243Z","iobWithZeroTemp":{"iob":-0.958,"basaliob":-1.068,"bolussnooze":0,"activity":-0.01,"lastBolusTime":1703067675204,"time":"2023-12-20T14:22:02.243Z"}},{"iob":0.007,"basaliob":-0.092,"bolussnooze":0,"activity":3.0E-4,"lastBolusTime":1703067675204,"time":"2023-12-20T14:27:02.243Z","iobWithZeroTemp":{"iob":-0.965,"basaliob":-1.064,"bolussnooze":0,"activity":-0.0102,"lastBolusTime":1703067675204,"time":"2023-12-20T14:27:02.243Z"}},{"iob":0.006,"basaliob":-0.083,"bolussnooze":0,"activity":2.0E-4,"lastBolusTime":1703067675204,"time":"2023-12-20T14:32:02.243Z","iobWithZeroTemp":{"iob":-0.972,"basaliob":-1.061,"bolussnooze":0,"activity":-0.0105,"lastBolusTime":1703067675204,"time":"2023-12-20T14:32:02.243Z"}},{"iob":0.004,"basaliob":-0.076,"bolussnooze":0,"activity":2.0E-4,"lastBolusTime":1703067675204,"time":"2023-12-20T14:37:02.243Z","iobWithZeroTemp":{"iob":-0.979,"basaliob":-1.059,"bolussnooze":0,"activity":-0.0105,"lastBolusTime":1703067675204,"time":"2023-12-20T14:37:02.243Z"}},{"iob":0.003,"basaliob":-0.068,"bolussnooze":0,"activity":2.0E-4,"lastBolusTime":1703067675204,"time":"2023-12-20T14:42:02.243Z","iobWithZeroTemp":{"iob":-0.984,"basaliob":-1.055,"bolussnooze":0,"activity":-0.0106,"lastBolusTime":1703067675204,"time":"2023-12-20T14:42:02.243Z"}},{"iob":0.002,"basaliob":-0.062,"bolussnooze":0,"activity":1.0E-4,"lastBolusTime":1703067675204,"time":"2023-12-20T14:47:02.243Z","iobWithZeroTemp":{"iob":-0.989,"basaliob":-1.053,"bolussnooze":0,"activity":-0.0108,"lastBolusTime":1703067675204,"time":"2023-12-20T14:47:02.243Z"}},{"iob":0.001,"basaliob":-0.056,"bolussnooze":0,"activity":2.0E-4,"lastBolusTime":1703067675204,"time":"2023-12-20T14:52:02.243Z","iobWithZeroTemp":{"iob":-0.994,"basaliob":-1.051,"bolussnooze":0,"activity":-0.0108,"lastBolusTime":1703067675204,"time":"2023-12-20T14:52:02.243Z"}},{"iob":0.001,"basaliob":-0.05,"bolussnooze":0,"activity":2.0E-4,"lastBolusTime":1703067675204,"time":"2023-12-20T14:57:02.243Z","iobWithZeroTemp":{"iob":-0.997,"basaliob":-1.048,"bolussnooze":0,"activity":-0.0109,"lastBolusTime":1703067675204,"time":"2023-12-20T14:57:02.243Z"}},{"iob":0.001,"basaliob":-0.045,"bolussnooze":0,"activity":1.0E-4,"lastBolusTime":1703067675204,"time":"2023-12-20T15:02:02.243Z","iobWithZeroTemp":{"iob":-1,"basaliob":-1.046,"bolussnooze":0,"activity":-0.011,"lastBolusTime":1703067675204,"time":"2023-12-20T15:02:02.243Z"}},{"iob":0,"basaliob":-0.041,"bolussnooze":0,"activity":0,"lastBolusTime":1703067675204,"time":"2023-12-20T15:07:02.243Z","iobWithZeroTemp":{"iob":-0.995,"basaliob":-1.036,"bolussnooze":0,"activity":-0.0112,"lastBolusTime":1703067675204,"time":"2023-12-20T15:07:02.243Z"}},{"iob":-0.001,"basaliob":-0.037,"bolussnooze":0,"activity":0,"lastBolusTime":1703067675204,"time":"2023-12-20T15:12:02.243Z","iobWithZeroTemp":{"iob":-0.99,"basaliob":-1.026,"bolussnooze":0,"activity":-0.0112,"lastBolusTime":1703067675204,"time":"2023-12-20T15:12:02.243Z"}},{"iob":-0.001,"basaliob":-0.033,"bolussnooze":0,"activity":1.0E-4,"lastBolusTime":1703067675204,"time":"2023-12-20T15:17:02.243Z","iobWithZeroTemp":{"iob":-0.984,"basaliob":-1.016,"bolussnooze":0,"activity":-0.0111,"lastBolusTime":1703067675204,"time":"2023-12-20T15:17:02.243Z"}},{"iob":-0.001,"basaliob":-0.03,"bolussnooze":0,"activity":1.0E-4,"lastBolusTime":1703067675204,"time":"2023-12-20T15:22:02.243Z","iobWithZeroTemp":{"iob":-0.979,"basaliob":-1.008,"bolussnooze":0,"activity":-0.0111,"lastBolusTime":1703067675204,"time":"2023-12-20T15:22:02.243Z"}},{"iob":-0.001,"basaliob":-0.027,"bolussnooze":0,"activity":0,"lastBolusTime":1703067675204,"time":"2023-12-20T15:27:02.243Z","iobWithZeroTemp":{"iob":-0.973,"basaliob":-0.999,"bolussnooze":0,"activity":-0.0112,"lastBolusTime":1703067675204,"time":"2023-12-20T15:27:02.243Z"}},{"iob":-0.001,"basaliob":-0.024,"bolussnooze":0,"activity":0,"lastBolusTime":1703067675204,"time":"2023-12-20T15:32:02.243Z","iobWithZeroTemp":{"iob":-0.967,"basaliob":-0.99,"bolussnooze":0,"activity":-0.0111,"lastBolusTime":1703067675204,"time":"2023-12-20T15:32:02.243Z"}},{"iob":-0.002,"basaliob":-0.022,"bolussnooze":0,"activity":0,"lastBolusTime":1703067675204,"time":"2023-12-20T15:37:02.243Z","iobWithZeroTemp":{"iob":-0.963,"basaliob":-0.983,"bolussnooze":0,"activity":-0.0111,"lastBolusTime":1703067675204,"time":"2023-12-20T15:37:02.243Z"}},{"iob":-0.001,"basaliob":-0.019,"bolussnooze":0,"activity":0,"lastBolusTime":1703067675204,"time":"2023-12-20T15:42:02.243Z","iobWithZeroTemp":{"iob":-0.956,"basaliob":-0.974,"bolussnooze":0,"activity":-0.0111,"lastBolusTime":1703067675204,"time":"2023-12-20T15:42:02.243Z"}},{"iob":-0.001,"basaliob":-0.017,"bolussnooze":0,"activity":0,"lastBolusTime":1703067675204,"time":"2023-12-20T15:47:02.243Z","iobWithZeroTemp":{"iob":-0.951,"basaliob":-0.967,"bolussnooze":0,"activity":-0.011,"lastBolusTime":1703067675204,"time":"2023-12-20T15:47:02.243Z"}}],"profile":{"max_iob":20,"type":"current","max_daily_basal":1.6,"max_basal":3.2,"min_bg":90,"max_bg":90,"target_bg":90,"carb_ratio":8,"sens":108,"max_daily_safety_multiplier":3,"current_basal_safety_multiplier":4,"high_temptarget_raises_sensitivity":false,"low_temptarget_lowers_sensitivity":false,"sensitivity_raises_target":false,"resistance_lowers_target":false,"adv_target_adjustments":false,"exercise_mode":false,"half_basal_exercise_target":160,"maxCOB":120,"skip_neutral_temps":false,"remainingCarbsCap":90,"enableUAM":true,"A52_risk_enable":false,"SMBInterval":3,"enableSMB_with_COB":false,"enableSMB_with_temptarget":false,"allowSMB_with_high_temptarget":true,"enableSMB_always":true,"enableSMB_after_carbs":false,"maxSMBBasalMinutes":120,"maxUAMSMBBasalMinutes":120,"bolus_increment":0.05,"carbsReqThreshold":1,"current_basal":0.8,"temptargetSet":false,"autosens_max":1.8,"out_units":"mmol\/L"},"autosens_data":{"ratio":1},"meal_data":{"carbs":55,"mealCOB":4.589518518518535,"slopeFromMaxDeviation":-1.5693333333333335,"slopeFromMinDeviation":0,"lastBolusTime":1703067675204,"lastCarbTime":1703071632000},"microBolusAllowed":true,"currentTime":1703073124729,"flatBGsDetected":false},"output":{"temp":"absolute","bg":48,"tick":-9,"eventualBG":39,"targetBG":90,"insulinReq":0,"deliverAt":"2023-12-20T11:52:04.729Z","sensitivityRatio":1,"predBGs":{"IOB":[48,39,39,39,39,39,39,39,39,39,39,39,39],"ZT":[48,39,39,39,39,39,39,39,39,39,39,39,39,39,39,39,39,39,39,39,39,39,39,39,39,39,39,40,46,51,56,62,67,73,78,84,90],"COB":[48,39,39,39,39,39,39,39,39,39,39,39,39],"UAM":[48,39,39,39,39,39,39,39,39,39,39,39,39]},"COB":4.589518518518535,"IOB":0.745,"reason":"COB: 4.6, Dev: 0.3, BGI: -0.6, ISF: 6.0, CR: 8, Target: 5.0, minPredBG -0.4, minGuardBG -1.9, IOBpredBG 2.2, COBpredBG 2.2, UAMpredBG 2.2; 7 add'l carbs req w\/in 0m; minGuardBG -1.9<3.6","carbsReq":7,"carbsReqWithin":0,"duration":90,"rate":0,"timestamp":"2023-12-20T11:52:04.782Z"}}