{"algorithm":"OpenAPSSMBPlugin","input":{"glucoseStatus":{"glucose":111,"noise":0,"delta":1,"short_avgdelta":2.06,"long_avgdelta":4.34,"date":1703041902112},"currenttemp":{"temp":"absolute","duration":45,"rate":0,"minutesrunning":15},"iob_data":[{"iob":3.138,"basaliob":-1.301,"bolussnooze":0.8903,"activity":0.0237,"lastBolusTime":1703041168572,"time":"2023-12-20T03:12:01.463Z","iobWithZeroTemp":{"iob":3.138,"basaliob":-1.301,"bolussnooze":0.8903,"activity":0.0237,"lastBolusTime":1703041168572,"time":"2023-12-20T03:12:01.463Z"}},{"iob":3.012,"basaliob":-1.237,"bolussnooze":0.8133,"activity":0.026,"lastBolusTime":1703041168572,"time":"2023-12-20T03:17:01.463Z","iobWithZeroTemp":{"iob":2.925,"basaliob":-1.324,"bolussnooze":0.8133,"activity":0.0259,"lastBolusTime":1703041168572,"time":"2023-12-20T03:17:01.463Z"}},{"iob":2.879,"basaliob":-1.171,"bolussnooze":0.731,"activity":0.0274,"lastBolusTime":1703041168572,"time":"2023-12-20T03:22:01.463Z","iobWithZeroTemp":{"iob":2.685,"basaliob":-1.365,"bolussnooze":0.731,"activity":0.027,"lastBolusTime":1703041168572,"time":"2023-12-20T03:22:01.463Z"}},{"iob":2.739,"basaliob":-1.105,"bolussnooze":0.6486,"activity":0.0283,"lastBolusTime":1703041168572,"time":"2023-12-20T03:27:01.463Z","iobWithZeroTemp":{"iob":2.44,"basaliob":-1.404,"bolussnooze":0.6486,"activity":0.0274,"lastBolusTime":1703041168572,"time":"2023-12-20T03:27:01.463Z"}},{"iob":2.597,"basaliob":-1.039,"bolussnooze":0.5694,"activity":0.0287,"lastBolusTime":1703041168572,"time":"2023-12-20T03:32:01.463Z","iobWithZeroTemp":{"iob":2.195,"basaliob":-1.441,"bolussnooze":0.5694,"activity":0.0272,"lastBolusTime":1703041168572,"time":"2023-12-20T03:32:01.463Z"}},{"iob":2.453,"basaliob":-0.975,"bolussnooze":0.4955,"activity":0.0286,"lastBolusTime":1703041168572,"time":"2023-12-20T03:37:01.463Z","iobWithZeroTemp":{"iob":1.952,"basaliob":-1.476,"bolussnooze":0.4955,"activity":0.0264,"lastBolusTime":1703041168572,"time":"2023-12-20T03:37:01.463Z"}},{"iob":2.31,"basaliob":-0.913,"bolussnooze":0.4279,"activity":0.0283,"lastBolusTime":1703041168572,"time":"2023-12-20T03:42:01.463Z","iobWithZeroTemp":{"iob":1.714,"basaliob":-1.509,"bolussnooze":0.4279,"activity":0.0253,"lastBolusTime":1703041168572,"time":"2023-12-20T03:42:01.463Z"}},{"iob":2.171,"basaliob":-0.852,"bolussnooze":0.3671,"activity":0.0278,"lastBolusTime":1703041168572,"time":"2023-12-20T03:47:01.463Z","iobWithZeroTemp":{"iob":1.484,"basaliob":-1.539,"bolussnooze":0.3671,"activity":0.0239,"lastBolusTime":1703041168572,"time":"2023-12-20T03:47:01.463Z"}},{"iob":2.034,"basaliob":-0.794,"bolussnooze":0.3132,"activity":0.027,"lastBolusTime":1703041168572,"time":"2023-12-20T03:52:01.463Z","iobWithZeroTemp":{"iob":1.26,"basaliob":-1.568,"bolussnooze":0.3132,"activity":0.0223,"lastBolusTime":1703041168572,"time":"2023-12-20T03:52:01.463Z"}},{"iob":1.9,"basaliob":-0.739,"bolussnooze":0.2658,"activity":0.0261,"lastBolusTime":1703041168572,"time":"2023-12-20T03:57:01.463Z","iobWithZeroTemp":{"iob":1.043,"basaliob":-1.596,"bolussnooze":0.2658,"activity":0.0205,"lastBolusTime":1703041168572,"time":"2023-12-20T03:57:01.463Z"}},{"iob":1.773,"basaliob":-0.686,"bolussnooze":0.2245,"activity":0.025,"lastBolusTime":1703041168572,"time":"2023-12-20T04:02:01.463Z","iobWithZeroTemp":{"iob":0.838,"basaliob":-1.621,"bolussnooze":0.2245,"activity":0.0185,"lastBolusTime":1703041168572,"time":"2023-12-20T04:02:01.463Z"}},{"iob":1.65,"basaliob":-0.636,"bolussnooze":0.1889,"activity":0.024,"lastBolusTime":1703041168572,"time":"2023-12-20T04:07:01.463Z","iobWithZeroTemp":{"iob":0.642,"basaliob":-1.644,"bolussnooze":0.1889,"activity":0.0166,"lastBolusTime":1703041168572,"time":"2023-12-20T04:07:01.463Z"}},{"iob":1.533,"basaliob":-0.589,"bolussnooze":0.1582,"activity":0.0228,"lastBolusTime":1703041168572,"time":"2023-12-20T04:12:01.463Z","iobWithZeroTemp":{"iob":0.456,"basaliob":-1.666,"bolussnooze":0.1582,"activity":0.0145,"lastBolusTime":1703041168572,"time":"2023-12-20T04:12:01.463Z"}},{"iob":1.423,"basaliob":-0.544,"bolussnooze":0.1321,"activity":0.0215,"lastBolusTime":1703041168572,"time":"2023-12-20T04:17:01.463Z","iobWithZeroTemp":{"iob":0.281,"basaliob":-1.686,"bolussnooze":0.1321,"activity":0.0123,"lastBolusTime":1703041168572,"time":"2023-12-20T04:17:01.463Z"}},{"iob":1.318,"basaliob":-0.502,"bolussnooze":0.1099,"activity":0.0204,"lastBolusTime":1703041168572,"time":"2023-12-20T04:22:01.463Z","iobWithZeroTemp":{"iob":0.116,"basaliob":-1.704,"bolussnooze":0.1099,"activity":0.0104,"lastBolusTime":1703041168572,"time":"2023-12-20T04:22:01.463Z"}},{"iob":1.218,"basaliob":-0.463,"bolussnooze":0.0912,"activity":0.0192,"lastBolusTime":1703041168572,"time":"2023-12-20T04:27:01.463Z","iobWithZeroTemp":{"iob":-0.041,"basaliob":-1.722,"bolussnooze":0.0912,"activity":0.0084,"lastBolusTime":1703041168572,"time":"2023-12-20T04:27:01.463Z"}},{"iob":1.125,"basaliob":-0.426,"bolussnooze":0.0754,"activity":0.0181,"lastBolusTime":1703041168572,"time":"2023-12-20T04:32:01.463Z","iobWithZeroTemp":{"iob":-0.187,"basaliob":-1.738,"bolussnooze":0.0754,"activity":0.0066,"lastBolusTime":1703041168572,"time":"2023-12-20T04:32:01.463Z"}},{"iob":1.038,"basaliob":-0.392,"bolussnooze":0.0621,"activity":0.0169,"lastBolusTime":1703041168572,"time":"2023-12-20T04:37:01.463Z","iobWithZeroTemp":{"iob":-0.323,"basaliob":-1.753,"bolussnooze":0.0621,"activity":0.0046,"lastBolusTime":1703041168572,"time":"2023-12-20T04:37:01.463Z"}},{"iob":0.956,"basaliob":-0.36,"bolussnooze":0.0511,"activity":0.0158,"lastBolusTime":1703041168572,"time":"2023-12-20T04:42:01.463Z","iobWithZeroTemp":{"iob":-0.45,"basaliob":-1.766,"bolussnooze":0.0511,"activity":0.0029,"lastBolusTime":1703041168572,"time":"2023-12-20T04:42:01.463Z"}},{"iob":0.88,"basaliob":-0.33,"bolussnooze":0.0419,"activity":0.0148,"lastBolusTime":1703041168572,"time":"2023-12-20T04:47:01.463Z","iobWithZeroTemp":{"iob":-0.568,"basaliob":-1.778,"bolussnooze":0.0419,"activity":0.0012,"lastBolusTime":1703041168572,"time":"2023-12-20T04:47:01.463Z"}},{"iob":0.808,"basaliob":-0.303,"bolussnooze":0.0342,"activity":0.0137,"lastBolusTime":1703041168572,"time":"2023-12-20T04:52:01.463Z","iobWithZeroTemp":{"iob":-0.679,"basaliob":-1.79,"bolussnooze":0.0342,"activity":-5.0E-4,"lastBolusTime":1703041168572,"time":"2023-12-20T04:52:01.463Z"}},{"iob":0.742,"basaliob":-0.277,"bolussnooze":0.0279,"activity":0.0128,"lastBolusTime":1703041168572,"time":"2023-12-20T04:57:01.463Z","iobWithZeroTemp":{"iob":-0.781,"basaliob":-1.8,"bolussnooze":0.0279,"activity":-0.002,"lastBolusTime":1703041168572,"time":"2023-12-20T04:57:01.463Z"}},{"iob":0.68,"basaliob":-0.254,"bolussnooze":0.0227,"activity":0.0119,"lastBolusTime":1703041168572,"time":"2023-12-20T05:02:01.463Z","iobWithZeroTemp":{"iob":-0.876,"basaliob":-1.81,"bolussnooze":0.0227,"activity":-0.0034,"lastBolusTime":1703041168572,"time":"2023-12-20T05:02:01.463Z"}},{"iob":0.623,"basaliob":-0.232,"bolussnooze":0.0184,"activity":0.011,"lastBolusTime":1703041168572,"time":"2023-12-20T05:07:01.463Z","iobWithZeroTemp":{"iob":-0.964,"basaliob":-1.819,"bolussnooze":0.0184,"activity":-0.0048,"lastBolusTime":1703041168572,"time":"2023-12-20T05:07:01.463Z"}},{"iob":0.57,"basaliob":-0.212,"bolussnooze":0.0148,"activity":0.0101,"lastBolusTime":1703041168572,"time":"2023-12-20T05:12:01.463Z","iobWithZeroTemp":{"iob":-1.045,"basaliob":-1.827,"bolussnooze":0.0148,"activity":-0.0062,"lastBolusTime":1703041168572,"time":"2023-12-20T05:12:01.463Z"}},{"iob":0.522,"basaliob":-0.193,"bolussnooze":0.012,"activity":0.0093,"lastBolusTime":1703041168572,"time":"2023-12-20T05:17:01.463Z","iobWithZeroTemp":{"iob":-1.119,"basaliob":-1.834,"bolussnooze":0.012,"activity":-0.0074,"lastBolusTime":1703041168572,"time":"2023-12-20T05:17:01.463Z"}},{"iob":0.477,"basaliob":-0.176,"bolussnooze":0.0096,"activity":0.0086,"lastBolusTime":1703041168572,"time":"2023-12-20T05:22:01.463Z","iobWithZeroTemp":{"iob":-1.187,"basaliob":-1.84,"bolussnooze":0.0096,"activity":-0.0085,"lastBolusTime":1703041168572,"time":"2023-12-20T05:22:01.463Z"}},{"iob":0.436,"basaliob":-0.16,"bolussnooze":0.0077,"activity":0.008,"lastBolusTime":1703041168572,"time":"2023-12-20T05:27:01.463Z","iobWithZeroTemp":{"iob":-1.25,"basaliob":-1.846,"bolussnooze":0.0077,"activity":-0.0095,"lastBolusTime":1703041168572,"time":"2023-12-20T05:27:01.463Z"}},{"iob":0.397,"basaliob":-0.146,"bolussnooze":0.0061,"activity":0.0073,"lastBolusTime":1703041168572,"time":"2023-12-20T05:32:01.463Z","iobWithZeroTemp":{"iob":-1.309,"basaliob":-1.852,"bolussnooze":0.0061,"activity":-0.0106,"lastBolusTime":1703041168572,"time":"2023-12-20T05:32:01.463Z"}},{"iob":0.362,"basaliob":-0.133,"bolussnooze":0.0049,"activity":0.0068,"lastBolusTime":1703041168572,"time":"2023-12-20T05:37:01.463Z","iobWithZeroTemp":{"iob":-1.363,"basaliob":-1.858,"bolussnooze":0.0049,"activity":-0.0114,"lastBolusTime":1703041168572,"time":"2023-12-20T05:37:01.463Z"}},{"iob":0.329,"basaliob":-0.121,"bolussnooze":0.0039,"activity":0.0062,"lastBolusTime":1703041168572,"time":"2023-12-20T05:42:01.463Z","iobWithZeroTemp":{"iob":-1.412,"basaliob":-1.862,"bolussnooze":0.0039,"activity":-0.0123,"lastBolusTime":1703041168572,"time":"2023-12-20T05:42:01.463Z"}},{"iob":0.3,"basaliob":-0.109,"bolussnooze":0.003,"activity":0.0057,"lastBolusTime":1703041168572,"time":"2023-12-20T05:47:01.463Z","iobWithZeroTemp":{"iob":-1.457,"basaliob":-1.866,"bolussnooze":0.003,"activity":-0.0131,"lastBolusTime":1703041168572,"time":"2023-12-20T05:47:01.463Z"}},{"iob":0.273,"basaliob":-0.099,"bolussnooze":0.0024,"activity":0.0052,"lastBolusTime":1703041168572,"time":"2023-12-20T05:52:01.463Z","iobWithZeroTemp":{"iob":-1.498,"basaliob":-1.87,"bolussnooze":0.0024,"activity":-0.0138,"lastBolusTime":1703041168572,"time":"2023-12-20T05:52:01.463Z"}},{"iob":0.248,"basaliob":-0.09,"bolussnooze":0.0019,"activity":0.0047,"lastBolusTime":1703041168572,"time":"2023-12-20T05:57:01.463Z","iobWithZeroTemp":{"iob":-1.535,"basaliob":-1.873,"bolussnooze":0.0019,"activity":-0.0145,"lastBolusTime":1703041168572,"time":"2023-12-20T05:57:01.463Z"}},{"iob":0.224,"basaliob":-0.082,"bolussnooze":0.0014,"activity":0.0044,"lastBolusTime":1703041168572,"time":"2023-12-20T06:02:01.463Z","iobWithZeroTemp":{"iob":-1.571,"basaliob":-1.877,"bolussnooze":0.0014,"activity":-0.0151,"lastBolusTime":1703041168572,"time":"2023-12-20T06:02:01.463Z"}},{"iob":0.204,"basaliob":-0.074,"bolussnooze":0.0011,"activity":0.004,"lastBolusTime":1703041168572,"time":"2023-12-20T06:07:01.463Z","iobWithZeroTemp":{"iob":-1.597,"basaliob":-1.875,"bolussnooze":0.0011,"activity":-0.0157,"lastBolusTime":1703041168572,"time":"2023-12-20T06:07:01.463Z"}},{"iob":0.185,"basaliob":-0.067,"bolussnooze":9.0E-4,"activity":0.0037,"lastBolusTime":1703041168572,"time":"2023-12-20T06:12:01.463Z","iobWithZeroTemp":{"iob":-1.622,"basaliob":-1.874,"bolussnooze":9.0E-4,"activity":-0.0161,"lastBolusTime":1703041168572,"time":"2023-12-20T06:12:01.463Z"}},{"iob":0.168,"basaliob":-0.06,"bolussnooze":7.0E-4,"activity":0.0033,"lastBolusTime":1703041168572,"time":"2023-12-20T06:17:01.463Z","iobWithZeroTemp":{"iob":-1.644,"basaliob":-1.872,"bolussnooze":7.0E-4,"activity":-0.0167,"lastBolusTime":1703041168572,"time":"2023-12-20T06:17:01.463Z"}},{"iob":0.151,"basaliob":-0.055,"bolussnooze":5.0E-4,"activity":0.003,"lastBolusTime":1703041168572,"time":"2023-12-20T06:22:01.463Z","iobWithZeroTemp":{"iob":-1.665,"basaliob":-1.871,"bolussnooze":5.0E-4,"activity":-0.0171,"lastBolusTime":1703041168572,"time":"2023-12-20T06:22:01.463Z"}},{"iob":0.137,"basaliob":-0.049,"bolussnooze":4.0E-4,"activity":0.0028,"lastBolusTime":1703041168572,"time":"2023-12-20T06:27:01.463Z","iobWithZeroTemp":{"iob":-1.682,"basaliob":-1.868,"bolussnooze":4.0E-4,"activity":-0.0174,"lastBolusTime":1703041168572,"time":"2023-12-20T06:27:01.463Z"}},{"iob":0.124,"basaliob":-0.044,"bolussnooze":3.0E-4,"activity":0.0025,"lastBolusTime":1703041168572,"time":"2023-12-20T06:32:01.463Z","iobWithZeroTemp":{"iob":-1.698,"basaliob":-1.866,"bolussnooze":3.0E-4,"activity":-0.0178,"lastBolusTime":1703041168572,"time":"2023-12-20T06:32:01.463Z"}},{"iob":0.112,"basaliob":-0.04,"bolussnooze":2.0E-4,"activity":0.0023,"lastBolusTime":1703041168572,"time":"2023-12-20T06:37:01.463Z","iobWithZeroTemp":{"iob":-1.713,"basaliob":-1.865,"bolussnooze":2.0E-4,"activity":-0.0181,"lastBolusTime":1703041168572,"time":"2023-12-20T06:37:01.463Z"}},{"iob":0.101,"basaliob":-0.036,"bolussnooze":1.0E-4,"activity":0.002,"lastBolusTime":1703041168572,"time":"2023-12-20T06:42:01.463Z","iobWithZeroTemp":{"iob":-1.726,"basaliob":-1.863,"bolussnooze":1.0E-4,"activity":-0.0185,"lastBolusTime":1703041168572,"time":"2023-12-20T06:42:01.463Z"}},{"iob":0.091,"basaliob":-0.033,"bolussnooze":1.0E-4,"activity":0.0019,"lastBolusTime":1703041168572,"time":"2023-12-20T06:47:01.463Z","iobWithZeroTemp":{"iob":-1.737,"basaliob":-1.861,"bolussnooze":1.0E-4,"activity":-0.0186,"lastBolusTime":1703041168572,"time":"2023-12-20T06:47:01.463Z"}},{"iob":0.082,"basaliob":-0.029,"bolussnooze":1.0E-4,"activity":0.0017,"lastBolusTime":1703041168572,"time":"2023-12-20T06:52:01.463Z","iobWithZeroTemp":{"iob":-1.748,"basaliob":-1.859,"bolussnooze":1.0E-4,"activity":-0.0189,"lastBolusTime":1703041168572,"time":"2023-12-20T06:52:01.463Z"}},{"iob":0.074,"basaliob":-0.026,"bolussnooze":0,"activity":0.0015,"lastBolusTime":1703041168572,"time":"2023-12-20T06:57:01.463Z","iobWithZeroTemp":{"iob":-1.757,"basaliob":-1.857,"bolussnooze":0,"activity":-0.0191,"lastBolusTime":1703041168572,"time":"2023-12-20T06:57:01.463Z"}},{"iob":0.066,"basaliob":-0.024,"bolussnooze":0,"activity":0.0014,"lastBolusTime":1703041168572,"time":"2023-12-20T07:02:01.463Z","iobWithZeroTemp":{"iob":-1.766,"basaliob":-1.856,"bolussnooze":0,"activity":-0.0193,"lastBolusTime":1703041168572,"time":"2023-12-20T07:02:01.463Z"}},{"iob":0.06,"basaliob":-0.021,"bolussnooze":0,"activity":0.0012,"lastBolusTime":1703041168572,"time":"2023-12-20T07:07:01.463Z","iobWithZeroTemp":{"iob":-1.769,"basaliob":-1.85,"bolussnooze":0,"activity":-0.0195,"lastBolusTime":1703041168572,"time":"2023-12-20T07:07:01.463Z"}}],"profile":{"max_iob":20,"type":"current","max_daily_basal":1.6,"max_basal":4.8,"min_bg":81,"max_bg":81,"target_bg":81,"carb_ratio":4.5,"sens":72,"max_daily_safety_multiplier":3,"current_basal_safety_multiplier":4,"high_temptarget_raises_sensitivity":false,"low_temptarget_lowers_sensitivity":false,"sensitivity_raises_target":false,"resistance_lowers_target":false,"adv_target_adjustments":false,"exercise_mode":false,"half_basal_exercise_target":160,"maxCOB":120,"skip_neutral_temps":false,"remainingCarbsCap":90,"enableUAM":true,"A52_risk_enable":false,"SMBInterval":3,"enableSMB_with_COB":false,"enableSMB_with_temptarget":false,"allowSMB_with_high_temptarget":true,"enableSMB_always":true,"enableSMB_after_carbs":false,"maxSMBBasalMinutes":120,"maxUAMSMBBasalMinutes":120,"bolus_increment":0.05,"carbsReqThreshold":1,"current_basal":1.3,"temptargetSet":true,"autosens_max":1.8,"out_units":"mmol\/L"},"autosens_data":{"ratio":1},"meal_data":{"carbs":40,"mealCOB":22.112750000000002,"slopeFromMaxDeviation":0,"slopeFromMinDeviation":2.3851666666666667,"lastBolusTime":1703041168572,"lastCarbTime":1703039119000},"microBolusAllowed":true,"currentTime":1703041924965,"flatBGsDetected":false},"output":{"temp":"absolute","bg":111,"tick":"+1","eventualBG":233,"targetBG":81,"insulinReq":0,"deliverAt":"2023-12-20T03:12:04.965Z","sensitivityRatio":1,"predBGs":{"IOB":[111,111,110,107,103,98,93,87,80,72,65,56,48,40,39],"ZT":[111,102,93,83,74,64,54,45,39,39,39,39,39,39,39,39,39,39,39,39,39,39,39,39,39,39,39,39,39,39,39,39,39,39,39,39,40,46,52,58,64,71,77],"COB":[111,112,112,112,111,110,109,109,108,108,108,108,109,110,112,114,116,119,122,126,130,134,139,144,149,155,161,166,172,177,182,187,192,196,200,205,208,212,215,219,221,224,226,228,230,231,232,233],"UAM":[111,111,110,107,103,98,93,86,80,72,64,56,47,39]},"COB":22.112750000000002,"IOB":3.138,"reason":"COB: 22.1, Dev: 3.2, BGI: -0.5, ISF: 4.0, CR: 4.5, Target: 4.5, minPredBG 5.6, minGuardBG 1.8, IOBpredBG 2.2, COBpredBG 12.9, UAMpredBG 2.2; minGuardBG 1.8<3.4 45m left and 0 ~ req 0U\/hr: no temp required","timestamp":"2023-12-20T03:12:05.110Z"}}