{"algorithm":"OpenAPSSMBPlugin","input":{"glucoseStatus":{"glucose":61,"noise":0,"delta":-8,"short_avgdelta":-7.06,"long_avgdelta":-7.67,"date":1703139104234},"currenttemp":{"temp":"absolute","duration":85,"rate":0,"minutesrunning":35},"iob_data":[{"iob":1.401,"basaliob":-1.821,"bolussnooze":0.6416,"activity":0.0305,"lastBolusTime":1703136515248,"time":"2023-12-21T06:12:04.278Z","iobWithZeroTemp":{"iob":1.401,"basaliob":-1.821,"bolussnooze":0.6416,"activity":0.0305,"lastBolusTime":1703136515248,"time":"2023-12-21T06:12:04.278Z"}},{"iob":1.256,"basaliob":-1.72,"bolussnooze":0.5364,"activity":0.0275,"lastBolusTime":1703136515248,"time":"2023-12-21T06:17:04.278Z","iobWithZeroTemp":{"iob":1.173,"basaliob":-1.803,"bolussnooze":0.5364,"activity":0.0274,"lastBolusTime":1703136515248,"time":"2023-12-21T06:17:04.278Z"}},{"iob":1.125,"basaliob":-1.62,"bolussnooze":0.4468,"activity":0.0247,"lastBolusTime":1703136515248,"time":"2023-12-21T06:22:04.278Z","iobWithZeroTemp":{"iob":0.939,"basaliob":-1.806,"bolussnooze":0.4468,"activity":0.0243,"lastBolusTime":1703136515248,"time":"2023-12-21T06:22:04.278Z"}},{"iob":1.008,"basaliob":-1.521,"bolussnooze":0.371,"activity":0.0223,"lastBolusTime":1703136515248,"time":"2023-12-21T06:27:04.278Z","iobWithZeroTemp":{"iob":0.72,"basaliob":-1.809,"bolussnooze":0.371,"activity":0.0215,"lastBolusTime":1703136515248,"time":"2023-12-21T06:27:04.278Z"}},{"iob":0.903,"basaliob":-1.424,"bolussnooze":0.307,"activity":0.02,"lastBolusTime":1703136515248,"time":"2023-12-21T06:32:04.278Z","iobWithZeroTemp":{"iob":0.517,"basaliob":-1.81,"bolussnooze":0.307,"activity":0.0186,"lastBolusTime":1703136515248,"time":"2023-12-21T06:32:04.278Z"}},{"iob":0.808,"basaliob":-1.331,"bolussnooze":0.2532,"activity":0.018,"lastBolusTime":1703136515248,"time":"2023-12-21T06:37:04.278Z","iobWithZeroTemp":{"iob":0.326,"basaliob":-1.813,"bolussnooze":0.2532,"activity":0.0159,"lastBolusTime":1703136515248,"time":"2023-12-21T06:37:04.278Z"}},{"iob":0.723,"basaliob":-1.241,"bolussnooze":0.2083,"activity":0.0162,"lastBolusTime":1703136515248,"time":"2023-12-21T06:42:04.278Z","iobWithZeroTemp":{"iob":0.15,"basaliob":-1.814,"bolussnooze":0.2083,"activity":0.0133,"lastBolusTime":1703136515248,"time":"2023-12-21T06:42:04.278Z"}},{"iob":0.646,"basaliob":-1.155,"bolussnooze":0.1708,"activity":0.0145,"lastBolusTime":1703136515248,"time":"2023-12-21T06:47:04.278Z","iobWithZeroTemp":{"iob":-0.015,"basaliob":-1.816,"bolussnooze":0.1708,"activity":0.0108,"lastBolusTime":1703136515248,"time":"2023-12-21T06:47:04.278Z"}},{"iob":0.577,"basaliob":-1.073,"bolussnooze":0.1397,"activity":0.013,"lastBolusTime":1703136515248,"time":"2023-12-21T06:52:04.278Z","iobWithZeroTemp":{"iob":-0.168,"basaliob":-1.818,"bolussnooze":0.1397,"activity":0.0084,"lastBolusTime":1703136515248,"time":"2023-12-21T06:52:04.278Z"}},{"iob":0.515,"basaliob":-0.995,"bolussnooze":0.1139,"activity":0.0117,"lastBolusTime":1703136515248,"time":"2023-12-21T06:57:04.278Z","iobWithZeroTemp":{"iob":-0.309,"basaliob":-1.819,"bolussnooze":0.1139,"activity":0.0063,"lastBolusTime":1703136515248,"time":"2023-12-21T06:57:04.278Z"}},{"iob":0.459,"basaliob":-0.922,"bolussnooze":0.0926,"activity":0.0105,"lastBolusTime":1703136515248,"time":"2023-12-21T07:02:04.278Z","iobWithZeroTemp":{"iob":-0.44,"basaliob":-1.821,"bolussnooze":0.0926,"activity":0.0042,"lastBolusTime":1703136515248,"time":"2023-12-21T07:02:04.278Z"}},{"iob":0.41,"basaliob":-0.852,"bolussnooze":0.075,"activity":0.0094,"lastBolusTime":1703136515248,"time":"2023-12-21T07:07:04.278Z","iobWithZeroTemp":{"iob":-0.555,"basaliob":-1.817,"bolussnooze":0.075,"activity":0.0023,"lastBolusTime":1703136515248,"time":"2023-12-21T07:07:04.278Z"}},{"iob":0.365,"basaliob":-0.787,"bolussnooze":0.0606,"activity":0.0084,"lastBolusTime":1703136515248,"time":"2023-12-21T07:12:04.278Z","iobWithZeroTemp":{"iob":-0.663,"basaliob":-1.815,"bolussnooze":0.0606,"activity":4.0E-4,"lastBolusTime":1703136515248,"time":"2023-12-21T07:12:04.278Z"}},{"iob":0.326,"basaliob":-0.725,"bolussnooze":0.0489,"activity":0.0075,"lastBolusTime":1703136515248,"time":"2023-12-21T07:17:04.278Z","iobWithZeroTemp":{"iob":-0.76,"basaliob":-1.811,"bolussnooze":0.0489,"activity":-0.0013,"lastBolusTime":1703136515248,"time":"2023-12-21T07:17:04.278Z"}},{"iob":0.289,"basaliob":-0.668,"bolussnooze":0.0392,"activity":0.0068,"lastBolusTime":1703136515248,"time":"2023-12-21T07:22:04.278Z","iobWithZeroTemp":{"iob":-0.851,"basaliob":-1.808,"bolussnooze":0.0392,"activity":-0.0027,"lastBolusTime":1703136515248,"time":"2023-12-21T07:22:04.278Z"}},{"iob":0.258,"basaliob":-0.614,"bolussnooze":0.0314,"activity":0.0061,"lastBolusTime":1703136515248,"time":"2023-12-21T07:27:04.278Z","iobWithZeroTemp":{"iob":-0.933,"basaliob":-1.805,"bolussnooze":0.0314,"activity":-0.0042,"lastBolusTime":1703136515248,"time":"2023-12-21T07:27:04.278Z"}},{"iob":0.228,"basaliob":-0.565,"bolussnooze":0.0251,"activity":0.0055,"lastBolusTime":1703136515248,"time":"2023-12-21T07:32:04.278Z","iobWithZeroTemp":{"iob":-1.01,"basaliob":-1.803,"bolussnooze":0.0251,"activity":-0.0055,"lastBolusTime":1703136515248,"time":"2023-12-21T07:32:04.278Z"}},{"iob":0.203,"basaliob":-0.518,"bolussnooze":0.0199,"activity":0.0049,"lastBolusTime":1703136515248,"time":"2023-12-21T07:37:04.278Z","iobWithZeroTemp":{"iob":-1.075,"basaliob":-1.796,"bolussnooze":0.0199,"activity":-0.0067,"lastBolusTime":1703136515248,"time":"2023-12-21T07:37:04.278Z"}},{"iob":0.18,"basaliob":-0.475,"bolussnooze":0.0158,"activity":0.0043,"lastBolusTime":1703136515248,"time":"2023-12-21T07:42:04.278Z","iobWithZeroTemp":{"iob":-1.138,"basaliob":-1.793,"bolussnooze":0.0158,"activity":-0.0079,"lastBolusTime":1703136515248,"time":"2023-12-21T07:42:04.278Z"}},{"iob":0.16,"basaliob":-0.435,"bolussnooze":0.0125,"activity":0.0039,"lastBolusTime":1703136515248,"time":"2023-12-21T07:47:04.278Z","iobWithZeroTemp":{"iob":-1.196,"basaliob":-1.791,"bolussnooze":0.0125,"activity":-0.0089,"lastBolusTime":1703136515248,"time":"2023-12-21T07:47:04.278Z"}},{"iob":0.141,"basaliob":-0.398,"bolussnooze":0.0098,"activity":0.0035,"lastBolusTime":1703136515248,"time":"2023-12-21T07:52:04.278Z","iobWithZeroTemp":{"iob":-1.25,"basaliob":-1.789,"bolussnooze":0.0098,"activity":-0.0099,"lastBolusTime":1703136515248,"time":"2023-12-21T07:52:04.278Z"}},{"iob":0.125,"basaliob":-0.364,"bolussnooze":0.0077,"activity":0.003,"lastBolusTime":1703136515248,"time":"2023-12-21T07:57:04.278Z","iobWithZeroTemp":{"iob":-1.297,"basaliob":-1.786,"bolussnooze":0.0077,"activity":-0.0109,"lastBolusTime":1703136515248,"time":"2023-12-21T07:57:04.278Z"}},{"iob":0.111,"basaliob":-0.332,"bolussnooze":0.006,"activity":0.0027,"lastBolusTime":1703136515248,"time":"2023-12-21T08:02:04.278Z","iobWithZeroTemp":{"iob":-1.341,"basaliob":-1.784,"bolussnooze":0.006,"activity":-0.0117,"lastBolusTime":1703136515248,"time":"2023-12-21T08:02:04.278Z"}},{"iob":0.098,"basaliob":-0.303,"bolussnooze":0.0046,"activity":0.0024,"lastBolusTime":1703136515248,"time":"2023-12-21T08:07:04.278Z","iobWithZeroTemp":{"iob":-1.373,"basaliob":-1.774,"bolussnooze":0.0046,"activity":-0.0124,"lastBolusTime":1703136515248,"time":"2023-12-21T08:07:04.278Z"}},{"iob":0.086,"basaliob":-0.277,"bolussnooze":0.0036,"activity":0.0022,"lastBolusTime":1703136515248,"time":"2023-12-21T08:12:04.278Z","iobWithZeroTemp":{"iob":-1.401,"basaliob":-1.764,"bolussnooze":0.0036,"activity":-0.013,"lastBolusTime":1703136515248,"time":"2023-12-21T08:12:04.278Z"}},{"iob":0.076,"basaliob":-0.252,"bolussnooze":0.0027,"activity":0.002,"lastBolusTime":1703136515248,"time":"2023-12-21T08:17:04.278Z","iobWithZeroTemp":{"iob":-1.426,"basaliob":-1.754,"bolussnooze":0.0027,"activity":-0.0136,"lastBolusTime":1703136515248,"time":"2023-12-21T08:17:04.278Z"}},{"iob":0.067,"basaliob":-0.229,"bolussnooze":0.0021,"activity":0.0017,"lastBolusTime":1703136515248,"time":"2023-12-21T08:22:04.278Z","iobWithZeroTemp":{"iob":-1.449,"basaliob":-1.745,"bolussnooze":0.0021,"activity":-0.0142,"lastBolusTime":1703136515248,"time":"2023-12-21T08:22:04.278Z"}},{"iob":0.058,"basaliob":-0.209,"bolussnooze":0.0016,"activity":0.0015,"lastBolusTime":1703136515248,"time":"2023-12-21T08:27:04.278Z","iobWithZeroTemp":{"iob":-1.469,"basaliob":-1.736,"bolussnooze":0.0016,"activity":-0.0147,"lastBolusTime":1703136515248,"time":"2023-12-21T08:27:04.278Z"}},{"iob":0.051,"basaliob":-0.19,"bolussnooze":0.0012,"activity":0.0014,"lastBolusTime":1703136515248,"time":"2023-12-21T08:32:04.278Z","iobWithZeroTemp":{"iob":-1.487,"basaliob":-1.728,"bolussnooze":0.0012,"activity":-0.015,"lastBolusTime":1703136515248,"time":"2023-12-21T08:32:04.278Z"}},{"iob":0.045,"basaliob":-0.172,"bolussnooze":9.0E-4,"activity":0.0012,"lastBolusTime":1703136515248,"time":"2023-12-21T08:37:04.278Z","iobWithZeroTemp":{"iob":-1.502,"basaliob":-1.719,"bolussnooze":9.0E-4,"activity":-0.0154,"lastBolusTime":1703136515248,"time":"2023-12-21T08:37:04.278Z"}},{"iob":0.04,"basaliob":-0.156,"bolussnooze":7.0E-4,"activity":0.0011,"lastBolusTime":1703136515248,"time":"2023-12-21T08:42:04.278Z","iobWithZeroTemp":{"iob":-1.515,"basaliob":-1.711,"bolussnooze":7.0E-4,"activity":-0.0157,"lastBolusTime":1703136515248,"time":"2023-12-21T08:42:04.278Z"}},{"iob":0.034,"basaliob":-0.142,"bolussnooze":5.0E-4,"activity":9.0E-4,"lastBolusTime":1703136515248,"time":"2023-12-21T08:47:04.278Z","iobWithZeroTemp":{"iob":-1.528,"basaliob":-1.704,"bolussnooze":5.0E-4,"activity":-0.0161,"lastBolusTime":1703136515248,"time":"2023-12-21T08:47:04.278Z"}},{"iob":0.03,"basaliob":-0.128,"bolussnooze":3.0E-4,"activity":9.0E-4,"lastBolusTime":1703136515248,"time":"2023-12-21T08:52:04.278Z","iobWithZeroTemp":{"iob":-1.538,"basaliob":-1.696,"bolussnooze":3.0E-4,"activity":-0.0163,"lastBolusTime":1703136515248,"time":"2023-12-21T08:52:04.278Z"}},{"iob":0.026,"basaliob":-0.116,"bolussnooze":2.0E-4,"activity":8.0E-4,"lastBolusTime":1703136515248,"time":"2023-12-21T08:57:04.278Z","iobWithZeroTemp":{"iob":-1.548,"basaliob":-1.69,"bolussnooze":2.0E-4,"activity":-0.0165,"lastBolusTime":1703136515248,"time":"2023-12-21T08:57:04.278Z"}},{"iob":0.023,"basaliob":-0.105,"bolussnooze":2.0E-4,"activity":7.0E-4,"lastBolusTime":1703136515248,"time":"2023-12-21T09:02:04.278Z","iobWithZeroTemp":{"iob":-1.556,"basaliob":-1.684,"bolussnooze":2.0E-4,"activity":-0.0167,"lastBolusTime":1703136515248,"time":"2023-12-21T09:02:04.278Z"}},{"iob":0.02,"basaliob":-0.095,"bolussnooze":1.0E-4,"activity":6.0E-4,"lastBolusTime":1703136515248,"time":"2023-12-21T09:07:04.278Z","iobWithZeroTemp":{"iob":-1.555,"basaliob":-1.67,"bolussnooze":1.0E-4,"activity":-0.0169,"lastBolusTime":1703136515248,"time":"2023-12-21T09:07:04.278Z"}},{"iob":0.017,"basaliob":-0.086,"bolussnooze":1.0E-4,"activity":6.0E-4,"lastBolusTime":1703136515248,"time":"2023-12-21T09:12:04.278Z","iobWithZeroTemp":{"iob":-1.554,"basaliob":-1.657,"bolussnooze":1.0E-4,"activity":-0.017,"lastBolusTime":1703136515248,"time":"2023-12-21T09:12:04.278Z"}},{"iob":0.014,"basaliob":-0.078,"bolussnooze":1.0E-4,"activity":4.0E-4,"lastBolusTime":1703136515248,"time":"2023-12-21T09:17:04.278Z","iobWithZeroTemp":{"iob":-1.552,"basaliob":-1.644,"bolussnooze":1.0E-4,"activity":-0.0172,"lastBolusTime":1703136515248,"time":"2023-12-21T09:17:04.278Z"}},{"iob":0.012,"basaliob":-0.07,"bolussnooze":0,"activity":4.0E-4,"lastBolusTime":1703136515248,"time":"2023-12-21T09:22:04.278Z","iobWithZeroTemp":{"iob":-1.545,"basaliob":-1.627,"bolussnooze":0,"activity":-0.0172,"lastBolusTime":1703136515248,"time":"2023-12-21T09:22:04.278Z"}},{"iob":0.011,"basaliob":-0.063,"bolussnooze":0,"activity":4.0E-4,"lastBolusTime":1703136515248,"time":"2023-12-21T09:27:04.278Z","iobWithZeroTemp":{"iob":-1.542,"basaliob":-1.616,"bolussnooze":0,"activity":-0.0172,"lastBolusTime":1703136515248,"time":"2023-12-21T09:27:04.278Z"}},{"iob":0.009,"basaliob":-0.057,"bolussnooze":0,"activity":3.0E-4,"lastBolusTime":1703136515248,"time":"2023-12-21T09:32:04.278Z","iobWithZeroTemp":{"iob":-1.539,"basaliob":-1.605,"bolussnooze":0,"activity":-0.0173,"lastBolusTime":1703136515248,"time":"2023-12-21T09:32:04.278Z"}},{"iob":0.008,"basaliob":-0.051,"bolussnooze":0,"activity":2.0E-4,"lastBolusTime":1703136515248,"time":"2023-12-21T09:37:04.278Z","iobWithZeroTemp":{"iob":-1.535,"basaliob":-1.594,"bolussnooze":0,"activity":-0.0174,"lastBolusTime":1703136515248,"time":"2023-12-21T09:37:04.278Z"}},{"iob":0.006,"basaliob":-0.046,"bolussnooze":0,"activity":2.0E-4,"lastBolusTime":1703136515248,"time":"2023-12-21T09:42:04.278Z","iobWithZeroTemp":{"iob":-1.533,"basaliob":-1.585,"bolussnooze":0,"activity":-0.0174,"lastBolusTime":1703136515248,"time":"2023-12-21T09:42:04.278Z"}},{"iob":0.006,"basaliob":-0.041,"bolussnooze":0,"activity":2.0E-4,"lastBolusTime":1703136515248,"time":"2023-12-21T09:47:04.278Z","iobWithZeroTemp":{"iob":-1.528,"basaliob":-1.575,"bolussnooze":0,"activity":-0.0174,"lastBolusTime":1703136515248,"time":"2023-12-21T09:47:04.278Z"}},{"iob":0.005,"basaliob":-0.037,"bolussnooze":0,"activity":2.0E-4,"lastBolusTime":1703136515248,"time":"2023-12-21T09:52:04.278Z","iobWithZeroTemp":{"iob":-1.525,"basaliob":-1.567,"bolussnooze":0,"activity":-0.0173,"lastBolusTime":1703136515248,"time":"2023-12-21T09:52:04.278Z"}},{"iob":0.004,"basaliob":-0.033,"bolussnooze":0,"activity":2.0E-4,"lastBolusTime":1703136515248,"time":"2023-12-21T09:57:04.278Z","iobWithZeroTemp":{"iob":-1.521,"basaliob":-1.558,"bolussnooze":0,"activity":-0.0173,"lastBolusTime":1703136515248,"time":"2023-12-21T09:57:04.278Z"}},{"iob":0.003,"basaliob":-0.03,"bolussnooze":0,"activity":1.0E-4,"lastBolusTime":1703136515248,"time":"2023-12-21T10:02:04.278Z","iobWithZeroTemp":{"iob":-1.518,"basaliob":-1.551,"bolussnooze":0,"activity":-0.0174,"lastBolusTime":1703136515248,"time":"2023-12-21T10:02:04.278Z"}},{"iob":0.002,"basaliob":-0.027,"bolussnooze":0,"activity":1.0E-4,"lastBolusTime":1703136515248,"time":"2023-12-21T10:07:04.278Z","iobWithZeroTemp":{"iob":-1.507,"basaliob":-1.536,"bolussnooze":0,"activity":-0.0173,"lastBolusTime":1703136515248,"time":"2023-12-21T10:07:04.278Z"}}],"profile":{"max_iob":20,"type":"current","max_daily_basal":1.6,"max_basal":4.8,"min_bg":81,"max_bg":81,"target_bg":81,"carb_ratio":5.5,"sens":72,"max_daily_safety_multiplier":3,"current_basal_safety_multiplier":4,"high_temptarget_raises_sensitivity":false,"low_temptarget_lowers_sensitivity":false,"sensitivity_raises_target":false,"resistance_lowers_target":false,"adv_target_adjustments":false,"exercise_mode":false,"half_basal_exercise_target":160,"maxCOB":120,"skip_neutral_temps":false,"remainingCarbsCap":90,"enableUAM":true,"A52_risk_enable":false,"SMBInterval":3,"enableSMB_with_COB":false,"enableSMB_with_temptarget":false,"allowSMB_with_high_temptarget":true,"enableSMB_always":true,"enableSMB_after_carbs":false,"maxSMBBasalMinutes":120,"maxUAMSMBBasalMinutes":120,"bolus_increment":0.05,"carbsReqThreshold":1,"current_basal":1.25,"temptargetSet":true,"autosens_max":1.8,"out_units":"mmol\/L"},"autosens_data":{"ratio":1},"meal_data":{"carbs":20,"mealCOB":0,"slopeFromMaxDeviation":-1.5261,"slopeFromMinDeviation":0.5150000000000006,"lastBolusTime":1703136515248,"lastCarbTime":1703127724000},"microBolusAllowed":true,"currentTime":1703139125874,"flatBGsDetected":false},"output":{"temp":"absolute","bg":61,"tick":-8,"eventualBG":39,"targetBG":81,"insulinReq":0,"deliverAt":"2023-12-21T06:12:05.874Z","sensitivityRatio":1,"predBGs":{"IOB":[61,53,45,39,39,39,39,39,39,39,39,39,39],"ZT":[61,50,40,39,39,39,39,39,39,39,39,39,39,39,39,39,39,39,39,39,39,39,39,39,39,39,39,39,44,50,55,61,67,73,79],"UAM":[61,51,42,39,39,39,39,39,39,39,39,39,39]},"COB":0,"IOB":1.401,"reason":"COB: 0, Dev: 1.0, BGI: -0.6, ISF: 4.0, CR: 5.5, Target: 4.5, minPredBG -0.3, minGuardBG -2.4, IOBpredBG 2.2, UAMpredBG 2.2; 7 add'l carbs req w\/in 5m; minGuardBG -2.4<3.4 85m left and 0 ~ req 0U\/hr: no temp required","carbsReq":7,"carbsReqWithin":5,"timestamp":"2023-12-21T06:12:05.984Z"}}