{"algorithm":"OpenAPSSMBPlugin","input":{"glucoseStatus":{"glucose":90,"noise":0,"delta":4,"short_avgdelta":2.22,"long_avgdelta":0.2,"date":1703095302334},"currenttemp":{"temp":"absolute","duration":25,"rate":0.5,"minutesrunning":5},"iob_data":[{"iob":-0.137,"basaliob":-0.324,"bolussnooze":0,"activity":-0.0012,"lastBolusTime":1703093235212,"time":"2023-12-20T18:02:04.249Z","iobWithZeroTemp":{"iob":-0.137,"basaliob":-0.324,"bolussnooze":0,"activity":-0.0012,"lastBolusTime":1703093235212,"time":"2023-12-20T18:02:04.249Z"}},{"iob":-0.131,"basaliob":-0.305,"bolussnooze":0,"activity":-0.0012,"lastBolusTime":1703093235212,"time":"2023-12-20T18:07:04.249Z","iobWithZeroTemp":{"iob":-0.171,"basaliob":-0.345,"bolussnooze":0,"activity":-0.0012,"lastBolusTime":1703093235212,"time":"2023-12-20T18:07:04.249Z"}},{"iob":-0.125,"basaliob":-0.287,"bolussnooze":0,"activity":-0.0013,"lastBolusTime":1703093235212,"time":"2023-12-20T18:12:04.249Z","iobWithZeroTemp":{"iob":-0.214,"basaliob":-0.376,"bolussnooze":0,"activity":-0.0015,"lastBolusTime":1703093235212,"time":"2023-12-20T18:12:04.249Z"}},{"iob":-0.118,"basaliob":-0.269,"bolussnooze":0,"activity":-0.0013,"lastBolusTime":1703093235212,"time":"2023-12-20T18:17:04.249Z","iobWithZeroTemp":{"iob":-0.256,"basaliob":-0.407,"bolussnooze":0,"activity":-0.0017,"lastBolusTime":1703093235212,"time":"2023-12-20T18:17:04.249Z"}},{"iob":-0.111,"basaliob":-0.251,"bolussnooze":0,"activity":-0.0013,"lastBolusTime":1703093235212,"time":"2023-12-20T18:22:04.249Z","iobWithZeroTemp":{"iob":-0.296,"basaliob":-0.436,"bolussnooze":0,"activity":-0.002,"lastBolusTime":1703093235212,"time":"2023-12-20T18:22:04.249Z"}},{"iob":-0.105,"basaliob":-0.234,"bolussnooze":0,"activity":-0.0013,"lastBolusTime":1703093235212,"time":"2023-12-20T18:27:04.249Z","iobWithZeroTemp":{"iob":-0.336,"basaliob":-0.465,"bolussnooze":0,"activity":-0.0023,"lastBolusTime":1703093235212,"time":"2023-12-20T18:27:04.249Z"}},{"iob":-0.099,"basaliob":-0.218,"bolussnooze":0,"activity":-0.0013,"lastBolusTime":1703093235212,"time":"2023-12-20T18:32:04.249Z","iobWithZeroTemp":{"iob":-0.374,"basaliob":-0.493,"bolussnooze":0,"activity":-0.0027,"lastBolusTime":1703093235212,"time":"2023-12-20T18:32:04.249Z"}},{"iob":-0.092,"basaliob":-0.202,"bolussnooze":0,"activity":-0.0012,"lastBolusTime":1703093235212,"time":"2023-12-20T18:37:04.249Z","iobWithZeroTemp":{"iob":-0.409,"basaliob":-0.519,"bolussnooze":0,"activity":-0.003,"lastBolusTime":1703093235212,"time":"2023-12-20T18:37:04.249Z"}},{"iob":-0.087,"basaliob":-0.188,"bolussnooze":0,"activity":-0.0012,"lastBolusTime":1703093235212,"time":"2023-12-20T18:42:04.249Z","iobWithZeroTemp":{"iob":-0.444,"basaliob":-0.545,"bolussnooze":0,"activity":-0.0034,"lastBolusTime":1703093235212,"time":"2023-12-20T18:42:04.249Z"}},{"iob":-0.081,"basaliob":-0.174,"bolussnooze":0,"activity":-0.0011,"lastBolusTime":1703093235212,"time":"2023-12-20T18:47:04.249Z","iobWithZeroTemp":{"iob":-0.476,"basaliob":-0.569,"bolussnooze":0,"activity":-0.0037,"lastBolusTime":1703093235212,"time":"2023-12-20T18:47:04.249Z"}},{"iob":-0.075,"basaliob":-0.161,"bolussnooze":0,"activity":-0.001,"lastBolusTime":1703093235212,"time":"2023-12-20T18:52:04.249Z","iobWithZeroTemp":{"iob":-0.506,"basaliob":-0.592,"bolussnooze":0,"activity":-0.004,"lastBolusTime":1703093235212,"time":"2023-12-20T18:52:04.249Z"}},{"iob":-0.069,"basaliob":-0.148,"bolussnooze":0,"activity":-0.001,"lastBolusTime":1703093235212,"time":"2023-12-20T18:57:04.249Z","iobWithZeroTemp":{"iob":-0.534,"basaliob":-0.613,"bolussnooze":0,"activity":-0.0044,"lastBolusTime":1703093235212,"time":"2023-12-20T18:57:04.249Z"}},{"iob":-0.065,"basaliob":-0.137,"bolussnooze":0,"activity":-9.0E-4,"lastBolusTime":1703093235212,"time":"2023-12-20T19:02:04.249Z","iobWithZeroTemp":{"iob":-0.562,"basaliob":-0.634,"bolussnooze":0,"activity":-0.0047,"lastBolusTime":1703093235212,"time":"2023-12-20T19:02:04.249Z"}},{"iob":-0.06,"basaliob":-0.126,"bolussnooze":0,"activity":-9.0E-4,"lastBolusTime":1703093235212,"time":"2023-12-20T19:07:04.249Z","iobWithZeroTemp":{"iob":-0.587,"basaliob":-0.653,"bolussnooze":0,"activity":-0.0051,"lastBolusTime":1703093235212,"time":"2023-12-20T19:07:04.249Z"}},{"iob":-0.055,"basaliob":-0.116,"bolussnooze":0,"activity":-9.0E-4,"lastBolusTime":1703093235212,"time":"2023-12-20T19:12:04.249Z","iobWithZeroTemp":{"iob":-0.61,"basaliob":-0.671,"bolussnooze":0,"activity":-0.0055,"lastBolusTime":1703093235212,"time":"2023-12-20T19:12:04.249Z"}},{"iob":-0.051,"basaliob":-0.106,"bolussnooze":0,"activity":-8.0E-4,"lastBolusTime":1703093235212,"time":"2023-12-20T19:17:04.249Z","iobWithZeroTemp":{"iob":-0.632,"basaliob":-0.687,"bolussnooze":0,"activity":-0.0058,"lastBolusTime":1703093235212,"time":"2023-12-20T19:17:04.249Z"}},{"iob":-0.047,"basaliob":-0.098,"bolussnooze":0,"activity":-8.0E-4,"lastBolusTime":1703093235212,"time":"2023-12-20T19:22:04.249Z","iobWithZeroTemp":{"iob":-0.652,"basaliob":-0.703,"bolussnooze":0,"activity":-0.0061,"lastBolusTime":1703093235212,"time":"2023-12-20T19:22:04.249Z"}},{"iob":-0.044,"basaliob":-0.09,"bolussnooze":0,"activity":-8.0E-4,"lastBolusTime":1703093235212,"time":"2023-12-20T19:27:04.249Z","iobWithZeroTemp":{"iob":-0.672,"basaliob":-0.718,"bolussnooze":0,"activity":-0.0065,"lastBolusTime":1703093235212,"time":"2023-12-20T19:27:04.249Z"}},{"iob":-0.04,"basaliob":-0.082,"bolussnooze":0,"activity":-7.0E-4,"lastBolusTime":1703093235212,"time":"2023-12-20T19:32:04.249Z","iobWithZeroTemp":{"iob":-0.689,"basaliob":-0.731,"bolussnooze":0,"activity":-0.0067,"lastBolusTime":1703093235212,"time":"2023-12-20T19:32:04.249Z"}},{"iob":-0.037,"basaliob":-0.075,"bolussnooze":0,"activity":-6.0E-4,"lastBolusTime":1703093235212,"time":"2023-12-20T19:37:04.249Z","iobWithZeroTemp":{"iob":-0.705,"basaliob":-0.743,"bolussnooze":0,"activity":-0.0069,"lastBolusTime":1703093235212,"time":"2023-12-20T19:37:04.249Z"}},{"iob":-0.034,"basaliob":-0.069,"bolussnooze":0,"activity":-5.0E-4,"lastBolusTime":1703093235212,"time":"2023-12-20T19:42:04.249Z","iobWithZeroTemp":{"iob":-0.72,"basaliob":-0.755,"bolussnooze":0,"activity":-0.0071,"lastBolusTime":1703093235212,"time":"2023-12-20T19:42:04.249Z"}},{"iob":-0.031,"basaliob":-0.063,"bolussnooze":0,"activity":-5.0E-4,"lastBolusTime":1703093235212,"time":"2023-12-20T19:47:04.249Z","iobWithZeroTemp":{"iob":-0.734,"basaliob":-0.766,"bolussnooze":0,"activity":-0.0073,"lastBolusTime":1703093235212,"time":"2023-12-20T19:47:04.249Z"}},{"iob":-0.028,"basaliob":-0.057,"bolussnooze":0,"activity":-5.0E-4,"lastBolusTime":1703093235212,"time":"2023-12-20T19:52:04.249Z","iobWithZeroTemp":{"iob":-0.746,"basaliob":-0.775,"bolussnooze":0,"activity":-0.0076,"lastBolusTime":1703093235212,"time":"2023-12-20T19:52:04.249Z"}},{"iob":-0.026,"basaliob":-0.052,"bolussnooze":0,"activity":-5.0E-4,"lastBolusTime":1703093235212,"time":"2023-12-20T19:57:04.249Z","iobWithZeroTemp":{"iob":-0.758,"basaliob":-0.784,"bolussnooze":0,"activity":-0.0078,"lastBolusTime":1703093235212,"time":"2023-12-20T19:57:04.249Z"}},{"iob":-0.023,"basaliob":-0.047,"bolussnooze":0,"activity":-4.0E-4,"lastBolusTime":1703093235212,"time":"2023-12-20T20:02:04.249Z","iobWithZeroTemp":{"iob":-0.768,"basaliob":-0.792,"bolussnooze":0,"activity":-0.0079,"lastBolusTime":1703093235212,"time":"2023-12-20T20:02:04.249Z"}},{"iob":-0.021,"basaliob":-0.043,"bolussnooze":0,"activity":-4.0E-4,"lastBolusTime":1703093235212,"time":"2023-12-20T20:07:04.249Z","iobWithZeroTemp":{"iob":-0.791,"basaliob":-0.813,"bolussnooze":0,"activity":-0.0081,"lastBolusTime":1703093235212,"time":"2023-12-20T20:07:04.249Z"}},{"iob":-0.019,"basaliob":-0.039,"bolussnooze":0,"activity":-3.0E-4,"lastBolusTime":1703093235212,"time":"2023-12-20T20:12:04.249Z","iobWithZeroTemp":{"iob":-0.812,"basaliob":-0.832,"bolussnooze":0,"activity":-0.0083,"lastBolusTime":1703093235212,"time":"2023-12-20T20:12:04.249Z"}},{"iob":-0.018,"basaliob":-0.036,"bolussnooze":0,"activity":-3.0E-4,"lastBolusTime":1703093235212,"time":"2023-12-20T20:17:04.249Z","iobWithZeroTemp":{"iob":-0.833,"basaliob":-0.851,"bolussnooze":0,"activity":-0.0085,"lastBolusTime":1703093235212,"time":"2023-12-20T20:17:04.249Z"}},{"iob":-0.016,"basaliob":-0.032,"bolussnooze":0,"activity":-3.0E-4,"lastBolusTime":1703093235212,"time":"2023-12-20T20:22:04.249Z","iobWithZeroTemp":{"iob":-0.852,"basaliob":-0.868,"bolussnooze":0,"activity":-0.0087,"lastBolusTime":1703093235212,"time":"2023-12-20T20:22:04.249Z"}},{"iob":-0.014,"basaliob":-0.029,"bolussnooze":0,"activity":-3.0E-4,"lastBolusTime":1703093235212,"time":"2023-12-20T20:27:04.249Z","iobWithZeroTemp":{"iob":-0.869,"basaliob":-0.884,"bolussnooze":0,"activity":-0.009,"lastBolusTime":1703093235212,"time":"2023-12-20T20:27:04.249Z"}},{"iob":-0.014,"basaliob":-0.027,"bolussnooze":0,"activity":-2.0E-4,"lastBolusTime":1703093235212,"time":"2023-12-20T20:32:04.249Z","iobWithZeroTemp":{"iob":-0.888,"basaliob":-0.901,"bolussnooze":0,"activity":-0.0091,"lastBolusTime":1703093235212,"time":"2023-12-20T20:32:04.249Z"}},{"iob":-0.012,"basaliob":-0.024,"bolussnooze":0,"activity":-3.0E-4,"lastBolusTime":1703093235212,"time":"2023-12-20T20:37:04.249Z","iobWithZeroTemp":{"iob":-0.903,"basaliob":-0.915,"bolussnooze":0,"activity":-0.0094,"lastBolusTime":1703093235212,"time":"2023-12-20T20:37:04.249Z"}},{"iob":-0.011,"basaliob":-0.022,"bolussnooze":0,"activity":-2.0E-4,"lastBolusTime":1703093235212,"time":"2023-12-20T20:42:04.249Z","iobWithZeroTemp":{"iob":-0.919,"basaliob":-0.93,"bolussnooze":0,"activity":-0.0095,"lastBolusTime":1703093235212,"time":"2023-12-20T20:42:04.249Z"}},{"iob":-0.01,"basaliob":-0.02,"bolussnooze":0,"activity":-2.0E-4,"lastBolusTime":1703093235212,"time":"2023-12-20T20:47:04.249Z","iobWithZeroTemp":{"iob":-0.933,"basaliob":-0.943,"bolussnooze":0,"activity":-0.0097,"lastBolusTime":1703093235212,"time":"2023-12-20T20:47:04.249Z"}},{"iob":-0.009,"basaliob":-0.018,"bolussnooze":0,"activity":-2.0E-4,"lastBolusTime":1703093235212,"time":"2023-12-20T20:52:04.249Z","iobWithZeroTemp":{"iob":-0.946,"basaliob":-0.955,"bolussnooze":0,"activity":-0.01,"lastBolusTime":1703093235212,"time":"2023-12-20T20:52:04.249Z"}},{"iob":-0.008,"basaliob":-0.016,"bolussnooze":0,"activity":-1.0E-4,"lastBolusTime":1703093235212,"time":"2023-12-20T20:57:04.249Z","iobWithZeroTemp":{"iob":-0.959,"basaliob":-0.967,"bolussnooze":0,"activity":-0.01,"lastBolusTime":1703093235212,"time":"2023-12-20T20:57:04.249Z"}},{"iob":-0.008,"basaliob":-0.015,"bolussnooze":0,"activity":-2.0E-4,"lastBolusTime":1703093235212,"time":"2023-12-20T21:02:04.249Z","iobWithZeroTemp":{"iob":-0.971,"basaliob":-0.978,"bolussnooze":0,"activity":-0.0103,"lastBolusTime":1703093235212,"time":"2023-12-20T21:02:04.249Z"}},{"iob":-0.007,"basaliob":-0.013,"bolussnooze":0,"activity":-2.0E-4,"lastBolusTime":1703093235212,"time":"2023-12-20T21:07:04.249Z","iobWithZeroTemp":{"iob":-1.027,"basaliob":-1.033,"bolussnooze":0,"activity":-0.0106,"lastBolusTime":1703093235212,"time":"2023-12-20T21:07:04.249Z"}},{"iob":-0.006,"basaliob":-0.012,"bolussnooze":0,"activity":-1.0E-4,"lastBolusTime":1703093235212,"time":"2023-12-20T21:12:04.249Z","iobWithZeroTemp":{"iob":-1.081,"basaliob":-1.087,"bolussnooze":0,"activity":-0.0108,"lastBolusTime":1703093235212,"time":"2023-12-20T21:12:04.249Z"}},{"iob":-0.006,"basaliob":-0.011,"bolussnooze":0,"activity":-1.0E-4,"lastBolusTime":1703093235212,"time":"2023-12-20T21:17:04.249Z","iobWithZeroTemp":{"iob":-1.135,"basaliob":-1.14,"bolussnooze":0,"activity":-0.0111,"lastBolusTime":1703093235212,"time":"2023-12-20T21:17:04.249Z"}},{"iob":-0.005,"basaliob":-0.01,"bolussnooze":0,"activity":-1.0E-4,"lastBolusTime":1703093235212,"time":"2023-12-20T21:22:04.249Z","iobWithZeroTemp":{"iob":-1.186,"basaliob":-1.191,"bolussnooze":0,"activity":-0.0116,"lastBolusTime":1703093235212,"time":"2023-12-20T21:22:04.249Z"}},{"iob":-0.005,"basaliob":-0.009,"bolussnooze":0,"activity":-1.0E-4,"lastBolusTime":1703093235212,"time":"2023-12-20T21:27:04.249Z","iobWithZeroTemp":{"iob":-1.241,"basaliob":-1.245,"bolussnooze":0,"activity":-0.0121,"lastBolusTime":1703093235212,"time":"2023-12-20T21:27:04.249Z"}},{"iob":-0.004,"basaliob":-0.008,"bolussnooze":0,"activity":-1.0E-4,"lastBolusTime":1703093235212,"time":"2023-12-20T21:32:04.249Z","iobWithZeroTemp":{"iob":-1.287,"basaliob":-1.291,"bolussnooze":0,"activity":-0.0125,"lastBolusTime":1703093235212,"time":"2023-12-20T21:32:04.249Z"}},{"iob":-0.004,"basaliob":-0.007,"bolussnooze":0,"activity":-1.0E-4,"lastBolusTime":1703093235212,"time":"2023-12-20T21:37:04.249Z","iobWithZeroTemp":{"iob":-1.332,"basaliob":-1.335,"bolussnooze":0,"activity":-0.013,"lastBolusTime":1703093235212,"time":"2023-12-20T21:37:04.249Z"}},{"iob":-0.003,"basaliob":-0.006,"bolussnooze":0,"activity":0,"lastBolusTime":1703093235212,"time":"2023-12-20T21:42:04.249Z","iobWithZeroTemp":{"iob":-1.374,"basaliob":-1.377,"bolussnooze":0,"activity":-0.0134,"lastBolusTime":1703093235212,"time":"2023-12-20T21:42:04.249Z"}},{"iob":-0.003,"basaliob":-0.006,"bolussnooze":0,"activity":0,"lastBolusTime":1703093235212,"time":"2023-12-20T21:47:04.249Z","iobWithZeroTemp":{"iob":-1.414,"basaliob":-1.417,"bolussnooze":0,"activity":-0.0139,"lastBolusTime":1703093235212,"time":"2023-12-20T21:47:04.249Z"}},{"iob":-0.003,"basaliob":-0.005,"bolussnooze":0,"activity":0,"lastBolusTime":1703093235212,"time":"2023-12-20T21:52:04.249Z","iobWithZeroTemp":{"iob":-1.451,"basaliob":-1.453,"bolussnooze":0,"activity":-0.0143,"lastBolusTime":1703093235212,"time":"2023-12-20T21:52:04.249Z"}},{"iob":-0.002,"basaliob":-0.004,"bolussnooze":0,"activity":-1.0E-4,"lastBolusTime":1703093235212,"time":"2023-12-20T21:57:04.249Z","iobWithZeroTemp":{"iob":-1.486,"basaliob":-1.488,"bolussnooze":0,"activity":-0.0149,"lastBolusTime":1703093235212,"time":"2023-12-20T21:57:04.249Z"}}],"profile":{"max_iob":20,"type":"current","max_daily_basal":1.6,"max_basal":2.4,"min_bg":90,"max_bg":90,"target_bg":90,"carb_ratio":4.5,"sens":90,"max_daily_safety_multiplier":3,"current_basal_safety_multiplier":4,"high_temptarget_raises_sensitivity":false,"low_temptarget_lowers_sensitivity":false,"sensitivity_raises_target":false,"resistance_lowers_target":false,"adv_target_adjustments":false,"exercise_mode":false,"half_basal_exercise_target":160,"maxCOB":120,"skip_neutral_temps":false,"remainingCarbsCap":90,"enableUAM":true,"A52_risk_enable":false,"SMBInterval":3,"enableSMB_with_COB":false,"enableSMB_with_temptarget":false,"allowSMB_with_high_temptarget":true,"enableSMB_always":true,"enableSMB_after_carbs":false,"maxSMBBasalMinutes":120,"maxUAMSMBBasalMinutes":120,"bolus_increment":0.05,"carbsReqThreshold":1,"current_basal":0.6,"temptargetSet":false,"autosens_max":1.8,"out_units":"mmol\/L"},"autosens_data":{"ratio":1},"meal_data":{"carbs":10,"mealCOB":0,"slopeFromMaxDeviation":-0.7703333333333333,"slopeFromMinDeviation":0.8127777777777778,"lastBolusTime":1703093235212,"lastCarbTime":1703074649000},"microBolusAllowed":true,"currentTime":1703095325437,"flatBGsDetected":false},"output":{"temp":"absolute","bg":90,"tick":"+4","eventualBG":112,"targetBG":90,"insulinReq":0.09,"deliverAt":"2023-12-20T18:02:05.437Z","sensitivityRatio":1,"predBGs":{"IOB":[90,92,94,96,98,99,101,102,103,104,105,105,106,106,107,107,107,108,108,108,109,109,109,109,110,110,110,110,110,110,111,111,111,111,111,111,111,111,111,111,111,111,111,111,112],"ZT":[90,91,91,92,93,93,94],"UAM":[90,91,92,93,93,94,95,95,96,96,97,97,98,98,98,99,99,100,100,100,101,101,101,101,101,102,102,102,102,102,102,102,102,103]},"COB":0,"IOB":-0.137,"reason":"COB: 0, Dev: 0.6, BGI: 0.0, ISF: 5.0, CR: 4.5, Target: 5.0, minPredBG 5.4, minGuardBG 5.1, IOBpredBG 6.2, UAMpredBG 5.7; Eventual BG 6.2 >= 5.0,  insulinReq 0.09. temp 0.50 < 0.78U\/hr. ","duration":30,"rate":0.78,"timestamp":"2023-12-20T18:02:05.514Z"}}