{"algorithm":"OpenAPSSMBPlugin","input":{"glucoseStatus":{"glucose":109,"noise":0,"delta":-4,"short_avgdelta":-6.06,"long_avgdelta":-4.88,"date":1703137304156},"currenttemp":{"temp":"absolute","duration":114,"rate":0,"minutesrunning":6},"iob_data":[{"iob":3.183,"basaliob":-1.78,"bolussnooze":1.6693,"activity":0.0487,"lastBolusTime":1703136515248,"time":"2023-12-21T05:42:52.416Z","iobWithZeroTemp":{"iob":3.183,"basaliob":-1.78,"bolussnooze":1.6693,"activity":0.0487,"lastBolusTime":1703136515248,"time":"2023-12-21T05:42:52.416Z"}},{"iob":2.947,"basaliob":-1.683,"bolussnooze":1.4358,"activity":0.046,"lastBolusTime":1703136515248,"time":"2023-12-21T05:47:52.416Z","iobWithZeroTemp":{"iob":2.86,"basaliob":-1.77,"bolussnooze":1.4358,"activity":0.0459,"lastBolusTime":1703136515248,"time":"2023-12-21T05:47:52.416Z"}},{"iob":2.724,"basaliob":-1.586,"bolussnooze":1.2274,"activity":0.0432,"lastBolusTime":1703136515248,"time":"2023-12-21T05:52:52.416Z","iobWithZeroTemp":{"iob":2.53,"basaliob":-1.78,"bolussnooze":1.2274,"activity":0.0428,"lastBolusTime":1703136515248,"time":"2023-12-21T05:52:52.416Z"}},{"iob":2.514,"basaliob":-1.491,"bolussnooze":1.0435,"activity":0.0406,"lastBolusTime":1703136515248,"time":"2023-12-21T05:57:52.416Z","iobWithZeroTemp":{"iob":2.215,"basaliob":-1.79,"bolussnooze":1.0435,"activity":0.0397,"lastBolusTime":1703136515248,"time":"2023-12-21T05:57:52.416Z"}},{"iob":2.318,"basaliob":-1.397,"bolussnooze":0.8828,"activity":0.038,"lastBolusTime":1703136515248,"time":"2023-12-21T06:02:52.416Z","iobWithZeroTemp":{"iob":1.92,"basaliob":-1.795,"bolussnooze":0.8828,"activity":0.0365,"lastBolusTime":1703136515248,"time":"2023-12-21T06:02:52.416Z"}},{"iob":2.134,"basaliob":-1.307,"bolussnooze":0.7435,"activity":0.0355,"lastBolusTime":1703136515248,"time":"2023-12-21T06:07:52.416Z","iobWithZeroTemp":{"iob":1.641,"basaliob":-1.8,"bolussnooze":0.7435,"activity":0.0333,"lastBolusTime":1703136515248,"time":"2023-12-21T06:07:52.416Z"}},{"iob":1.963,"basaliob":-1.219,"bolussnooze":0.6236,"activity":0.0331,"lastBolusTime":1703136515248,"time":"2023-12-21T06:12:52.416Z","iobWithZeroTemp":{"iob":1.379,"basaliob":-1.803,"bolussnooze":0.6236,"activity":0.0301,"lastBolusTime":1703136515248,"time":"2023-12-21T06:12:52.416Z"}},{"iob":1.802,"basaliob":-1.136,"bolussnooze":0.521,"activity":0.0308,"lastBolusTime":1703136515248,"time":"2023-12-21T06:17:52.416Z","iobWithZeroTemp":{"iob":1.13,"basaliob":-1.808,"bolussnooze":0.521,"activity":0.027,"lastBolusTime":1703136515248,"time":"2023-12-21T06:17:52.416Z"}},{"iob":1.654,"basaliob":-1.056,"bolussnooze":0.4338,"activity":0.0286,"lastBolusTime":1703136515248,"time":"2023-12-21T06:22:52.416Z","iobWithZeroTemp":{"iob":0.899,"basaliob":-1.811,"bolussnooze":0.4338,"activity":0.0239,"lastBolusTime":1703136515248,"time":"2023-12-21T06:22:52.416Z"}},{"iob":1.517,"basaliob":-0.979,"bolussnooze":0.36,"activity":0.0265,"lastBolusTime":1703136515248,"time":"2023-12-21T06:27:52.416Z","iobWithZeroTemp":{"iob":0.683,"basaliob":-1.813,"bolussnooze":0.36,"activity":0.021,"lastBolusTime":1703136515248,"time":"2023-12-21T06:27:52.416Z"}},{"iob":1.389,"basaliob":-0.907,"bolussnooze":0.2977,"activity":0.0246,"lastBolusTime":1703136515248,"time":"2023-12-21T06:32:52.416Z","iobWithZeroTemp":{"iob":0.481,"basaliob":-1.815,"bolussnooze":0.2977,"activity":0.0182,"lastBolusTime":1703136515248,"time":"2023-12-21T06:32:52.416Z"}},{"iob":1.271,"basaliob":-0.839,"bolussnooze":0.2455,"activity":0.0227,"lastBolusTime":1703136515248,"time":"2023-12-21T06:37:52.416Z","iobWithZeroTemp":{"iob":0.293,"basaliob":-1.817,"bolussnooze":0.2455,"activity":0.0155,"lastBolusTime":1703136515248,"time":"2023-12-21T06:37:52.416Z"}},{"iob":1.162,"basaliob":-0.775,"bolussnooze":0.2018,"activity":0.021,"lastBolusTime":1703136515248,"time":"2023-12-21T06:42:52.416Z","iobWithZeroTemp":{"iob":0.118,"basaliob":-1.819,"bolussnooze":0.2018,"activity":0.0129,"lastBolusTime":1703136515248,"time":"2023-12-21T06:42:52.416Z"}},{"iob":1.061,"basaliob":-0.715,"bolussnooze":0.1654,"activity":0.0194,"lastBolusTime":1703136515248,"time":"2023-12-21T06:47:52.416Z","iobWithZeroTemp":{"iob":-0.045,"basaliob":-1.821,"bolussnooze":0.1654,"activity":0.0105,"lastBolusTime":1703136515248,"time":"2023-12-21T06:47:52.416Z"}},{"iob":0.968,"basaliob":-0.659,"bolussnooze":0.1352,"activity":0.0178,"lastBolusTime":1703136515248,"time":"2023-12-21T06:52:52.416Z","iobWithZeroTemp":{"iob":-0.195,"basaliob":-1.822,"bolussnooze":0.1352,"activity":0.0081,"lastBolusTime":1703136515248,"time":"2023-12-21T06:52:52.416Z"}},{"iob":0.883,"basaliob":-0.606,"bolussnooze":0.1102,"activity":0.0163,"lastBolusTime":1703136515248,"time":"2023-12-21T06:57:52.416Z","iobWithZeroTemp":{"iob":-0.334,"basaliob":-1.823,"bolussnooze":0.1102,"activity":0.0058,"lastBolusTime":1703136515248,"time":"2023-12-21T06:57:52.416Z"}},{"iob":0.804,"basaliob":-0.557,"bolussnooze":0.0895,"activity":0.015,"lastBolusTime":1703136515248,"time":"2023-12-21T07:02:52.416Z","iobWithZeroTemp":{"iob":-0.459,"basaliob":-1.82,"bolussnooze":0.0895,"activity":0.0038,"lastBolusTime":1703136515248,"time":"2023-12-21T07:02:52.416Z"}},{"iob":0.732,"basaliob":-0.512,"bolussnooze":0.0725,"activity":0.0138,"lastBolusTime":1703136515248,"time":"2023-12-21T07:07:52.416Z","iobWithZeroTemp":{"iob":-0.574,"basaliob":-1.818,"bolussnooze":0.0725,"activity":0.0019,"lastBolusTime":1703136515248,"time":"2023-12-21T07:07:52.416Z"}},{"iob":0.666,"basaliob":-0.469,"bolussnooze":0.0586,"activity":0.0126,"lastBolusTime":1703136515248,"time":"2023-12-21T07:12:52.416Z","iobWithZeroTemp":{"iob":-0.679,"basaliob":-1.814,"bolussnooze":0.0586,"activity":1.0E-4,"lastBolusTime":1703136515248,"time":"2023-12-21T07:12:52.416Z"}},{"iob":0.605,"basaliob":-0.43,"bolussnooze":0.0472,"activity":0.0116,"lastBolusTime":1703136515248,"time":"2023-12-21T07:17:52.416Z","iobWithZeroTemp":{"iob":-0.776,"basaliob":-1.811,"bolussnooze":0.0472,"activity":-0.0015,"lastBolusTime":1703136515248,"time":"2023-12-21T07:17:52.416Z"}},{"iob":0.549,"basaliob":-0.394,"bolussnooze":0.0379,"activity":0.0106,"lastBolusTime":1703136515248,"time":"2023-12-21T07:22:52.416Z","iobWithZeroTemp":{"iob":-0.866,"basaliob":-1.809,"bolussnooze":0.0379,"activity":-0.003,"lastBolusTime":1703136515248,"time":"2023-12-21T07:22:52.416Z"}},{"iob":0.499,"basaliob":-0.36,"bolussnooze":0.0303,"activity":0.0097,"lastBolusTime":1703136515248,"time":"2023-12-21T07:27:52.416Z","iobWithZeroTemp":{"iob":-0.946,"basaliob":-1.805,"bolussnooze":0.0303,"activity":-0.0045,"lastBolusTime":1703136515248,"time":"2023-12-21T07:27:52.416Z"}},{"iob":0.452,"basaliob":-0.329,"bolussnooze":0.0242,"activity":0.0088,"lastBolusTime":1703136515248,"time":"2023-12-21T07:32:52.416Z","iobWithZeroTemp":{"iob":-1.021,"basaliob":-1.802,"bolussnooze":0.0242,"activity":-0.0058,"lastBolusTime":1703136515248,"time":"2023-12-21T07:32:52.416Z"}},{"iob":0.41,"basaliob":-0.3,"bolussnooze":0.0192,"activity":0.0081,"lastBolusTime":1703136515248,"time":"2023-12-21T07:37:52.416Z","iobWithZeroTemp":{"iob":-1.089,"basaliob":-1.799,"bolussnooze":0.0192,"activity":-0.007,"lastBolusTime":1703136515248,"time":"2023-12-21T07:37:52.416Z"}},{"iob":0.371,"basaliob":-0.274,"bolussnooze":0.0152,"activity":0.0074,"lastBolusTime":1703136515248,"time":"2023-12-21T07:42:52.416Z","iobWithZeroTemp":{"iob":-1.152,"basaliob":-1.797,"bolussnooze":0.0152,"activity":-0.0081,"lastBolusTime":1703136515248,"time":"2023-12-21T07:42:52.416Z"}},{"iob":0.335,"basaliob":-0.25,"bolussnooze":0.012,"activity":0.0067,"lastBolusTime":1703136515248,"time":"2023-12-21T07:47:52.416Z","iobWithZeroTemp":{"iob":-1.209,"basaliob":-1.794,"bolussnooze":0.012,"activity":-0.0092,"lastBolusTime":1703136515248,"time":"2023-12-21T07:47:52.416Z"}},{"iob":0.304,"basaliob":-0.227,"bolussnooze":0.0094,"activity":0.0061,"lastBolusTime":1703136515248,"time":"2023-12-21T07:52:52.416Z","iobWithZeroTemp":{"iob":-1.26,"basaliob":-1.791,"bolussnooze":0.0094,"activity":-0.0101,"lastBolusTime":1703136515248,"time":"2023-12-21T07:52:52.416Z"}},{"iob":0.274,"basaliob":-0.207,"bolussnooze":0.0074,"activity":0.0056,"lastBolusTime":1703136515248,"time":"2023-12-21T07:57:52.416Z","iobWithZeroTemp":{"iob":-1.308,"basaliob":-1.789,"bolussnooze":0.0074,"activity":-0.011,"lastBolusTime":1703136515248,"time":"2023-12-21T07:57:52.416Z"}},{"iob":0.248,"basaliob":-0.188,"bolussnooze":0.0057,"activity":0.0051,"lastBolusTime":1703136515248,"time":"2023-12-21T08:02:52.416Z","iobWithZeroTemp":{"iob":-1.342,"basaliob":-1.778,"bolussnooze":0.0057,"activity":-0.0117,"lastBolusTime":1703136515248,"time":"2023-12-21T08:02:52.416Z"}},{"iob":0.223,"basaliob":-0.171,"bolussnooze":0.0044,"activity":0.0046,"lastBolusTime":1703136515248,"time":"2023-12-21T08:07:52.416Z","iobWithZeroTemp":{"iob":-1.374,"basaliob":-1.768,"bolussnooze":0.0044,"activity":-0.0125,"lastBolusTime":1703136515248,"time":"2023-12-21T08:07:52.416Z"}},{"iob":0.202,"basaliob":-0.155,"bolussnooze":0.0034,"activity":0.0042,"lastBolusTime":1703136515248,"time":"2023-12-21T08:12:52.416Z","iobWithZeroTemp":{"iob":-1.401,"basaliob":-1.758,"bolussnooze":0.0034,"activity":-0.0131,"lastBolusTime":1703136515248,"time":"2023-12-21T08:12:52.416Z"}},{"iob":0.181,"basaliob":-0.141,"bolussnooze":0.0026,"activity":0.0038,"lastBolusTime":1703136515248,"time":"2023-12-21T08:17:52.416Z","iobWithZeroTemp":{"iob":-1.427,"basaliob":-1.749,"bolussnooze":0.0026,"activity":-0.0137,"lastBolusTime":1703136515248,"time":"2023-12-21T08:17:52.416Z"}},{"iob":0.164,"basaliob":-0.127,"bolussnooze":0.002,"activity":0.0035,"lastBolusTime":1703136515248,"time":"2023-12-21T08:22:52.416Z","iobWithZeroTemp":{"iob":-1.448,"basaliob":-1.739,"bolussnooze":0.002,"activity":-0.0142,"lastBolusTime":1703136515248,"time":"2023-12-21T08:22:52.416Z"}},{"iob":0.148,"basaliob":-0.115,"bolussnooze":0.0015,"activity":0.0031,"lastBolusTime":1703136515248,"time":"2023-12-21T08:27:52.416Z","iobWithZeroTemp":{"iob":-1.467,"basaliob":-1.73,"bolussnooze":0.0015,"activity":-0.0147,"lastBolusTime":1703136515248,"time":"2023-12-21T08:27:52.416Z"}},{"iob":0.133,"basaliob":-0.104,"bolussnooze":0.0011,"activity":0.0028,"lastBolusTime":1703136515248,"time":"2023-12-21T08:32:52.416Z","iobWithZeroTemp":{"iob":-1.484,"basaliob":-1.721,"bolussnooze":0.0011,"activity":-0.0151,"lastBolusTime":1703136515248,"time":"2023-12-21T08:32:52.416Z"}},{"iob":0.119,"basaliob":-0.094,"bolussnooze":8.0E-4,"activity":0.0026,"lastBolusTime":1703136515248,"time":"2023-12-21T08:37:52.416Z","iobWithZeroTemp":{"iob":-1.5,"basaliob":-1.713,"bolussnooze":8.0E-4,"activity":-0.0154,"lastBolusTime":1703136515248,"time":"2023-12-21T08:37:52.416Z"}},{"iob":0.107,"basaliob":-0.085,"bolussnooze":6.0E-4,"activity":0.0023,"lastBolusTime":1703136515248,"time":"2023-12-21T08:42:52.416Z","iobWithZeroTemp":{"iob":-1.514,"basaliob":-1.706,"bolussnooze":6.0E-4,"activity":-0.0158,"lastBolusTime":1703136515248,"time":"2023-12-21T08:42:52.416Z"}},{"iob":0.096,"basaliob":-0.077,"bolussnooze":5.0E-4,"activity":0.0021,"lastBolusTime":1703136515248,"time":"2023-12-21T08:47:52.416Z","iobWithZeroTemp":{"iob":-1.526,"basaliob":-1.699,"bolussnooze":5.0E-4,"activity":-0.0161,"lastBolusTime":1703136515248,"time":"2023-12-21T08:47:52.416Z"}},{"iob":0.086,"basaliob":-0.07,"bolussnooze":3.0E-4,"activity":0.0019,"lastBolusTime":1703136515248,"time":"2023-12-21T08:52:52.416Z","iobWithZeroTemp":{"iob":-1.537,"basaliob":-1.693,"bolussnooze":3.0E-4,"activity":-0.0163,"lastBolusTime":1703136515248,"time":"2023-12-21T08:52:52.416Z"}},{"iob":0.077,"basaliob":-0.063,"bolussnooze":2.0E-4,"activity":0.0017,"lastBolusTime":1703136515248,"time":"2023-12-21T08:57:52.416Z","iobWithZeroTemp":{"iob":-1.546,"basaliob":-1.686,"bolussnooze":2.0E-4,"activity":-0.0166,"lastBolusTime":1703136515248,"time":"2023-12-21T08:57:52.416Z"}},{"iob":0.068,"basaliob":-0.057,"bolussnooze":2.0E-4,"activity":0.0015,"lastBolusTime":1703136515248,"time":"2023-12-21T09:02:52.416Z","iobWithZeroTemp":{"iob":-1.547,"basaliob":-1.672,"bolussnooze":2.0E-4,"activity":-0.0168,"lastBolusTime":1703136515248,"time":"2023-12-21T09:02:52.416Z"}},{"iob":0.062,"basaliob":-0.051,"bolussnooze":1.0E-4,"activity":0.0014,"lastBolusTime":1703136515248,"time":"2023-12-21T09:07:52.416Z","iobWithZeroTemp":{"iob":-1.545,"basaliob":-1.658,"bolussnooze":1.0E-4,"activity":-0.0169,"lastBolusTime":1703136515248,"time":"2023-12-21T09:07:52.416Z"}},{"iob":0.055,"basaliob":-0.046,"bolussnooze":1.0E-4,"activity":0.0012,"lastBolusTime":1703136515248,"time":"2023-12-21T09:12:52.416Z","iobWithZeroTemp":{"iob":-1.544,"basaliob":-1.645,"bolussnooze":1.0E-4,"activity":-0.0171,"lastBolusTime":1703136515248,"time":"2023-12-21T09:12:52.416Z"}},{"iob":0.049,"basaliob":-0.041,"bolussnooze":0,"activity":0.0011,"lastBolusTime":1703136515248,"time":"2023-12-21T09:17:52.416Z","iobWithZeroTemp":{"iob":-1.542,"basaliob":-1.632,"bolussnooze":0,"activity":-0.0172,"lastBolusTime":1703136515248,"time":"2023-12-21T09:17:52.416Z"}},{"iob":0.044,"basaliob":-0.037,"bolussnooze":0,"activity":0.001,"lastBolusTime":1703136515248,"time":"2023-12-21T09:22:52.416Z","iobWithZeroTemp":{"iob":-1.539,"basaliob":-1.62,"bolussnooze":0,"activity":-0.0172,"lastBolusTime":1703136515248,"time":"2023-12-21T09:22:52.416Z"}},{"iob":0.039,"basaliob":-0.033,"bolussnooze":0,"activity":9.0E-4,"lastBolusTime":1703136515248,"time":"2023-12-21T09:27:52.416Z","iobWithZeroTemp":{"iob":-1.537,"basaliob":-1.609,"bolussnooze":0,"activity":-0.0173,"lastBolusTime":1703136515248,"time":"2023-12-21T09:27:52.416Z"}},{"iob":0.035,"basaliob":-0.03,"bolussnooze":0,"activity":9.0E-4,"lastBolusTime":1703136515248,"time":"2023-12-21T09:32:52.416Z","iobWithZeroTemp":{"iob":-1.533,"basaliob":-1.598,"bolussnooze":0,"activity":-0.0172,"lastBolusTime":1703136515248,"time":"2023-12-21T09:32:52.416Z"}},{"iob":0.031,"basaliob":-0.027,"bolussnooze":0,"activity":7.0E-4,"lastBolusTime":1703136515248,"time":"2023-12-21T09:37:52.416Z","iobWithZeroTemp":{"iob":-1.53,"basaliob":-1.588,"bolussnooze":0,"activity":-0.0174,"lastBolusTime":1703136515248,"time":"2023-12-21T09:37:52.416Z"}}],"profile":{"max_iob":20,"type":"current","max_daily_basal":1.6,"max_basal":4.8,"min_bg":81,"max_bg":81,"target_bg":81,"carb_ratio":5.5,"sens":72,"max_daily_safety_multiplier":3,"current_basal_safety_multiplier":4,"high_temptarget_raises_sensitivity":false,"low_temptarget_lowers_sensitivity":false,"sensitivity_raises_target":false,"resistance_lowers_target":false,"adv_target_adjustments":false,"exercise_mode":false,"half_basal_exercise_target":160,"maxCOB":120,"skip_neutral_temps":false,"remainingCarbsCap":90,"enableUAM":true,"A52_risk_enable":false,"SMBInterval":3,"enableSMB_with_COB":false,"enableSMB_with_temptarget":false,"allowSMB_with_high_temptarget":true,"enableSMB_always":true,"enableSMB_after_carbs":false,"maxSMBBasalMinutes":120,"maxUAMSMBBasalMinutes":120,"bolus_increment":0.05,"carbsReqThreshold":1,"current_basal":1.3,"temptargetSet":true,"autosens_max":1.8,"out_units":"mmol\/L"},"autosens_data":{"ratio":1},"meal_data":{"carbs":20,"mealCOB":0,"slopeFromMaxDeviation":-1.233,"slopeFromMinDeviation":0,"lastBolusTime":1703136515248,"lastCarbTime":1703127724000},"microBolusAllowed":true,"currentTime":1703137373080,"flatBGsDetected":false},"output":{"temp":"absolute","bg":109,"tick":-4,"eventualBG":39,"targetBG":81,"insulinReq":0,"deliverAt":"2023-12-21T05:42:53.080Z","sensitivityRatio":1,"predBGs":{"IOB":[109,102,95,88,81,74,67,60,53,45,39,39,39],"ZT":[109,91,75,60,45,39,39,39,39,39,39,39,39,39,39,39,39,39,39,39,39,39,39,39,39,39,39,39,39,39,39,39,39,39,39,39,39,39,39,39,41,47,53,59,65,71,77],"UAM":[109,102,94,86,78,70,61,52,43,39,39,39,39]},"COB":0,"IOB":3.183,"reason":"COB: 0, Dev: 3.8, BGI: -1.0, ISF: 4.0, CR: 5.5, Target: 4.5, minPredBG -2.4, minGuardBG -4.4, IOBpredBG 2.2, UAMpredBG 2.2; 10 add'l carbs req w\/in 35m; minGuardBG -4.4<3.4 114m left and 0 ~ req 0U\/hr: no temp required","carbsReq":10,"carbsReqWithin":35,"timestamp":"2023-12-21T05:42:53.169Z"}}