{"algorithm":"OpenAPSSMBPlugin","input":{"glucoseStatus":{"glucose":91,"noise":0,"delta":-2,"short_avgdelta":-2.11,"long_avgdelta":-2.82,"date":1703043702335},"currenttemp":{"temp":"absolute","duration":45,"rate":0,"minutesrunning":15},"iob_data":[{"iob":1.695,"basaliob":-1.527,"bolussnooze":0.4275,"activity":0.0252,"lastBolusTime":1703041168572,"time":"2023-12-20T03:42:03.332Z","iobWithZeroTemp":{"iob":1.695,"basaliob":-1.527,"bolussnooze":0.4275,"activity":0.0252,"lastBolusTime":1703041168572,"time":"2023-12-20T03:42:03.332Z"}},{"iob":1.572,"basaliob":-1.449,"bolussnooze":0.3668,"activity":0.0239,"lastBolusTime":1703041168572,"time":"2023-12-20T03:47:03.332Z","iobWithZeroTemp":{"iob":1.485,"basaliob":-1.536,"bolussnooze":0.3668,"activity":0.0238,"lastBolusTime":1703041168572,"time":"2023-12-20T03:47:03.332Z"}},{"iob":1.456,"basaliob":-1.37,"bolussnooze":0.3129,"activity":0.0225,"lastBolusTime":1703041168572,"time":"2023-12-20T03:52:03.332Z","iobWithZeroTemp":{"iob":1.262,"basaliob":-1.564,"bolussnooze":0.3129,"activity":0.0221,"lastBolusTime":1703041168572,"time":"2023-12-20T03:52:03.332Z"}},{"iob":1.346,"basaliob":-1.292,"bolussnooze":0.2655,"activity":0.0212,"lastBolusTime":1703041168572,"time":"2023-12-20T03:57:03.332Z","iobWithZeroTemp":{"iob":1.047,"basaliob":-1.591,"bolussnooze":0.2655,"activity":0.0203,"lastBolusTime":1703041168572,"time":"2023-12-20T03:57:03.332Z"}},{"iob":1.244,"basaliob":-1.214,"bolussnooze":0.2243,"activity":0.0199,"lastBolusTime":1703041168572,"time":"2023-12-20T04:02:03.332Z","iobWithZeroTemp":{"iob":0.842,"basaliob":-1.616,"bolussnooze":0.2243,"activity":0.0184,"lastBolusTime":1703041168572,"time":"2023-12-20T04:02:03.332Z"}},{"iob":1.147,"basaliob":-1.138,"bolussnooze":0.1887,"activity":0.0187,"lastBolusTime":1703041168572,"time":"2023-12-20T04:07:03.332Z","iobWithZeroTemp":{"iob":0.646,"basaliob":-1.639,"bolussnooze":0.1887,"activity":0.0165,"lastBolusTime":1703041168572,"time":"2023-12-20T04:07:03.332Z"}},{"iob":1.057,"basaliob":-1.064,"bolussnooze":0.1581,"activity":0.0175,"lastBolusTime":1703041168572,"time":"2023-12-20T04:12:03.332Z","iobWithZeroTemp":{"iob":0.461,"basaliob":-1.66,"bolussnooze":0.1581,"activity":0.0145,"lastBolusTime":1703041168572,"time":"2023-12-20T04:12:03.332Z"}},{"iob":0.973,"basaliob":-0.993,"bolussnooze":0.132,"activity":0.0163,"lastBolusTime":1703041168572,"time":"2023-12-20T04:17:03.332Z","iobWithZeroTemp":{"iob":0.286,"basaliob":-1.68,"bolussnooze":0.132,"activity":0.0124,"lastBolusTime":1703041168572,"time":"2023-12-20T04:17:03.332Z"}},{"iob":0.894,"basaliob":-0.925,"bolussnooze":0.1098,"activity":0.0152,"lastBolusTime":1703041168572,"time":"2023-12-20T04:22:03.332Z","iobWithZeroTemp":{"iob":0.12,"basaliob":-1.699,"bolussnooze":0.1098,"activity":0.0105,"lastBolusTime":1703041168572,"time":"2023-12-20T04:22:03.332Z"}},{"iob":0.821,"basaliob":-0.86,"bolussnooze":0.0911,"activity":0.0141,"lastBolusTime":1703041168572,"time":"2023-12-20T04:27:03.332Z","iobWithZeroTemp":{"iob":-0.036,"basaliob":-1.717,"bolussnooze":0.0911,"activity":0.0085,"lastBolusTime":1703041168572,"time":"2023-12-20T04:27:03.332Z"}},{"iob":0.753,"basaliob":-0.798,"bolussnooze":0.0753,"activity":0.013,"lastBolusTime":1703041168572,"time":"2023-12-20T04:32:03.332Z","iobWithZeroTemp":{"iob":-0.182,"basaliob":-1.733,"bolussnooze":0.0753,"activity":0.0065,"lastBolusTime":1703041168572,"time":"2023-12-20T04:32:03.332Z"}},{"iob":0.689,"basaliob":-0.74,"bolussnooze":0.0621,"activity":0.0121,"lastBolusTime":1703041168572,"time":"2023-12-20T04:37:03.332Z","iobWithZeroTemp":{"iob":-0.319,"basaliob":-1.748,"bolussnooze":0.0621,"activity":0.0047,"lastBolusTime":1703041168572,"time":"2023-12-20T04:37:03.332Z"}},{"iob":0.631,"basaliob":-0.684,"bolussnooze":0.051,"activity":0.0112,"lastBolusTime":1703041168572,"time":"2023-12-20T04:42:03.332Z","iobWithZeroTemp":{"iob":-0.446,"basaliob":-1.761,"bolussnooze":0.051,"activity":0.0029,"lastBolusTime":1703041168572,"time":"2023-12-20T04:42:03.332Z"}},{"iob":0.577,"basaliob":-0.632,"bolussnooze":0.0418,"activity":0.0104,"lastBolusTime":1703041168572,"time":"2023-12-20T04:47:03.332Z","iobWithZeroTemp":{"iob":-0.565,"basaliob":-1.774,"bolussnooze":0.0418,"activity":0.0012,"lastBolusTime":1703041168572,"time":"2023-12-20T04:47:03.332Z"}},{"iob":0.528,"basaliob":-0.583,"bolussnooze":0.0342,"activity":0.0095,"lastBolusTime":1703041168572,"time":"2023-12-20T04:52:03.332Z","iobWithZeroTemp":{"iob":-0.674,"basaliob":-1.785,"bolussnooze":0.0342,"activity":-5.0E-4,"lastBolusTime":1703041168572,"time":"2023-12-20T04:52:03.332Z"}},{"iob":0.482,"basaliob":-0.537,"bolussnooze":0.0278,"activity":0.0088,"lastBolusTime":1703041168572,"time":"2023-12-20T04:57:03.332Z","iobWithZeroTemp":{"iob":-0.777,"basaliob":-1.796,"bolussnooze":0.0278,"activity":-0.002,"lastBolusTime":1703041168572,"time":"2023-12-20T04:57:03.332Z"}},{"iob":0.44,"basaliob":-0.494,"bolussnooze":0.0226,"activity":0.0081,"lastBolusTime":1703041168572,"time":"2023-12-20T05:02:03.332Z","iobWithZeroTemp":{"iob":-0.872,"basaliob":-1.806,"bolussnooze":0.0226,"activity":-0.0034,"lastBolusTime":1703041168572,"time":"2023-12-20T05:02:03.332Z"}},{"iob":0.401,"basaliob":-0.454,"bolussnooze":0.0183,"activity":0.0075,"lastBolusTime":1703041168572,"time":"2023-12-20T05:07:03.332Z","iobWithZeroTemp":{"iob":-0.959,"basaliob":-1.814,"bolussnooze":0.0183,"activity":-0.0048,"lastBolusTime":1703041168572,"time":"2023-12-20T05:07:03.332Z"}},{"iob":0.365,"basaliob":-0.417,"bolussnooze":0.0148,"activity":0.0068,"lastBolusTime":1703041168572,"time":"2023-12-20T05:12:03.332Z","iobWithZeroTemp":{"iob":-1.041,"basaliob":-1.823,"bolussnooze":0.0148,"activity":-0.0061,"lastBolusTime":1703041168572,"time":"2023-12-20T05:12:03.332Z"}},{"iob":0.332,"basaliob":-0.383,"bolussnooze":0.0119,"activity":0.0062,"lastBolusTime":1703041168572,"time":"2023-12-20T05:17:03.332Z","iobWithZeroTemp":{"iob":-1.116,"basaliob":-1.831,"bolussnooze":0.0119,"activity":-0.0074,"lastBolusTime":1703041168572,"time":"2023-12-20T05:17:03.332Z"}},{"iob":0.302,"basaliob":-0.351,"bolussnooze":0.0096,"activity":0.0057,"lastBolusTime":1703041168572,"time":"2023-12-20T05:22:03.332Z","iobWithZeroTemp":{"iob":-1.185,"basaliob":-1.838,"bolussnooze":0.0096,"activity":-0.0085,"lastBolusTime":1703041168572,"time":"2023-12-20T05:22:03.332Z"}},{"iob":0.274,"basaliob":-0.321,"bolussnooze":0.0077,"activity":0.0053,"lastBolusTime":1703041168572,"time":"2023-12-20T05:27:03.332Z","iobWithZeroTemp":{"iob":-1.249,"basaliob":-1.844,"bolussnooze":0.0077,"activity":-0.0095,"lastBolusTime":1703041168572,"time":"2023-12-20T05:27:03.332Z"}},{"iob":0.249,"basaliob":-0.294,"bolussnooze":0.0061,"activity":0.0048,"lastBolusTime":1703041168572,"time":"2023-12-20T05:32:03.332Z","iobWithZeroTemp":{"iob":-1.307,"basaliob":-1.85,"bolussnooze":0.0061,"activity":-0.0105,"lastBolusTime":1703041168572,"time":"2023-12-20T05:32:03.332Z"}},{"iob":0.226,"basaliob":-0.268,"bolussnooze":0.0049,"activity":0.0044,"lastBolusTime":1703041168572,"time":"2023-12-20T05:37:03.332Z","iobWithZeroTemp":{"iob":-1.361,"basaliob":-1.855,"bolussnooze":0.0049,"activity":-0.0114,"lastBolusTime":1703041168572,"time":"2023-12-20T05:37:03.332Z"}},{"iob":0.205,"basaliob":-0.245,"bolussnooze":0.0039,"activity":0.004,"lastBolusTime":1703041168572,"time":"2023-12-20T05:42:03.332Z","iobWithZeroTemp":{"iob":-1.41,"basaliob":-1.86,"bolussnooze":0.0039,"activity":-0.0123,"lastBolusTime":1703041168572,"time":"2023-12-20T05:42:03.332Z"}},{"iob":0.186,"basaliob":-0.223,"bolussnooze":0.003,"activity":0.0037,"lastBolusTime":1703041168572,"time":"2023-12-20T05:47:03.332Z","iobWithZeroTemp":{"iob":-1.455,"basaliob":-1.864,"bolussnooze":0.003,"activity":-0.013,"lastBolusTime":1703041168572,"time":"2023-12-20T05:47:03.332Z"}},{"iob":0.168,"basaliob":-0.204,"bolussnooze":0.0024,"activity":0.0033,"lastBolusTime":1703041168572,"time":"2023-12-20T05:52:03.332Z","iobWithZeroTemp":{"iob":-1.496,"basaliob":-1.868,"bolussnooze":0.0024,"activity":-0.0138,"lastBolusTime":1703041168572,"time":"2023-12-20T05:52:03.332Z"}},{"iob":0.153,"basaliob":-0.185,"bolussnooze":0.0019,"activity":0.003,"lastBolusTime":1703041168572,"time":"2023-12-20T05:57:03.332Z","iobWithZeroTemp":{"iob":-1.533,"basaliob":-1.871,"bolussnooze":0.0019,"activity":-0.0145,"lastBolusTime":1703041168572,"time":"2023-12-20T05:57:03.332Z"}},{"iob":0.137,"basaliob":-0.169,"bolussnooze":0.0014,"activity":0.0028,"lastBolusTime":1703041168572,"time":"2023-12-20T06:02:03.332Z","iobWithZeroTemp":{"iob":-1.569,"basaliob":-1.875,"bolussnooze":0.0014,"activity":-0.0151,"lastBolusTime":1703041168572,"time":"2023-12-20T06:02:03.332Z"}},{"iob":0.125,"basaliob":-0.153,"bolussnooze":0.0011,"activity":0.0026,"lastBolusTime":1703041168572,"time":"2023-12-20T06:07:03.332Z","iobWithZeroTemp":{"iob":-1.595,"basaliob":-1.873,"bolussnooze":0.0011,"activity":-0.0156,"lastBolusTime":1703041168572,"time":"2023-12-20T06:07:03.332Z"}},{"iob":0.113,"basaliob":-0.139,"bolussnooze":9.0E-4,"activity":0.0023,"lastBolusTime":1703041168572,"time":"2023-12-20T06:12:03.332Z","iobWithZeroTemp":{"iob":-1.62,"basaliob":-1.872,"bolussnooze":9.0E-4,"activity":-0.0162,"lastBolusTime":1703041168572,"time":"2023-12-20T06:12:03.332Z"}},{"iob":0.102,"basaliob":-0.126,"bolussnooze":7.0E-4,"activity":0.002,"lastBolusTime":1703041168572,"time":"2023-12-20T06:17:03.332Z","iobWithZeroTemp":{"iob":-1.642,"basaliob":-1.87,"bolussnooze":7.0E-4,"activity":-0.0167,"lastBolusTime":1703041168572,"time":"2023-12-20T06:17:03.332Z"}},{"iob":0.091,"basaliob":-0.115,"bolussnooze":5.0E-4,"activity":0.0019,"lastBolusTime":1703041168572,"time":"2023-12-20T06:22:03.332Z","iobWithZeroTemp":{"iob":-1.663,"basaliob":-1.869,"bolussnooze":5.0E-4,"activity":-0.0171,"lastBolusTime":1703041168572,"time":"2023-12-20T06:22:03.332Z"}},{"iob":0.082,"basaliob":-0.104,"bolussnooze":4.0E-4,"activity":0.0018,"lastBolusTime":1703041168572,"time":"2023-12-20T06:27:03.332Z","iobWithZeroTemp":{"iob":-1.681,"basaliob":-1.867,"bolussnooze":4.0E-4,"activity":-0.0174,"lastBolusTime":1703041168572,"time":"2023-12-20T06:27:03.332Z"}},{"iob":0.074,"basaliob":-0.094,"bolussnooze":3.0E-4,"activity":0.0015,"lastBolusTime":1703041168572,"time":"2023-12-20T06:32:03.332Z","iobWithZeroTemp":{"iob":-1.697,"basaliob":-1.865,"bolussnooze":3.0E-4,"activity":-0.0178,"lastBolusTime":1703041168572,"time":"2023-12-20T06:32:03.332Z"}},{"iob":0.067,"basaliob":-0.085,"bolussnooze":2.0E-4,"activity":0.0014,"lastBolusTime":1703041168572,"time":"2023-12-20T06:37:03.332Z","iobWithZeroTemp":{"iob":-1.711,"basaliob":-1.863,"bolussnooze":2.0E-4,"activity":-0.0181,"lastBolusTime":1703041168572,"time":"2023-12-20T06:37:03.332Z"}},{"iob":0.06,"basaliob":-0.077,"bolussnooze":1.0E-4,"activity":0.0012,"lastBolusTime":1703041168572,"time":"2023-12-20T06:42:03.332Z","iobWithZeroTemp":{"iob":-1.725,"basaliob":-1.862,"bolussnooze":1.0E-4,"activity":-0.0185,"lastBolusTime":1703041168572,"time":"2023-12-20T06:42:03.332Z"}},{"iob":0.054,"basaliob":-0.07,"bolussnooze":1.0E-4,"activity":0.0012,"lastBolusTime":1703041168572,"time":"2023-12-20T06:47:03.332Z","iobWithZeroTemp":{"iob":-1.736,"basaliob":-1.86,"bolussnooze":1.0E-4,"activity":-0.0186,"lastBolusTime":1703041168572,"time":"2023-12-20T06:47:03.332Z"}},{"iob":0.048,"basaliob":-0.063,"bolussnooze":1.0E-4,"activity":0.001,"lastBolusTime":1703041168572,"time":"2023-12-20T06:52:03.332Z","iobWithZeroTemp":{"iob":-1.747,"basaliob":-1.858,"bolussnooze":1.0E-4,"activity":-0.0189,"lastBolusTime":1703041168572,"time":"2023-12-20T06:52:03.332Z"}},{"iob":0.043,"basaliob":-0.057,"bolussnooze":0,"activity":9.0E-4,"lastBolusTime":1703041168572,"time":"2023-12-20T06:57:03.332Z","iobWithZeroTemp":{"iob":-1.757,"basaliob":-1.857,"bolussnooze":0,"activity":-0.0191,"lastBolusTime":1703041168572,"time":"2023-12-20T06:57:03.332Z"}},{"iob":0.039,"basaliob":-0.051,"bolussnooze":0,"activity":8.0E-4,"lastBolusTime":1703041168572,"time":"2023-12-20T07:02:03.332Z","iobWithZeroTemp":{"iob":-1.765,"basaliob":-1.855,"bolussnooze":0,"activity":-0.0193,"lastBolusTime":1703041168572,"time":"2023-12-20T07:02:03.332Z"}},{"iob":0.035,"basaliob":-0.046,"bolussnooze":0,"activity":7.0E-4,"lastBolusTime":1703041168572,"time":"2023-12-20T07:07:03.332Z","iobWithZeroTemp":{"iob":-1.768,"basaliob":-1.849,"bolussnooze":0,"activity":-0.0195,"lastBolusTime":1703041168572,"time":"2023-12-20T07:07:03.332Z"}},{"iob":0.031,"basaliob":-0.042,"bolussnooze":0,"activity":7.0E-4,"lastBolusTime":1703041168572,"time":"2023-12-20T07:12:03.332Z","iobWithZeroTemp":{"iob":-1.771,"basaliob":-1.844,"bolussnooze":0,"activity":-0.0195,"lastBolusTime":1703041168572,"time":"2023-12-20T07:12:03.332Z"}},{"iob":0.028,"basaliob":-0.037,"bolussnooze":0,"activity":6.0E-4,"lastBolusTime":1703041168572,"time":"2023-12-20T07:17:03.332Z","iobWithZeroTemp":{"iob":-1.773,"basaliob":-1.838,"bolussnooze":0,"activity":-0.0197,"lastBolusTime":1703041168572,"time":"2023-12-20T07:17:03.332Z"}},{"iob":0.025,"basaliob":-0.034,"bolussnooze":0,"activity":6.0E-4,"lastBolusTime":1703041168572,"time":"2023-12-20T07:22:03.332Z","iobWithZeroTemp":{"iob":-1.774,"basaliob":-1.833,"bolussnooze":0,"activity":-0.0197,"lastBolusTime":1703041168572,"time":"2023-12-20T07:22:03.332Z"}},{"iob":0.023,"basaliob":-0.03,"bolussnooze":0,"activity":6.0E-4,"lastBolusTime":1703041168572,"time":"2023-12-20T07:27:03.332Z","iobWithZeroTemp":{"iob":-1.775,"basaliob":-1.828,"bolussnooze":0,"activity":-0.0198,"lastBolusTime":1703041168572,"time":"2023-12-20T07:27:03.332Z"}},{"iob":0.02,"basaliob":-0.027,"bolussnooze":0,"activity":4.0E-4,"lastBolusTime":1703041168572,"time":"2023-12-20T07:32:03.332Z","iobWithZeroTemp":{"iob":-1.776,"basaliob":-1.823,"bolussnooze":0,"activity":-0.02,"lastBolusTime":1703041168572,"time":"2023-12-20T07:32:03.332Z"}},{"iob":0.018,"basaliob":-0.024,"bolussnooze":0,"activity":4.0E-4,"lastBolusTime":1703041168572,"time":"2023-12-20T07:37:03.332Z","iobWithZeroTemp":{"iob":-1.776,"basaliob":-1.818,"bolussnooze":0,"activity":-0.02,"lastBolusTime":1703041168572,"time":"2023-12-20T07:37:03.332Z"}}],"profile":{"max_iob":20,"type":"current","max_daily_basal":1.6,"max_basal":4.8,"min_bg":81,"max_bg":81,"target_bg":81,"carb_ratio":4.5,"sens":72,"max_daily_safety_multiplier":3,"current_basal_safety_multiplier":4,"high_temptarget_raises_sensitivity":false,"low_temptarget_lowers_sensitivity":false,"sensitivity_raises_target":false,"resistance_lowers_target":false,"adv_target_adjustments":false,"exercise_mode":false,"half_basal_exercise_target":160,"maxCOB":120,"skip_neutral_temps":false,"remainingCarbsCap":90,"enableUAM":true,"A52_risk_enable":false,"SMBInterval":3,"enableSMB_with_COB":false,"enableSMB_with_temptarget":false,"allowSMB_with_high_temptarget":true,"enableSMB_always":true,"enableSMB_after_carbs":false,"maxSMBBasalMinutes":120,"maxUAMSMBBasalMinutes":120,"bolus_increment":0.05,"carbsReqThreshold":1,"current_basal":1.3,"temptargetSet":true,"autosens_max":1.8,"out_units":"mmol\/L"},"autosens_data":{"ratio":1},"meal_data":{"carbs":40,"mealCOB":19.017000000000003,"slopeFromMaxDeviation":-1.3186666666666669,"slopeFromMinDeviation":0.5644545454545454,"lastBolusTime":1703041168572,"lastCarbTime":1703039119000},"microBolusAllowed":true,"currentTime":1703043725741,"flatBGsDetected":false},"output":{"temp":"absolute","bg":91,"tick":-2,"eventualBG":252,"targetBG":81,"insulinReq":0,"deliverAt":"2023-12-20T03:42:05.741Z","sensitivityRatio":1,"predBGs":{"IOB":[91,88,86,83,80,77,73,70,67,63,59,55,50,46,43,39],"ZT":[91,82,73,65,58,51,46,40,39,39,39,39,39,39,39,39,39,39,39,39,39,39,39,42,47,51,56,61,66,71,77],"COB":[91,89,87,86,86,85,86,86,87,89,91,93,96,98,102,105,109,113,117,122,126,131,136,141,146,152,157,163,169,175,181,186,192,197,202,207,212,217,221,225,229,233,237,240,244,247,249,252],"UAM":[91,88,83,78,72,66,59,53,47,41,39,39,39]},"COB":19.017000000000003,"IOB":1.695,"reason":"COB: 19, Dev: 2.3, BGI: -0.5, ISF: 4.0, CR: 4.5, Target: 4.5, minPredBG 6.2, minGuardBG 1.7, IOBpredBG 2.2, COBpredBG 14.0, UAMpredBG 2.2; minGuardBG 1.7<3.4 45m left and 0 ~ req 0U\/hr: no temp required","timestamp":"2023-12-20T03:42:05.822Z"}}