{"algorithm":"OpenAPSSMBPlugin","input":{"glucoseStatus":{"glucose":98,"noise":0,"delta":1,"short_avgdelta":1.28,"long_avgdelta":-0.18,"date":1703105202827},"currenttemp":{"temp":"absolute","duration":20,"rate":0.8,"minutesrunning":10},"iob_data":[{"iob":0.068,"basaliob":-0.161,"bolussnooze":0,"activity":0.0015,"lastBolusTime":1703103177968,"time":"2023-12-20T20:47:05.140Z","iobWithZeroTemp":{"iob":0.068,"basaliob":-0.161,"bolussnooze":0,"activity":0.0015,"lastBolusTime":1703103177968,"time":"2023-12-20T20:47:05.140Z"}},{"iob":0.06,"basaliob":-0.154,"bolussnooze":0,"activity":0.0013,"lastBolusTime":1703103177968,"time":"2023-12-20T20:52:05.140Z","iobWithZeroTemp":{"iob":0.01,"basaliob":-0.204,"bolussnooze":0,"activity":0.0013,"lastBolusTime":1703103177968,"time":"2023-12-20T20:52:05.140Z"}},{"iob":0.054,"basaliob":-0.146,"bolussnooze":0,"activity":0.0013,"lastBolusTime":1703103177968,"time":"2023-12-20T20:57:05.140Z","iobWithZeroTemp":{"iob":-0.058,"basaliob":-0.258,"bolussnooze":0,"activity":0.0011,"lastBolusTime":1703103177968,"time":"2023-12-20T20:57:05.140Z"}},{"iob":0.048,"basaliob":-0.139,"bolussnooze":0,"activity":0.001,"lastBolusTime":1703103177968,"time":"2023-12-20T21:02:05.140Z","iobWithZeroTemp":{"iob":-0.125,"basaliob":-0.312,"bolussnooze":0,"activity":5.0E-4,"lastBolusTime":1703103177968,"time":"2023-12-20T21:02:05.140Z"}},{"iob":0.043,"basaliob":-0.131,"bolussnooze":0,"activity":0.001,"lastBolusTime":1703103177968,"time":"2023-12-20T21:07:05.140Z","iobWithZeroTemp":{"iob":-0.232,"basaliob":-0.406,"bolussnooze":0,"activity":1.0E-4,"lastBolusTime":1703103177968,"time":"2023-12-20T21:07:05.140Z"}},{"iob":0.039,"basaliob":-0.123,"bolussnooze":0,"activity":9.0E-4,"lastBolusTime":1703103177968,"time":"2023-12-20T21:12:05.140Z","iobWithZeroTemp":{"iob":-0.38,"basaliob":-0.542,"bolussnooze":0,"activity":-8.0E-4,"lastBolusTime":1703103177968,"time":"2023-12-20T21:12:05.140Z"}},{"iob":0.034,"basaliob":-0.116,"bolussnooze":0,"activity":8.0E-4,"lastBolusTime":1703103177968,"time":"2023-12-20T21:17:05.140Z","iobWithZeroTemp":{"iob":-0.483,"basaliob":-0.633,"bolussnooze":0,"activity":-0.0016,"lastBolusTime":1703103177968,"time":"2023-12-20T21:17:05.140Z"}},{"iob":0.031,"basaliob":-0.108,"bolussnooze":0,"activity":8.0E-4,"lastBolusTime":1703103177968,"time":"2023-12-20T21:22:05.140Z","iobWithZeroTemp":{"iob":-0.58,"basaliob":-0.719,"bolussnooze":0,"activity":-0.0024,"lastBolusTime":1703103177968,"time":"2023-12-20T21:22:05.140Z"}},{"iob":0.027,"basaliob":-0.101,"bolussnooze":0,"activity":6.0E-4,"lastBolusTime":1703103177968,"time":"2023-12-20T21:27:05.140Z","iobWithZeroTemp":{"iob":-0.674,"basaliob":-0.802,"bolussnooze":0,"activity":-0.0034,"lastBolusTime":1703103177968,"time":"2023-12-20T21:27:05.140Z"}},{"iob":0.025,"basaliob":-0.094,"bolussnooze":0,"activity":6.0E-4,"lastBolusTime":1703103177968,"time":"2023-12-20T21:32:05.140Z","iobWithZeroTemp":{"iob":-0.762,"basaliob":-0.881,"bolussnooze":0,"activity":-0.0043,"lastBolusTime":1703103177968,"time":"2023-12-20T21:32:05.140Z"}},{"iob":0.021,"basaliob":-0.088,"bolussnooze":0,"activity":5.0E-4,"lastBolusTime":1703103177968,"time":"2023-12-20T21:37:05.140Z","iobWithZeroTemp":{"iob":-0.847,"basaliob":-0.956,"bolussnooze":0,"activity":-0.0053,"lastBolusTime":1703103177968,"time":"2023-12-20T21:37:05.140Z"}},{"iob":0.019,"basaliob":-0.082,"bolussnooze":0,"activity":5.0E-4,"lastBolusTime":1703103177968,"time":"2023-12-20T21:42:05.140Z","iobWithZeroTemp":{"iob":-0.926,"basaliob":-1.027,"bolussnooze":0,"activity":-0.0062,"lastBolusTime":1703103177968,"time":"2023-12-20T21:42:05.140Z"}},{"iob":0.017,"basaliob":-0.076,"bolussnooze":0,"activity":4.0E-4,"lastBolusTime":1703103177968,"time":"2023-12-20T21:47:05.140Z","iobWithZeroTemp":{"iob":-1.001,"basaliob":-1.094,"bolussnooze":0,"activity":-0.0072,"lastBolusTime":1703103177968,"time":"2023-12-20T21:47:05.140Z"}},{"iob":0.015,"basaliob":-0.07,"bolussnooze":0,"activity":4.0E-4,"lastBolusTime":1703103177968,"time":"2023-12-20T21:52:05.140Z","iobWithZeroTemp":{"iob":-1.071,"basaliob":-1.156,"bolussnooze":0,"activity":-0.008,"lastBolusTime":1703103177968,"time":"2023-12-20T21:52:05.140Z"}},{"iob":0.013,"basaliob":-0.065,"bolussnooze":0,"activity":3.0E-4,"lastBolusTime":1703103177968,"time":"2023-12-20T21:57:05.140Z","iobWithZeroTemp":{"iob":-1.137,"basaliob":-1.215,"bolussnooze":0,"activity":-0.009,"lastBolusTime":1703103177968,"time":"2023-12-20T21:57:05.140Z"}},{"iob":0.012,"basaliob":-0.06,"bolussnooze":0,"activity":3.0E-4,"lastBolusTime":1703103177968,"time":"2023-12-20T22:02:05.140Z","iobWithZeroTemp":{"iob":-1.198,"basaliob":-1.27,"bolussnooze":0,"activity":-0.0098,"lastBolusTime":1703103177968,"time":"2023-12-20T22:02:05.140Z"}},{"iob":0.011,"basaliob":-0.055,"bolussnooze":0,"activity":3.0E-4,"lastBolusTime":1703103177968,"time":"2023-12-20T22:07:05.140Z","iobWithZeroTemp":{"iob":-1.271,"basaliob":-1.337,"bolussnooze":0,"activity":-0.0106,"lastBolusTime":1703103177968,"time":"2023-12-20T22:07:05.140Z"}},{"iob":0.009,"basaliob":-0.051,"bolussnooze":0,"activity":3.0E-4,"lastBolusTime":1703103177968,"time":"2023-12-20T22:12:05.140Z","iobWithZeroTemp":{"iob":-1.342,"basaliob":-1.402,"bolussnooze":0,"activity":-0.0114,"lastBolusTime":1703103177968,"time":"2023-12-20T22:12:05.140Z"}},{"iob":0.008,"basaliob":-0.047,"bolussnooze":0,"activity":2.0E-4,"lastBolusTime":1703103177968,"time":"2023-12-20T22:17:05.140Z","iobWithZeroTemp":{"iob":-1.407,"basaliob":-1.462,"bolussnooze":0,"activity":-0.0123,"lastBolusTime":1703103177968,"time":"2023-12-20T22:17:05.140Z"}},{"iob":0.007,"basaliob":-0.043,"bolussnooze":0,"activity":2.0E-4,"lastBolusTime":1703103177968,"time":"2023-12-20T22:22:05.140Z","iobWithZeroTemp":{"iob":-1.469,"basaliob":-1.519,"bolussnooze":0,"activity":-0.0131,"lastBolusTime":1703103177968,"time":"2023-12-20T22:22:05.140Z"}},{"iob":0.007,"basaliob":-0.039,"bolussnooze":0,"activity":1.0E-4,"lastBolusTime":1703103177968,"time":"2023-12-20T22:27:05.140Z","iobWithZeroTemp":{"iob":-1.525,"basaliob":-1.571,"bolussnooze":0,"activity":-0.0139,"lastBolusTime":1703103177968,"time":"2023-12-20T22:27:05.140Z"}},{"iob":0.006,"basaliob":-0.036,"bolussnooze":0,"activity":2.0E-4,"lastBolusTime":1703103177968,"time":"2023-12-20T22:32:05.140Z","iobWithZeroTemp":{"iob":-1.579,"basaliob":-1.621,"bolussnooze":0,"activity":-0.0146,"lastBolusTime":1703103177968,"time":"2023-12-20T22:32:05.140Z"}},{"iob":0.005,"basaliob":-0.033,"bolussnooze":0,"activity":1.0E-4,"lastBolusTime":1703103177968,"time":"2023-12-20T22:37:05.140Z","iobWithZeroTemp":{"iob":-1.63,"basaliob":-1.668,"bolussnooze":0,"activity":-0.0154,"lastBolusTime":1703103177968,"time":"2023-12-20T22:37:05.140Z"}},{"iob":0.005,"basaliob":-0.03,"bolussnooze":0,"activity":2.0E-4,"lastBolusTime":1703103177968,"time":"2023-12-20T22:42:05.140Z","iobWithZeroTemp":{"iob":-1.676,"basaliob":-1.711,"bolussnooze":0,"activity":-0.0159,"lastBolusTime":1703103177968,"time":"2023-12-20T22:42:05.140Z"}},{"iob":0.004,"basaliob":-0.028,"bolussnooze":0,"activity":1.0E-4,"lastBolusTime":1703103177968,"time":"2023-12-20T22:47:05.140Z","iobWithZeroTemp":{"iob":-1.719,"basaliob":-1.751,"bolussnooze":0,"activity":-0.0167,"lastBolusTime":1703103177968,"time":"2023-12-20T22:47:05.140Z"}},{"iob":0.004,"basaliob":-0.025,"bolussnooze":0,"activity":0,"lastBolusTime":1703103177968,"time":"2023-12-20T22:52:05.140Z","iobWithZeroTemp":{"iob":-1.77,"basaliob":-1.799,"bolussnooze":0,"activity":-0.0175,"lastBolusTime":1703103177968,"time":"2023-12-20T22:52:05.140Z"}},{"iob":0.003,"basaliob":-0.023,"bolussnooze":0,"activity":1.0E-4,"lastBolusTime":1703103177968,"time":"2023-12-20T22:57:05.140Z","iobWithZeroTemp":{"iob":-1.807,"basaliob":-1.833,"bolussnooze":0,"activity":-0.018,"lastBolusTime":1703103177968,"time":"2023-12-20T22:57:05.140Z"}},{"iob":0.003,"basaliob":-0.021,"bolussnooze":0,"activity":1.0E-4,"lastBolusTime":1703103177968,"time":"2023-12-20T23:02:05.140Z","iobWithZeroTemp":{"iob":-1.841,"basaliob":-1.865,"bolussnooze":0,"activity":-0.0185,"lastBolusTime":1703103177968,"time":"2023-12-20T23:02:05.140Z"}},{"iob":0.002,"basaliob":-0.019,"bolussnooze":0,"activity":0,"lastBolusTime":1703103177968,"time":"2023-12-20T23:07:05.140Z","iobWithZeroTemp":{"iob":-1.881,"basaliob":-1.902,"bolussnooze":0,"activity":-0.0191,"lastBolusTime":1703103177968,"time":"2023-12-20T23:07:05.140Z"}},{"iob":0.002,"basaliob":-0.017,"bolussnooze":0,"activity":1.0E-4,"lastBolusTime":1703103177968,"time":"2023-12-20T23:12:05.140Z","iobWithZeroTemp":{"iob":-1.917,"basaliob":-1.936,"bolussnooze":0,"activity":-0.0195,"lastBolusTime":1703103177968,"time":"2023-12-20T23:12:05.140Z"}},{"iob":0.002,"basaliob":-0.016,"bolussnooze":0,"activity":1.0E-4,"lastBolusTime":1703103177968,"time":"2023-12-20T23:17:05.140Z","iobWithZeroTemp":{"iob":-1.951,"basaliob":-1.969,"bolussnooze":0,"activity":-0.02,"lastBolusTime":1703103177968,"time":"2023-12-20T23:17:05.140Z"}},{"iob":0.002,"basaliob":-0.014,"bolussnooze":0,"activity":0,"lastBolusTime":1703103177968,"time":"2023-12-20T23:22:05.140Z","iobWithZeroTemp":{"iob":-1.983,"basaliob":-1.999,"bolussnooze":0,"activity":-0.0205,"lastBolusTime":1703103177968,"time":"2023-12-20T23:22:05.140Z"}},{"iob":0.001,"basaliob":-0.013,"bolussnooze":0,"activity":0,"lastBolusTime":1703103177968,"time":"2023-12-20T23:27:05.140Z","iobWithZeroTemp":{"iob":-2.014,"basaliob":-2.028,"bolussnooze":0,"activity":-0.021,"lastBolusTime":1703103177968,"time":"2023-12-20T23:27:05.140Z"}},{"iob":0.001,"basaliob":-0.012,"bolussnooze":0,"activity":1.0E-4,"lastBolusTime":1703103177968,"time":"2023-12-20T23:32:05.140Z","iobWithZeroTemp":{"iob":-2.041,"basaliob":-2.054,"bolussnooze":0,"activity":-0.0213,"lastBolusTime":1703103177968,"time":"2023-12-20T23:32:05.140Z"}},{"iob":0.001,"basaliob":-0.011,"bolussnooze":0,"activity":0,"lastBolusTime":1703103177968,"time":"2023-12-20T23:37:05.140Z","iobWithZeroTemp":{"iob":-2.067,"basaliob":-2.079,"bolussnooze":0,"activity":-0.0218,"lastBolusTime":1703103177968,"time":"2023-12-20T23:37:05.140Z"}},{"iob":0.001,"basaliob":-0.01,"bolussnooze":0,"activity":0,"lastBolusTime":1703103177968,"time":"2023-12-20T23:42:05.140Z","iobWithZeroTemp":{"iob":-2.09,"basaliob":-2.101,"bolussnooze":0,"activity":-0.0221,"lastBolusTime":1703103177968,"time":"2023-12-20T23:42:05.140Z"}},{"iob":0.001,"basaliob":-0.009,"bolussnooze":0,"activity":0,"lastBolusTime":1703103177968,"time":"2023-12-20T23:47:05.140Z","iobWithZeroTemp":{"iob":-2.112,"basaliob":-2.122,"bolussnooze":0,"activity":-0.0225,"lastBolusTime":1703103177968,"time":"2023-12-20T23:47:05.140Z"}},{"iob":0.001,"basaliob":-0.008,"bolussnooze":0,"activity":0,"lastBolusTime":1703103177968,"time":"2023-12-20T23:52:05.140Z","iobWithZeroTemp":{"iob":-2.132,"basaliob":-2.141,"bolussnooze":0,"activity":-0.0228,"lastBolusTime":1703103177968,"time":"2023-12-20T23:52:05.140Z"}},{"iob":0.001,"basaliob":-0.007,"bolussnooze":0,"activity":1.0E-4,"lastBolusTime":1703103177968,"time":"2023-12-20T23:57:05.140Z","iobWithZeroTemp":{"iob":-2.151,"basaliob":-2.159,"bolussnooze":0,"activity":-0.023,"lastBolusTime":1703103177968,"time":"2023-12-20T23:57:05.140Z"}},{"iob":0,"basaliob":-0.007,"bolussnooze":0,"activity":0,"lastBolusTime":1703103177968,"time":"2023-12-21T00:02:05.140Z","iobWithZeroTemp":{"iob":-2.169,"basaliob":-2.176,"bolussnooze":0,"activity":-0.0234,"lastBolusTime":1703103177968,"time":"2023-12-21T00:02:05.140Z"}},{"iob":0,"basaliob":-0.006,"bolussnooze":0,"activity":0,"lastBolusTime":1703103177968,"time":"2023-12-21T00:07:05.140Z","iobWithZeroTemp":{"iob":-2.176,"basaliob":-2.182,"bolussnooze":0,"activity":-0.0237,"lastBolusTime":1703103177968,"time":"2023-12-21T00:07:05.140Z"}},{"iob":0.001,"basaliob":-0.005,"bolussnooze":0,"activity":0,"lastBolusTime":1703103177968,"time":"2023-12-21T00:12:05.140Z","iobWithZeroTemp":{"iob":-2.181,"basaliob":-2.187,"bolussnooze":0,"activity":-0.0239,"lastBolusTime":1703103177968,"time":"2023-12-21T00:12:05.140Z"}},{"iob":0,"basaliob":-0.005,"bolussnooze":0,"activity":0,"lastBolusTime":1703103177968,"time":"2023-12-21T00:17:05.140Z","iobWithZeroTemp":{"iob":-2.188,"basaliob":-2.193,"bolussnooze":0,"activity":-0.0241,"lastBolusTime":1703103177968,"time":"2023-12-21T00:17:05.140Z"}},{"iob":0.001,"basaliob":-0.004,"bolussnooze":0,"activity":0,"lastBolusTime":1703103177968,"time":"2023-12-21T00:22:05.140Z","iobWithZeroTemp":{"iob":-2.191,"basaliob":-2.196,"bolussnooze":0,"activity":-0.0242,"lastBolusTime":1703103177968,"time":"2023-12-21T00:22:05.140Z"}},{"iob":0,"basaliob":-0.004,"bolussnooze":0,"activity":0,"lastBolusTime":1703103177968,"time":"2023-12-21T00:27:05.140Z","iobWithZeroTemp":{"iob":-2.199,"basaliob":-2.203,"bolussnooze":0,"activity":-0.0244,"lastBolusTime":1703103177968,"time":"2023-12-21T00:27:05.140Z"}},{"iob":0,"basaliob":-0.004,"bolussnooze":0,"activity":0,"lastBolusTime":1703103177968,"time":"2023-12-21T00:32:05.140Z","iobWithZeroTemp":{"iob":-2.202,"basaliob":-2.206,"bolussnooze":0,"activity":-0.0245,"lastBolusTime":1703103177968,"time":"2023-12-21T00:32:05.140Z"}},{"iob":0,"basaliob":-0.003,"bolussnooze":0,"activity":0,"lastBolusTime":1703103177968,"time":"2023-12-21T00:37:05.140Z","iobWithZeroTemp":{"iob":-2.204,"basaliob":-2.207,"bolussnooze":0,"activity":-0.0246,"lastBolusTime":1703103177968,"time":"2023-12-21T00:37:05.140Z"}},{"iob":0,"basaliob":-0.003,"bolussnooze":0,"activity":0,"lastBolusTime":1703103177968,"time":"2023-12-21T00:42:05.140Z","iobWithZeroTemp":{"iob":-2.205,"basaliob":-2.208,"bolussnooze":0,"activity":-0.0247,"lastBolusTime":1703103177968,"time":"2023-12-21T00:42:05.140Z"}}],"profile":{"max_iob":20,"type":"current","max_daily_basal":1.6,"max_basal":3,"min_bg":90,"max_bg":90,"target_bg":90,"carb_ratio":4.5,"sens":90,"max_daily_safety_multiplier":3,"current_basal_safety_multiplier":4,"high_temptarget_raises_sensitivity":false,"low_temptarget_lowers_sensitivity":false,"sensitivity_raises_target":false,"resistance_lowers_target":false,"adv_target_adjustments":false,"exercise_mode":false,"half_basal_exercise_target":160,"maxCOB":120,"skip_neutral_temps":false,"remainingCarbsCap":90,"enableUAM":true,"A52_risk_enable":false,"SMBInterval":3,"enableSMB_with_COB":false,"enableSMB_with_temptarget":false,"allowSMB_with_high_temptarget":true,"enableSMB_always":true,"enableSMB_after_carbs":false,"maxSMBBasalMinutes":120,"maxUAMSMBBasalMinutes":120,"bolus_increment":0.05,"carbsReqThreshold":1,"current_basal":0.75,"temptargetSet":false,"autosens_max":1.8,"out_units":"mmol\/L"},"autosens_data":{"ratio":1},"meal_data":{"carbs":0,"mealCOB":0,"slopeFromMaxDeviation":-0.06057142857142857,"slopeFromMinDeviation":1.3264999999999998,"lastBolusTime":1703103177968,"lastCarbTime":0},"microBolusAllowed":true,"currentTime":1703105227582,"flatBGsDetected":false},"output":{"temp":"absolute","bg":98,"tick":"+1","eventualBG":102,"targetBG":90,"insulinReq":0.08,"deliverAt":"2023-12-20T20:47:07.582Z","sensitivityRatio":1,"predBGs":{"IOB":[98,99,100,100,101,102,102,102,103,103,103,103,103,102,102,102,102,102,102,102,101],"ZT":[98,97,97,96,96,96,96],"UAM":[98,99,99,99,98,98,97,97,97,96,96,96,96,95,95,95,95,95,95,95,95,95,94]},"COB":0,"IOB":0.068,"reason":"COB: 0, Dev: 0.6, BGI: 0.0, ISF: 5.0, CR: 4.5, Target: 5.0, minPredBG 5.4, minGuardBG 5.2, IOBpredBG 5.6, UAMpredBG 5.2; Eventual BG 5.7 >= 5.0,  insulinReq 0.08. temp 0.80 < 0.91U\/hr. ","duration":30,"rate":0.91,"timestamp":"2023-12-20T20:47:07.699Z"}}