{"algorithm":"OpenAPSSMBPlugin","input":{"glucoseStatus":{"glucose":74,"noise":0,"delta":0,"short_avgdelta":-4.33,"long_avgdelta":-2.73,"date":1703161305153},"currenttemp":{"temp":"absolute","duration":56,"rate":0,"minutesrunning":4},"iob_data":[{"iob":-0.116,"basaliob":-0.725,"bolussnooze":0.003,"activity":4.0E-4,"lastBolusTime":1703159836189,"time":"2023-12-21T12:22:04.223Z","iobWithZeroTemp":{"iob":-0.116,"basaliob":-0.725,"bolussnooze":0.003,"activity":4.0E-4,"lastBolusTime":1703159836189,"time":"2023-12-21T12:22:04.223Z"}},{"iob":-0.118,"basaliob":-0.678,"bolussnooze":0.0022,"activity":1.0E-4,"lastBolusTime":1703159836189,"time":"2023-12-21T12:27:04.223Z","iobWithZeroTemp":{"iob":-0.171,"basaliob":-0.731,"bolussnooze":0.0022,"activity":0,"lastBolusTime":1703159836189,"time":"2023-12-21T12:27:04.223Z"}},{"iob":-0.117,"basaliob":-0.632,"bolussnooze":0.0017,"activity":-2.0E-4,"lastBolusTime":1703159836189,"time":"2023-12-21T12:32:04.223Z","iobWithZeroTemp":{"iob":-0.236,"basaliob":-0.751,"bolussnooze":0.0017,"activity":-4.0E-4,"lastBolusTime":1703159836189,"time":"2023-12-21T12:32:04.223Z"}},{"iob":-0.115,"basaliob":-0.588,"bolussnooze":0.0012,"activity":-5.0E-4,"lastBolusTime":1703159836189,"time":"2023-12-21T12:37:04.223Z","iobWithZeroTemp":{"iob":-0.299,"basaliob":-0.772,"bolussnooze":0.0012,"activity":-0.001,"lastBolusTime":1703159836189,"time":"2023-12-21T12:37:04.223Z"}},{"iob":-0.113,"basaliob":-0.547,"bolussnooze":9.0E-4,"activity":-6.0E-4,"lastBolusTime":1703159836189,"time":"2023-12-21T12:42:04.223Z","iobWithZeroTemp":{"iob":-0.36,"basaliob":-0.794,"bolussnooze":9.0E-4,"activity":-0.0015,"lastBolusTime":1703159836189,"time":"2023-12-21T12:42:04.223Z"}},{"iob":-0.11,"basaliob":-0.507,"bolussnooze":7.0E-4,"activity":-7.0E-4,"lastBolusTime":1703159836189,"time":"2023-12-21T12:47:04.223Z","iobWithZeroTemp":{"iob":-0.418,"basaliob":-0.815,"bolussnooze":7.0E-4,"activity":-0.0021,"lastBolusTime":1703159836189,"time":"2023-12-21T12:47:04.223Z"}},{"iob":-0.106,"basaliob":-0.47,"bolussnooze":5.0E-4,"activity":-8.0E-4,"lastBolusTime":1703159836189,"time":"2023-12-21T12:52:04.223Z","iobWithZeroTemp":{"iob":-0.473,"basaliob":-0.837,"bolussnooze":5.0E-4,"activity":-0.0027,"lastBolusTime":1703159836189,"time":"2023-12-21T12:52:04.223Z"}},{"iob":-0.101,"basaliob":-0.434,"bolussnooze":3.0E-4,"activity":-9.0E-4,"lastBolusTime":1703159836189,"time":"2023-12-21T12:57:04.223Z","iobWithZeroTemp":{"iob":-0.524,"basaliob":-0.857,"bolussnooze":3.0E-4,"activity":-0.0033,"lastBolusTime":1703159836189,"time":"2023-12-21T12:57:04.223Z"}},{"iob":-0.097,"basaliob":-0.401,"bolussnooze":2.0E-4,"activity":-0.001,"lastBolusTime":1703159836189,"time":"2023-12-21T13:02:04.223Z","iobWithZeroTemp":{"iob":-0.573,"basaliob":-0.877,"bolussnooze":2.0E-4,"activity":-0.0039,"lastBolusTime":1703159836189,"time":"2023-12-21T13:02:04.223Z"}},{"iob":-0.093,"basaliob":-0.37,"bolussnooze":1.0E-4,"activity":-9.0E-4,"lastBolusTime":1703159836189,"time":"2023-12-21T13:07:04.223Z","iobWithZeroTemp":{"iob":-0.612,"basaliob":-0.889,"bolussnooze":1.0E-4,"activity":-0.0044,"lastBolusTime":1703159836189,"time":"2023-12-21T13:07:04.223Z"}},{"iob":-0.087,"basaliob":-0.34,"bolussnooze":1.0E-4,"activity":-0.001,"lastBolusTime":1703159836189,"time":"2023-12-21T13:12:04.223Z","iobWithZeroTemp":{"iob":-0.646,"basaliob":-0.899,"bolussnooze":1.0E-4,"activity":-0.005,"lastBolusTime":1703159836189,"time":"2023-12-21T13:12:04.223Z"}},{"iob":-0.083,"basaliob":-0.313,"bolussnooze":1.0E-4,"activity":-0.001,"lastBolusTime":1703159836189,"time":"2023-12-21T13:17:04.223Z","iobWithZeroTemp":{"iob":-0.679,"basaliob":-0.909,"bolussnooze":1.0E-4,"activity":-0.0055,"lastBolusTime":1703159836189,"time":"2023-12-21T13:17:04.223Z"}},{"iob":-0.078,"basaliob":-0.288,"bolussnooze":0,"activity":-9.0E-4,"lastBolusTime":1703159836189,"time":"2023-12-21T13:22:04.223Z","iobWithZeroTemp":{"iob":-0.709,"basaliob":-0.919,"bolussnooze":0,"activity":-0.0059,"lastBolusTime":1703159836189,"time":"2023-12-21T13:22:04.223Z"}},{"iob":-0.073,"basaliob":-0.264,"bolussnooze":0,"activity":-0.001,"lastBolusTime":1703159836189,"time":"2023-12-21T13:27:04.223Z","iobWithZeroTemp":{"iob":-0.736,"basaliob":-0.927,"bolussnooze":0,"activity":-0.0065,"lastBolusTime":1703159836189,"time":"2023-12-21T13:27:04.223Z"}},{"iob":-0.069,"basaliob":-0.242,"bolussnooze":0,"activity":-9.0E-4,"lastBolusTime":1703159836189,"time":"2023-12-21T13:32:04.223Z","iobWithZeroTemp":{"iob":-0.755,"basaliob":-0.928,"bolussnooze":0,"activity":-0.0067,"lastBolusTime":1703159836189,"time":"2023-12-21T13:32:04.223Z"}},{"iob":-0.065,"basaliob":-0.222,"bolussnooze":0,"activity":-9.0E-4,"lastBolusTime":1703159836189,"time":"2023-12-21T13:37:04.223Z","iobWithZeroTemp":{"iob":-0.78,"basaliob":-0.937,"bolussnooze":0,"activity":-0.0072,"lastBolusTime":1703159836189,"time":"2023-12-21T13:37:04.223Z"}},{"iob":-0.06,"basaliob":-0.203,"bolussnooze":0,"activity":-8.0E-4,"lastBolusTime":1703159836189,"time":"2023-12-21T13:42:04.223Z","iobWithZeroTemp":{"iob":-0.801,"basaliob":-0.944,"bolussnooze":0,"activity":-0.0075,"lastBolusTime":1703159836189,"time":"2023-12-21T13:42:04.223Z"}},{"iob":-0.055,"basaliob":-0.185,"bolussnooze":0,"activity":-8.0E-4,"lastBolusTime":1703159836189,"time":"2023-12-21T13:47:04.223Z","iobWithZeroTemp":{"iob":-0.82,"basaliob":-0.95,"bolussnooze":0,"activity":-0.0078,"lastBolusTime":1703159836189,"time":"2023-12-21T13:47:04.223Z"}},{"iob":-0.052,"basaliob":-0.169,"bolussnooze":0,"activity":-8.0E-4,"lastBolusTime":1703159836189,"time":"2023-12-21T13:52:04.223Z","iobWithZeroTemp":{"iob":-0.839,"basaliob":-0.956,"bolussnooze":0,"activity":-0.0082,"lastBolusTime":1703159836189,"time":"2023-12-21T13:52:04.223Z"}},{"iob":-0.049,"basaliob":-0.155,"bolussnooze":0,"activity":-7.0E-4,"lastBolusTime":1703159836189,"time":"2023-12-21T13:57:04.223Z","iobWithZeroTemp":{"iob":-0.857,"basaliob":-0.963,"bolussnooze":0,"activity":-0.0084,"lastBolusTime":1703159836189,"time":"2023-12-21T13:57:04.223Z"}},{"iob":-0.045,"basaliob":-0.141,"bolussnooze":0,"activity":-7.0E-4,"lastBolusTime":1703159836189,"time":"2023-12-21T14:02:04.223Z","iobWithZeroTemp":{"iob":-0.872,"basaliob":-0.968,"bolussnooze":0,"activity":-0.0087,"lastBolusTime":1703159836189,"time":"2023-12-21T14:02:04.223Z"}},{"iob":-0.041,"basaliob":-0.128,"bolussnooze":0,"activity":-6.0E-4,"lastBolusTime":1703159836189,"time":"2023-12-21T14:07:04.223Z","iobWithZeroTemp":{"iob":-0.885,"basaliob":-0.972,"bolussnooze":0,"activity":-0.0089,"lastBolusTime":1703159836189,"time":"2023-12-21T14:07:04.223Z"}},{"iob":-0.038,"basaliob":-0.117,"bolussnooze":0,"activity":-6.0E-4,"lastBolusTime":1703159836189,"time":"2023-12-21T14:12:04.223Z","iobWithZeroTemp":{"iob":-0.898,"basaliob":-0.977,"bolussnooze":0,"activity":-0.0092,"lastBolusTime":1703159836189,"time":"2023-12-21T14:12:04.223Z"}},{"iob":-0.035,"basaliob":-0.106,"bolussnooze":0,"activity":-5.0E-4,"lastBolusTime":1703159836189,"time":"2023-12-21T14:17:04.223Z","iobWithZeroTemp":{"iob":-0.91,"basaliob":-0.981,"bolussnooze":0,"activity":-0.0093,"lastBolusTime":1703159836189,"time":"2023-12-21T14:17:04.223Z"}},{"iob":-0.033,"basaliob":-0.097,"bolussnooze":0,"activity":-6.0E-4,"lastBolusTime":1703159836189,"time":"2023-12-21T14:22:04.223Z","iobWithZeroTemp":{"iob":-0.922,"basaliob":-0.986,"bolussnooze":0,"activity":-0.0097,"lastBolusTime":1703159836189,"time":"2023-12-21T14:22:04.223Z"}},{"iob":-0.03,"basaliob":-0.088,"bolussnooze":0,"activity":-5.0E-4,"lastBolusTime":1703159836189,"time":"2023-12-21T14:27:04.223Z","iobWithZeroTemp":{"iob":-0.931,"basaliob":-0.989,"bolussnooze":0,"activity":-0.0098,"lastBolusTime":1703159836189,"time":"2023-12-21T14:27:04.223Z"}},{"iob":-0.028,"basaliob":-0.08,"bolussnooze":0,"activity":-5.0E-4,"lastBolusTime":1703159836189,"time":"2023-12-21T14:32:04.223Z","iobWithZeroTemp":{"iob":-0.941,"basaliob":-0.993,"bolussnooze":0,"activity":-0.01,"lastBolusTime":1703159836189,"time":"2023-12-21T14:32:04.223Z"}},{"iob":-0.025,"basaliob":-0.072,"bolussnooze":0,"activity":-4.0E-4,"lastBolusTime":1703159836189,"time":"2023-12-21T14:37:04.223Z","iobWithZeroTemp":{"iob":-0.948,"basaliob":-0.995,"bolussnooze":0,"activity":-0.0101,"lastBolusTime":1703159836189,"time":"2023-12-21T14:37:04.223Z"}},{"iob":-0.023,"basaliob":-0.065,"bolussnooze":0,"activity":-4.0E-4,"lastBolusTime":1703159836189,"time":"2023-12-21T14:42:04.223Z","iobWithZeroTemp":{"iob":-0.956,"basaliob":-0.998,"bolussnooze":0,"activity":-0.0103,"lastBolusTime":1703159836189,"time":"2023-12-21T14:42:04.223Z"}},{"iob":-0.021,"basaliob":-0.059,"bolussnooze":0,"activity":-4.0E-4,"lastBolusTime":1703159836189,"time":"2023-12-21T14:47:04.223Z","iobWithZeroTemp":{"iob":-0.962,"basaliob":-1,"bolussnooze":0,"activity":-0.0104,"lastBolusTime":1703159836189,"time":"2023-12-21T14:47:04.223Z"}},{"iob":-0.02,"basaliob":-0.054,"bolussnooze":0,"activity":-4.0E-4,"lastBolusTime":1703159836189,"time":"2023-12-21T14:52:04.223Z","iobWithZeroTemp":{"iob":-0.969,"basaliob":-1.003,"bolussnooze":0,"activity":-0.0106,"lastBolusTime":1703159836189,"time":"2023-12-21T14:52:04.223Z"}},{"iob":-0.018,"basaliob":-0.048,"bolussnooze":0,"activity":-3.0E-4,"lastBolusTime":1703159836189,"time":"2023-12-21T14:57:04.223Z","iobWithZeroTemp":{"iob":-0.974,"basaliob":-1.004,"bolussnooze":0,"activity":-0.0106,"lastBolusTime":1703159836189,"time":"2023-12-21T14:57:04.223Z"}},{"iob":-0.017,"basaliob":-0.044,"bolussnooze":0,"activity":-3.0E-4,"lastBolusTime":1703159836189,"time":"2023-12-21T15:02:04.223Z","iobWithZeroTemp":{"iob":-0.98,"basaliob":-1.007,"bolussnooze":0,"activity":-0.0107,"lastBolusTime":1703159836189,"time":"2023-12-21T15:02:04.223Z"}},{"iob":-0.015,"basaliob":-0.039,"bolussnooze":0,"activity":-3.0E-4,"lastBolusTime":1703159836189,"time":"2023-12-21T15:07:04.223Z","iobWithZeroTemp":{"iob":-0.976,"basaliob":-1,"bolussnooze":0,"activity":-0.0108,"lastBolusTime":1703159836189,"time":"2023-12-21T15:07:04.223Z"}},{"iob":-0.014,"basaliob":-0.036,"bolussnooze":0,"activity":-2.0E-4,"lastBolusTime":1703159836189,"time":"2023-12-21T15:12:04.223Z","iobWithZeroTemp":{"iob":-0.972,"basaliob":-0.994,"bolussnooze":0,"activity":-0.0108,"lastBolusTime":1703159836189,"time":"2023-12-21T15:12:04.223Z"}},{"iob":-0.012,"basaliob":-0.032,"bolussnooze":0,"activity":-3.0E-4,"lastBolusTime":1703159836189,"time":"2023-12-21T15:17:04.223Z","iobWithZeroTemp":{"iob":-0.967,"basaliob":-0.987,"bolussnooze":0,"activity":-0.0109,"lastBolusTime":1703159836189,"time":"2023-12-21T15:17:04.223Z"}},{"iob":-0.011,"basaliob":-0.029,"bolussnooze":0,"activity":-2.0E-4,"lastBolusTime":1703159836189,"time":"2023-12-21T15:22:04.223Z","iobWithZeroTemp":{"iob":-0.963,"basaliob":-0.981,"bolussnooze":0,"activity":-0.0109,"lastBolusTime":1703159836189,"time":"2023-12-21T15:22:04.223Z"}},{"iob":-0.01,"basaliob":-0.026,"bolussnooze":0,"activity":-1.0E-4,"lastBolusTime":1703159836189,"time":"2023-12-21T15:27:04.223Z","iobWithZeroTemp":{"iob":-0.958,"basaliob":-0.974,"bolussnooze":0,"activity":-0.0108,"lastBolusTime":1703159836189,"time":"2023-12-21T15:27:04.223Z"}},{"iob":-0.009,"basaliob":-0.023,"bolussnooze":0,"activity":-2.0E-4,"lastBolusTime":1703159836189,"time":"2023-12-21T15:32:04.223Z","iobWithZeroTemp":{"iob":-0.954,"basaliob":-0.968,"bolussnooze":0,"activity":-0.0109,"lastBolusTime":1703159836189,"time":"2023-12-21T15:32:04.223Z"}},{"iob":-0.009,"basaliob":-0.021,"bolussnooze":0,"activity":-2.0E-4,"lastBolusTime":1703159836189,"time":"2023-12-21T15:37:04.223Z","iobWithZeroTemp":{"iob":-0.95,"basaliob":-0.962,"bolussnooze":0,"activity":-0.0109,"lastBolusTime":1703159836189,"time":"2023-12-21T15:37:04.223Z"}},{"iob":-0.008,"basaliob":-0.019,"bolussnooze":0,"activity":-1.0E-4,"lastBolusTime":1703159836189,"time":"2023-12-21T15:42:04.223Z","iobWithZeroTemp":{"iob":-0.946,"basaliob":-0.957,"bolussnooze":0,"activity":-0.0108,"lastBolusTime":1703159836189,"time":"2023-12-21T15:42:04.223Z"}},{"iob":-0.007,"basaliob":-0.017,"bolussnooze":0,"activity":-2.0E-4,"lastBolusTime":1703159836189,"time":"2023-12-21T15:47:04.223Z","iobWithZeroTemp":{"iob":-0.941,"basaliob":-0.951,"bolussnooze":0,"activity":-0.0109,"lastBolusTime":1703159836189,"time":"2023-12-21T15:47:04.223Z"}},{"iob":-0.006,"basaliob":-0.015,"bolussnooze":0,"activity":-1.0E-4,"lastBolusTime":1703159836189,"time":"2023-12-21T15:52:04.223Z","iobWithZeroTemp":{"iob":-0.937,"basaliob":-0.946,"bolussnooze":0,"activity":-0.0108,"lastBolusTime":1703159836189,"time":"2023-12-21T15:52:04.223Z"}},{"iob":-0.006,"basaliob":-0.014,"bolussnooze":0,"activity":-1.0E-4,"lastBolusTime":1703159836189,"time":"2023-12-21T15:57:04.223Z","iobWithZeroTemp":{"iob":-0.933,"basaliob":-0.941,"bolussnooze":0,"activity":-0.0108,"lastBolusTime":1703159836189,"time":"2023-12-21T15:57:04.223Z"}},{"iob":-0.005,"basaliob":-0.012,"bolussnooze":0,"activity":-1.0E-4,"lastBolusTime":1703159836189,"time":"2023-12-21T16:02:04.223Z","iobWithZeroTemp":{"iob":-0.929,"basaliob":-0.936,"bolussnooze":0,"activity":-0.0107,"lastBolusTime":1703159836189,"time":"2023-12-21T16:02:04.223Z"}},{"iob":-0.005,"basaliob":-0.011,"bolussnooze":0,"activity":-1.0E-4,"lastBolusTime":1703159836189,"time":"2023-12-21T16:07:04.223Z","iobWithZeroTemp":{"iob":-0.926,"basaliob":-0.932,"bolussnooze":0,"activity":-0.0107,"lastBolusTime":1703159836189,"time":"2023-12-21T16:07:04.223Z"}},{"iob":-0.005,"basaliob":-0.01,"bolussnooze":0,"activity":-1.0E-4,"lastBolusTime":1703159836189,"time":"2023-12-21T16:12:04.223Z","iobWithZeroTemp":{"iob":-0.923,"basaliob":-0.928,"bolussnooze":0,"activity":-0.0107,"lastBolusTime":1703159836189,"time":"2023-12-21T16:12:04.223Z"}},{"iob":-0.004,"basaliob":-0.009,"bolussnooze":0,"activity":-1.0E-4,"lastBolusTime":1703159836189,"time":"2023-12-21T16:17:04.223Z","iobWithZeroTemp":{"iob":-0.919,"basaliob":-0.924,"bolussnooze":0,"activity":-0.0107,"lastBolusTime":1703159836189,"time":"2023-12-21T16:17:04.223Z"}}],"profile":{"max_iob":20,"type":"current","max_daily_basal":1.6,"max_basal":3.2,"min_bg":90,"max_bg":90,"target_bg":90,"carb_ratio":8,"sens":108,"max_daily_safety_multiplier":3,"current_basal_safety_multiplier":4,"high_temptarget_raises_sensitivity":false,"low_temptarget_lowers_sensitivity":false,"sensitivity_raises_target":false,"resistance_lowers_target":false,"adv_target_adjustments":false,"exercise_mode":false,"half_basal_exercise_target":160,"maxCOB":120,"skip_neutral_temps":false,"remainingCarbsCap":90,"enableUAM":true,"A52_risk_enable":false,"SMBInterval":3,"enableSMB_with_COB":false,"enableSMB_with_temptarget":false,"allowSMB_with_high_temptarget":true,"enableSMB_always":true,"enableSMB_after_carbs":false,"maxSMBBasalMinutes":120,"maxUAMSMBBasalMinutes":120,"bolus_increment":0.05,"carbsReqThreshold":1,"current_basal":0.8,"temptargetSet":false,"autosens_max":1.8,"out_units":"mmol\/L"},"autosens_data":{"ratio":1},"meal_data":{"carbs":30,"mealCOB":0,"slopeFromMaxDeviation":-1.1046363636363636,"slopeFromMinDeviation":0,"lastBolusTime":1703159836189,"lastCarbTime":1703154952000},"microBolusAllowed":true,"currentTime":1703161325070,"flatBGsDetected":false},"output":{"temp":"absolute","bg":74,"tick":"+0","eventualBG":72,"targetBG":90,"insulinReq":0,"deliverAt":"2023-12-21T12:22:05.070Z","sensitivityRatio":1,"predBGs":{"IOB":[74,70,67,64,61,59,57,56,55,55,55,55,55,56,56,57,57,58,58,59,59,59,60,60,60,61,61,61,61,62,62,62,62,62,62,63,63,63,63,63,63,63,63,63,63,63,63,64],"ZT":[74,74,74,74,75,75,76,78,80,82,84,87,90]},"COB":0,"IOB":-0.116,"reason":"COB: 0, Dev: -0.8, BGI: 0.0, ISF: 6.0, CR: 8, Target: 5.0, minPredBG 3.4, minGuardBG 3.1, IOBpredBG 3.6; minGuardBG 3.1<3.6 56m left and 0 ~ req 0U\/hr: no temp required","timestamp":"2023-12-21T12:22:05.120Z"}}