{"algorithm":"OpenAPSSMBPlugin","input":{"glucoseStatus":{"glucose":139,"noise":0,"delta":-4,"short_avgdelta":-3.22,"long_avgdelta":-0.51,"date":1703134904003},"currenttemp":{"temp":"absolute","duration":85,"rate":0,"minutesrunning":5},"iob_data":[{"iob":5.187,"basaliob":-1.647,"bolussnooze":3.0764,"activity":0.0627,"lastBolusTime":1703134675655,"time":"2023-12-21T05:02:01.094Z","iobWithZeroTemp":{"iob":5.187,"basaliob":-1.647,"bolussnooze":3.0764,"activity":0.0627,"lastBolusTime":1703134675655,"time":"2023-12-21T05:02:01.094Z"}},{"iob":4.876,"basaliob":-1.559,"bolussnooze":2.6922,"activity":0.0617,"lastBolusTime":1703134675655,"time":"2023-12-21T05:07:01.094Z","iobWithZeroTemp":{"iob":4.789,"basaliob":-1.646,"bolussnooze":2.6922,"activity":0.0616,"lastBolusTime":1703134675655,"time":"2023-12-21T05:07:01.094Z"}},{"iob":4.571,"basaliob":-1.471,"bolussnooze":2.3362,"activity":0.06,"lastBolusTime":1703134675655,"time":"2023-12-21T05:12:01.094Z","iobWithZeroTemp":{"iob":4.377,"basaliob":-1.665,"bolussnooze":2.3362,"activity":0.0596,"lastBolusTime":1703134675655,"time":"2023-12-21T05:12:01.094Z"}},{"iob":4.277,"basaliob":-1.383,"bolussnooze":2.0125,"activity":0.0581,"lastBolusTime":1703134675655,"time":"2023-12-21T05:17:01.094Z","iobWithZeroTemp":{"iob":3.978,"basaliob":-1.682,"bolussnooze":2.0125,"activity":0.0572,"lastBolusTime":1703134675655,"time":"2023-12-21T05:17:01.094Z"}},{"iob":3.991,"basaliob":-1.298,"bolussnooze":1.7228,"activity":0.0559,"lastBolusTime":1703134675655,"time":"2023-12-21T05:22:01.094Z","iobWithZeroTemp":{"iob":3.589,"basaliob":-1.7,"bolussnooze":1.7228,"activity":0.0544,"lastBolusTime":1703134675655,"time":"2023-12-21T05:22:01.094Z"}},{"iob":3.717,"basaliob":-1.215,"bolussnooze":1.4665,"activity":0.0535,"lastBolusTime":1703134675655,"time":"2023-12-21T05:27:01.094Z","iobWithZeroTemp":{"iob":3.216,"basaliob":-1.716,"bolussnooze":1.4665,"activity":0.0513,"lastBolusTime":1703134675655,"time":"2023-12-21T05:27:01.094Z"}},{"iob":3.457,"basaliob":-1.134,"bolussnooze":1.2422,"activity":0.051,"lastBolusTime":1703134675655,"time":"2023-12-21T05:32:01.094Z","iobWithZeroTemp":{"iob":2.861,"basaliob":-1.73,"bolussnooze":1.2422,"activity":0.048,"lastBolusTime":1703134675655,"time":"2023-12-21T05:32:01.094Z"}},{"iob":3.208,"basaliob":-1.057,"bolussnooze":1.0473,"activity":0.0484,"lastBolusTime":1703134675655,"time":"2023-12-21T05:37:01.094Z","iobWithZeroTemp":{"iob":2.521,"basaliob":-1.744,"bolussnooze":1.0473,"activity":0.0445,"lastBolusTime":1703134675655,"time":"2023-12-21T05:37:01.094Z"}},{"iob":2.973,"basaliob":-0.983,"bolussnooze":0.8794,"activity":0.0458,"lastBolusTime":1703134675655,"time":"2023-12-21T05:42:01.094Z","iobWithZeroTemp":{"iob":2.199,"basaliob":-1.757,"bolussnooze":0.8794,"activity":0.0411,"lastBolusTime":1703134675655,"time":"2023-12-21T05:42:01.094Z"}},{"iob":2.75,"basaliob":-0.913,"bolussnooze":0.7356,"activity":0.0432,"lastBolusTime":1703134675655,"time":"2023-12-21T05:47:01.094Z","iobWithZeroTemp":{"iob":1.893,"basaliob":-1.77,"bolussnooze":0.7356,"activity":0.0376,"lastBolusTime":1703134675655,"time":"2023-12-21T05:47:01.094Z"}},{"iob":2.541,"basaliob":-0.846,"bolussnooze":0.613,"activity":0.0405,"lastBolusTime":1703134675655,"time":"2023-12-21T05:52:01.094Z","iobWithZeroTemp":{"iob":1.606,"basaliob":-1.781,"bolussnooze":0.613,"activity":0.034,"lastBolusTime":1703134675655,"time":"2023-12-21T05:52:01.094Z"}},{"iob":2.345,"basaliob":-0.783,"bolussnooze":0.5092,"activity":0.0381,"lastBolusTime":1703134675655,"time":"2023-12-21T05:57:01.094Z","iobWithZeroTemp":{"iob":1.337,"basaliob":-1.791,"bolussnooze":0.5092,"activity":0.0307,"lastBolusTime":1703134675655,"time":"2023-12-21T05:57:01.094Z"}},{"iob":2.16,"basaliob":-0.724,"bolussnooze":0.4216,"activity":0.0356,"lastBolusTime":1703134675655,"time":"2023-12-21T06:02:01.094Z","iobWithZeroTemp":{"iob":1.083,"basaliob":-1.801,"bolussnooze":0.4216,"activity":0.0273,"lastBolusTime":1703134675655,"time":"2023-12-21T06:02:01.094Z"}},{"iob":1.988,"basaliob":-0.668,"bolussnooze":0.348,"activity":0.0332,"lastBolusTime":1703134675655,"time":"2023-12-21T06:07:01.094Z","iobWithZeroTemp":{"iob":0.85,"basaliob":-1.806,"bolussnooze":0.348,"activity":0.024,"lastBolusTime":1703134675655,"time":"2023-12-21T06:07:01.094Z"}},{"iob":1.828,"basaliob":-0.616,"bolussnooze":0.2863,"activity":0.031,"lastBolusTime":1703134675655,"time":"2023-12-21T06:12:01.094Z","iobWithZeroTemp":{"iob":0.634,"basaliob":-1.81,"bolussnooze":0.2863,"activity":0.021,"lastBolusTime":1703134675655,"time":"2023-12-21T06:12:01.094Z"}},{"iob":1.678,"basaliob":-0.567,"bolussnooze":0.2349,"activity":0.0288,"lastBolusTime":1703134675655,"time":"2023-12-21T06:17:01.094Z","iobWithZeroTemp":{"iob":0.431,"basaliob":-1.814,"bolussnooze":0.2349,"activity":0.0181,"lastBolusTime":1703134675655,"time":"2023-12-21T06:17:01.094Z"}},{"iob":1.54,"basaliob":-0.521,"bolussnooze":0.1922,"activity":0.0267,"lastBolusTime":1703134675655,"time":"2023-12-21T06:22:01.094Z","iobWithZeroTemp":{"iob":0.244,"basaliob":-1.817,"bolussnooze":0.1922,"activity":0.0152,"lastBolusTime":1703134675655,"time":"2023-12-21T06:22:01.094Z"}},{"iob":1.411,"basaliob":-0.479,"bolussnooze":0.1568,"activity":0.0248,"lastBolusTime":1703134675655,"time":"2023-12-21T06:27:01.094Z","iobWithZeroTemp":{"iob":0.07,"basaliob":-1.82,"bolussnooze":0.1568,"activity":0.0126,"lastBolusTime":1703134675655,"time":"2023-12-21T06:27:01.094Z"}},{"iob":1.292,"basaliob":-0.439,"bolussnooze":0.1275,"activity":0.0229,"lastBolusTime":1703134675655,"time":"2023-12-21T06:32:01.094Z","iobWithZeroTemp":{"iob":-0.09,"basaliob":-1.821,"bolussnooze":0.1275,"activity":0.0101,"lastBolusTime":1703134675655,"time":"2023-12-21T06:32:01.094Z"}},{"iob":1.182,"basaliob":-0.402,"bolussnooze":0.1034,"activity":0.0211,"lastBolusTime":1703134675655,"time":"2023-12-21T06:37:01.094Z","iobWithZeroTemp":{"iob":-0.239,"basaliob":-1.823,"bolussnooze":0.1034,"activity":0.0077,"lastBolusTime":1703134675655,"time":"2023-12-21T06:37:01.094Z"}},{"iob":1.08,"basaliob":-0.368,"bolussnooze":0.0836,"activity":0.0196,"lastBolusTime":1703134675655,"time":"2023-12-21T06:42:01.094Z","iobWithZeroTemp":{"iob":-0.377,"basaliob":-1.825,"bolussnooze":0.0836,"activity":0.0056,"lastBolusTime":1703134675655,"time":"2023-12-21T06:42:01.094Z"}},{"iob":0.986,"basaliob":-0.337,"bolussnooze":0.0674,"activity":0.0181,"lastBolusTime":1703134675655,"time":"2023-12-21T06:47:01.094Z","iobWithZeroTemp":{"iob":-0.503,"basaliob":-1.826,"bolussnooze":0.0674,"activity":0.0035,"lastBolusTime":1703134675655,"time":"2023-12-21T06:47:01.094Z"}},{"iob":0.9,"basaliob":-0.308,"bolussnooze":0.0542,"activity":0.0166,"lastBolusTime":1703134675655,"time":"2023-12-21T06:52:01.094Z","iobWithZeroTemp":{"iob":-0.617,"basaliob":-1.825,"bolussnooze":0.0542,"activity":0.0016,"lastBolusTime":1703134675655,"time":"2023-12-21T06:52:01.094Z"}},{"iob":0.82,"basaliob":-0.281,"bolussnooze":0.0434,"activity":0.0153,"lastBolusTime":1703134675655,"time":"2023-12-21T06:57:01.094Z","iobWithZeroTemp":{"iob":-0.725,"basaliob":-1.826,"bolussnooze":0.0434,"activity":-2.0E-4,"lastBolusTime":1703134675655,"time":"2023-12-21T06:57:01.094Z"}},{"iob":0.746,"basaliob":-0.257,"bolussnooze":0.0347,"activity":0.014,"lastBolusTime":1703134675655,"time":"2023-12-21T07:02:01.094Z","iobWithZeroTemp":{"iob":-0.825,"basaliob":-1.828,"bolussnooze":0.0347,"activity":-0.0019,"lastBolusTime":1703134675655,"time":"2023-12-21T07:02:01.094Z"}},{"iob":0.679,"basaliob":-0.234,"bolussnooze":0.0276,"activity":0.0128,"lastBolusTime":1703134675655,"time":"2023-12-21T07:07:01.094Z","iobWithZeroTemp":{"iob":-0.911,"basaliob":-1.824,"bolussnooze":0.0276,"activity":-0.0035,"lastBolusTime":1703134675655,"time":"2023-12-21T07:07:01.094Z"}},{"iob":0.618,"basaliob":-0.213,"bolussnooze":0.0219,"activity":0.0118,"lastBolusTime":1703134675655,"time":"2023-12-21T07:12:01.094Z","iobWithZeroTemp":{"iob":-0.989,"basaliob":-1.82,"bolussnooze":0.0219,"activity":-0.0049,"lastBolusTime":1703134675655,"time":"2023-12-21T07:12:01.094Z"}},{"iob":0.561,"basaliob":-0.194,"bolussnooze":0.0173,"activity":0.0108,"lastBolusTime":1703134675655,"time":"2023-12-21T07:17:01.094Z","iobWithZeroTemp":{"iob":-1.062,"basaliob":-1.817,"bolussnooze":0.0173,"activity":-0.0062,"lastBolusTime":1703134675655,"time":"2023-12-21T07:17:01.094Z"}},{"iob":0.51,"basaliob":-0.176,"bolussnooze":0.0136,"activity":0.0098,"lastBolusTime":1703134675655,"time":"2023-12-21T07:22:01.094Z","iobWithZeroTemp":{"iob":-1.127,"basaliob":-1.813,"bolussnooze":0.0136,"activity":-0.0075,"lastBolusTime":1703134675655,"time":"2023-12-21T07:22:01.094Z"}},{"iob":0.463,"basaliob":-0.16,"bolussnooze":0.0106,"activity":0.009,"lastBolusTime":1703134675655,"time":"2023-12-21T07:27:01.094Z","iobWithZeroTemp":{"iob":-1.187,"basaliob":-1.81,"bolussnooze":0.0106,"activity":-0.0086,"lastBolusTime":1703134675655,"time":"2023-12-21T07:27:01.094Z"}},{"iob":0.42,"basaliob":-0.145,"bolussnooze":0.0083,"activity":0.0083,"lastBolusTime":1703134675655,"time":"2023-12-21T07:32:01.094Z","iobWithZeroTemp":{"iob":-1.242,"basaliob":-1.807,"bolussnooze":0.0083,"activity":-0.0095,"lastBolusTime":1703134675655,"time":"2023-12-21T07:32:01.094Z"}},{"iob":0.38,"basaliob":-0.132,"bolussnooze":0.0064,"activity":0.0075,"lastBolusTime":1703134675655,"time":"2023-12-21T07:37:01.094Z","iobWithZeroTemp":{"iob":-1.292,"basaliob":-1.804,"bolussnooze":0.0064,"activity":-0.0106,"lastBolusTime":1703134675655,"time":"2023-12-21T07:37:01.094Z"}},{"iob":0.344,"basaliob":-0.12,"bolussnooze":0.0049,"activity":0.0068,"lastBolusTime":1703134675655,"time":"2023-12-21T07:42:01.094Z","iobWithZeroTemp":{"iob":-1.337,"basaliob":-1.801,"bolussnooze":0.0049,"activity":-0.0115,"lastBolusTime":1703134675655,"time":"2023-12-21T07:42:01.094Z"}},{"iob":0.312,"basaliob":-0.108,"bolussnooze":0.0038,"activity":0.0063,"lastBolusTime":1703134675655,"time":"2023-12-21T07:47:01.094Z","iobWithZeroTemp":{"iob":-1.378,"basaliob":-1.798,"bolussnooze":0.0038,"activity":-0.0121,"lastBolusTime":1703134675655,"time":"2023-12-21T07:47:01.094Z"}},{"iob":0.282,"basaliob":-0.098,"bolussnooze":0.0029,"activity":0.0057,"lastBolusTime":1703134675655,"time":"2023-12-21T07:52:01.094Z","iobWithZeroTemp":{"iob":-1.415,"basaliob":-1.795,"bolussnooze":0.0029,"activity":-0.0129,"lastBolusTime":1703134675655,"time":"2023-12-21T07:52:01.094Z"}},{"iob":0.254,"basaliob":-0.089,"bolussnooze":0.0022,"activity":0.0052,"lastBolusTime":1703134675655,"time":"2023-12-21T07:57:01.094Z","iobWithZeroTemp":{"iob":-1.45,"basaliob":-1.793,"bolussnooze":0.0022,"activity":-0.0135,"lastBolusTime":1703134675655,"time":"2023-12-21T07:57:01.094Z"}},{"iob":0.23,"basaliob":-0.08,"bolussnooze":0.0016,"activity":0.0047,"lastBolusTime":1703134675655,"time":"2023-12-21T08:02:01.094Z","iobWithZeroTemp":{"iob":-1.48,"basaliob":-1.79,"bolussnooze":0.0016,"activity":-0.0142,"lastBolusTime":1703134675655,"time":"2023-12-21T08:02:01.094Z"}},{"iob":0.207,"basaliob":-0.073,"bolussnooze":0.0012,"activity":0.0043,"lastBolusTime":1703134675655,"time":"2023-12-21T08:07:01.094Z","iobWithZeroTemp":{"iob":-1.5,"basaliob":-1.78,"bolussnooze":0.0012,"activity":-0.0147,"lastBolusTime":1703134675655,"time":"2023-12-21T08:07:01.094Z"}},{"iob":0.187,"basaliob":-0.065,"bolussnooze":9.0E-4,"activity":0.0039,"lastBolusTime":1703134675655,"time":"2023-12-21T08:12:01.094Z","iobWithZeroTemp":{"iob":-1.517,"basaliob":-1.769,"bolussnooze":9.0E-4,"activity":-0.0152,"lastBolusTime":1703134675655,"time":"2023-12-21T08:12:01.094Z"}},{"iob":0.168,"basaliob":-0.059,"bolussnooze":6.0E-4,"activity":0.0035,"lastBolusTime":1703134675655,"time":"2023-12-21T08:17:01.094Z","iobWithZeroTemp":{"iob":-1.532,"basaliob":-1.759,"bolussnooze":6.0E-4,"activity":-0.0156,"lastBolusTime":1703134675655,"time":"2023-12-21T08:17:01.094Z"}},{"iob":0.152,"basaliob":-0.053,"bolussnooze":5.0E-4,"activity":0.0032,"lastBolusTime":1703134675655,"time":"2023-12-21T08:22:01.094Z","iobWithZeroTemp":{"iob":-1.544,"basaliob":-1.749,"bolussnooze":5.0E-4,"activity":-0.016,"lastBolusTime":1703134675655,"time":"2023-12-21T08:22:01.094Z"}},{"iob":0.136,"basaliob":-0.048,"bolussnooze":3.0E-4,"activity":0.0029,"lastBolusTime":1703134675655,"time":"2023-12-21T08:27:01.094Z","iobWithZeroTemp":{"iob":-1.556,"basaliob":-1.74,"bolussnooze":3.0E-4,"activity":-0.0163,"lastBolusTime":1703134675655,"time":"2023-12-21T08:27:01.094Z"}},{"iob":0.123,"basaliob":-0.043,"bolussnooze":2.0E-4,"activity":0.0026,"lastBolusTime":1703134675655,"time":"2023-12-21T08:32:01.094Z","iobWithZeroTemp":{"iob":-1.565,"basaliob":-1.731,"bolussnooze":2.0E-4,"activity":-0.0166,"lastBolusTime":1703134675655,"time":"2023-12-21T08:32:01.094Z"}},{"iob":0.11,"basaliob":-0.039,"bolussnooze":1.0E-4,"activity":0.0024,"lastBolusTime":1703134675655,"time":"2023-12-21T08:37:01.094Z","iobWithZeroTemp":{"iob":-1.574,"basaliob":-1.723,"bolussnooze":1.0E-4,"activity":-0.0168,"lastBolusTime":1703134675655,"time":"2023-12-21T08:37:01.094Z"}},{"iob":0.099,"basaliob":-0.035,"bolussnooze":1.0E-4,"activity":0.0022,"lastBolusTime":1703134675655,"time":"2023-12-21T08:42:01.094Z","iobWithZeroTemp":{"iob":-1.579,"basaliob":-1.713,"bolussnooze":1.0E-4,"activity":-0.017,"lastBolusTime":1703134675655,"time":"2023-12-21T08:42:01.094Z"}},{"iob":0.089,"basaliob":-0.031,"bolussnooze":1.0E-4,"activity":0.0019,"lastBolusTime":1703134675655,"time":"2023-12-21T08:47:01.094Z","iobWithZeroTemp":{"iob":-1.585,"basaliob":-1.705,"bolussnooze":1.0E-4,"activity":-0.0172,"lastBolusTime":1703134675655,"time":"2023-12-21T08:47:01.094Z"}},{"iob":0.079,"basaliob":-0.028,"bolussnooze":0,"activity":0.0018,"lastBolusTime":1703134675655,"time":"2023-12-21T08:52:01.094Z","iobWithZeroTemp":{"iob":-1.591,"basaliob":-1.698,"bolussnooze":0,"activity":-0.0173,"lastBolusTime":1703134675655,"time":"2023-12-21T08:52:01.094Z"}},{"iob":0.071,"basaliob":-0.025,"bolussnooze":0,"activity":0.0015,"lastBolusTime":1703134675655,"time":"2023-12-21T08:57:01.094Z","iobWithZeroTemp":{"iob":-1.595,"basaliob":-1.691,"bolussnooze":0,"activity":-0.0176,"lastBolusTime":1703134675655,"time":"2023-12-21T08:57:01.094Z"}}],"profile":{"max_iob":20,"type":"current","max_daily_basal":1.6,"max_basal":4.8,"min_bg":81,"max_bg":81,"target_bg":81,"carb_ratio":5.5,"sens":72,"max_daily_safety_multiplier":3,"current_basal_safety_multiplier":4,"high_temptarget_raises_sensitivity":false,"low_temptarget_lowers_sensitivity":false,"sensitivity_raises_target":false,"resistance_lowers_target":false,"adv_target_adjustments":false,"exercise_mode":false,"half_basal_exercise_target":160,"maxCOB":120,"skip_neutral_temps":false,"remainingCarbsCap":90,"enableUAM":true,"A52_risk_enable":false,"SMBInterval":3,"enableSMB_with_COB":false,"enableSMB_with_temptarget":false,"allowSMB_with_high_temptarget":true,"enableSMB_always":true,"enableSMB_after_carbs":false,"maxSMBBasalMinutes":120,"maxUAMSMBBasalMinutes":120,"bolus_increment":0.05,"carbsReqThreshold":1,"current_basal":1.3,"temptargetSet":true,"autosens_max":1.8,"out_units":"mmol\/L"},"autosens_data":{"ratio":1},"meal_data":{"carbs":20,"mealCOB":0,"slopeFromMaxDeviation":-1.0423333333333342,"slopeFromMinDeviation":0.5240909090909089,"lastBolusTime":1703134675655,"lastCarbTime":1703127724000},"microBolusAllowed":true,"currentTime":1703134923494,"flatBGsDetected":false},"output":{"temp":"absolute","bg":139,"tick":-4,"eventualBG":39,"targetBG":81,"insulinReq":0,"deliverAt":"2023-12-21T05:02:03.494Z","sensitivityRatio":1,"predBGs":{"IOB":[139,133,127,119,111,101,91,81,70,58,45,39,39],"ZT":[139,116,94,73,52,39,39,39,39,39,39,39,39,39,39,39,39,39,39,39,39,39,39,39,39,39,39,39,39,39,39,39,39,39,39,39,39,39,39,39,39,39,39,39,39,39,39,39],"UAM":[139,134,128,122,116,109,102,95,88,81,73,66,58,51,43,39]},"COB":0,"IOB":5.187,"reason":"COB: 0, Dev: 6.2, BGI: -1.3, ISF: 4.0, CR: 5.5, Target: 4.5, minPredBG -6.2, minGuardBG -4.7, IOBpredBG 2.2, UAMpredBG 2.2; 17 add'l carbs req w\/in 45m; minGuardBG -4.7<3.4","carbsReq":17,"carbsReqWithin":45,"duration":120,"rate":0,"timestamp":"2023-12-21T05:02:03.529Z"}}