{"algorithm":"OpenAPSSMBPlugin","input":{"glucoseStatus":{"glucose":63,"noise":0,"delta":3,"short_avgdelta":4.06,"long_avgdelta":2.78,"date":1703146004558},"currenttemp":{"temp":"absolute","duration":0,"rate":0},"iob_data":[{"iob":-1.133,"basaliob":-1.534,"bolussnooze":0.0046,"activity":-0.0113,"lastBolusTime":1703136515248,"time":"2023-12-21T08:07:05.305Z","iobWithZeroTemp":{"iob":-1.133,"basaliob":-1.534,"bolussnooze":0.0046,"activity":-0.0113,"lastBolusTime":1703136515248,"time":"2023-12-21T08:07:05.305Z"}},{"iob":-1.077,"basaliob":-1.439,"bolussnooze":0.0036,"activity":-0.0115,"lastBolusTime":1703136515248,"time":"2023-12-21T08:12:05.305Z","iobWithZeroTemp":{"iob":-1.15,"basaliob":-1.512,"bolussnooze":0.0036,"activity":-0.0116,"lastBolusTime":1703136515248,"time":"2023-12-21T08:12:05.305Z"}},{"iob":-1.018,"basaliob":-1.346,"bolussnooze":0.0027,"activity":-0.0116,"lastBolusTime":1703136515248,"time":"2023-12-21T08:17:05.305Z","iobWithZeroTemp":{"iob":-1.182,"basaliob":-1.51,"bolussnooze":0.0027,"activity":-0.0119,"lastBolusTime":1703136515248,"time":"2023-12-21T08:17:05.305Z"}},{"iob":-0.96,"basaliob":-1.256,"bolussnooze":0.0021,"activity":-0.0115,"lastBolusTime":1703136515248,"time":"2023-12-21T08:22:05.305Z","iobWithZeroTemp":{"iob":-1.213,"basaliob":-1.509,"bolussnooze":0.0021,"activity":-0.0122,"lastBolusTime":1703136515248,"time":"2023-12-21T08:22:05.305Z"}},{"iob":-0.904,"basaliob":-1.171,"bolussnooze":0.0016,"activity":-0.0113,"lastBolusTime":1703136515248,"time":"2023-12-21T08:27:05.305Z","iobWithZeroTemp":{"iob":-1.244,"basaliob":-1.511,"bolussnooze":0.0016,"activity":-0.0126,"lastBolusTime":1703136515248,"time":"2023-12-21T08:27:05.305Z"}},{"iob":-0.847,"basaliob":-1.088,"bolussnooze":0.0012,"activity":-0.011,"lastBolusTime":1703136515248,"time":"2023-12-21T08:32:05.305Z","iobWithZeroTemp":{"iob":-1.271,"basaliob":-1.512,"bolussnooze":0.0012,"activity":-0.0129,"lastBolusTime":1703136515248,"time":"2023-12-21T08:32:05.305Z"}},{"iob":-0.793,"basaliob":-1.01,"bolussnooze":9.0E-4,"activity":-0.0107,"lastBolusTime":1703136515248,"time":"2023-12-21T08:37:05.305Z","iobWithZeroTemp":{"iob":-1.297,"basaliob":-1.514,"bolussnooze":9.0E-4,"activity":-0.0133,"lastBolusTime":1703136515248,"time":"2023-12-21T08:37:05.305Z"}},{"iob":-0.741,"basaliob":-0.936,"bolussnooze":7.0E-4,"activity":-0.0103,"lastBolusTime":1703136515248,"time":"2023-12-21T08:42:05.305Z","iobWithZeroTemp":{"iob":-1.323,"basaliob":-1.518,"bolussnooze":7.0E-4,"activity":-0.0136,"lastBolusTime":1703136515248,"time":"2023-12-21T08:42:05.305Z"}},{"iob":-0.69,"basaliob":-0.866,"bolussnooze":5.0E-4,"activity":-0.0099,"lastBolusTime":1703136515248,"time":"2023-12-21T08:47:05.305Z","iobWithZeroTemp":{"iob":-1.345,"basaliob":-1.521,"bolussnooze":5.0E-4,"activity":-0.0139,"lastBolusTime":1703136515248,"time":"2023-12-21T08:47:05.305Z"}},{"iob":-0.642,"basaliob":-0.8,"bolussnooze":3.0E-4,"activity":-0.0094,"lastBolusTime":1703136515248,"time":"2023-12-21T08:52:05.305Z","iobWithZeroTemp":{"iob":-1.367,"basaliob":-1.525,"bolussnooze":3.0E-4,"activity":-0.0142,"lastBolusTime":1703136515248,"time":"2023-12-21T08:52:05.305Z"}},{"iob":-0.597,"basaliob":-0.739,"bolussnooze":2.0E-4,"activity":-0.0089,"lastBolusTime":1703136515248,"time":"2023-12-21T08:57:05.305Z","iobWithZeroTemp":{"iob":-1.388,"basaliob":-1.53,"bolussnooze":2.0E-4,"activity":-0.0144,"lastBolusTime":1703136515248,"time":"2023-12-21T08:57:05.305Z"}},{"iob":-0.553,"basaliob":-0.681,"bolussnooze":2.0E-4,"activity":-0.0084,"lastBolusTime":1703136515248,"time":"2023-12-21T09:02:05.305Z","iobWithZeroTemp":{"iob":-1.406,"basaliob":-1.534,"bolussnooze":2.0E-4,"activity":-0.0147,"lastBolusTime":1703136515248,"time":"2023-12-21T09:02:05.305Z"}},{"iob":-0.511,"basaliob":-0.626,"bolussnooze":1.0E-4,"activity":-0.008,"lastBolusTime":1703136515248,"time":"2023-12-21T09:07:05.305Z","iobWithZeroTemp":{"iob":-1.414,"basaliob":-1.529,"bolussnooze":1.0E-4,"activity":-0.015,"lastBolusTime":1703136515248,"time":"2023-12-21T09:07:05.305Z"}},{"iob":-0.473,"basaliob":-0.576,"bolussnooze":1.0E-4,"activity":-0.0075,"lastBolusTime":1703136515248,"time":"2023-12-21T09:12:05.305Z","iobWithZeroTemp":{"iob":-1.423,"basaliob":-1.526,"bolussnooze":1.0E-4,"activity":-0.0152,"lastBolusTime":1703136515248,"time":"2023-12-21T09:12:05.305Z"}},{"iob":-0.437,"basaliob":-0.529,"bolussnooze":1.0E-4,"activity":-0.0071,"lastBolusTime":1703136515248,"time":"2023-12-21T09:17:05.305Z","iobWithZeroTemp":{"iob":-1.43,"basaliob":-1.522,"bolussnooze":1.0E-4,"activity":-0.0155,"lastBolusTime":1703136515248,"time":"2023-12-21T09:17:05.305Z"}},{"iob":-0.403,"basaliob":-0.485,"bolussnooze":0,"activity":-0.0066,"lastBolusTime":1703136515248,"time":"2023-12-21T09:22:05.305Z","iobWithZeroTemp":{"iob":-1.436,"basaliob":-1.518,"bolussnooze":0,"activity":-0.0156,"lastBolusTime":1703136515248,"time":"2023-12-21T09:22:05.305Z"}},{"iob":-0.37,"basaliob":-0.444,"bolussnooze":0,"activity":-0.0061,"lastBolusTime":1703136515248,"time":"2023-12-21T09:27:05.305Z","iobWithZeroTemp":{"iob":-1.44,"basaliob":-1.514,"bolussnooze":0,"activity":-0.0157,"lastBolusTime":1703136515248,"time":"2023-12-21T09:27:05.305Z"}},{"iob":-0.341,"basaliob":-0.407,"bolussnooze":0,"activity":-0.0057,"lastBolusTime":1703136515248,"time":"2023-12-21T09:32:05.305Z","iobWithZeroTemp":{"iob":-1.445,"basaliob":-1.511,"bolussnooze":0,"activity":-0.0158,"lastBolusTime":1703136515248,"time":"2023-12-21T09:32:05.305Z"}},{"iob":-0.313,"basaliob":-0.372,"bolussnooze":0,"activity":-0.0054,"lastBolusTime":1703136515248,"time":"2023-12-21T09:37:05.305Z","iobWithZeroTemp":{"iob":-1.442,"basaliob":-1.501,"bolussnooze":0,"activity":-0.016,"lastBolusTime":1703136515248,"time":"2023-12-21T09:37:05.305Z"}},{"iob":-0.288,"basaliob":-0.34,"bolussnooze":0,"activity":-0.005,"lastBolusTime":1703136515248,"time":"2023-12-21T09:42:05.305Z","iobWithZeroTemp":{"iob":-1.447,"basaliob":-1.499,"bolussnooze":0,"activity":-0.0161,"lastBolusTime":1703136515248,"time":"2023-12-21T09:42:05.305Z"}},{"iob":-0.263,"basaliob":-0.31,"bolussnooze":0,"activity":-0.0046,"lastBolusTime":1703136515248,"time":"2023-12-21T09:47:05.305Z","iobWithZeroTemp":{"iob":-1.449,"basaliob":-1.496,"bolussnooze":0,"activity":-0.0161,"lastBolusTime":1703136515248,"time":"2023-12-21T09:47:05.305Z"}},{"iob":-0.241,"basaliob":-0.283,"bolussnooze":0,"activity":-0.0042,"lastBolusTime":1703136515248,"time":"2023-12-21T09:52:05.305Z","iobWithZeroTemp":{"iob":-1.451,"basaliob":-1.493,"bolussnooze":0,"activity":-0.0161,"lastBolusTime":1703136515248,"time":"2023-12-21T09:52:05.305Z"}},{"iob":-0.221,"basaliob":-0.258,"bolussnooze":0,"activity":-0.0039,"lastBolusTime":1703136515248,"time":"2023-12-21T09:57:05.305Z","iobWithZeroTemp":{"iob":-1.454,"basaliob":-1.491,"bolussnooze":0,"activity":-0.0162,"lastBolusTime":1703136515248,"time":"2023-12-21T09:57:05.305Z"}},{"iob":-0.202,"basaliob":-0.235,"bolussnooze":0,"activity":-0.0036,"lastBolusTime":1703136515248,"time":"2023-12-21T10:02:05.305Z","iobWithZeroTemp":{"iob":-1.456,"basaliob":-1.489,"bolussnooze":0,"activity":-0.0163,"lastBolusTime":1703136515248,"time":"2023-12-21T10:02:05.305Z"}},{"iob":-0.185,"basaliob":-0.214,"bolussnooze":0,"activity":-0.0034,"lastBolusTime":1703136515248,"time":"2023-12-21T10:07:05.305Z","iobWithZeroTemp":{"iob":-1.45,"basaliob":-1.479,"bolussnooze":0,"activity":-0.0164,"lastBolusTime":1703136515248,"time":"2023-12-21T10:07:05.305Z"}},{"iob":-0.168,"basaliob":-0.194,"bolussnooze":0,"activity":-0.0031,"lastBolusTime":1703136515248,"time":"2023-12-21T10:12:05.305Z","iobWithZeroTemp":{"iob":-1.442,"basaliob":-1.468,"bolussnooze":0,"activity":-0.0164,"lastBolusTime":1703136515248,"time":"2023-12-21T10:12:05.305Z"}},{"iob":-0.154,"basaliob":-0.177,"bolussnooze":0,"activity":-0.0028,"lastBolusTime":1703136515248,"time":"2023-12-21T10:17:05.305Z","iobWithZeroTemp":{"iob":-1.437,"basaliob":-1.46,"bolussnooze":0,"activity":-0.0163,"lastBolusTime":1703136515248,"time":"2023-12-21T10:17:05.305Z"}},{"iob":-0.14,"basaliob":-0.16,"bolussnooze":0,"activity":-0.0026,"lastBolusTime":1703136515248,"time":"2023-12-21T10:22:05.305Z","iobWithZeroTemp":{"iob":-1.429,"basaliob":-1.449,"bolussnooze":0,"activity":-0.0163,"lastBolusTime":1703136515248,"time":"2023-12-21T10:22:05.305Z"}},{"iob":-0.128,"basaliob":-0.146,"bolussnooze":0,"activity":-0.0024,"lastBolusTime":1703136515248,"time":"2023-12-21T10:27:05.305Z","iobWithZeroTemp":{"iob":-1.423,"basaliob":-1.441,"bolussnooze":0,"activity":-0.0163,"lastBolusTime":1703136515248,"time":"2023-12-21T10:27:05.305Z"}},{"iob":-0.116,"basaliob":-0.132,"bolussnooze":0,"activity":-0.0022,"lastBolusTime":1703136515248,"time":"2023-12-21T10:32:05.305Z","iobWithZeroTemp":{"iob":-1.416,"basaliob":-1.432,"bolussnooze":0,"activity":-0.0163,"lastBolusTime":1703136515248,"time":"2023-12-21T10:32:05.305Z"}},{"iob":-0.105,"basaliob":-0.119,"bolussnooze":0,"activity":-0.002,"lastBolusTime":1703136515248,"time":"2023-12-21T10:37:05.305Z","iobWithZeroTemp":{"iob":-1.41,"basaliob":-1.424,"bolussnooze":0,"activity":-0.0162,"lastBolusTime":1703136515248,"time":"2023-12-21T10:37:05.305Z"}},{"iob":-0.096,"basaliob":-0.108,"bolussnooze":0,"activity":-0.0019,"lastBolusTime":1703136515248,"time":"2023-12-21T10:42:05.305Z","iobWithZeroTemp":{"iob":-1.404,"basaliob":-1.416,"bolussnooze":0,"activity":-0.0163,"lastBolusTime":1703136515248,"time":"2023-12-21T10:42:05.305Z"}},{"iob":-0.087,"basaliob":-0.098,"bolussnooze":0,"activity":-0.0017,"lastBolusTime":1703136515248,"time":"2023-12-21T10:47:05.305Z","iobWithZeroTemp":{"iob":-1.398,"basaliob":-1.409,"bolussnooze":0,"activity":-0.0162,"lastBolusTime":1703136515248,"time":"2023-12-21T10:47:05.305Z"}},{"iob":-0.079,"basaliob":-0.088,"bolussnooze":0,"activity":-0.0016,"lastBolusTime":1703136515248,"time":"2023-12-21T10:52:05.305Z","iobWithZeroTemp":{"iob":-1.393,"basaliob":-1.402,"bolussnooze":0,"activity":-0.0162,"lastBolusTime":1703136515248,"time":"2023-12-21T10:52:05.305Z"}},{"iob":-0.072,"basaliob":-0.08,"bolussnooze":0,"activity":-0.0014,"lastBolusTime":1703136515248,"time":"2023-12-21T10:57:05.305Z","iobWithZeroTemp":{"iob":-1.388,"basaliob":-1.396,"bolussnooze":0,"activity":-0.016,"lastBolusTime":1703136515248,"time":"2023-12-21T10:57:05.305Z"}},{"iob":-0.065,"basaliob":-0.072,"bolussnooze":0,"activity":-0.0013,"lastBolusTime":1703136515248,"time":"2023-12-21T11:02:05.305Z","iobWithZeroTemp":{"iob":-1.383,"basaliob":-1.39,"bolussnooze":0,"activity":-0.016,"lastBolusTime":1703136515248,"time":"2023-12-21T11:02:05.305Z"}},{"iob":-0.059,"basaliob":-0.065,"bolussnooze":0,"activity":-0.0011,"lastBolusTime":1703136515248,"time":"2023-12-21T11:07:05.305Z","iobWithZeroTemp":{"iob":-1.37,"basaliob":-1.376,"bolussnooze":0,"activity":-0.0158,"lastBolusTime":1703136515248,"time":"2023-12-21T11:07:05.305Z"}},{"iob":-0.054,"basaliob":-0.059,"bolussnooze":0,"activity":-0.001,"lastBolusTime":1703136515248,"time":"2023-12-21T11:12:05.305Z","iobWithZeroTemp":{"iob":-1.358,"basaliob":-1.363,"bolussnooze":0,"activity":-0.0158,"lastBolusTime":1703136515248,"time":"2023-12-21T11:12:05.305Z"}},{"iob":-0.048,"basaliob":-0.053,"bolussnooze":0,"activity":-0.001,"lastBolusTime":1703136515248,"time":"2023-12-21T11:17:05.305Z","iobWithZeroTemp":{"iob":-1.344,"basaliob":-1.349,"bolussnooze":0,"activity":-0.0158,"lastBolusTime":1703136515248,"time":"2023-12-21T11:17:05.305Z"}},{"iob":-0.044,"basaliob":-0.048,"bolussnooze":0,"activity":-9.0E-4,"lastBolusTime":1703136515248,"time":"2023-12-21T11:22:05.305Z","iobWithZeroTemp":{"iob":-1.33,"basaliob":-1.334,"bolussnooze":0,"activity":-0.0156,"lastBolusTime":1703136515248,"time":"2023-12-21T11:22:05.305Z"}},{"iob":-0.039,"basaliob":-0.043,"bolussnooze":0,"activity":-8.0E-4,"lastBolusTime":1703136515248,"time":"2023-12-21T11:27:05.305Z","iobWithZeroTemp":{"iob":-1.318,"basaliob":-1.322,"bolussnooze":0,"activity":-0.0155,"lastBolusTime":1703136515248,"time":"2023-12-21T11:27:05.305Z"}},{"iob":-0.035,"basaliob":-0.038,"bolussnooze":0,"activity":-7.0E-4,"lastBolusTime":1703136515248,"time":"2023-12-21T11:32:05.305Z","iobWithZeroTemp":{"iob":-1.307,"basaliob":-1.31,"bolussnooze":0,"activity":-0.0153,"lastBolusTime":1703136515248,"time":"2023-12-21T11:32:05.305Z"}},{"iob":-0.031,"basaliob":-0.034,"bolussnooze":0,"activity":-6.0E-4,"lastBolusTime":1703136515248,"time":"2023-12-21T11:37:05.305Z","iobWithZeroTemp":{"iob":-1.297,"basaliob":-1.3,"bolussnooze":0,"activity":-0.0152,"lastBolusTime":1703136515248,"time":"2023-12-21T11:37:05.305Z"}},{"iob":-0.029,"basaliob":-0.031,"bolussnooze":0,"activity":-6.0E-4,"lastBolusTime":1703136515248,"time":"2023-12-21T11:42:05.305Z","iobWithZeroTemp":{"iob":-1.289,"basaliob":-1.291,"bolussnooze":0,"activity":-0.0152,"lastBolusTime":1703136515248,"time":"2023-12-21T11:42:05.305Z"}},{"iob":-0.026,"basaliob":-0.028,"bolussnooze":0,"activity":-5.0E-4,"lastBolusTime":1703136515248,"time":"2023-12-21T11:47:05.305Z","iobWithZeroTemp":{"iob":-1.28,"basaliob":-1.282,"bolussnooze":0,"activity":-0.015,"lastBolusTime":1703136515248,"time":"2023-12-21T11:47:05.305Z"}},{"iob":-0.023,"basaliob":-0.025,"bolussnooze":0,"activity":-4.0E-4,"lastBolusTime":1703136515248,"time":"2023-12-21T11:52:05.305Z","iobWithZeroTemp":{"iob":-1.271,"basaliob":-1.273,"bolussnooze":0,"activity":-0.0149,"lastBolusTime":1703136515248,"time":"2023-12-21T11:52:05.305Z"}},{"iob":-0.021,"basaliob":-0.022,"bolussnooze":0,"activity":-5.0E-4,"lastBolusTime":1703136515248,"time":"2023-12-21T11:57:05.305Z","iobWithZeroTemp":{"iob":-1.264,"basaliob":-1.265,"bolussnooze":0,"activity":-0.0149,"lastBolusTime":1703136515248,"time":"2023-12-21T11:57:05.305Z"}},{"iob":-0.019,"basaliob":-0.02,"bolussnooze":0,"activity":-4.0E-4,"lastBolusTime":1703136515248,"time":"2023-12-21T12:02:05.305Z","iobWithZeroTemp":{"iob":-1.257,"basaliob":-1.258,"bolussnooze":0,"activity":-0.0147,"lastBolusTime":1703136515248,"time":"2023-12-21T12:02:05.305Z"}}],"profile":{"max_iob":20,"type":"current","max_daily_basal":1.6,"max_basal":4.4,"min_bg":111.6,"max_bg":111.6,"target_bg":111.6,"carb_ratio":5.5,"sens":72,"max_daily_safety_multiplier":3,"current_basal_safety_multiplier":4,"high_temptarget_raises_sensitivity":false,"low_temptarget_lowers_sensitivity":false,"sensitivity_raises_target":false,"resistance_lowers_target":false,"adv_target_adjustments":false,"exercise_mode":false,"half_basal_exercise_target":160,"maxCOB":120,"skip_neutral_temps":false,"remainingCarbsCap":90,"enableUAM":true,"A52_risk_enable":false,"SMBInterval":3,"enableSMB_with_COB":false,"enableSMB_with_temptarget":false,"allowSMB_with_high_temptarget":true,"enableSMB_always":true,"enableSMB_after_carbs":false,"maxSMBBasalMinutes":120,"maxUAMSMBBasalMinutes":120,"bolus_increment":0.05,"carbsReqThreshold":1,"current_basal":1.1,"temptargetSet":true,"autosens_max":1.8,"out_units":"mmol\/L"},"autosens_data":{"ratio":1},"meal_data":{"carbs":20,"mealCOB":0,"slopeFromMaxDeviation":-0.846,"slopeFromMinDeviation":1.3048000000000002,"lastBolusTime":1703136515248,"lastCarbTime":1703127724000},"microBolusAllowed":true,"currentTime":1703146025857,"flatBGsDetected":false},"output":{"temp":"absolute","bg":63,"tick":"+3","eventualBG":137,"targetBG":111.6,"insulinReq":0,"deliverAt":"2023-12-21T08:07:05.857Z","sensitivityRatio":1,"predBGs":{"IOB":[63,66,69,73,76,79,83,86,90,93,96,99,102,105,108,110,113,115,117,119,121,122,124,125,127,128,129,130,131,132,133,133,134,135,135,136,136,137,137,137,138,138,138,138,139],"ZT":[63,67,71,76,80,84,89,94,99,104,109]},"COB":0,"IOB":-1.133,"reason":"COB: 0, Dev: -0.4, BGI: 0.2, ISF: 4.0, CR: 5.5, Target: 6.2, minPredBG 4.7, minGuardBG 3.7, IOBpredBG 7.7; minGuardBG 3.7<4.2","duration":30,"rate":0,"timestamp":"2023-12-21T08:07:05.909Z"}}