{"algorithm":"OpenAPSSMBPlugin","input":{"glucoseStatus":{"glucose":100,"noise":0,"delta":1,"short_avgdelta":0.83,"long_avgdelta":1.39,"date":1703100402499},"currenttemp":{"temp":"absolute","duration":26,"rate":0.35,"minutesrunning":4},"iob_data":[{"iob":0.158,"basaliob":-0.088,"bolussnooze":0,"activity":8.0E-4,"lastBolusTime":1703099833455,"time":"2023-12-20T19:27:08.160Z","iobWithZeroTemp":{"iob":0.158,"basaliob":-0.088,"bolussnooze":0,"activity":8.0E-4,"lastBolusTime":1703099833455,"time":"2023-12-20T19:27:08.160Z"}},{"iob":0.153,"basaliob":-0.08,"bolussnooze":0,"activity":9.0E-4,"lastBolusTime":1703099833455,"time":"2023-12-20T19:32:08.160Z","iobWithZeroTemp":{"iob":0.113,"basaliob":-0.12,"bolussnooze":0,"activity":9.0E-4,"lastBolusTime":1703099833455,"time":"2023-12-20T19:32:08.160Z"}},{"iob":0.149,"basaliob":-0.072,"bolussnooze":0,"activity":0.0012,"lastBolusTime":1703099833455,"time":"2023-12-20T19:37:08.160Z","iobWithZeroTemp":{"iob":0.06,"basaliob":-0.161,"bolussnooze":0,"activity":0.001,"lastBolusTime":1703099833455,"time":"2023-12-20T19:37:08.160Z"}},{"iob":0.143,"basaliob":-0.065,"bolussnooze":0,"activity":0.0012,"lastBolusTime":1703099833455,"time":"2023-12-20T19:42:08.160Z","iobWithZeroTemp":{"iob":0.005,"basaliob":-0.203,"bolussnooze":0,"activity":8.0E-4,"lastBolusTime":1703099833455,"time":"2023-12-20T19:42:08.160Z"}},{"iob":0.136,"basaliob":-0.059,"bolussnooze":0,"activity":0.0013,"lastBolusTime":1703099833455,"time":"2023-12-20T19:47:08.160Z","iobWithZeroTemp":{"iob":-0.049,"basaliob":-0.244,"bolussnooze":0,"activity":6.0E-4,"lastBolusTime":1703099833455,"time":"2023-12-20T19:47:08.160Z"}},{"iob":0.129,"basaliob":-0.054,"bolussnooze":0,"activity":0.0013,"lastBolusTime":1703099833455,"time":"2023-12-20T19:52:08.160Z","iobWithZeroTemp":{"iob":-0.102,"basaliob":-0.285,"bolussnooze":0,"activity":3.0E-4,"lastBolusTime":1703099833455,"time":"2023-12-20T19:52:08.160Z"}},{"iob":0.122,"basaliob":-0.049,"bolussnooze":0,"activity":0.0013,"lastBolusTime":1703099833455,"time":"2023-12-20T19:57:08.160Z","iobWithZeroTemp":{"iob":-0.153,"basaliob":-0.324,"bolussnooze":0,"activity":-1.0E-4,"lastBolusTime":1703099833455,"time":"2023-12-20T19:57:08.160Z"}},{"iob":0.116,"basaliob":-0.044,"bolussnooze":0,"activity":0.0013,"lastBolusTime":1703099833455,"time":"2023-12-20T20:02:08.160Z","iobWithZeroTemp":{"iob":-0.201,"basaliob":-0.361,"bolussnooze":0,"activity":-5.0E-4,"lastBolusTime":1703099833455,"time":"2023-12-20T20:02:08.160Z"}},{"iob":0.109,"basaliob":-0.04,"bolussnooze":0,"activity":0.0013,"lastBolusTime":1703099833455,"time":"2023-12-20T20:07:08.160Z","iobWithZeroTemp":{"iob":-0.261,"basaliob":-0.41,"bolussnooze":0,"activity":-9.0E-4,"lastBolusTime":1703099833455,"time":"2023-12-20T20:07:08.160Z"}},{"iob":0.102,"basaliob":-0.036,"bolussnooze":0,"activity":0.0013,"lastBolusTime":1703099833455,"time":"2023-12-20T20:12:08.160Z","iobWithZeroTemp":{"iob":-0.318,"basaliob":-0.456,"bolussnooze":0,"activity":-0.0014,"lastBolusTime":1703099833455,"time":"2023-12-20T20:12:08.160Z"}},{"iob":0.096,"basaliob":-0.032,"bolussnooze":0,"activity":0.0012,"lastBolusTime":1703099833455,"time":"2023-12-20T20:17:08.160Z","iobWithZeroTemp":{"iob":-0.372,"basaliob":-0.5,"bolussnooze":0,"activity":-0.0019,"lastBolusTime":1703099833455,"time":"2023-12-20T20:17:08.160Z"}},{"iob":0.09,"basaliob":-0.029,"bolussnooze":0,"activity":0.0012,"lastBolusTime":1703099833455,"time":"2023-12-20T20:22:08.160Z","iobWithZeroTemp":{"iob":-0.434,"basaliob":-0.553,"bolussnooze":0,"activity":-0.0025,"lastBolusTime":1703099833455,"time":"2023-12-20T20:22:08.160Z"}},{"iob":0.084,"basaliob":-0.026,"bolussnooze":0,"activity":0.0012,"lastBolusTime":1703099833455,"time":"2023-12-20T20:27:08.160Z","iobWithZeroTemp":{"iob":-0.483,"basaliob":-0.593,"bolussnooze":0,"activity":-0.003,"lastBolusTime":1703099833455,"time":"2023-12-20T20:27:08.160Z"}},{"iob":0.078,"basaliob":-0.024,"bolussnooze":0,"activity":0.0011,"lastBolusTime":1703099833455,"time":"2023-12-20T20:32:08.160Z","iobWithZeroTemp":{"iob":-0.529,"basaliob":-0.631,"bolussnooze":0,"activity":-0.0036,"lastBolusTime":1703099833455,"time":"2023-12-20T20:32:08.160Z"}},{"iob":0.073,"basaliob":-0.021,"bolussnooze":0,"activity":0.0011,"lastBolusTime":1703099833455,"time":"2023-12-20T20:37:08.160Z","iobWithZeroTemp":{"iob":-0.572,"basaliob":-0.666,"bolussnooze":0,"activity":-0.0041,"lastBolusTime":1703099833455,"time":"2023-12-20T20:37:08.160Z"}},{"iob":0.067,"basaliob":-0.019,"bolussnooze":0,"activity":0.001,"lastBolusTime":1703099833455,"time":"2023-12-20T20:42:08.160Z","iobWithZeroTemp":{"iob":-0.614,"basaliob":-0.7,"bolussnooze":0,"activity":-0.0046,"lastBolusTime":1703099833455,"time":"2023-12-20T20:42:08.160Z"}},{"iob":0.062,"basaliob":-0.017,"bolussnooze":0,"activity":9.0E-4,"lastBolusTime":1703099833455,"time":"2023-12-20T20:47:08.160Z","iobWithZeroTemp":{"iob":-0.652,"basaliob":-0.731,"bolussnooze":0,"activity":-0.0052,"lastBolusTime":1703099833455,"time":"2023-12-20T20:47:08.160Z"}},{"iob":0.058,"basaliob":-0.015,"bolussnooze":0,"activity":9.0E-4,"lastBolusTime":1703099833455,"time":"2023-12-20T20:52:08.160Z","iobWithZeroTemp":{"iob":-0.687,"basaliob":-0.76,"bolussnooze":0,"activity":-0.0056,"lastBolusTime":1703099833455,"time":"2023-12-20T20:52:08.160Z"}},{"iob":0.053,"basaliob":-0.014,"bolussnooze":0,"activity":9.0E-4,"lastBolusTime":1703099833455,"time":"2023-12-20T20:57:08.160Z","iobWithZeroTemp":{"iob":-0.721,"basaliob":-0.788,"bolussnooze":0,"activity":-0.006,"lastBolusTime":1703099833455,"time":"2023-12-20T20:57:08.160Z"}},{"iob":0.049,"basaliob":-0.012,"bolussnooze":0,"activity":8.0E-4,"lastBolusTime":1703099833455,"time":"2023-12-20T21:02:08.160Z","iobWithZeroTemp":{"iob":-0.751,"basaliob":-0.812,"bolussnooze":0,"activity":-0.0065,"lastBolusTime":1703099833455,"time":"2023-12-20T21:02:08.160Z"}},{"iob":0.045,"basaliob":-0.011,"bolussnooze":0,"activity":8.0E-4,"lastBolusTime":1703099833455,"time":"2023-12-20T21:07:08.160Z","iobWithZeroTemp":{"iob":-0.826,"basaliob":-0.882,"bolussnooze":0,"activity":-0.007,"lastBolusTime":1703099833455,"time":"2023-12-20T21:07:08.160Z"}},{"iob":0.042,"basaliob":-0.01,"bolussnooze":0,"activity":7.0E-4,"lastBolusTime":1703099833455,"time":"2023-12-20T21:12:08.160Z","iobWithZeroTemp":{"iob":-0.897,"basaliob":-0.949,"bolussnooze":0,"activity":-0.0076,"lastBolusTime":1703099833455,"time":"2023-12-20T21:12:08.160Z"}},{"iob":0.038,"basaliob":-0.009,"bolussnooze":0,"activity":6.0E-4,"lastBolusTime":1703099833455,"time":"2023-12-20T21:17:08.160Z","iobWithZeroTemp":{"iob":-0.966,"basaliob":-1.013,"bolussnooze":0,"activity":-0.0082,"lastBolusTime":1703099833455,"time":"2023-12-20T21:17:08.160Z"}},{"iob":0.035,"basaliob":-0.008,"bolussnooze":0,"activity":6.0E-4,"lastBolusTime":1703099833455,"time":"2023-12-20T21:22:08.160Z","iobWithZeroTemp":{"iob":-1.032,"basaliob":-1.075,"bolussnooze":0,"activity":-0.0088,"lastBolusTime":1703099833455,"time":"2023-12-20T21:22:08.160Z"}},{"iob":0.032,"basaliob":-0.007,"bolussnooze":0,"activity":5.0E-4,"lastBolusTime":1703099833455,"time":"2023-12-20T21:27:08.160Z","iobWithZeroTemp":{"iob":-1.094,"basaliob":-1.133,"bolussnooze":0,"activity":-0.0095,"lastBolusTime":1703099833455,"time":"2023-12-20T21:27:08.160Z"}},{"iob":0.03,"basaliob":-0.006,"bolussnooze":0,"activity":6.0E-4,"lastBolusTime":1703099833455,"time":"2023-12-20T21:32:08.160Z","iobWithZeroTemp":{"iob":-1.153,"basaliob":-1.189,"bolussnooze":0,"activity":-0.01,"lastBolusTime":1703099833455,"time":"2023-12-20T21:32:08.160Z"}},{"iob":0.027,"basaliob":-0.006,"bolussnooze":0,"activity":5.0E-4,"lastBolusTime":1703099833455,"time":"2023-12-20T21:37:08.160Z","iobWithZeroTemp":{"iob":-1.209,"basaliob":-1.242,"bolussnooze":0,"activity":-0.0107,"lastBolusTime":1703099833455,"time":"2023-12-20T21:37:08.160Z"}},{"iob":0.025,"basaliob":-0.005,"bolussnooze":0,"activity":5.0E-4,"lastBolusTime":1703099833455,"time":"2023-12-20T21:42:08.160Z","iobWithZeroTemp":{"iob":-1.262,"basaliob":-1.292,"bolussnooze":0,"activity":-0.0113,"lastBolusTime":1703099833455,"time":"2023-12-20T21:42:08.160Z"}},{"iob":0.023,"basaliob":-0.004,"bolussnooze":0,"activity":4.0E-4,"lastBolusTime":1703099833455,"time":"2023-12-20T21:47:08.160Z","iobWithZeroTemp":{"iob":-1.311,"basaliob":-1.338,"bolussnooze":0,"activity":-0.012,"lastBolusTime":1703099833455,"time":"2023-12-20T21:47:08.160Z"}},{"iob":0.021,"basaliob":-0.004,"bolussnooze":0,"activity":4.0E-4,"lastBolusTime":1703099833455,"time":"2023-12-20T21:52:08.160Z","iobWithZeroTemp":{"iob":-1.388,"basaliob":-1.413,"bolussnooze":0,"activity":-0.013,"lastBolusTime":1703099833455,"time":"2023-12-20T21:52:08.160Z"}},{"iob":0.018,"basaliob":-0.004,"bolussnooze":0,"activity":3.0E-4,"lastBolusTime":1703099833455,"time":"2023-12-20T21:57:08.160Z","iobWithZeroTemp":{"iob":-1.431,"basaliob":-1.453,"bolussnooze":0,"activity":-0.0137,"lastBolusTime":1703099833455,"time":"2023-12-20T21:57:08.160Z"}},{"iob":0.017,"basaliob":-0.003,"bolussnooze":0,"activity":3.0E-4,"lastBolusTime":1703099833455,"time":"2023-12-20T22:02:08.160Z","iobWithZeroTemp":{"iob":-1.469,"basaliob":-1.489,"bolussnooze":0,"activity":-0.0142,"lastBolusTime":1703099833455,"time":"2023-12-20T22:02:08.160Z"}},{"iob":0.015,"basaliob":-0.003,"bolussnooze":0,"activity":3.0E-4,"lastBolusTime":1703099833455,"time":"2023-12-20T22:07:08.160Z","iobWithZeroTemp":{"iob":-1.522,"basaliob":-1.54,"bolussnooze":0,"activity":-0.0147,"lastBolusTime":1703099833455,"time":"2023-12-20T22:07:08.160Z"}},{"iob":0.015,"basaliob":-0.002,"bolussnooze":0,"activity":2.0E-4,"lastBolusTime":1703099833455,"time":"2023-12-20T22:12:08.160Z","iobWithZeroTemp":{"iob":-1.571,"basaliob":-1.588,"bolussnooze":0,"activity":-0.0154,"lastBolusTime":1703099833455,"time":"2023-12-20T22:12:08.160Z"}},{"iob":0.013,"basaliob":-0.002,"bolussnooze":0,"activity":2.0E-4,"lastBolusTime":1703099833455,"time":"2023-12-20T22:17:08.160Z","iobWithZeroTemp":{"iob":-1.618,"basaliob":-1.633,"bolussnooze":0,"activity":-0.0159,"lastBolusTime":1703099833455,"time":"2023-12-20T22:17:08.160Z"}},{"iob":0.012,"basaliob":-0.002,"bolussnooze":0,"activity":3.0E-4,"lastBolusTime":1703099833455,"time":"2023-12-20T22:22:08.160Z","iobWithZeroTemp":{"iob":-1.663,"basaliob":-1.677,"bolussnooze":0,"activity":-0.0163,"lastBolusTime":1703099833455,"time":"2023-12-20T22:22:08.160Z"}},{"iob":0.01,"basaliob":-0.002,"bolussnooze":0,"activity":2.0E-4,"lastBolusTime":1703099833455,"time":"2023-12-20T22:27:08.160Z","iobWithZeroTemp":{"iob":-1.705,"basaliob":-1.717,"bolussnooze":0,"activity":-0.017,"lastBolusTime":1703099833455,"time":"2023-12-20T22:27:08.160Z"}},{"iob":0.01,"basaliob":-0.001,"bolussnooze":0,"activity":2.0E-4,"lastBolusTime":1703099833455,"time":"2023-12-20T22:32:08.160Z","iobWithZeroTemp":{"iob":-1.743,"basaliob":-1.754,"bolussnooze":0,"activity":-0.0175,"lastBolusTime":1703099833455,"time":"2023-12-20T22:32:08.160Z"}},{"iob":0.009,"basaliob":-0.001,"bolussnooze":0,"activity":2.0E-4,"lastBolusTime":1703099833455,"time":"2023-12-20T22:37:08.160Z","iobWithZeroTemp":{"iob":-1.779,"basaliob":-1.789,"bolussnooze":0,"activity":-0.0179,"lastBolusTime":1703099833455,"time":"2023-12-20T22:37:08.160Z"}},{"iob":0.008,"basaliob":-0.001,"bolussnooze":0,"activity":2.0E-4,"lastBolusTime":1703099833455,"time":"2023-12-20T22:42:08.160Z","iobWithZeroTemp":{"iob":-1.813,"basaliob":-1.822,"bolussnooze":0,"activity":-0.0184,"lastBolusTime":1703099833455,"time":"2023-12-20T22:42:08.160Z"}},{"iob":0.007,"basaliob":-0.001,"bolussnooze":0,"activity":2.0E-4,"lastBolusTime":1703099833455,"time":"2023-12-20T22:47:08.160Z","iobWithZeroTemp":{"iob":-1.845,"basaliob":-1.853,"bolussnooze":0,"activity":-0.0189,"lastBolusTime":1703099833455,"time":"2023-12-20T22:47:08.160Z"}},{"iob":0.006,"basaliob":-0.001,"bolussnooze":0,"activity":2.0E-4,"lastBolusTime":1703099833455,"time":"2023-12-20T22:52:08.160Z","iobWithZeroTemp":{"iob":-1.875,"basaliob":-1.882,"bolussnooze":0,"activity":-0.0193,"lastBolusTime":1703099833455,"time":"2023-12-20T22:52:08.160Z"}},{"iob":0.006,"basaliob":-0.001,"bolussnooze":0,"activity":1.0E-4,"lastBolusTime":1703099833455,"time":"2023-12-20T22:57:08.160Z","iobWithZeroTemp":{"iob":-1.901,"basaliob":-1.908,"bolussnooze":0,"activity":-0.0198,"lastBolusTime":1703099833455,"time":"2023-12-20T22:57:08.160Z"}},{"iob":0.005,"basaliob":-0.001,"bolussnooze":0,"activity":1.0E-4,"lastBolusTime":1703099833455,"time":"2023-12-20T23:02:08.160Z","iobWithZeroTemp":{"iob":-1.927,"basaliob":-1.933,"bolussnooze":0,"activity":-0.0202,"lastBolusTime":1703099833455,"time":"2023-12-20T23:02:08.160Z"}},{"iob":0.004,"basaliob":-0.001,"bolussnooze":0,"activity":1.0E-4,"lastBolusTime":1703099833455,"time":"2023-12-20T23:07:08.160Z","iobWithZeroTemp":{"iob":-1.959,"basaliob":-1.964,"bolussnooze":0,"activity":-0.0205,"lastBolusTime":1703099833455,"time":"2023-12-20T23:07:08.160Z"}},{"iob":0.004,"basaliob":-0.001,"bolussnooze":0,"activity":1.0E-4,"lastBolusTime":1703099833455,"time":"2023-12-20T23:12:08.160Z","iobWithZeroTemp":{"iob":-1.988,"basaliob":-1.993,"bolussnooze":0,"activity":-0.0209,"lastBolusTime":1703099833455,"time":"2023-12-20T23:12:08.160Z"}},{"iob":0.004,"basaliob":0,"bolussnooze":0,"activity":1.0E-4,"lastBolusTime":1703099833455,"time":"2023-12-20T23:17:08.160Z","iobWithZeroTemp":{"iob":-2.016,"basaliob":-2.02,"bolussnooze":0,"activity":-0.0213,"lastBolusTime":1703099833455,"time":"2023-12-20T23:17:08.160Z"}},{"iob":0.004,"basaliob":0,"bolussnooze":0,"activity":1.0E-4,"lastBolusTime":1703099833455,"time":"2023-12-20T23:22:08.160Z","iobWithZeroTemp":{"iob":-2.049,"basaliob":-2.053,"bolussnooze":0,"activity":-0.0217,"lastBolusTime":1703099833455,"time":"2023-12-20T23:22:08.160Z"}}],"profile":{"max_iob":20,"type":"current","max_daily_basal":1.6,"max_basal":2.4,"min_bg":90,"max_bg":90,"target_bg":90,"carb_ratio":4.5,"sens":90,"max_daily_safety_multiplier":3,"current_basal_safety_multiplier":4,"high_temptarget_raises_sensitivity":false,"low_temptarget_lowers_sensitivity":false,"sensitivity_raises_target":false,"resistance_lowers_target":false,"adv_target_adjustments":false,"exercise_mode":false,"half_basal_exercise_target":160,"maxCOB":120,"skip_neutral_temps":false,"remainingCarbsCap":90,"enableUAM":true,"A52_risk_enable":false,"SMBInterval":3,"enableSMB_with_COB":false,"enableSMB_with_temptarget":false,"allowSMB_with_high_temptarget":true,"enableSMB_always":true,"enableSMB_after_carbs":false,"maxSMBBasalMinutes":120,"maxUAMSMBBasalMinutes":120,"bolus_increment":0.05,"carbsReqThreshold":1,"current_basal":0.6,"temptargetSet":false,"autosens_max":1.8,"out_units":"mmol\/L"},"autosens_data":{"ratio":1},"meal_data":{"carbs":0,"mealCOB":0,"slopeFromMaxDeviation":-0.187,"slopeFromMinDeviation":0.28163636363636363,"lastBolusTime":1703099833455,"lastCarbTime":0},"microBolusAllowed":true,"currentTime":1703100431078,"flatBGsDetected":false},"output":{"temp":"absolute","bg":100,"tick":"+1","eventualBG":93,"targetBG":90,"insulinReq":0.03,"deliverAt":"2023-12-20T19:27:11.078Z","sensitivityRatio":1,"predBGs":{"IOB":[100,101,101,102,102,102,102,102,102,102,101,101,100,100,99,99,98,98,97,97,97,96,96,96,95,95,95,95,95,94,94,94,94,94,94,94,93],"ZT":[100,100,99,99,98,98,98,98,98,99,99],"UAM":[100,101,101,101,101,101,100,100,99,98,98,97,97,96,96,95,95,94,94,94,93,93,93,92,92,92,92,91,91,91,91,91,91,90,90,90,90,90,90,90,90,90,90,89]},"COB":0,"IOB":0.158,"reason":"COB: 0, Dev: 0.4, BGI: 0.0, ISF: 5.0, CR: 4.5, Target: 5.0, minPredBG 5.2, minGuardBG 4.9, IOBpredBG 5.2, UAMpredBG 4.9; Eventual BG 5.2 >= 5.0,  insulinReq 0.03. temp 0.35 < 0.66U\/hr. ","duration":30,"rate":0.6599999999999999,"timestamp":"2023-12-20T19:27:11.214Z"}}