{"algorithm":"OpenAPSSMBPlugin","input":{"glucoseStatus":{"glucose":73,"noise":0,"delta":-3,"short_avgdelta":-2.83,"long_avgdelta":-3.13,"date":1703052402518},"currenttemp":{"temp":"absolute","duration":26,"rate":0.05,"minutesrunning":4},"iob_data":[{"iob":-0.26,"basaliob":-1.317,"bolussnooze":0.0011,"activity":0.0011,"lastBolusTime":1703050029109,"time":"2023-12-20T06:07:01.893Z","iobWithZeroTemp":{"iob":-0.26,"basaliob":-1.317,"bolussnooze":0.0011,"activity":0.0011,"lastBolusTime":1703050029109,"time":"2023-12-20T06:07:01.893Z"}},{"iob":-0.264,"basaliob":-1.244,"bolussnooze":9.0E-4,"activity":3.0E-4,"lastBolusTime":1703050029109,"time":"2023-12-20T06:12:01.893Z","iobWithZeroTemp":{"iob":-0.347,"basaliob":-1.327,"bolussnooze":9.0E-4,"activity":2.0E-4,"lastBolusTime":1703050029109,"time":"2023-12-20T06:12:01.893Z"}},{"iob":-0.264,"basaliob":-1.171,"bolussnooze":7.0E-4,"activity":-4.0E-4,"lastBolusTime":1703050029109,"time":"2023-12-20T06:17:01.893Z","iobWithZeroTemp":{"iob":-0.45,"basaliob":-1.357,"bolussnooze":7.0E-4,"activity":-8.0E-4,"lastBolusTime":1703050029109,"time":"2023-12-20T06:17:01.893Z"}},{"iob":-0.26,"basaliob":-1.099,"bolussnooze":5.0E-4,"activity":-9.0E-4,"lastBolusTime":1703050029109,"time":"2023-12-20T06:22:01.893Z","iobWithZeroTemp":{"iob":-0.548,"basaliob":-1.387,"bolussnooze":5.0E-4,"activity":-0.0017,"lastBolusTime":1703050029109,"time":"2023-12-20T06:22:01.893Z"}},{"iob":-0.255,"basaliob":-1.029,"bolussnooze":4.0E-4,"activity":-0.0013,"lastBolusTime":1703050029109,"time":"2023-12-20T06:27:01.893Z","iobWithZeroTemp":{"iob":-0.641,"basaliob":-1.415,"bolussnooze":4.0E-4,"activity":-0.0027,"lastBolusTime":1703050029109,"time":"2023-12-20T06:27:01.893Z"}},{"iob":-0.248,"basaliob":-0.962,"bolussnooze":3.0E-4,"activity":-0.0016,"lastBolusTime":1703050029109,"time":"2023-12-20T06:32:01.893Z","iobWithZeroTemp":{"iob":-0.73,"basaliob":-1.444,"bolussnooze":3.0E-4,"activity":-0.0037,"lastBolusTime":1703050029109,"time":"2023-12-20T06:32:01.893Z"}},{"iob":-0.239,"basaliob":-0.896,"bolussnooze":2.0E-4,"activity":-0.0018,"lastBolusTime":1703050029109,"time":"2023-12-20T06:37:01.893Z","iobWithZeroTemp":{"iob":-0.812,"basaliob":-1.469,"bolussnooze":2.0E-4,"activity":-0.0047,"lastBolusTime":1703050029109,"time":"2023-12-20T06:37:01.893Z"}},{"iob":-0.23,"basaliob":-0.834,"bolussnooze":1.0E-4,"activity":-0.002,"lastBolusTime":1703050029109,"time":"2023-12-20T06:42:01.893Z","iobWithZeroTemp":{"iob":-0.891,"basaliob":-1.495,"bolussnooze":1.0E-4,"activity":-0.0057,"lastBolusTime":1703050029109,"time":"2023-12-20T06:42:01.893Z"}},{"iob":-0.22,"basaliob":-0.775,"bolussnooze":1.0E-4,"activity":-0.0021,"lastBolusTime":1703050029109,"time":"2023-12-20T06:47:01.893Z","iobWithZeroTemp":{"iob":-0.965,"basaliob":-1.52,"bolussnooze":1.0E-4,"activity":-0.0067,"lastBolusTime":1703050029109,"time":"2023-12-20T06:47:01.893Z"}},{"iob":-0.209,"basaliob":-0.718,"bolussnooze":1.0E-4,"activity":-0.0022,"lastBolusTime":1703050029109,"time":"2023-12-20T06:52:01.893Z","iobWithZeroTemp":{"iob":-1.033,"basaliob":-1.542,"bolussnooze":1.0E-4,"activity":-0.0076,"lastBolusTime":1703050029109,"time":"2023-12-20T06:52:01.893Z"}},{"iob":-0.198,"basaliob":-0.665,"bolussnooze":0,"activity":-0.0022,"lastBolusTime":1703050029109,"time":"2023-12-20T06:57:01.893Z","iobWithZeroTemp":{"iob":-1.097,"basaliob":-1.564,"bolussnooze":0,"activity":-0.0085,"lastBolusTime":1703050029109,"time":"2023-12-20T06:57:01.893Z"}},{"iob":-0.188,"basaliob":-0.615,"bolussnooze":0,"activity":-0.0022,"lastBolusTime":1703050029109,"time":"2023-12-20T07:02:01.893Z","iobWithZeroTemp":{"iob":-1.157,"basaliob":-1.584,"bolussnooze":0,"activity":-0.0093,"lastBolusTime":1703050029109,"time":"2023-12-20T07:02:01.893Z"}},{"iob":-0.177,"basaliob":-0.568,"bolussnooze":0,"activity":-0.0022,"lastBolusTime":1703050029109,"time":"2023-12-20T07:07:01.893Z","iobWithZeroTemp":{"iob":-1.209,"basaliob":-1.6,"bolussnooze":0,"activity":-0.0102,"lastBolusTime":1703050029109,"time":"2023-12-20T07:07:01.893Z"}},{"iob":-0.166,"basaliob":-0.523,"bolussnooze":0,"activity":-0.0021,"lastBolusTime":1703050029109,"time":"2023-12-20T07:12:01.893Z","iobWithZeroTemp":{"iob":-1.256,"basaliob":-1.613,"bolussnooze":0,"activity":-0.0109,"lastBolusTime":1703050029109,"time":"2023-12-20T07:12:01.893Z"}},{"iob":-0.156,"basaliob":-0.482,"bolussnooze":0,"activity":-0.002,"lastBolusTime":1703050029109,"time":"2023-12-20T07:17:01.893Z","iobWithZeroTemp":{"iob":-1.3,"basaliob":-1.626,"bolussnooze":0,"activity":-0.0116,"lastBolusTime":1703050029109,"time":"2023-12-20T07:17:01.893Z"}},{"iob":-0.145,"basaliob":-0.443,"bolussnooze":0,"activity":-0.002,"lastBolusTime":1703050029109,"time":"2023-12-20T07:22:01.893Z","iobWithZeroTemp":{"iob":-1.339,"basaliob":-1.637,"bolussnooze":0,"activity":-0.0123,"lastBolusTime":1703050029109,"time":"2023-12-20T07:22:01.893Z"}},{"iob":-0.136,"basaliob":-0.407,"bolussnooze":0,"activity":-0.002,"lastBolusTime":1703050029109,"time":"2023-12-20T07:27:01.893Z","iobWithZeroTemp":{"iob":-1.377,"basaliob":-1.648,"bolussnooze":0,"activity":-0.013,"lastBolusTime":1703050029109,"time":"2023-12-20T07:27:01.893Z"}},{"iob":-0.126,"basaliob":-0.373,"bolussnooze":0,"activity":-0.0019,"lastBolusTime":1703050029109,"time":"2023-12-20T07:32:01.893Z","iobWithZeroTemp":{"iob":-1.411,"basaliob":-1.658,"bolussnooze":0,"activity":-0.0136,"lastBolusTime":1703050029109,"time":"2023-12-20T07:32:01.893Z"}},{"iob":-0.117,"basaliob":-0.342,"bolussnooze":0,"activity":-0.0017,"lastBolusTime":1703050029109,"time":"2023-12-20T07:37:01.893Z","iobWithZeroTemp":{"iob":-1.442,"basaliob":-1.667,"bolussnooze":0,"activity":-0.014,"lastBolusTime":1703050029109,"time":"2023-12-20T07:37:01.893Z"}},{"iob":-0.109,"basaliob":-0.314,"bolussnooze":0,"activity":-0.0016,"lastBolusTime":1703050029109,"time":"2023-12-20T07:42:01.893Z","iobWithZeroTemp":{"iob":-1.471,"basaliob":-1.676,"bolussnooze":0,"activity":-0.0145,"lastBolusTime":1703050029109,"time":"2023-12-20T07:42:01.893Z"}},{"iob":-0.101,"basaliob":-0.287,"bolussnooze":0,"activity":-0.0015,"lastBolusTime":1703050029109,"time":"2023-12-20T07:47:01.893Z","iobWithZeroTemp":{"iob":-1.494,"basaliob":-1.68,"bolussnooze":0,"activity":-0.0149,"lastBolusTime":1703050029109,"time":"2023-12-20T07:47:01.893Z"}},{"iob":-0.093,"basaliob":-0.262,"bolussnooze":0,"activity":-0.0014,"lastBolusTime":1703050029109,"time":"2023-12-20T07:52:01.893Z","iobWithZeroTemp":{"iob":-1.518,"basaliob":-1.687,"bolussnooze":0,"activity":-0.0153,"lastBolusTime":1703050029109,"time":"2023-12-20T07:52:01.893Z"}},{"iob":-0.086,"basaliob":-0.239,"bolussnooze":0,"activity":-0.0014,"lastBolusTime":1703050029109,"time":"2023-12-20T07:57:01.893Z","iobWithZeroTemp":{"iob":-1.54,"basaliob":-1.693,"bolussnooze":0,"activity":-0.0158,"lastBolusTime":1703050029109,"time":"2023-12-20T07:57:01.893Z"}},{"iob":-0.079,"basaliob":-0.218,"bolussnooze":0,"activity":-0.0013,"lastBolusTime":1703050029109,"time":"2023-12-20T08:02:01.893Z","iobWithZeroTemp":{"iob":-1.56,"basaliob":-1.699,"bolussnooze":0,"activity":-0.0162,"lastBolusTime":1703050029109,"time":"2023-12-20T08:02:01.893Z"}},{"iob":-0.073,"basaliob":-0.199,"bolussnooze":0,"activity":-0.0012,"lastBolusTime":1703050029109,"time":"2023-12-20T08:07:01.893Z","iobWithZeroTemp":{"iob":-1.571,"basaliob":-1.697,"bolussnooze":0,"activity":-0.0165,"lastBolusTime":1703050029109,"time":"2023-12-20T08:07:01.893Z"}},{"iob":-0.067,"basaliob":-0.181,"bolussnooze":0,"activity":-0.0011,"lastBolusTime":1703050029109,"time":"2023-12-20T08:12:01.893Z","iobWithZeroTemp":{"iob":-1.579,"basaliob":-1.693,"bolussnooze":0,"activity":-0.0167,"lastBolusTime":1703050029109,"time":"2023-12-20T08:12:01.893Z"}},{"iob":-0.062,"basaliob":-0.165,"bolussnooze":0,"activity":-0.001,"lastBolusTime":1703050029109,"time":"2023-12-20T08:17:01.893Z","iobWithZeroTemp":{"iob":-1.587,"basaliob":-1.69,"bolussnooze":0,"activity":-0.017,"lastBolusTime":1703050029109,"time":"2023-12-20T08:17:01.893Z"}},{"iob":-0.057,"basaliob":-0.15,"bolussnooze":0,"activity":-0.001,"lastBolusTime":1703050029109,"time":"2023-12-20T08:22:01.893Z","iobWithZeroTemp":{"iob":-1.593,"basaliob":-1.686,"bolussnooze":0,"activity":-0.0172,"lastBolusTime":1703050029109,"time":"2023-12-20T08:22:01.893Z"}},{"iob":-0.052,"basaliob":-0.136,"bolussnooze":0,"activity":-9.0E-4,"lastBolusTime":1703050029109,"time":"2023-12-20T08:27:01.893Z","iobWithZeroTemp":{"iob":-1.598,"basaliob":-1.682,"bolussnooze":0,"activity":-0.0174,"lastBolusTime":1703050029109,"time":"2023-12-20T08:27:01.893Z"}},{"iob":-0.048,"basaliob":-0.124,"bolussnooze":0,"activity":-8.0E-4,"lastBolusTime":1703050029109,"time":"2023-12-20T08:32:01.893Z","iobWithZeroTemp":{"iob":-1.603,"basaliob":-1.679,"bolussnooze":0,"activity":-0.0175,"lastBolusTime":1703050029109,"time":"2023-12-20T08:32:01.893Z"}},{"iob":-0.044,"basaliob":-0.112,"bolussnooze":0,"activity":-8.0E-4,"lastBolusTime":1703050029109,"time":"2023-12-20T08:37:01.893Z","iobWithZeroTemp":{"iob":-1.607,"basaliob":-1.675,"bolussnooze":0,"activity":-0.0177,"lastBolusTime":1703050029109,"time":"2023-12-20T08:37:01.893Z"}},{"iob":-0.04,"basaliob":-0.102,"bolussnooze":0,"activity":-7.0E-4,"lastBolusTime":1703050029109,"time":"2023-12-20T08:42:01.893Z","iobWithZeroTemp":{"iob":-1.609,"basaliob":-1.671,"bolussnooze":0,"activity":-0.0178,"lastBolusTime":1703050029109,"time":"2023-12-20T08:42:01.893Z"}},{"iob":-0.036,"basaliob":-0.092,"bolussnooze":0,"activity":-6.0E-4,"lastBolusTime":1703050029109,"time":"2023-12-20T08:47:01.893Z","iobWithZeroTemp":{"iob":-1.611,"basaliob":-1.667,"bolussnooze":0,"activity":-0.0178,"lastBolusTime":1703050029109,"time":"2023-12-20T08:47:01.893Z"}},{"iob":-0.034,"basaliob":-0.084,"bolussnooze":0,"activity":-6.0E-4,"lastBolusTime":1703050029109,"time":"2023-12-20T08:52:01.893Z","iobWithZeroTemp":{"iob":-1.615,"basaliob":-1.665,"bolussnooze":0,"activity":-0.018,"lastBolusTime":1703050029109,"time":"2023-12-20T08:52:01.893Z"}},{"iob":-0.031,"basaliob":-0.076,"bolussnooze":0,"activity":-5.0E-4,"lastBolusTime":1703050029109,"time":"2023-12-20T08:57:01.893Z","iobWithZeroTemp":{"iob":-1.616,"basaliob":-1.661,"bolussnooze":0,"activity":-0.018,"lastBolusTime":1703050029109,"time":"2023-12-20T08:57:01.893Z"}},{"iob":-0.028,"basaliob":-0.068,"bolussnooze":0,"activity":-5.0E-4,"lastBolusTime":1703050029109,"time":"2023-12-20T09:02:01.893Z","iobWithZeroTemp":{"iob":-1.617,"basaliob":-1.657,"bolussnooze":0,"activity":-0.0181,"lastBolusTime":1703050029109,"time":"2023-12-20T09:02:01.893Z"}},{"iob":-0.026,"basaliob":-0.062,"bolussnooze":0,"activity":-5.0E-4,"lastBolusTime":1703050029109,"time":"2023-12-20T09:07:01.893Z","iobWithZeroTemp":{"iob":-1.61,"basaliob":-1.646,"bolussnooze":0,"activity":-0.0182,"lastBolusTime":1703050029109,"time":"2023-12-20T09:07:01.893Z"}},{"iob":-0.023,"basaliob":-0.056,"bolussnooze":0,"activity":-4.0E-4,"lastBolusTime":1703050029109,"time":"2023-12-20T09:12:01.893Z","iobWithZeroTemp":{"iob":-1.602,"basaliob":-1.635,"bolussnooze":0,"activity":-0.0182,"lastBolusTime":1703050029109,"time":"2023-12-20T09:12:01.893Z"}},{"iob":-0.021,"basaliob":-0.05,"bolussnooze":0,"activity":-4.0E-4,"lastBolusTime":1703050029109,"time":"2023-12-20T09:17:01.893Z","iobWithZeroTemp":{"iob":-1.594,"basaliob":-1.623,"bolussnooze":0,"activity":-0.0182,"lastBolusTime":1703050029109,"time":"2023-12-20T09:17:01.893Z"}},{"iob":-0.019,"basaliob":-0.045,"bolussnooze":0,"activity":-3.0E-4,"lastBolusTime":1703050029109,"time":"2023-12-20T09:22:01.893Z","iobWithZeroTemp":{"iob":-1.587,"basaliob":-1.613,"bolussnooze":0,"activity":-0.0181,"lastBolusTime":1703050029109,"time":"2023-12-20T09:22:01.893Z"}},{"iob":-0.018,"basaliob":-0.041,"bolussnooze":0,"activity":-4.0E-4,"lastBolusTime":1703050029109,"time":"2023-12-20T09:27:01.893Z","iobWithZeroTemp":{"iob":-1.58,"basaliob":-1.603,"bolussnooze":0,"activity":-0.0182,"lastBolusTime":1703050029109,"time":"2023-12-20T09:27:01.893Z"}},{"iob":-0.016,"basaliob":-0.037,"bolussnooze":0,"activity":-3.0E-4,"lastBolusTime":1703050029109,"time":"2023-12-20T09:32:01.893Z","iobWithZeroTemp":{"iob":-1.573,"basaliob":-1.594,"bolussnooze":0,"activity":-0.0181,"lastBolusTime":1703050029109,"time":"2023-12-20T09:32:01.893Z"}},{"iob":-0.014,"basaliob":-0.033,"bolussnooze":0,"activity":-3.0E-4,"lastBolusTime":1703050029109,"time":"2023-12-20T09:37:01.893Z","iobWithZeroTemp":{"iob":-1.562,"basaliob":-1.581,"bolussnooze":0,"activity":-0.018,"lastBolusTime":1703050029109,"time":"2023-12-20T09:37:01.893Z"}},{"iob":-0.013,"basaliob":-0.03,"bolussnooze":0,"activity":-2.0E-4,"lastBolusTime":1703050029109,"time":"2023-12-20T09:42:01.893Z","iobWithZeroTemp":{"iob":-1.556,"basaliob":-1.573,"bolussnooze":0,"activity":-0.0179,"lastBolusTime":1703050029109,"time":"2023-12-20T09:42:01.893Z"}},{"iob":-0.012,"basaliob":-0.027,"bolussnooze":0,"activity":-3.0E-4,"lastBolusTime":1703050029109,"time":"2023-12-20T09:47:01.893Z","iobWithZeroTemp":{"iob":-1.55,"basaliob":-1.565,"bolussnooze":0,"activity":-0.018,"lastBolusTime":1703050029109,"time":"2023-12-20T09:47:01.893Z"}},{"iob":-0.011,"basaliob":-0.024,"bolussnooze":0,"activity":-2.0E-4,"lastBolusTime":1703050029109,"time":"2023-12-20T09:52:01.893Z","iobWithZeroTemp":{"iob":-1.544,"basaliob":-1.557,"bolussnooze":0,"activity":-0.0178,"lastBolusTime":1703050029109,"time":"2023-12-20T09:52:01.893Z"}},{"iob":-0.009,"basaliob":-0.021,"bolussnooze":0,"activity":-2.0E-4,"lastBolusTime":1703050029109,"time":"2023-12-20T09:57:01.893Z","iobWithZeroTemp":{"iob":-1.538,"basaliob":-1.55,"bolussnooze":0,"activity":-0.0178,"lastBolusTime":1703050029109,"time":"2023-12-20T09:57:01.893Z"}},{"iob":-0.008,"basaliob":-0.019,"bolussnooze":0,"activity":-2.0E-4,"lastBolusTime":1703050029109,"time":"2023-12-20T10:02:01.893Z","iobWithZeroTemp":{"iob":-1.532,"basaliob":-1.543,"bolussnooze":0,"activity":-0.0177,"lastBolusTime":1703050029109,"time":"2023-12-20T10:02:01.893Z"}}],"profile":{"max_iob":20,"type":"current","max_daily_basal":1.6,"max_basal":4.8,"min_bg":90,"max_bg":90,"target_bg":90,"carb_ratio":5.5,"sens":72,"max_daily_safety_multiplier":3,"current_basal_safety_multiplier":4,"high_temptarget_raises_sensitivity":false,"low_temptarget_lowers_sensitivity":false,"sensitivity_raises_target":false,"resistance_lowers_target":false,"adv_target_adjustments":false,"exercise_mode":false,"half_basal_exercise_target":160,"maxCOB":120,"skip_neutral_temps":false,"remainingCarbsCap":90,"enableUAM":true,"A52_risk_enable":false,"SMBInterval":3,"enableSMB_with_COB":false,"enableSMB_with_temptarget":false,"allowSMB_with_high_temptarget":true,"enableSMB_always":true,"enableSMB_after_carbs":false,"maxSMBBasalMinutes":120,"maxUAMSMBBasalMinutes":120,"bolus_increment":0.05,"carbsReqThreshold":1,"current_basal":1.25,"temptargetSet":false,"autosens_max":1.8,"out_units":"mmol\/L"},"autosens_data":{"ratio":1},"meal_data":{"carbs":30,"mealCOB":0.9401944444444554,"slopeFromMaxDeviation":-1.0008181818181818,"slopeFromMinDeviation":0.21199999999999997,"lastBolusTime":1703050029109,"lastCarbTime":1703039119000},"microBolusAllowed":true,"currentTime":1703052422753,"flatBGsDetected":false},"output":{"temp":"absolute","bg":73,"tick":-3,"eventualBG":82,"targetBG":90,"insulinReq":0,"deliverAt":"2023-12-20T06:07:02.753Z","sensitivityRatio":1,"predBGs":{"IOB":[73,70,68,66,65,64,63,63,62,62,63,63,64,65,66,66,67,68,69,69,70,70,71,71,72,72,73,73,73,74,74,74,74,75,75,75,75,75,76,76,76,76,76,76,76,76,76,77],"ZT":[73,73,73,73,73,74,76,77,79,82,85,88],"COB":[73,70,68,66,65,64,63,63,63,63,63,64,65,65,66,67,68,69,69,70,71,71,72,73,73,74,74,75,75,76,76,77,77,77,78,78,78,79,79,79,80,80,80,81,81,81,81,82],"UAM":[73,70,68,66,65,64,63,63,62,62,63,63,64,65,66,66,67,68,69,69,70,70,71,71,72,72,73,73,73,74,74,74,74,75,75,75,75,75,76,76,76,76,76,76,76,76,76,77]},"COB":0.9401944444444554,"IOB":-0.26,"reason":"COB: 0.9, Dev: -0.9, BGI: 0.0, ISF: 4.0, CR: 5.5, Target: 5.0, minPredBG 3.8, minGuardBG 3.4, IOBpredBG 4.3, COBpredBG 4.6, UAMpredBG 4.3; minGuardBG 3.4<3.6","duration":30,"rate":0,"timestamp":"2023-12-20T06:07:02.816Z"}}