{"algorithm":"OpenAPSSMBPlugin","input":{"glucoseStatus":{"glucose":69,"noise":0,"delta":0,"short_avgdelta":0.11,"long_avgdelta":-1.13,"date":1703032001729},"currenttemp":{"temp":"absolute","duration":24,"rate":0.55,"minutesrunning":6},"iob_data":[{"iob":-0.046,"basaliob":-1.015,"bolussnooze":0,"activity":-0.0045,"lastBolusTime":1703031725775,"time":"2023-12-20T00:27:39.777Z","iobWithZeroTemp":{"iob":-0.046,"basaliob":-1.015,"bolussnooze":0,"activity":-0.0045,"lastBolusTime":1703031725775,"time":"2023-12-20T00:27:39.777Z"}},{"iob":-0.026,"basaliob":-0.95,"bolussnooze":0,"activity":-0.0037,"lastBolusTime":1703031725775,"time":"2023-12-20T00:32:39.777Z","iobWithZeroTemp":{"iob":-0.126,"basaliob":-1.05,"bolussnooze":0,"activity":-0.0038,"lastBolusTime":1703031725775,"time":"2023-12-20T00:32:39.777Z"}},{"iob":-0.009,"basaliob":-0.887,"bolussnooze":0,"activity":-0.003,"lastBolusTime":1703031725775,"time":"2023-12-20T00:37:39.777Z","iobWithZeroTemp":{"iob":-0.233,"basaliob":-1.111,"bolussnooze":0,"activity":-0.0034,"lastBolusTime":1703031725775,"time":"2023-12-20T00:37:39.777Z"}},{"iob":0.004,"basaliob":-0.827,"bolussnooze":0,"activity":-0.0024,"lastBolusTime":1703031725775,"time":"2023-12-20T00:42:39.777Z","iobWithZeroTemp":{"iob":-0.341,"basaliob":-1.172,"bolussnooze":0,"activity":-0.0034,"lastBolusTime":1703031725775,"time":"2023-12-20T00:42:39.777Z"}},{"iob":0.015,"basaliob":-0.769,"bolussnooze":0,"activity":-0.0019,"lastBolusTime":1703031725775,"time":"2023-12-20T00:47:39.777Z","iobWithZeroTemp":{"iob":-0.449,"basaliob":-1.233,"bolussnooze":0,"activity":-0.0036,"lastBolusTime":1703031725775,"time":"2023-12-20T00:47:39.777Z"}},{"iob":0.024,"basaliob":-0.714,"bolussnooze":0,"activity":-0.0015,"lastBolusTime":1703031725775,"time":"2023-12-20T00:52:39.777Z","iobWithZeroTemp":{"iob":-0.554,"basaliob":-1.292,"bolussnooze":0,"activity":-0.0041,"lastBolusTime":1703031725775,"time":"2023-12-20T00:52:39.777Z"}},{"iob":0.03,"basaliob":-0.662,"bolussnooze":0,"activity":-0.0011,"lastBolusTime":1703031725775,"time":"2023-12-20T00:57:39.777Z","iobWithZeroTemp":{"iob":-0.658,"basaliob":-1.35,"bolussnooze":0,"activity":-0.0046,"lastBolusTime":1703031725775,"time":"2023-12-20T00:57:39.777Z"}},{"iob":0.036,"basaliob":-0.612,"bolussnooze":0,"activity":-9.0E-4,"lastBolusTime":1703031725775,"time":"2023-12-20T01:02:39.777Z","iobWithZeroTemp":{"iob":-0.757,"basaliob":-1.405,"bolussnooze":0,"activity":-0.0054,"lastBolusTime":1703031725775,"time":"2023-12-20T01:02:39.777Z"}},{"iob":0.039,"basaliob":-0.566,"bolussnooze":0,"activity":-6.0E-4,"lastBolusTime":1703031725775,"time":"2023-12-20T01:07:39.777Z","iobWithZeroTemp":{"iob":-0.854,"basaliob":-1.459,"bolussnooze":0,"activity":-0.0061,"lastBolusTime":1703031725775,"time":"2023-12-20T01:07:39.777Z"}},{"iob":0.042,"basaliob":-0.522,"bolussnooze":0,"activity":-4.0E-4,"lastBolusTime":1703031725775,"time":"2023-12-20T01:12:39.777Z","iobWithZeroTemp":{"iob":-0.947,"basaliob":-1.511,"bolussnooze":0,"activity":-0.0069,"lastBolusTime":1703031725775,"time":"2023-12-20T01:12:39.777Z"}},{"iob":0.044,"basaliob":-0.481,"bolussnooze":0,"activity":-2.0E-4,"lastBolusTime":1703031725775,"time":"2023-12-20T01:17:39.777Z","iobWithZeroTemp":{"iob":-1.034,"basaliob":-1.559,"bolussnooze":0,"activity":-0.0077,"lastBolusTime":1703031725775,"time":"2023-12-20T01:17:39.777Z"}},{"iob":0.044,"basaliob":-0.443,"bolussnooze":0,"activity":-1.0E-4,"lastBolusTime":1703031725775,"time":"2023-12-20T01:22:39.777Z","iobWithZeroTemp":{"iob":-1.119,"basaliob":-1.606,"bolussnooze":0,"activity":-0.0087,"lastBolusTime":1703031725775,"time":"2023-12-20T01:22:39.777Z"}},{"iob":0.044,"basaliob":-0.407,"bolussnooze":0,"activity":0,"lastBolusTime":1703031725775,"time":"2023-12-20T01:27:39.777Z","iobWithZeroTemp":{"iob":-1.199,"basaliob":-1.65,"bolussnooze":0,"activity":-0.0096,"lastBolusTime":1703031725775,"time":"2023-12-20T01:27:39.777Z"}},{"iob":0.044,"basaliob":-0.374,"bolussnooze":0,"activity":1.0E-4,"lastBolusTime":1703031725775,"time":"2023-12-20T01:32:39.777Z","iobWithZeroTemp":{"iob":-1.274,"basaliob":-1.692,"bolussnooze":0,"activity":-0.0105,"lastBolusTime":1703031725775,"time":"2023-12-20T01:32:39.777Z"}},{"iob":0.043,"basaliob":-0.343,"bolussnooze":0,"activity":1.0E-4,"lastBolusTime":1703031725775,"time":"2023-12-20T01:37:39.777Z","iobWithZeroTemp":{"iob":-1.344,"basaliob":-1.73,"bolussnooze":0,"activity":-0.0114,"lastBolusTime":1703031725775,"time":"2023-12-20T01:37:39.777Z"}},{"iob":0.041,"basaliob":-0.315,"bolussnooze":0,"activity":3.0E-4,"lastBolusTime":1703031725775,"time":"2023-12-20T01:42:39.777Z","iobWithZeroTemp":{"iob":-1.412,"basaliob":-1.768,"bolussnooze":0,"activity":-0.0121,"lastBolusTime":1703031725775,"time":"2023-12-20T01:42:39.777Z"}},{"iob":0.041,"basaliob":-0.288,"bolussnooze":0,"activity":3.0E-4,"lastBolusTime":1703031725775,"time":"2023-12-20T01:47:39.777Z","iobWithZeroTemp":{"iob":-1.472,"basaliob":-1.801,"bolussnooze":0,"activity":-0.013,"lastBolusTime":1703031725775,"time":"2023-12-20T01:47:39.777Z"}},{"iob":0.04,"basaliob":-0.263,"bolussnooze":0,"activity":3.0E-4,"lastBolusTime":1703031725775,"time":"2023-12-20T01:52:39.777Z","iobWithZeroTemp":{"iob":-1.53,"basaliob":-1.833,"bolussnooze":0,"activity":-0.0138,"lastBolusTime":1703031725775,"time":"2023-12-20T01:52:39.777Z"}},{"iob":0.037,"basaliob":-0.241,"bolussnooze":0,"activity":3.0E-4,"lastBolusTime":1703031725775,"time":"2023-12-20T01:57:39.777Z","iobWithZeroTemp":{"iob":-1.585,"basaliob":-1.863,"bolussnooze":0,"activity":-0.0146,"lastBolusTime":1703031725775,"time":"2023-12-20T01:57:39.777Z"}},{"iob":0.036,"basaliob":-0.22,"bolussnooze":0,"activity":4.0E-4,"lastBolusTime":1703031725775,"time":"2023-12-20T02:02:39.777Z","iobWithZeroTemp":{"iob":-1.618,"basaliob":-1.874,"bolussnooze":0,"activity":-0.0153,"lastBolusTime":1703031725775,"time":"2023-12-20T02:02:39.777Z"}},{"iob":0.033,"basaliob":-0.201,"bolussnooze":0,"activity":4.0E-4,"lastBolusTime":1703031725775,"time":"2023-12-20T02:07:39.777Z","iobWithZeroTemp":{"iob":-1.65,"basaliob":-1.884,"bolussnooze":0,"activity":-0.0159,"lastBolusTime":1703031725775,"time":"2023-12-20T02:07:39.777Z"}},{"iob":0.032,"basaliob":-0.183,"bolussnooze":0,"activity":4.0E-4,"lastBolusTime":1703031725775,"time":"2023-12-20T02:12:39.777Z","iobWithZeroTemp":{"iob":-1.676,"basaliob":-1.891,"bolussnooze":0,"activity":-0.0165,"lastBolusTime":1703031725775,"time":"2023-12-20T02:12:39.777Z"}},{"iob":0.031,"basaliob":-0.166,"bolussnooze":0,"activity":4.0E-4,"lastBolusTime":1703031725775,"time":"2023-12-20T02:17:39.777Z","iobWithZeroTemp":{"iob":-1.7,"basaliob":-1.897,"bolussnooze":0,"activity":-0.017,"lastBolusTime":1703031725775,"time":"2023-12-20T02:17:39.777Z"}},{"iob":0.029,"basaliob":-0.151,"bolussnooze":0,"activity":3.0E-4,"lastBolusTime":1703031725775,"time":"2023-12-20T02:22:39.777Z","iobWithZeroTemp":{"iob":-1.722,"basaliob":-1.902,"bolussnooze":0,"activity":-0.0176,"lastBolusTime":1703031725775,"time":"2023-12-20T02:22:39.777Z"}},{"iob":0.027,"basaliob":-0.138,"bolussnooze":0,"activity":4.0E-4,"lastBolusTime":1703031725775,"time":"2023-12-20T02:27:39.777Z","iobWithZeroTemp":{"iob":-1.742,"basaliob":-1.907,"bolussnooze":0,"activity":-0.0179,"lastBolusTime":1703031725775,"time":"2023-12-20T02:27:39.777Z"}},{"iob":0.025,"basaliob":-0.125,"bolussnooze":0,"activity":3.0E-4,"lastBolusTime":1703031725775,"time":"2023-12-20T02:32:39.777Z","iobWithZeroTemp":{"iob":-1.76,"basaliob":-1.91,"bolussnooze":0,"activity":-0.0184,"lastBolusTime":1703031725775,"time":"2023-12-20T02:32:39.777Z"}},{"iob":0.023,"basaliob":-0.114,"bolussnooze":0,"activity":3.0E-4,"lastBolusTime":1703031725775,"time":"2023-12-20T02:37:39.777Z","iobWithZeroTemp":{"iob":-1.776,"basaliob":-1.913,"bolussnooze":0,"activity":-0.0187,"lastBolusTime":1703031725775,"time":"2023-12-20T02:37:39.777Z"}},{"iob":0.022,"basaliob":-0.103,"bolussnooze":0,"activity":3.0E-4,"lastBolusTime":1703031725775,"time":"2023-12-20T02:42:39.777Z","iobWithZeroTemp":{"iob":-1.79,"basaliob":-1.915,"bolussnooze":0,"activity":-0.019,"lastBolusTime":1703031725775,"time":"2023-12-20T02:42:39.777Z"}},{"iob":0.021,"basaliob":-0.093,"bolussnooze":0,"activity":3.0E-4,"lastBolusTime":1703031725775,"time":"2023-12-20T02:47:39.777Z","iobWithZeroTemp":{"iob":-1.802,"basaliob":-1.916,"bolussnooze":0,"activity":-0.0193,"lastBolusTime":1703031725775,"time":"2023-12-20T02:47:39.777Z"}},{"iob":0.019,"basaliob":-0.085,"bolussnooze":0,"activity":3.0E-4,"lastBolusTime":1703031725775,"time":"2023-12-20T02:52:39.777Z","iobWithZeroTemp":{"iob":-1.814,"basaliob":-1.918,"bolussnooze":0,"activity":-0.0195,"lastBolusTime":1703031725775,"time":"2023-12-20T02:52:39.777Z"}},{"iob":0.017,"basaliob":-0.077,"bolussnooze":0,"activity":3.0E-4,"lastBolusTime":1703031725775,"time":"2023-12-20T02:57:39.777Z","iobWithZeroTemp":{"iob":-1.825,"basaliob":-1.919,"bolussnooze":0,"activity":-0.0197,"lastBolusTime":1703031725775,"time":"2023-12-20T02:57:39.777Z"}},{"iob":0.017,"basaliob":-0.069,"bolussnooze":0,"activity":2.0E-4,"lastBolusTime":1703031725775,"time":"2023-12-20T03:02:39.777Z","iobWithZeroTemp":{"iob":-1.833,"basaliob":-1.919,"bolussnooze":0,"activity":-0.02,"lastBolusTime":1703031725775,"time":"2023-12-20T03:02:39.777Z"}},{"iob":0.015,"basaliob":-0.063,"bolussnooze":0,"activity":2.0E-4,"lastBolusTime":1703031725775,"time":"2023-12-20T03:07:39.777Z","iobWithZeroTemp":{"iob":-1.841,"basaliob":-1.919,"bolussnooze":0,"activity":-0.0202,"lastBolusTime":1703031725775,"time":"2023-12-20T03:07:39.777Z"}},{"iob":0.014,"basaliob":-0.057,"bolussnooze":0,"activity":2.0E-4,"lastBolusTime":1703031725775,"time":"2023-12-20T03:12:39.777Z","iobWithZeroTemp":{"iob":-1.849,"basaliob":-1.92,"bolussnooze":0,"activity":-0.0203,"lastBolusTime":1703031725775,"time":"2023-12-20T03:12:39.777Z"}},{"iob":0.013,"basaliob":-0.051,"bolussnooze":0,"activity":2.0E-4,"lastBolusTime":1703031725775,"time":"2023-12-20T03:17:39.777Z","iobWithZeroTemp":{"iob":-1.855,"basaliob":-1.919,"bolussnooze":0,"activity":-0.0205,"lastBolusTime":1703031725775,"time":"2023-12-20T03:17:39.777Z"}},{"iob":0.012,"basaliob":-0.046,"bolussnooze":0,"activity":1.0E-4,"lastBolusTime":1703031725775,"time":"2023-12-20T03:22:39.777Z","iobWithZeroTemp":{"iob":-1.861,"basaliob":-1.919,"bolussnooze":0,"activity":-0.0207,"lastBolusTime":1703031725775,"time":"2023-12-20T03:22:39.777Z"}},{"iob":0.012,"basaliob":-0.041,"bolussnooze":0,"activity":1.0E-4,"lastBolusTime":1703031725775,"time":"2023-12-20T03:27:39.777Z","iobWithZeroTemp":{"iob":-1.865,"basaliob":-1.918,"bolussnooze":0,"activity":-0.0208,"lastBolusTime":1703031725775,"time":"2023-12-20T03:27:39.777Z"}},{"iob":0.011,"basaliob":-0.037,"bolussnooze":0,"activity":2.0E-4,"lastBolusTime":1703031725775,"time":"2023-12-20T03:32:39.777Z","iobWithZeroTemp":{"iob":-1.87,"basaliob":-1.918,"bolussnooze":0,"activity":-0.0208,"lastBolusTime":1703031725775,"time":"2023-12-20T03:32:39.777Z"}},{"iob":0.009,"basaliob":-0.034,"bolussnooze":0,"activity":2.0E-4,"lastBolusTime":1703031725775,"time":"2023-12-20T03:37:39.777Z","iobWithZeroTemp":{"iob":-1.875,"basaliob":-1.918,"bolussnooze":0,"activity":-0.0209,"lastBolusTime":1703031725775,"time":"2023-12-20T03:37:39.777Z"}},{"iob":0.009,"basaliob":-0.03,"bolussnooze":0,"activity":2.0E-4,"lastBolusTime":1703031725775,"time":"2023-12-20T03:42:39.777Z","iobWithZeroTemp":{"iob":-1.878,"basaliob":-1.917,"bolussnooze":0,"activity":-0.0209,"lastBolusTime":1703031725775,"time":"2023-12-20T03:42:39.777Z"}},{"iob":0.008,"basaliob":-0.027,"bolussnooze":0,"activity":1.0E-4,"lastBolusTime":1703031725775,"time":"2023-12-20T03:47:39.777Z","iobWithZeroTemp":{"iob":-1.881,"basaliob":-1.916,"bolussnooze":0,"activity":-0.0211,"lastBolusTime":1703031725775,"time":"2023-12-20T03:47:39.777Z"}},{"iob":0.008,"basaliob":-0.024,"bolussnooze":0,"activity":2.0E-4,"lastBolusTime":1703031725775,"time":"2023-12-20T03:52:39.777Z","iobWithZeroTemp":{"iob":-1.883,"basaliob":-1.915,"bolussnooze":0,"activity":-0.0211,"lastBolusTime":1703031725775,"time":"2023-12-20T03:52:39.777Z"}},{"iob":0.007,"basaliob":-0.022,"bolussnooze":0,"activity":1.0E-4,"lastBolusTime":1703031725775,"time":"2023-12-20T03:57:39.777Z","iobWithZeroTemp":{"iob":-1.886,"basaliob":-1.915,"bolussnooze":0,"activity":-0.0212,"lastBolusTime":1703031725775,"time":"2023-12-20T03:57:39.777Z"}},{"iob":0.006,"basaliob":-0.02,"bolussnooze":0,"activity":1.0E-4,"lastBolusTime":1703031725775,"time":"2023-12-20T04:02:39.777Z","iobWithZeroTemp":{"iob":-1.889,"basaliob":-1.915,"bolussnooze":0,"activity":-0.0213,"lastBolusTime":1703031725775,"time":"2023-12-20T04:02:39.777Z"}},{"iob":0.005,"basaliob":-0.018,"bolussnooze":0,"activity":1.0E-4,"lastBolusTime":1703031725775,"time":"2023-12-20T04:07:39.777Z","iobWithZeroTemp":{"iob":-1.891,"basaliob":-1.914,"bolussnooze":0,"activity":-0.0213,"lastBolusTime":1703031725775,"time":"2023-12-20T04:07:39.777Z"}},{"iob":0.005,"basaliob":-0.016,"bolussnooze":0,"activity":0,"lastBolusTime":1703031725775,"time":"2023-12-20T04:12:39.777Z","iobWithZeroTemp":{"iob":-1.893,"basaliob":-1.914,"bolussnooze":0,"activity":-0.0214,"lastBolusTime":1703031725775,"time":"2023-12-20T04:12:39.777Z"}},{"iob":0.005,"basaliob":-0.014,"bolussnooze":0,"activity":1.0E-4,"lastBolusTime":1703031725775,"time":"2023-12-20T04:17:39.777Z","iobWithZeroTemp":{"iob":-1.894,"basaliob":-1.913,"bolussnooze":0,"activity":-0.0214,"lastBolusTime":1703031725775,"time":"2023-12-20T04:17:39.777Z"}},{"iob":0.004,"basaliob":-0.013,"bolussnooze":0,"activity":1.0E-4,"lastBolusTime":1703031725775,"time":"2023-12-20T04:22:39.777Z","iobWithZeroTemp":{"iob":-1.896,"basaliob":-1.913,"bolussnooze":0,"activity":-0.0214,"lastBolusTime":1703031725775,"time":"2023-12-20T04:22:39.777Z"}}],"profile":{"max_iob":20,"type":"current","max_daily_basal":1.6,"max_basal":4.8,"min_bg":90,"max_bg":90,"target_bg":90,"carb_ratio":4.5,"sens":63,"max_daily_safety_multiplier":3,"current_basal_safety_multiplier":4,"high_temptarget_raises_sensitivity":false,"low_temptarget_lowers_sensitivity":false,"sensitivity_raises_target":false,"resistance_lowers_target":false,"adv_target_adjustments":false,"exercise_mode":false,"half_basal_exercise_target":160,"maxCOB":120,"skip_neutral_temps":false,"remainingCarbsCap":90,"enableUAM":true,"A52_risk_enable":false,"SMBInterval":3,"enableSMB_with_COB":false,"enableSMB_with_temptarget":false,"allowSMB_with_high_temptarget":true,"enableSMB_always":true,"enableSMB_after_carbs":false,"maxSMBBasalMinutes":120,"maxUAMSMBBasalMinutes":120,"bolus_increment":0.05,"carbsReqThreshold":1,"current_basal":1.5,"temptargetSet":false,"autosens_max":1.8,"out_units":"mmol\/L"},"autosens_data":{"ratio":1},"meal_data":{"carbs":10,"mealCOB":7.142857142857144,"slopeFromMaxDeviation":0,"slopeFromMinDeviation":1.5536666666666665,"lastBolusTime":1703031725775,"lastCarbTime":1703030390000},"microBolusAllowed":true,"currentTime":1703032061493,"flatBGsDetected":false},"output":{"temp":"absolute","bg":69,"tick":"+0","eventualBG":165,"targetBG":90,"insulinReq":0.19,"deliverAt":"2023-12-20T00:27:41.493Z","sensitivityRatio":1,"predBGs":{"IOB":[69,69,69,69,69,69,68,68,68,68,68,68,68,68,68,68,68,67,67,67,67,67,67,67,67,67,66,66,66,66,66,66,66,66,66,66,66,66,66,66,66,65],"ZT":[69,70,72,73,74,75,76,78,79,81,83,86,89],"COB":[69,69,70,70,71,72,73,74,75,77,79,81,84,86,89,92,95,99,102,106,110,114,118,122,126,130,134,137,141,144,146,149,152,154,156,158,159,161,162,163,164,165],"UAM":[69,69,69,69,69,69,68,68,68,68,68,68,68,68,68,68,68,67,67,67,67,67,67,67,67,67,66,66,66,66,66,66,66,66,66,66,66,66,66,66,66,65]},"COB":7.142857142857144,"IOB":-0.046,"reason":"COB: 7.1, Dev: -0.8, BGI: 0.1, ISF: 3.5, CR: 4.5, Target: 5.0, minPredBG 5.7, minGuardBG 3.8, IOBpredBG 3.6, COBpredBG 9.2, UAMpredBG 3.6; Eventual BG 9.2 >= 5.0,  insulinReq 0.19; setting 30m low temp of 0.7U\/h. Microbolusing 0.05U. ","units":0.05,"rate":0.7,"duration":30,"timestamp":"2023-12-20T00:27:41.582Z"}}