{"algorithm":"OpenAPSSMBPlugin","input":{"glucoseStatus":{"glucose":146,"noise":0,"delta":2,"short_avgdelta":2.39,"long_avgdelta":3,"date":1703133703957},"currenttemp":{"temp":"absolute","duration":70,"rate":0,"minutesrunning":50},"iob_data":[{"iob":5.878,"basaliob":-1.552,"bolussnooze":3.7639,"activity":0.0617,"lastBolusTime":1703133655728,"time":"2023-12-21T04:42:02.848Z","iobWithZeroTemp":{"iob":5.878,"basaliob":-1.552,"bolussnooze":3.7639,"activity":0.0617,"lastBolusTime":1703133655728,"time":"2023-12-21T04:42:02.848Z"}},{"iob":5.567,"basaliob":-1.47,"bolussnooze":3.3323,"activity":0.0624,"lastBolusTime":1703133655728,"time":"2023-12-21T04:47:02.848Z","iobWithZeroTemp":{"iob":5.48,"basaliob":-1.557,"bolussnooze":3.3323,"activity":0.0623,"lastBolusTime":1703133655728,"time":"2023-12-21T04:47:02.848Z"}},{"iob":5.255,"basaliob":-1.387,"bolussnooze":2.9201,"activity":0.0622,"lastBolusTime":1703133655728,"time":"2023-12-21T04:52:02.848Z","iobWithZeroTemp":{"iob":5.061,"basaliob":-1.581,"bolussnooze":2.9201,"activity":0.0618,"lastBolusTime":1703133655728,"time":"2023-12-21T04:52:02.848Z"}},{"iob":4.946,"basaliob":-1.305,"bolussnooze":2.5368,"activity":0.0613,"lastBolusTime":1703133655728,"time":"2023-12-21T04:57:02.848Z","iobWithZeroTemp":{"iob":4.647,"basaliob":-1.604,"bolussnooze":2.5368,"activity":0.0604,"lastBolusTime":1703133655728,"time":"2023-12-21T04:57:02.848Z"}},{"iob":4.643,"basaliob":-1.224,"bolussnooze":2.1875,"activity":0.06,"lastBolusTime":1703133655728,"time":"2023-12-21T05:02:02.848Z","iobWithZeroTemp":{"iob":4.241,"basaliob":-1.626,"bolussnooze":2.1875,"activity":0.0585,"lastBolusTime":1703133655728,"time":"2023-12-21T05:02:02.848Z"}},{"iob":4.347,"basaliob":-1.146,"bolussnooze":1.8743,"activity":0.0582,"lastBolusTime":1703133655728,"time":"2023-12-21T05:07:02.848Z","iobWithZeroTemp":{"iob":3.846,"basaliob":-1.647,"bolussnooze":1.8743,"activity":0.056,"lastBolusTime":1703133655728,"time":"2023-12-21T05:07:02.848Z"}},{"iob":4.062,"basaliob":-1.07,"bolussnooze":1.5968,"activity":0.0561,"lastBolusTime":1703133655728,"time":"2023-12-21T05:12:02.848Z","iobWithZeroTemp":{"iob":3.466,"basaliob":-1.666,"bolussnooze":1.5968,"activity":0.0531,"lastBolusTime":1703133655728,"time":"2023-12-21T05:12:02.848Z"}},{"iob":3.787,"basaliob":-0.997,"bolussnooze":1.3535,"activity":0.0539,"lastBolusTime":1703133655728,"time":"2023-12-21T05:17:02.848Z","iobWithZeroTemp":{"iob":3.1,"basaliob":-1.684,"bolussnooze":1.3535,"activity":0.05,"lastBolusTime":1703133655728,"time":"2023-12-21T05:17:02.848Z"}},{"iob":3.524,"basaliob":-0.927,"bolussnooze":1.142,"activity":0.0514,"lastBolusTime":1703133655728,"time":"2023-12-21T05:22:02.848Z","iobWithZeroTemp":{"iob":2.75,"basaliob":-1.701,"bolussnooze":1.142,"activity":0.0467,"lastBolusTime":1703133655728,"time":"2023-12-21T05:22:02.848Z"}},{"iob":3.273,"basaliob":-0.861,"bolussnooze":0.9596,"activity":0.0489,"lastBolusTime":1703133655728,"time":"2023-12-21T05:27:02.848Z","iobWithZeroTemp":{"iob":2.416,"basaliob":-1.718,"bolussnooze":0.9596,"activity":0.0433,"lastBolusTime":1703133655728,"time":"2023-12-21T05:27:02.848Z"}},{"iob":3.035,"basaliob":-0.798,"bolussnooze":0.8031,"activity":0.0463,"lastBolusTime":1703133655728,"time":"2023-12-21T05:32:02.848Z","iobWithZeroTemp":{"iob":2.1,"basaliob":-1.733,"bolussnooze":0.8031,"activity":0.0398,"lastBolusTime":1703133655728,"time":"2023-12-21T05:32:02.848Z"}},{"iob":2.81,"basaliob":-0.739,"bolussnooze":0.6698,"activity":0.0438,"lastBolusTime":1703133655728,"time":"2023-12-21T05:37:02.848Z","iobWithZeroTemp":{"iob":1.802,"basaliob":-1.747,"bolussnooze":0.6698,"activity":0.0364,"lastBolusTime":1703133655728,"time":"2023-12-21T05:37:02.848Z"}},{"iob":2.598,"basaliob":-0.683,"bolussnooze":0.5566,"activity":0.0411,"lastBolusTime":1703133655728,"time":"2023-12-21T05:42:02.848Z","iobWithZeroTemp":{"iob":1.521,"basaliob":-1.76,"bolussnooze":0.5566,"activity":0.0328,"lastBolusTime":1703133655728,"time":"2023-12-21T05:42:02.848Z"}},{"iob":2.399,"basaliob":-0.63,"bolussnooze":0.4611,"activity":0.0386,"lastBolusTime":1703133655728,"time":"2023-12-21T05:47:02.848Z","iobWithZeroTemp":{"iob":1.257,"basaliob":-1.772,"bolussnooze":0.4611,"activity":0.0294,"lastBolusTime":1703133655728,"time":"2023-12-21T05:47:02.848Z"}},{"iob":2.211,"basaliob":-0.581,"bolussnooze":0.3808,"activity":0.0362,"lastBolusTime":1703133655728,"time":"2023-12-21T05:52:02.848Z","iobWithZeroTemp":{"iob":1.009,"basaliob":-1.783,"bolussnooze":0.3808,"activity":0.0262,"lastBolusTime":1703133655728,"time":"2023-12-21T05:52:02.848Z"}},{"iob":2.036,"basaliob":-0.535,"bolussnooze":0.3136,"activity":0.0338,"lastBolusTime":1703133655728,"time":"2023-12-21T05:57:02.848Z","iobWithZeroTemp":{"iob":0.777,"basaliob":-1.794,"bolussnooze":0.3136,"activity":0.023,"lastBolusTime":1703133655728,"time":"2023-12-21T05:57:02.848Z"}},{"iob":1.873,"basaliob":-0.492,"bolussnooze":0.2574,"activity":0.0315,"lastBolusTime":1703133655728,"time":"2023-12-21T06:02:02.848Z","iobWithZeroTemp":{"iob":0.562,"basaliob":-1.803,"bolussnooze":0.2574,"activity":0.02,"lastBolusTime":1703133655728,"time":"2023-12-21T06:02:02.848Z"}},{"iob":1.721,"basaliob":-0.452,"bolussnooze":0.2107,"activity":0.0294,"lastBolusTime":1703133655728,"time":"2023-12-21T06:07:02.848Z","iobWithZeroTemp":{"iob":0.365,"basaliob":-1.808,"bolussnooze":0.2107,"activity":0.0172,"lastBolusTime":1703133655728,"time":"2023-12-21T06:07:02.848Z"}},{"iob":1.58,"basaliob":-0.414,"bolussnooze":0.172,"activity":0.0272,"lastBolusTime":1703133655728,"time":"2023-12-21T06:12:02.848Z","iobWithZeroTemp":{"iob":0.182,"basaliob":-1.812,"bolussnooze":0.172,"activity":0.0143,"lastBolusTime":1703133655728,"time":"2023-12-21T06:12:02.848Z"}},{"iob":1.448,"basaliob":-0.38,"bolussnooze":0.14,"activity":0.0252,"lastBolusTime":1703133655728,"time":"2023-12-21T06:17:02.848Z","iobWithZeroTemp":{"iob":0.012,"basaliob":-1.816,"bolussnooze":0.14,"activity":0.0116,"lastBolusTime":1703133655728,"time":"2023-12-21T06:17:02.848Z"}},{"iob":1.326,"basaliob":-0.348,"bolussnooze":0.1136,"activity":0.0234,"lastBolusTime":1703133655728,"time":"2023-12-21T06:22:02.848Z","iobWithZeroTemp":{"iob":-0.145,"basaliob":-1.819,"bolussnooze":0.1136,"activity":0.0093,"lastBolusTime":1703133655728,"time":"2023-12-21T06:22:02.848Z"}},{"iob":1.214,"basaliob":-0.318,"bolussnooze":0.092,"activity":0.0217,"lastBolusTime":1703133655728,"time":"2023-12-21T06:27:02.848Z","iobWithZeroTemp":{"iob":-0.289,"basaliob":-1.821,"bolussnooze":0.092,"activity":0.007,"lastBolusTime":1703133655728,"time":"2023-12-21T06:27:02.848Z"}},{"iob":1.11,"basaliob":-0.291,"bolussnooze":0.0742,"activity":0.02,"lastBolusTime":1703133655728,"time":"2023-12-21T06:32:02.848Z","iobWithZeroTemp":{"iob":-0.422,"basaliob":-1.823,"bolussnooze":0.0742,"activity":0.0048,"lastBolusTime":1703133655728,"time":"2023-12-21T06:32:02.848Z"}},{"iob":1.014,"basaliob":-0.265,"bolussnooze":0.0597,"activity":0.0185,"lastBolusTime":1703133655728,"time":"2023-12-21T06:37:02.848Z","iobWithZeroTemp":{"iob":-0.546,"basaliob":-1.825,"bolussnooze":0.0597,"activity":0.0028,"lastBolusTime":1703133655728,"time":"2023-12-21T06:37:02.848Z"}},{"iob":0.925,"basaliob":-0.242,"bolussnooze":0.0478,"activity":0.017,"lastBolusTime":1703133655728,"time":"2023-12-21T06:42:02.848Z","iobWithZeroTemp":{"iob":-0.659,"basaliob":-1.826,"bolussnooze":0.0478,"activity":9.0E-4,"lastBolusTime":1703133655728,"time":"2023-12-21T06:42:02.848Z"}},{"iob":0.843,"basaliob":-0.221,"bolussnooze":0.0382,"activity":0.0156,"lastBolusTime":1703133655728,"time":"2023-12-21T06:47:02.848Z","iobWithZeroTemp":{"iob":-0.764,"basaliob":-1.828,"bolussnooze":0.0382,"activity":-9.0E-4,"lastBolusTime":1703133655728,"time":"2023-12-21T06:47:02.848Z"}},{"iob":0.769,"basaliob":-0.201,"bolussnooze":0.0304,"activity":0.0143,"lastBolusTime":1703133655728,"time":"2023-12-21T06:52:02.848Z","iobWithZeroTemp":{"iob":-0.859,"basaliob":-1.829,"bolussnooze":0.0304,"activity":-0.0026,"lastBolusTime":1703133655728,"time":"2023-12-21T06:52:02.848Z"}},{"iob":0.7,"basaliob":-0.183,"bolussnooze":0.0242,"activity":0.0132,"lastBolusTime":1703133655728,"time":"2023-12-21T06:57:02.848Z","iobWithZeroTemp":{"iob":-0.947,"basaliob":-1.83,"bolussnooze":0.0242,"activity":-0.004,"lastBolusTime":1703133655728,"time":"2023-12-21T06:57:02.848Z"}},{"iob":0.637,"basaliob":-0.166,"bolussnooze":0.0191,"activity":0.0121,"lastBolusTime":1703133655728,"time":"2023-12-21T07:02:02.848Z","iobWithZeroTemp":{"iob":-1.025,"basaliob":-1.828,"bolussnooze":0.0191,"activity":-0.0054,"lastBolusTime":1703133655728,"time":"2023-12-21T07:02:02.848Z"}},{"iob":0.579,"basaliob":-0.151,"bolussnooze":0.015,"activity":0.0111,"lastBolusTime":1703133655728,"time":"2023-12-21T07:07:02.848Z","iobWithZeroTemp":{"iob":-1.095,"basaliob":-1.825,"bolussnooze":0.015,"activity":-0.0067,"lastBolusTime":1703133655728,"time":"2023-12-21T07:07:02.848Z"}},{"iob":0.526,"basaliob":-0.137,"bolussnooze":0.0118,"activity":0.0101,"lastBolusTime":1703133655728,"time":"2023-12-21T07:12:02.848Z","iobWithZeroTemp":{"iob":-1.158,"basaliob":-1.821,"bolussnooze":0.0118,"activity":-0.0079,"lastBolusTime":1703133655728,"time":"2023-12-21T07:12:02.848Z"}},{"iob":0.477,"basaliob":-0.125,"bolussnooze":0.0092,"activity":0.0093,"lastBolusTime":1703133655728,"time":"2023-12-21T07:17:02.848Z","iobWithZeroTemp":{"iob":-1.216,"basaliob":-1.818,"bolussnooze":0.0092,"activity":-0.009,"lastBolusTime":1703133655728,"time":"2023-12-21T07:17:02.848Z"}},{"iob":0.433,"basaliob":-0.113,"bolussnooze":0.0071,"activity":0.0085,"lastBolusTime":1703133655728,"time":"2023-12-21T07:22:02.848Z","iobWithZeroTemp":{"iob":-1.269,"basaliob":-1.815,"bolussnooze":0.0071,"activity":-0.01,"lastBolusTime":1703133655728,"time":"2023-12-21T07:22:02.848Z"}},{"iob":0.393,"basaliob":-0.102,"bolussnooze":0.0055,"activity":0.0078,"lastBolusTime":1703133655728,"time":"2023-12-21T07:27:02.848Z","iobWithZeroTemp":{"iob":-1.316,"basaliob":-1.811,"bolussnooze":0.0055,"activity":-0.0109,"lastBolusTime":1703133655728,"time":"2023-12-21T07:27:02.848Z"}},{"iob":0.355,"basaliob":-0.093,"bolussnooze":0.0042,"activity":0.0071,"lastBolusTime":1703133655728,"time":"2023-12-21T07:32:02.848Z","iobWithZeroTemp":{"iob":-1.36,"basaliob":-1.808,"bolussnooze":0.0042,"activity":-0.0117,"lastBolusTime":1703133655728,"time":"2023-12-21T07:32:02.848Z"}},{"iob":0.321,"basaliob":-0.084,"bolussnooze":0.0032,"activity":0.0064,"lastBolusTime":1703133655728,"time":"2023-12-21T07:37:02.848Z","iobWithZeroTemp":{"iob":-1.4,"basaliob":-1.805,"bolussnooze":0.0032,"activity":-0.0126,"lastBolusTime":1703133655728,"time":"2023-12-21T07:37:02.848Z"}},{"iob":0.291,"basaliob":-0.076,"bolussnooze":0.0024,"activity":0.0059,"lastBolusTime":1703133655728,"time":"2023-12-21T07:42:02.848Z","iobWithZeroTemp":{"iob":-1.435,"basaliob":-1.802,"bolussnooze":0.0024,"activity":-0.0132,"lastBolusTime":1703133655728,"time":"2023-12-21T07:42:02.848Z"}},{"iob":0.263,"basaliob":-0.068,"bolussnooze":0.0018,"activity":0.0053,"lastBolusTime":1703133655728,"time":"2023-12-21T07:47:02.848Z","iobWithZeroTemp":{"iob":-1.467,"basaliob":-1.798,"bolussnooze":0.0018,"activity":-0.0139,"lastBolusTime":1703133655728,"time":"2023-12-21T07:47:02.848Z"}},{"iob":0.237,"basaliob":-0.062,"bolussnooze":0.0013,"activity":0.0048,"lastBolusTime":1703133655728,"time":"2023-12-21T07:52:02.848Z","iobWithZeroTemp":{"iob":-1.497,"basaliob":-1.796,"bolussnooze":0.0013,"activity":-0.0145,"lastBolusTime":1703133655728,"time":"2023-12-21T07:52:02.848Z"}},{"iob":0.214,"basaliob":-0.056,"bolussnooze":0.001,"activity":0.0044,"lastBolusTime":1703133655728,"time":"2023-12-21T07:57:02.848Z","iobWithZeroTemp":{"iob":-1.523,"basaliob":-1.793,"bolussnooze":0.001,"activity":-0.015,"lastBolusTime":1703133655728,"time":"2023-12-21T07:57:02.848Z"}},{"iob":0.193,"basaliob":-0.05,"bolussnooze":7.0E-4,"activity":0.0041,"lastBolusTime":1703133655728,"time":"2023-12-21T08:02:02.848Z","iobWithZeroTemp":{"iob":-1.547,"basaliob":-1.79,"bolussnooze":7.0E-4,"activity":-0.0154,"lastBolusTime":1703133655728,"time":"2023-12-21T08:02:02.848Z"}},{"iob":0.174,"basaliob":-0.045,"bolussnooze":5.0E-4,"activity":0.0037,"lastBolusTime":1703133655728,"time":"2023-12-21T08:07:02.848Z","iobWithZeroTemp":{"iob":-1.561,"basaliob":-1.78,"bolussnooze":5.0E-4,"activity":-0.0158,"lastBolusTime":1703133655728,"time":"2023-12-21T08:07:02.848Z"}},{"iob":0.157,"basaliob":-0.041,"bolussnooze":3.0E-4,"activity":0.0033,"lastBolusTime":1703133655728,"time":"2023-12-21T08:12:02.848Z","iobWithZeroTemp":{"iob":-1.572,"basaliob":-1.77,"bolussnooze":3.0E-4,"activity":-0.0163,"lastBolusTime":1703133655728,"time":"2023-12-21T08:12:02.848Z"}},{"iob":0.141,"basaliob":-0.037,"bolussnooze":2.0E-4,"activity":0.003,"lastBolusTime":1703133655728,"time":"2023-12-21T08:17:02.848Z","iobWithZeroTemp":{"iob":-1.582,"basaliob":-1.76,"bolussnooze":2.0E-4,"activity":-0.0166,"lastBolusTime":1703133655728,"time":"2023-12-21T08:17:02.848Z"}},{"iob":0.127,"basaliob":-0.033,"bolussnooze":2.0E-4,"activity":0.0027,"lastBolusTime":1703133655728,"time":"2023-12-21T08:22:02.848Z","iobWithZeroTemp":{"iob":-1.589,"basaliob":-1.749,"bolussnooze":2.0E-4,"activity":-0.0169,"lastBolusTime":1703133655728,"time":"2023-12-21T08:22:02.848Z"}},{"iob":0.114,"basaliob":-0.03,"bolussnooze":1.0E-4,"activity":0.0025,"lastBolusTime":1703133655728,"time":"2023-12-21T08:27:02.848Z","iobWithZeroTemp":{"iob":-1.596,"basaliob":-1.74,"bolussnooze":1.0E-4,"activity":-0.0171,"lastBolusTime":1703133655728,"time":"2023-12-21T08:27:02.848Z"}},{"iob":0.102,"basaliob":-0.027,"bolussnooze":1.0E-4,"activity":0.0022,"lastBolusTime":1703133655728,"time":"2023-12-21T08:32:02.848Z","iobWithZeroTemp":{"iob":-1.602,"basaliob":-1.731,"bolussnooze":1.0E-4,"activity":-0.0173,"lastBolusTime":1703133655728,"time":"2023-12-21T08:32:02.848Z"}},{"iob":0.092,"basaliob":-0.024,"bolussnooze":0,"activity":0.002,"lastBolusTime":1703133655728,"time":"2023-12-21T08:37:02.848Z","iobWithZeroTemp":{"iob":-1.607,"basaliob":-1.723,"bolussnooze":0,"activity":-0.0175,"lastBolusTime":1703133655728,"time":"2023-12-21T08:37:02.848Z"}}],"profile":{"max_iob":20,"type":"current","max_daily_basal":1.6,"max_basal":4.8,"min_bg":81,"max_bg":81,"target_bg":81,"carb_ratio":5.5,"sens":72,"max_daily_safety_multiplier":3,"current_basal_safety_multiplier":4,"high_temptarget_raises_sensitivity":false,"low_temptarget_lowers_sensitivity":false,"sensitivity_raises_target":false,"resistance_lowers_target":false,"adv_target_adjustments":false,"exercise_mode":false,"half_basal_exercise_target":160,"maxCOB":120,"skip_neutral_temps":false,"remainingCarbsCap":90,"enableUAM":true,"A52_risk_enable":false,"SMBInterval":3,"enableSMB_with_COB":false,"enableSMB_with_temptarget":false,"allowSMB_with_high_temptarget":true,"enableSMB_always":true,"enableSMB_after_carbs":false,"maxSMBBasalMinutes":120,"maxUAMSMBBasalMinutes":120,"bolus_increment":0.05,"carbsReqThreshold":1,"current_basal":1.3,"temptargetSet":true,"autosens_max":1.8,"out_units":"mmol\/L"},"autosens_data":{"ratio":1},"meal_data":{"carbs":20,"mealCOB":0,"slopeFromMaxDeviation":0,"slopeFromMinDeviation":1.1115000000000002,"lastBolusTime":1703133655728,"lastCarbTime":1703127724000},"microBolusAllowed":true,"currentTime":1703133724439,"flatBGsDetected":false},"output":{"temp":"absolute","bg":146,"tick":"+2","eventualBG":142,"targetBG":81,"insulinReq":-1.21,"deliverAt":"2023-12-21T04:42:04.439Z","sensitivityRatio":1,"predBGs":{"IOB":[146,146,144,139,134,126,117,107,96,83,70,55,39],"ZT":[146,124,101,79,57,39,39,39,39,39,39,39,39,39,39,39,39,39,39,39,39,39,39,39,39,39,39,39,39,39,39,39,39,39,39,39,39,39,39,39,39,39,39,39,39,39,39,39],"UAM":[146,147,148,148,147,146,145,145,144,144,144,144,144,145,146,147,148,149,151,153,154,156,158,159,161,162,163,164,164,165,165,165,164,163,161,159,157,155,153,151,150,148,147,146,145,144,143,142]},"COB":0,"IOB":5.878,"reason":"COB: 0, Dev: 8.1, BGI: -1.2, ISF: 4.0, CR: 5.5, Target: 4.5, minPredBG -0.3, minGuardBG 7.8, IOBpredBG 2.2, UAMpredBG 7.9; Eventual BG 7.9 >= 4.5,  insulinReq -1.21; setting 60m low temp of 0U\/h. Waiting 2m 54s to microbolus again. ","rate":0,"duration":60,"timestamp":"2023-12-21T04:42:04.536Z"}}