{"algorithm":"OpenAPSSMBPlugin","input":{"glucoseStatus":{"glucose":94,"noise":0,"delta":18,"short_avgdelta":16.06,"long_avgdelta":8.98,"date":1703122303690},"currenttemp":{"temp":"absolute","duration":19,"rate":2.55,"minutesrunning":11},"iob_data":[{"iob":1.806,"basaliob":-1.271,"bolussnooze":2.0562,"activity":-0.0038,"lastBolusTime":1703122324018,"time":"2023-12-21T01:32:49.907Z","iobWithZeroTemp":{"iob":1.806,"basaliob":-1.271,"bolussnooze":2.0562,"activity":-0.0038,"lastBolusTime":1703122324018,"time":"2023-12-21T01:32:49.907Z"}},{"iob":1.813,"basaliob":-1.181,"bolussnooze":1.9781,"activity":0.001,"lastBolusTime":1703122324018,"time":"2023-12-21T01:37:49.907Z","iobWithZeroTemp":{"iob":1.713,"basaliob":-1.281,"bolussnooze":1.9781,"activity":9.0E-4,"lastBolusTime":1703122324018,"time":"2023-12-21T01:37:49.907Z"}},{"iob":1.798,"basaliob":-1.096,"bolussnooze":1.8482,"activity":0.0049,"lastBolusTime":1703122324018,"time":"2023-12-21T01:42:49.907Z","iobWithZeroTemp":{"iob":1.574,"basaliob":-1.32,"bolussnooze":1.8482,"activity":0.0045,"lastBolusTime":1703122324018,"time":"2023-12-21T01:42:49.907Z"}},{"iob":1.766,"basaliob":-1.015,"bolussnooze":1.6902,"activity":0.0079,"lastBolusTime":1703122324018,"time":"2023-12-21T01:47:49.907Z","iobWithZeroTemp":{"iob":1.421,"basaliob":-1.36,"bolussnooze":1.6902,"activity":0.0069,"lastBolusTime":1703122324018,"time":"2023-12-21T01:47:49.907Z"}},{"iob":1.72,"basaliob":-0.939,"bolussnooze":1.5204,"activity":0.0102,"lastBolusTime":1703122324018,"time":"2023-12-21T01:52:49.907Z","iobWithZeroTemp":{"iob":1.256,"basaliob":-1.403,"bolussnooze":1.5204,"activity":0.0085,"lastBolusTime":1703122324018,"time":"2023-12-21T01:52:49.907Z"}},{"iob":1.665,"basaliob":-0.867,"bolussnooze":1.3498,"activity":0.012,"lastBolusTime":1703122324018,"time":"2023-12-21T01:57:49.907Z","iobWithZeroTemp":{"iob":1.087,"basaliob":-1.445,"bolussnooze":1.3498,"activity":0.0094,"lastBolusTime":1703122324018,"time":"2023-12-21T01:57:49.907Z"}},{"iob":1.601,"basaliob":-0.8,"bolussnooze":1.1856,"activity":0.0133,"lastBolusTime":1703122324018,"time":"2023-12-21T02:02:49.907Z","iobWithZeroTemp":{"iob":0.929,"basaliob":-1.472,"bolussnooze":1.1856,"activity":0.0098,"lastBolusTime":1703122324018,"time":"2023-12-21T02:02:49.907Z"}},{"iob":1.532,"basaliob":-0.737,"bolussnooze":1.0321,"activity":0.0142,"lastBolusTime":1703122324018,"time":"2023-12-21T02:07:49.907Z","iobWithZeroTemp":{"iob":0.771,"basaliob":-1.498,"bolussnooze":1.0321,"activity":0.0098,"lastBolusTime":1703122324018,"time":"2023-12-21T02:07:49.907Z"}},{"iob":1.46,"basaliob":-0.678,"bolussnooze":0.8917,"activity":0.0147,"lastBolusTime":1703122324018,"time":"2023-12-21T02:12:49.907Z","iobWithZeroTemp":{"iob":0.615,"basaliob":-1.523,"bolussnooze":0.8917,"activity":0.0094,"lastBolusTime":1703122324018,"time":"2023-12-21T02:12:49.907Z"}},{"iob":1.385,"basaliob":-0.623,"bolussnooze":0.7652,"activity":0.015,"lastBolusTime":1703122324018,"time":"2023-12-21T02:17:49.907Z","iobWithZeroTemp":{"iob":0.46,"basaliob":-1.548,"bolussnooze":0.7652,"activity":0.0087,"lastBolusTime":1703122324018,"time":"2023-12-21T02:17:49.907Z"}},{"iob":1.31,"basaliob":-0.572,"bolussnooze":0.6529,"activity":0.0151,"lastBolusTime":1703122324018,"time":"2023-12-21T02:22:49.907Z","iobWithZeroTemp":{"iob":0.31,"basaliob":-1.572,"bolussnooze":0.6529,"activity":0.0079,"lastBolusTime":1703122324018,"time":"2023-12-21T02:22:49.907Z"}},{"iob":1.236,"basaliob":-0.524,"bolussnooze":0.5542,"activity":0.015,"lastBolusTime":1703122324018,"time":"2023-12-21T02:27:49.907Z","iobWithZeroTemp":{"iob":0.166,"basaliob":-1.594,"bolussnooze":0.5542,"activity":0.0069,"lastBolusTime":1703122324018,"time":"2023-12-21T02:27:49.907Z"}},{"iob":1.162,"basaliob":-0.48,"bolussnooze":0.4682,"activity":0.0146,"lastBolusTime":1703122324018,"time":"2023-12-21T02:32:49.907Z","iobWithZeroTemp":{"iob":0.026,"basaliob":-1.616,"bolussnooze":0.4682,"activity":0.0056,"lastBolusTime":1703122324018,"time":"2023-12-21T02:32:49.907Z"}},{"iob":1.089,"basaliob":-0.44,"bolussnooze":0.3939,"activity":0.0143,"lastBolusTime":1703122324018,"time":"2023-12-21T02:37:49.907Z","iobWithZeroTemp":{"iob":-0.108,"basaliob":-1.637,"bolussnooze":0.3939,"activity":0.0045,"lastBolusTime":1703122324018,"time":"2023-12-21T02:37:49.907Z"}},{"iob":1.019,"basaliob":-0.402,"bolussnooze":0.3301,"activity":0.0139,"lastBolusTime":1703122324018,"time":"2023-12-21T02:42:49.907Z","iobWithZeroTemp":{"iob":-0.236,"basaliob":-1.657,"bolussnooze":0.3301,"activity":0.0033,"lastBolusTime":1703122324018,"time":"2023-12-21T02:42:49.907Z"}},{"iob":0.951,"basaliob":-0.367,"bolussnooze":0.2756,"activity":0.0133,"lastBolusTime":1703122324018,"time":"2023-12-21T02:47:49.907Z","iobWithZeroTemp":{"iob":-0.357,"basaliob":-1.675,"bolussnooze":0.2756,"activity":0.0019,"lastBolusTime":1703122324018,"time":"2023-12-21T02:47:49.907Z"}},{"iob":0.886,"basaliob":-0.335,"bolussnooze":0.2293,"activity":0.0128,"lastBolusTime":1703122324018,"time":"2023-12-21T02:52:49.907Z","iobWithZeroTemp":{"iob":-0.471,"basaliob":-1.692,"bolussnooze":0.2293,"activity":6.0E-4,"lastBolusTime":1703122324018,"time":"2023-12-21T02:52:49.907Z"}},{"iob":0.823,"basaliob":-0.306,"bolussnooze":0.1902,"activity":0.0121,"lastBolusTime":1703122324018,"time":"2023-12-21T02:57:49.907Z","iobWithZeroTemp":{"iob":-0.58,"basaliob":-1.709,"bolussnooze":0.1902,"activity":-8.0E-4,"lastBolusTime":1703122324018,"time":"2023-12-21T02:57:49.907Z"}},{"iob":0.764,"basaliob":-0.279,"bolussnooze":0.1573,"activity":0.0115,"lastBolusTime":1703122324018,"time":"2023-12-21T03:02:49.907Z","iobWithZeroTemp":{"iob":-0.682,"basaliob":-1.725,"bolussnooze":0.1573,"activity":-0.002,"lastBolusTime":1703122324018,"time":"2023-12-21T03:02:49.907Z"}},{"iob":0.708,"basaliob":-0.254,"bolussnooze":0.1296,"activity":0.0109,"lastBolusTime":1703122324018,"time":"2023-12-21T03:07:49.907Z","iobWithZeroTemp":{"iob":-0.777,"basaliob":-1.739,"bolussnooze":0.1296,"activity":-0.0032,"lastBolusTime":1703122324018,"time":"2023-12-21T03:07:49.907Z"}},{"iob":0.655,"basaliob":-0.231,"bolussnooze":0.1066,"activity":0.0103,"lastBolusTime":1703122324018,"time":"2023-12-21T03:12:49.907Z","iobWithZeroTemp":{"iob":-0.866,"basaliob":-1.752,"bolussnooze":0.1066,"activity":-0.0044,"lastBolusTime":1703122324018,"time":"2023-12-21T03:12:49.907Z"}},{"iob":0.605,"basaliob":-0.21,"bolussnooze":0.0873,"activity":0.0097,"lastBolusTime":1703122324018,"time":"2023-12-21T03:17:49.907Z","iobWithZeroTemp":{"iob":-0.95,"basaliob":-1.765,"bolussnooze":0.0873,"activity":-0.0056,"lastBolusTime":1703122324018,"time":"2023-12-21T03:17:49.907Z"}},{"iob":0.559,"basaliob":-0.191,"bolussnooze":0.0714,"activity":0.009,"lastBolusTime":1703122324018,"time":"2023-12-21T03:22:49.907Z","iobWithZeroTemp":{"iob":-1.027,"basaliob":-1.777,"bolussnooze":0.0714,"activity":-0.0068,"lastBolusTime":1703122324018,"time":"2023-12-21T03:22:49.907Z"}},{"iob":0.515,"basaliob":-0.173,"bolussnooze":0.0582,"activity":0.0084,"lastBolusTime":1703122324018,"time":"2023-12-21T03:27:49.907Z","iobWithZeroTemp":{"iob":-1.099,"basaliob":-1.787,"bolussnooze":0.0582,"activity":-0.0079,"lastBolusTime":1703122324018,"time":"2023-12-21T03:27:49.907Z"}},{"iob":0.474,"basaliob":-0.157,"bolussnooze":0.0473,"activity":0.0079,"lastBolusTime":1703122324018,"time":"2023-12-21T03:32:49.907Z","iobWithZeroTemp":{"iob":-1.166,"basaliob":-1.797,"bolussnooze":0.0473,"activity":-0.0088,"lastBolusTime":1703122324018,"time":"2023-12-21T03:32:49.907Z"}},{"iob":0.436,"basaliob":-0.142,"bolussnooze":0.0383,"activity":0.0074,"lastBolusTime":1703122324018,"time":"2023-12-21T03:37:49.907Z","iobWithZeroTemp":{"iob":-1.228,"basaliob":-1.806,"bolussnooze":0.0383,"activity":-0.0097,"lastBolusTime":1703122324018,"time":"2023-12-21T03:37:49.907Z"}},{"iob":0.4,"basaliob":-0.129,"bolussnooze":0.031,"activity":0.0068,"lastBolusTime":1703122324018,"time":"2023-12-21T03:42:49.907Z","iobWithZeroTemp":{"iob":-1.286,"basaliob":-1.815,"bolussnooze":0.031,"activity":-0.0107,"lastBolusTime":1703122324018,"time":"2023-12-21T03:42:49.907Z"}},{"iob":0.367,"basaliob":-0.117,"bolussnooze":0.025,"activity":0.0064,"lastBolusTime":1703122324018,"time":"2023-12-21T03:47:49.907Z","iobWithZeroTemp":{"iob":-1.339,"basaliob":-1.823,"bolussnooze":0.025,"activity":-0.0114,"lastBolusTime":1703122324018,"time":"2023-12-21T03:47:49.907Z"}},{"iob":0.336,"basaliob":-0.106,"bolussnooze":0.02,"activity":0.0059,"lastBolusTime":1703122324018,"time":"2023-12-21T03:52:49.907Z","iobWithZeroTemp":{"iob":-1.388,"basaliob":-1.83,"bolussnooze":0.02,"activity":-0.0123,"lastBolusTime":1703122324018,"time":"2023-12-21T03:52:49.907Z"}},{"iob":0.309,"basaliob":-0.095,"bolussnooze":0.016,"activity":0.0055,"lastBolusTime":1703122324018,"time":"2023-12-21T03:57:49.907Z","iobWithZeroTemp":{"iob":-1.432,"basaliob":-1.836,"bolussnooze":0.016,"activity":-0.013,"lastBolusTime":1703122324018,"time":"2023-12-21T03:57:49.907Z"}},{"iob":0.282,"basaliob":-0.086,"bolussnooze":0.0128,"activity":0.005,"lastBolusTime":1703122324018,"time":"2023-12-21T04:02:49.907Z","iobWithZeroTemp":{"iob":-1.474,"basaliob":-1.842,"bolussnooze":0.0128,"activity":-0.0138,"lastBolusTime":1703122324018,"time":"2023-12-21T04:02:49.907Z"}},{"iob":0.257,"basaliob":-0.078,"bolussnooze":0.0102,"activity":0.0047,"lastBolusTime":1703122324018,"time":"2023-12-21T04:07:49.907Z","iobWithZeroTemp":{"iob":-1.513,"basaliob":-1.848,"bolussnooze":0.0102,"activity":-0.0143,"lastBolusTime":1703122324018,"time":"2023-12-21T04:07:49.907Z"}},{"iob":0.235,"basaliob":-0.07,"bolussnooze":0.0081,"activity":0.0042,"lastBolusTime":1703122324018,"time":"2023-12-21T04:12:49.907Z","iobWithZeroTemp":{"iob":-1.548,"basaliob":-1.853,"bolussnooze":0.0081,"activity":-0.015,"lastBolusTime":1703122324018,"time":"2023-12-21T04:12:49.907Z"}},{"iob":0.215,"basaliob":-0.063,"bolussnooze":0.0064,"activity":0.004,"lastBolusTime":1703122324018,"time":"2023-12-21T04:17:49.907Z","iobWithZeroTemp":{"iob":-1.58,"basaliob":-1.858,"bolussnooze":0.0064,"activity":-0.0155,"lastBolusTime":1703122324018,"time":"2023-12-21T04:17:49.907Z"}},{"iob":0.196,"basaliob":-0.057,"bolussnooze":0.005,"activity":0.0036,"lastBolusTime":1703122324018,"time":"2023-12-21T04:22:49.907Z","iobWithZeroTemp":{"iob":-1.609,"basaliob":-1.862,"bolussnooze":0.005,"activity":-0.0161,"lastBolusTime":1703122324018,"time":"2023-12-21T04:22:49.907Z"}},{"iob":0.179,"basaliob":-0.051,"bolussnooze":0.0039,"activity":0.0033,"lastBolusTime":1703122324018,"time":"2023-12-21T04:27:49.907Z","iobWithZeroTemp":{"iob":-1.636,"basaliob":-1.866,"bolussnooze":0.0039,"activity":-0.0165,"lastBolusTime":1703122324018,"time":"2023-12-21T04:27:49.907Z"}},{"iob":0.162,"basaliob":-0.046,"bolussnooze":0.003,"activity":0.003,"lastBolusTime":1703122324018,"time":"2023-12-21T04:32:49.907Z","iobWithZeroTemp":{"iob":-1.662,"basaliob":-1.87,"bolussnooze":0.003,"activity":-0.017,"lastBolusTime":1703122324018,"time":"2023-12-21T04:32:49.907Z"}},{"iob":0.148,"basaliob":-0.041,"bolussnooze":0.0024,"activity":0.0028,"lastBolusTime":1703122324018,"time":"2023-12-21T04:37:49.907Z","iobWithZeroTemp":{"iob":-1.684,"basaliob":-1.873,"bolussnooze":0.0024,"activity":-0.0174,"lastBolusTime":1703122324018,"time":"2023-12-21T04:37:49.907Z"}},{"iob":0.134,"basaliob":-0.037,"bolussnooze":0.0018,"activity":0.0026,"lastBolusTime":1703122324018,"time":"2023-12-21T04:42:49.907Z","iobWithZeroTemp":{"iob":-1.705,"basaliob":-1.876,"bolussnooze":0.0018,"activity":-0.0177,"lastBolusTime":1703122324018,"time":"2023-12-21T04:42:49.907Z"}},{"iob":0.122,"basaliob":-0.033,"bolussnooze":0.0014,"activity":0.0024,"lastBolusTime":1703122324018,"time":"2023-12-21T04:47:49.907Z","iobWithZeroTemp":{"iob":-1.723,"basaliob":-1.878,"bolussnooze":0.0014,"activity":-0.018,"lastBolusTime":1703122324018,"time":"2023-12-21T04:47:49.907Z"}},{"iob":0.11,"basaliob":-0.03,"bolussnooze":0.001,"activity":0.0021,"lastBolusTime":1703122324018,"time":"2023-12-21T04:52:49.907Z","iobWithZeroTemp":{"iob":-1.741,"basaliob":-1.881,"bolussnooze":0.001,"activity":-0.0184,"lastBolusTime":1703122324018,"time":"2023-12-21T04:52:49.907Z"}},{"iob":0.1,"basaliob":-0.027,"bolussnooze":8.0E-4,"activity":0.002,"lastBolusTime":1703122324018,"time":"2023-12-21T04:57:49.907Z","iobWithZeroTemp":{"iob":-1.757,"basaliob":-1.884,"bolussnooze":8.0E-4,"activity":-0.0187,"lastBolusTime":1703122324018,"time":"2023-12-21T04:57:49.907Z"}},{"iob":0.091,"basaliob":-0.024,"bolussnooze":6.0E-4,"activity":0.0018,"lastBolusTime":1703122324018,"time":"2023-12-21T05:02:49.907Z","iobWithZeroTemp":{"iob":-1.771,"basaliob":-1.886,"bolussnooze":6.0E-4,"activity":-0.019,"lastBolusTime":1703122324018,"time":"2023-12-21T05:02:49.907Z"}},{"iob":0.082,"basaliob":-0.022,"bolussnooze":4.0E-4,"activity":0.0016,"lastBolusTime":1703122324018,"time":"2023-12-21T05:07:49.907Z","iobWithZeroTemp":{"iob":-1.784,"basaliob":-1.888,"bolussnooze":4.0E-4,"activity":-0.0192,"lastBolusTime":1703122324018,"time":"2023-12-21T05:07:49.907Z"}},{"iob":0.075,"basaliob":-0.019,"bolussnooze":3.0E-4,"activity":0.0015,"lastBolusTime":1703122324018,"time":"2023-12-21T05:12:49.907Z","iobWithZeroTemp":{"iob":-1.795,"basaliob":-1.889,"bolussnooze":3.0E-4,"activity":-0.0194,"lastBolusTime":1703122324018,"time":"2023-12-21T05:12:49.907Z"}},{"iob":0.067,"basaliob":-0.017,"bolussnooze":2.0E-4,"activity":0.0013,"lastBolusTime":1703122324018,"time":"2023-12-21T05:17:49.907Z","iobWithZeroTemp":{"iob":-1.807,"basaliob":-1.891,"bolussnooze":2.0E-4,"activity":-0.0197,"lastBolusTime":1703122324018,"time":"2023-12-21T05:17:49.907Z"}},{"iob":0.061,"basaliob":-0.015,"bolussnooze":1.0E-4,"activity":0.0012,"lastBolusTime":1703122324018,"time":"2023-12-21T05:22:49.907Z","iobWithZeroTemp":{"iob":-1.816,"basaliob":-1.892,"bolussnooze":1.0E-4,"activity":-0.0199,"lastBolusTime":1703122324018,"time":"2023-12-21T05:22:49.907Z"}},{"iob":0.055,"basaliob":-0.014,"bolussnooze":1.0E-4,"activity":0.0011,"lastBolusTime":1703122324018,"time":"2023-12-21T05:27:49.907Z","iobWithZeroTemp":{"iob":-1.825,"basaliob":-1.894,"bolussnooze":1.0E-4,"activity":-0.02,"lastBolusTime":1703122324018,"time":"2023-12-21T05:27:49.907Z"}}],"profile":{"max_iob":20,"type":"current","max_daily_basal":1.6,"max_basal":4.8,"min_bg":81,"max_bg":81,"target_bg":81,"carb_ratio":4.5,"sens":72,"max_daily_safety_multiplier":3,"current_basal_safety_multiplier":4,"high_temptarget_raises_sensitivity":false,"low_temptarget_lowers_sensitivity":false,"sensitivity_raises_target":false,"resistance_lowers_target":false,"adv_target_adjustments":false,"exercise_mode":false,"half_basal_exercise_target":160,"maxCOB":120,"skip_neutral_temps":false,"remainingCarbsCap":90,"enableUAM":true,"A52_risk_enable":false,"SMBInterval":3,"enableSMB_with_COB":false,"enableSMB_with_temptarget":false,"allowSMB_with_high_temptarget":true,"enableSMB_always":true,"enableSMB_after_carbs":false,"maxSMBBasalMinutes":120,"maxUAMSMBBasalMinutes":120,"bolus_increment":0.05,"carbsReqThreshold":1,"current_basal":1.5,"temptargetSet":true,"autosens_max":1.8,"out_units":"mmol\/L"},"autosens_data":{"ratio":1},"meal_data":{"carbs":0,"mealCOB":0,"slopeFromMaxDeviation":0,"slopeFromMinDeviation":1.9383333333333332,"lastBolusTime":1703122324018,"lastCarbTime":0},"microBolusAllowed":true,"currentTime":1703122371650,"flatBGsDetected":false},"output":{"temp":"absolute","bg":94,"tick":"+18","eventualBG":129,"targetBG":81,"insulinReq":0.11,"deliverAt":"2023-12-21T01:32:51.650Z","sensitivityRatio":1,"predBGs":{"IOB":[94,109,121,130,137,142,145,146,146,144,141,137,132,127,121,116,112,107,103,99,95,91,87,84,81,78,76,73,71,69,67,65,63,62,60,59,58,57,56,55,54,53,53,52,51,51,50],"ZT":[94,95,95,93,91,88,85,81,77,74,71,68,66,64,62,61,60,60,60,61,62,64,66,68,71,74,78,81],"UAM":[94,109,122,133,143,151,157,162,167,170,173,175,177,178,178,178,178,177,176,174,172,169,166,163,160,157,155,152,150,148,146,144,142,141,139,138,137,136,135,134,133,132,131,131,130,130,129]},"COB":0,"IOB":1.806,"reason":"COB: 0, Dev: 4.9, BGI: 0.1, ISF: 4.0, CR: 4.5, Target: 4.5, minPredBG 4.9, minGuardBG 6.1, IOBpredBG 2.8, UAMpredBG 7.2; Eventual BG 7.2 >= 4.5,  insulinReq 0.11; setting 30m low temp of 0U\/h. Waiting 2m 12s to microbolus again. ","rate":0,"duration":30,"timestamp":"2023-12-21T01:32:51.767Z"}}