{"algorithm":"OpenAPSSMBPlugin","input":{"glucoseStatus":{"glucose":64,"noise":0,"delta":0,"short_avgdelta":0,"long_avgdelta":1.31,"date":1703086002097},"currenttemp":{"temp":"absolute","duration":10,"rate":0,"minutesrunning":20},"iob_data":[{"iob":-0.633,"basaliob":-0.896,"bolussnooze":0.0065,"activity":-0.0058,"lastBolusTime":1703076907848,"time":"2023-12-20T15:27:04.699Z","iobWithZeroTemp":{"iob":-0.633,"basaliob":-0.896,"bolussnooze":0.0065,"activity":-0.0058,"lastBolusTime":1703076907848,"time":"2023-12-20T15:27:04.699Z"}},{"iob":-0.603,"basaliob":-0.842,"bolussnooze":0.0051,"activity":-0.006,"lastBolusTime":1703076907848,"time":"2023-12-20T15:32:04.699Z","iobWithZeroTemp":{"iob":-0.643,"basaliob":-0.882,"bolussnooze":0.0051,"activity":-0.006,"lastBolusTime":1703076907848,"time":"2023-12-20T15:32:04.699Z"}},{"iob":-0.573,"basaliob":-0.79,"bolussnooze":0.004,"activity":-0.0062,"lastBolusTime":1703076907848,"time":"2023-12-20T15:37:04.699Z","iobWithZeroTemp":{"iob":-0.662,"basaliob":-0.879,"bolussnooze":0.004,"activity":-0.0064,"lastBolusTime":1703076907848,"time":"2023-12-20T15:37:04.699Z"}},{"iob":-0.542,"basaliob":-0.739,"bolussnooze":0.0031,"activity":-0.0061,"lastBolusTime":1703076907848,"time":"2023-12-20T15:42:04.699Z","iobWithZeroTemp":{"iob":-0.68,"basaliob":-0.877,"bolussnooze":0.0031,"activity":-0.0065,"lastBolusTime":1703076907848,"time":"2023-12-20T15:42:04.699Z"}},{"iob":-0.511,"basaliob":-0.689,"bolussnooze":0.0024,"activity":-0.0062,"lastBolusTime":1703076907848,"time":"2023-12-20T15:47:04.699Z","iobWithZeroTemp":{"iob":-0.696,"basaliob":-0.874,"bolussnooze":0.0024,"activity":-0.0069,"lastBolusTime":1703076907848,"time":"2023-12-20T15:47:04.699Z"}},{"iob":-0.481,"basaliob":-0.642,"bolussnooze":0.0018,"activity":-0.006,"lastBolusTime":1703076907848,"time":"2023-12-20T15:52:04.699Z","iobWithZeroTemp":{"iob":-0.712,"basaliob":-0.873,"bolussnooze":0.0018,"activity":-0.007,"lastBolusTime":1703076907848,"time":"2023-12-20T15:52:04.699Z"}},{"iob":-0.451,"basaliob":-0.597,"bolussnooze":0.0014,"activity":-0.0059,"lastBolusTime":1703076907848,"time":"2023-12-20T15:57:04.699Z","iobWithZeroTemp":{"iob":-0.726,"basaliob":-0.872,"bolussnooze":0.0014,"activity":-0.0073,"lastBolusTime":1703076907848,"time":"2023-12-20T15:57:04.699Z"}},{"iob":-0.422,"basaliob":-0.554,"bolussnooze":0.0011,"activity":-0.0057,"lastBolusTime":1703076907848,"time":"2023-12-20T16:02:04.699Z","iobWithZeroTemp":{"iob":-0.739,"basaliob":-0.871,"bolussnooze":0.0011,"activity":-0.0075,"lastBolusTime":1703076907848,"time":"2023-12-20T16:02:04.699Z"}},{"iob":-0.394,"basaliob":-0.513,"bolussnooze":8.0E-4,"activity":-0.0055,"lastBolusTime":1703076907848,"time":"2023-12-20T16:07:04.699Z","iobWithZeroTemp":{"iob":-0.751,"basaliob":-0.87,"bolussnooze":8.0E-4,"activity":-0.0077,"lastBolusTime":1703076907848,"time":"2023-12-20T16:07:04.699Z"}},{"iob":-0.367,"basaliob":-0.475,"bolussnooze":6.0E-4,"activity":-0.0053,"lastBolusTime":1703076907848,"time":"2023-12-20T16:12:04.699Z","iobWithZeroTemp":{"iob":-0.762,"basaliob":-0.87,"bolussnooze":6.0E-4,"activity":-0.0079,"lastBolusTime":1703076907848,"time":"2023-12-20T16:12:04.699Z"}},{"iob":-0.342,"basaliob":-0.439,"bolussnooze":4.0E-4,"activity":-0.005,"lastBolusTime":1703076907848,"time":"2023-12-20T16:17:04.699Z","iobWithZeroTemp":{"iob":-0.773,"basaliob":-0.87,"bolussnooze":4.0E-4,"activity":-0.008,"lastBolusTime":1703076907848,"time":"2023-12-20T16:17:04.699Z"}},{"iob":-0.317,"basaliob":-0.405,"bolussnooze":3.0E-4,"activity":-0.0048,"lastBolusTime":1703076907848,"time":"2023-12-20T16:22:04.699Z","iobWithZeroTemp":{"iob":-0.782,"basaliob":-0.87,"bolussnooze":3.0E-4,"activity":-0.0082,"lastBolusTime":1703076907848,"time":"2023-12-20T16:22:04.699Z"}},{"iob":-0.294,"basaliob":-0.373,"bolussnooze":2.0E-4,"activity":-0.0045,"lastBolusTime":1703076907848,"time":"2023-12-20T16:27:04.699Z","iobWithZeroTemp":{"iob":-0.791,"basaliob":-0.87,"bolussnooze":2.0E-4,"activity":-0.0083,"lastBolusTime":1703076907848,"time":"2023-12-20T16:27:04.699Z"}},{"iob":-0.272,"basaliob":-0.343,"bolussnooze":1.0E-4,"activity":-0.0042,"lastBolusTime":1703076907848,"time":"2023-12-20T16:32:04.699Z","iobWithZeroTemp":{"iob":-0.799,"basaliob":-0.87,"bolussnooze":1.0E-4,"activity":-0.0084,"lastBolusTime":1703076907848,"time":"2023-12-20T16:32:04.699Z"}},{"iob":-0.251,"basaliob":-0.315,"bolussnooze":1.0E-4,"activity":-0.004,"lastBolusTime":1703076907848,"time":"2023-12-20T16:37:04.699Z","iobWithZeroTemp":{"iob":-0.806,"basaliob":-0.87,"bolussnooze":1.0E-4,"activity":-0.0086,"lastBolusTime":1703076907848,"time":"2023-12-20T16:37:04.699Z"}},{"iob":-0.232,"basaliob":-0.29,"bolussnooze":1.0E-4,"activity":-0.0038,"lastBolusTime":1703076907848,"time":"2023-12-20T16:42:04.699Z","iobWithZeroTemp":{"iob":-0.813,"basaliob":-0.871,"bolussnooze":1.0E-4,"activity":-0.0088,"lastBolusTime":1703076907848,"time":"2023-12-20T16:42:04.699Z"}},{"iob":-0.214,"basaliob":-0.266,"bolussnooze":0,"activity":-0.0035,"lastBolusTime":1703076907848,"time":"2023-12-20T16:47:04.699Z","iobWithZeroTemp":{"iob":-0.819,"basaliob":-0.871,"bolussnooze":0,"activity":-0.0088,"lastBolusTime":1703076907848,"time":"2023-12-20T16:47:04.699Z"}},{"iob":-0.197,"basaliob":-0.243,"bolussnooze":0,"activity":-0.0033,"lastBolusTime":1703076907848,"time":"2023-12-20T16:52:04.699Z","iobWithZeroTemp":{"iob":-0.825,"basaliob":-0.871,"bolussnooze":0,"activity":-0.009,"lastBolusTime":1703076907848,"time":"2023-12-20T16:52:04.699Z"}},{"iob":-0.181,"basaliob":-0.223,"bolussnooze":0,"activity":-0.0031,"lastBolusTime":1703076907848,"time":"2023-12-20T16:57:04.699Z","iobWithZeroTemp":{"iob":-0.83,"basaliob":-0.872,"bolussnooze":0,"activity":-0.0091,"lastBolusTime":1703076907848,"time":"2023-12-20T16:57:04.699Z"}},{"iob":-0.167,"basaliob":-0.204,"bolussnooze":0,"activity":-0.0029,"lastBolusTime":1703076907848,"time":"2023-12-20T17:02:04.699Z","iobWithZeroTemp":{"iob":-0.835,"basaliob":-0.872,"bolussnooze":0,"activity":-0.0092,"lastBolusTime":1703076907848,"time":"2023-12-20T17:02:04.699Z"}},{"iob":-0.153,"basaliob":-0.186,"bolussnooze":0,"activity":-0.0027,"lastBolusTime":1703076907848,"time":"2023-12-20T17:07:04.699Z","iobWithZeroTemp":{"iob":-0.839,"basaliob":-0.872,"bolussnooze":0,"activity":-0.0093,"lastBolusTime":1703076907848,"time":"2023-12-20T17:07:04.699Z"}},{"iob":-0.14,"basaliob":-0.17,"bolussnooze":0,"activity":-0.0024,"lastBolusTime":1703076907848,"time":"2023-12-20T17:12:04.699Z","iobWithZeroTemp":{"iob":-0.843,"basaliob":-0.873,"bolussnooze":0,"activity":-0.0092,"lastBolusTime":1703076907848,"time":"2023-12-20T17:12:04.699Z"}},{"iob":-0.128,"basaliob":-0.155,"bolussnooze":0,"activity":-0.0023,"lastBolusTime":1703076907848,"time":"2023-12-20T17:17:04.699Z","iobWithZeroTemp":{"iob":-0.846,"basaliob":-0.873,"bolussnooze":0,"activity":-0.0094,"lastBolusTime":1703076907848,"time":"2023-12-20T17:17:04.699Z"}},{"iob":-0.117,"basaliob":-0.141,"bolussnooze":0,"activity":-0.0021,"lastBolusTime":1703076907848,"time":"2023-12-20T17:22:04.699Z","iobWithZeroTemp":{"iob":-0.849,"basaliob":-0.873,"bolussnooze":0,"activity":-0.0094,"lastBolusTime":1703076907848,"time":"2023-12-20T17:22:04.699Z"}},{"iob":-0.108,"basaliob":-0.129,"bolussnooze":0,"activity":-0.0019,"lastBolusTime":1703076907848,"time":"2023-12-20T17:27:04.699Z","iobWithZeroTemp":{"iob":-0.853,"basaliob":-0.874,"bolussnooze":0,"activity":-0.0094,"lastBolusTime":1703076907848,"time":"2023-12-20T17:27:04.699Z"}},{"iob":-0.098,"basaliob":-0.117,"bolussnooze":0,"activity":-0.0018,"lastBolusTime":1703076907848,"time":"2023-12-20T17:32:04.699Z","iobWithZeroTemp":{"iob":-0.855,"basaliob":-0.874,"bolussnooze":0,"activity":-0.0095,"lastBolusTime":1703076907848,"time":"2023-12-20T17:32:04.699Z"}},{"iob":-0.089,"basaliob":-0.106,"bolussnooze":0,"activity":-0.0016,"lastBolusTime":1703076907848,"time":"2023-12-20T17:37:04.699Z","iobWithZeroTemp":{"iob":-0.857,"basaliob":-0.874,"bolussnooze":0,"activity":-0.0095,"lastBolusTime":1703076907848,"time":"2023-12-20T17:37:04.699Z"}},{"iob":-0.082,"basaliob":-0.097,"bolussnooze":0,"activity":-0.0015,"lastBolusTime":1703076907848,"time":"2023-12-20T17:42:04.699Z","iobWithZeroTemp":{"iob":-0.86,"basaliob":-0.875,"bolussnooze":0,"activity":-0.0096,"lastBolusTime":1703076907848,"time":"2023-12-20T17:42:04.699Z"}},{"iob":-0.075,"basaliob":-0.088,"bolussnooze":0,"activity":-0.0014,"lastBolusTime":1703076907848,"time":"2023-12-20T17:47:04.699Z","iobWithZeroTemp":{"iob":-0.862,"basaliob":-0.875,"bolussnooze":0,"activity":-0.0096,"lastBolusTime":1703076907848,"time":"2023-12-20T17:47:04.699Z"}},{"iob":-0.068,"basaliob":-0.08,"bolussnooze":0,"activity":-0.0013,"lastBolusTime":1703076907848,"time":"2023-12-20T17:52:04.699Z","iobWithZeroTemp":{"iob":-0.864,"basaliob":-0.876,"bolussnooze":0,"activity":-0.0097,"lastBolusTime":1703076907848,"time":"2023-12-20T17:52:04.699Z"}},{"iob":-0.061,"basaliob":-0.072,"bolussnooze":0,"activity":-0.0011,"lastBolusTime":1703076907848,"time":"2023-12-20T17:57:04.699Z","iobWithZeroTemp":{"iob":-0.865,"basaliob":-0.876,"bolussnooze":0,"activity":-0.0096,"lastBolusTime":1703076907848,"time":"2023-12-20T17:57:04.699Z"}},{"iob":-0.056,"basaliob":-0.065,"bolussnooze":0,"activity":-0.0011,"lastBolusTime":1703076907848,"time":"2023-12-20T18:02:04.699Z","iobWithZeroTemp":{"iob":-0.867,"basaliob":-0.876,"bolussnooze":0,"activity":-0.0098,"lastBolusTime":1703076907848,"time":"2023-12-20T18:02:04.699Z"}},{"iob":-0.051,"basaliob":-0.059,"bolussnooze":0,"activity":-0.001,"lastBolusTime":1703076907848,"time":"2023-12-20T18:07:04.699Z","iobWithZeroTemp":{"iob":-0.868,"basaliob":-0.876,"bolussnooze":0,"activity":-0.0098,"lastBolusTime":1703076907848,"time":"2023-12-20T18:07:04.699Z"}},{"iob":-0.046,"basaliob":-0.053,"bolussnooze":0,"activity":-9.0E-4,"lastBolusTime":1703076907848,"time":"2023-12-20T18:12:04.699Z","iobWithZeroTemp":{"iob":-0.869,"basaliob":-0.876,"bolussnooze":0,"activity":-0.0098,"lastBolusTime":1703076907848,"time":"2023-12-20T18:12:04.699Z"}},{"iob":-0.041,"basaliob":-0.048,"bolussnooze":0,"activity":-8.0E-4,"lastBolusTime":1703076907848,"time":"2023-12-20T18:17:04.699Z","iobWithZeroTemp":{"iob":-0.869,"basaliob":-0.876,"bolussnooze":0,"activity":-0.0098,"lastBolusTime":1703076907848,"time":"2023-12-20T18:17:04.699Z"}},{"iob":-0.038,"basaliob":-0.044,"bolussnooze":0,"activity":-8.0E-4,"lastBolusTime":1703076907848,"time":"2023-12-20T18:22:04.699Z","iobWithZeroTemp":{"iob":-0.871,"basaliob":-0.877,"bolussnooze":0,"activity":-0.0099,"lastBolusTime":1703076907848,"time":"2023-12-20T18:22:04.699Z"}},{"iob":-0.034,"basaliob":-0.039,"bolussnooze":0,"activity":-7.0E-4,"lastBolusTime":1703076907848,"time":"2023-12-20T18:27:04.699Z","iobWithZeroTemp":{"iob":-0.872,"basaliob":-0.877,"bolussnooze":0,"activity":-0.0099,"lastBolusTime":1703076907848,"time":"2023-12-20T18:27:04.699Z"}},{"iob":-0.032,"basaliob":-0.036,"bolussnooze":0,"activity":-6.0E-4,"lastBolusTime":1703076907848,"time":"2023-12-20T18:32:04.699Z","iobWithZeroTemp":{"iob":-0.874,"basaliob":-0.878,"bolussnooze":0,"activity":-0.0098,"lastBolusTime":1703076907848,"time":"2023-12-20T18:32:04.699Z"}},{"iob":-0.028,"basaliob":-0.032,"bolussnooze":0,"activity":-6.0E-4,"lastBolusTime":1703076907848,"time":"2023-12-20T18:37:04.699Z","iobWithZeroTemp":{"iob":-0.873,"basaliob":-0.877,"bolussnooze":0,"activity":-0.0099,"lastBolusTime":1703076907848,"time":"2023-12-20T18:37:04.699Z"}},{"iob":-0.026,"basaliob":-0.029,"bolussnooze":0,"activity":-5.0E-4,"lastBolusTime":1703076907848,"time":"2023-12-20T18:42:04.699Z","iobWithZeroTemp":{"iob":-0.875,"basaliob":-0.878,"bolussnooze":0,"activity":-0.0099,"lastBolusTime":1703076907848,"time":"2023-12-20T18:42:04.699Z"}},{"iob":-0.023,"basaliob":-0.026,"bolussnooze":0,"activity":-4.0E-4,"lastBolusTime":1703076907848,"time":"2023-12-20T18:47:04.699Z","iobWithZeroTemp":{"iob":-0.875,"basaliob":-0.878,"bolussnooze":0,"activity":-0.0098,"lastBolusTime":1703076907848,"time":"2023-12-20T18:47:04.699Z"}},{"iob":-0.02,"basaliob":-0.023,"bolussnooze":0,"activity":-4.0E-4,"lastBolusTime":1703076907848,"time":"2023-12-20T18:52:04.699Z","iobWithZeroTemp":{"iob":-0.875,"basaliob":-0.878,"bolussnooze":0,"activity":-0.0099,"lastBolusTime":1703076907848,"time":"2023-12-20T18:52:04.699Z"}},{"iob":-0.019,"basaliob":-0.021,"bolussnooze":0,"activity":-3.0E-4,"lastBolusTime":1703076907848,"time":"2023-12-20T18:57:04.699Z","iobWithZeroTemp":{"iob":-0.876,"basaliob":-0.878,"bolussnooze":0,"activity":-0.0098,"lastBolusTime":1703076907848,"time":"2023-12-20T18:57:04.699Z"}},{"iob":-0.017,"basaliob":-0.019,"bolussnooze":0,"activity":-3.0E-4,"lastBolusTime":1703076907848,"time":"2023-12-20T19:02:04.699Z","iobWithZeroTemp":{"iob":-0.876,"basaliob":-0.878,"bolussnooze":0,"activity":-0.0099,"lastBolusTime":1703076907848,"time":"2023-12-20T19:02:04.699Z"}},{"iob":-0.015,"basaliob":-0.017,"bolussnooze":0,"activity":-4.0E-4,"lastBolusTime":1703076907848,"time":"2023-12-20T19:07:04.699Z","iobWithZeroTemp":{"iob":-0.876,"basaliob":-0.878,"bolussnooze":0,"activity":-0.01,"lastBolusTime":1703076907848,"time":"2023-12-20T19:07:04.699Z"}},{"iob":-0.013,"basaliob":-0.015,"bolussnooze":0,"activity":-3.0E-4,"lastBolusTime":1703076907848,"time":"2023-12-20T19:12:04.699Z","iobWithZeroTemp":{"iob":-0.876,"basaliob":-0.878,"bolussnooze":0,"activity":-0.01,"lastBolusTime":1703076907848,"time":"2023-12-20T19:12:04.699Z"}},{"iob":-0.013,"basaliob":-0.014,"bolussnooze":0,"activity":-3.0E-4,"lastBolusTime":1703076907848,"time":"2023-12-20T19:17:04.699Z","iobWithZeroTemp":{"iob":-0.878,"basaliob":-0.879,"bolussnooze":0,"activity":-0.01,"lastBolusTime":1703076907848,"time":"2023-12-20T19:17:04.699Z"}},{"iob":-0.011,"basaliob":-0.012,"bolussnooze":0,"activity":-3.0E-4,"lastBolusTime":1703076907848,"time":"2023-12-20T19:22:04.699Z","iobWithZeroTemp":{"iob":-0.877,"basaliob":-0.878,"bolussnooze":0,"activity":-0.01,"lastBolusTime":1703076907848,"time":"2023-12-20T19:22:04.699Z"}}],"profile":{"max_iob":20,"type":"current","max_daily_basal":1.6,"max_basal":2.4,"min_bg":111.6,"max_bg":111.6,"target_bg":111.6,"carb_ratio":8,"sens":108,"max_daily_safety_multiplier":3,"current_basal_safety_multiplier":4,"high_temptarget_raises_sensitivity":false,"low_temptarget_lowers_sensitivity":false,"sensitivity_raises_target":false,"resistance_lowers_target":false,"adv_target_adjustments":false,"exercise_mode":false,"half_basal_exercise_target":160,"maxCOB":120,"skip_neutral_temps":false,"remainingCarbsCap":90,"enableUAM":true,"A52_risk_enable":false,"SMBInterval":3,"enableSMB_with_COB":false,"enableSMB_with_temptarget":false,"allowSMB_with_high_temptarget":true,"enableSMB_always":true,"enableSMB_after_carbs":false,"maxSMBBasalMinutes":120,"maxUAMSMBBasalMinutes":120,"bolus_increment":0.05,"carbsReqThreshold":1,"current_basal":0.6,"temptargetSet":true,"autosens_max":1.8,"out_units":"mmol\/L"},"autosens_data":{"ratio":1},"meal_data":{"carbs":35,"mealCOB":0,"slopeFromMaxDeviation":-1.7062000000000002,"slopeFromMinDeviation":0.026333333333333347,"lastBolusTime":1703076907848,"lastCarbTime":1703074649000},"microBolusAllowed":true,"currentTime":1703086027757,"flatBGsDetected":false},"output":{"temp":"absolute","bg":64,"tick":"+0","eventualBG":121,"targetBG":111.6,"insulinReq":0,"deliverAt":"2023-12-20T15:27:07.757Z","sensitivityRatio":1,"predBGs":{"IOB":[64,64,65,66,67,69,70,72,74,77,79,81,84,86,89,91,93,95,97,98,100,101,103,104,105,106,107,108,109,109,110,111,111,112,112,113,113,113,114,114,114,115,115,115,115,115,116],"ZT":[64,67,70,74,77,81,85,89,93,97,101,106,110]},"COB":0,"IOB":-0.633,"reason":"COB: 0, Dev: -0.6, BGI: 0.2, ISF: 6.0, CR: 8, Target: 6.2, minPredBG 4.2, minGuardBG 3.6, IOBpredBG 6.4; minGuardBG 3.6<4.2","duration":30,"rate":0,"timestamp":"2023-12-20T15:27:07.850Z"}}