{"algorithm":"OpenAPSSMBPlugin","input":{"glucoseStatus":{"glucose":98,"noise":0,"delta":-5,"short_avgdelta":-3,"long_avgdelta":3.96,"date":1703116603351},"currenttemp":{"temp":"absolute","duration":55,"rate":0,"minutesrunning":5},"iob_data":[{"iob":1.42,"basaliob":-1.176,"bolussnooze":1.5667,"activity":0.0053,"lastBolusTime":1703115699441,"time":"2023-12-20T23:57:00.785Z","iobWithZeroTemp":{"iob":1.42,"basaliob":-1.176,"bolussnooze":1.5667,"activity":0.0053,"lastBolusTime":1703115699441,"time":"2023-12-20T23:57:00.785Z"}},{"iob":1.388,"basaliob":-1.11,"bolussnooze":1.4038,"activity":0.0073,"lastBolusTime":1703115699441,"time":"2023-12-21T00:02:00.785Z","iobWithZeroTemp":{"iob":1.288,"basaliob":-1.21,"bolussnooze":1.4038,"activity":0.0072,"lastBolusTime":1703115699441,"time":"2023-12-21T00:02:00.785Z"}},{"iob":1.346,"basaliob":-1.045,"bolussnooze":1.2425,"activity":0.009,"lastBolusTime":1703115699441,"time":"2023-12-21T00:07:00.785Z","iobWithZeroTemp":{"iob":1.122,"basaliob":-1.269,"bolussnooze":1.2425,"activity":0.0086,"lastBolusTime":1703115699441,"time":"2023-12-21T00:07:00.785Z"}},{"iob":1.298,"basaliob":-0.981,"bolussnooze":1.0885,"activity":0.0102,"lastBolusTime":1703115699441,"time":"2023-12-21T00:12:00.785Z","iobWithZeroTemp":{"iob":0.953,"basaliob":-1.326,"bolussnooze":1.0885,"activity":0.0092,"lastBolusTime":1703115699441,"time":"2023-12-21T00:12:00.785Z"}},{"iob":1.245,"basaliob":-0.918,"bolussnooze":0.9455,"activity":0.011,"lastBolusTime":1703115699441,"time":"2023-12-21T00:17:00.785Z","iobWithZeroTemp":{"iob":0.781,"basaliob":-1.382,"bolussnooze":0.9455,"activity":0.0093,"lastBolusTime":1703115699441,"time":"2023-12-21T00:17:00.785Z"}},{"iob":1.188,"basaliob":-0.858,"bolussnooze":0.8153,"activity":0.0115,"lastBolusTime":1703115699441,"time":"2023-12-21T00:22:00.785Z","iobWithZeroTemp":{"iob":0.61,"basaliob":-1.436,"bolussnooze":0.8153,"activity":0.0089,"lastBolusTime":1703115699441,"time":"2023-12-21T00:22:00.785Z"}},{"iob":1.131,"basaliob":-0.799,"bolussnooze":0.6986,"activity":0.0118,"lastBolusTime":1703115699441,"time":"2023-12-21T00:27:00.785Z","iobWithZeroTemp":{"iob":0.443,"basaliob":-1.487,"bolussnooze":0.6986,"activity":0.0083,"lastBolusTime":1703115699441,"time":"2023-12-21T00:27:00.785Z"}},{"iob":1.07,"basaliob":-0.744,"bolussnooze":0.5952,"activity":0.012,"lastBolusTime":1703115699441,"time":"2023-12-21T00:32:00.785Z","iobWithZeroTemp":{"iob":0.277,"basaliob":-1.537,"bolussnooze":0.5952,"activity":0.0075,"lastBolusTime":1703115699441,"time":"2023-12-21T00:32:00.785Z"}},{"iob":1.01,"basaliob":-0.691,"bolussnooze":0.5046,"activity":0.012,"lastBolusTime":1703115699441,"time":"2023-12-21T00:37:00.785Z","iobWithZeroTemp":{"iob":0.117,"basaliob":-1.584,"bolussnooze":0.5046,"activity":0.0065,"lastBolusTime":1703115699441,"time":"2023-12-21T00:37:00.785Z"}},{"iob":0.952,"basaliob":-0.64,"bolussnooze":0.4259,"activity":0.0118,"lastBolusTime":1703115699441,"time":"2023-12-21T00:42:00.785Z","iobWithZeroTemp":{"iob":-0.037,"basaliob":-1.629,"bolussnooze":0.4259,"activity":0.0053,"lastBolusTime":1703115699441,"time":"2023-12-21T00:42:00.785Z"}},{"iob":0.893,"basaliob":-0.593,"bolussnooze":0.3579,"activity":0.0116,"lastBolusTime":1703115699441,"time":"2023-12-21T00:47:00.785Z","iobWithZeroTemp":{"iob":-0.185,"basaliob":-1.671,"bolussnooze":0.3579,"activity":0.0041,"lastBolusTime":1703115699441,"time":"2023-12-21T00:47:00.785Z"}},{"iob":0.836,"basaliob":-0.548,"bolussnooze":0.2996,"activity":0.0112,"lastBolusTime":1703115699441,"time":"2023-12-21T00:52:00.785Z","iobWithZeroTemp":{"iob":-0.327,"basaliob":-1.711,"bolussnooze":0.2996,"activity":0.0026,"lastBolusTime":1703115699441,"time":"2023-12-21T00:52:00.785Z"}},{"iob":0.781,"basaliob":-0.506,"bolussnooze":0.25,"activity":0.0107,"lastBolusTime":1703115699441,"time":"2023-12-21T00:57:00.785Z","iobWithZeroTemp":{"iob":-0.462,"basaliob":-1.749,"bolussnooze":0.25,"activity":0.0011,"lastBolusTime":1703115699441,"time":"2023-12-21T00:57:00.785Z"}},{"iob":0.729,"basaliob":-0.466,"bolussnooze":0.2078,"activity":0.0104,"lastBolusTime":1703115699441,"time":"2023-12-21T01:02:00.785Z","iobWithZeroTemp":{"iob":-0.589,"basaliob":-1.784,"bolussnooze":0.2078,"activity":-2.0E-4,"lastBolusTime":1703115699441,"time":"2023-12-21T01:02:00.785Z"}},{"iob":0.678,"basaliob":-0.429,"bolussnooze":0.1722,"activity":0.0099,"lastBolusTime":1703115699441,"time":"2023-12-21T01:07:00.785Z","iobWithZeroTemp":{"iob":-0.709,"basaliob":-1.816,"bolussnooze":0.1722,"activity":-0.0016,"lastBolusTime":1703115699441,"time":"2023-12-21T01:07:00.785Z"}},{"iob":0.63,"basaliob":-0.395,"bolussnooze":0.1423,"activity":0.0093,"lastBolusTime":1703115699441,"time":"2023-12-21T01:12:00.785Z","iobWithZeroTemp":{"iob":-0.823,"basaliob":-1.848,"bolussnooze":0.1423,"activity":-0.0031,"lastBolusTime":1703115699441,"time":"2023-12-21T01:12:00.785Z"}},{"iob":0.584,"basaliob":-0.363,"bolussnooze":0.1172,"activity":0.0089,"lastBolusTime":1703115699441,"time":"2023-12-21T01:17:00.785Z","iobWithZeroTemp":{"iob":-0.929,"basaliob":-1.876,"bolussnooze":0.1172,"activity":-0.0044,"lastBolusTime":1703115699441,"time":"2023-12-21T01:17:00.785Z"}},{"iob":0.541,"basaliob":-0.333,"bolussnooze":0.0963,"activity":0.0084,"lastBolusTime":1703115699441,"time":"2023-12-21T01:22:00.785Z","iobWithZeroTemp":{"iob":-1.029,"basaliob":-1.903,"bolussnooze":0.0963,"activity":-0.0057,"lastBolusTime":1703115699441,"time":"2023-12-21T01:22:00.785Z"}},{"iob":0.5,"basaliob":-0.305,"bolussnooze":0.0789,"activity":0.0079,"lastBolusTime":1703115699441,"time":"2023-12-21T01:27:00.785Z","iobWithZeroTemp":{"iob":-1.122,"basaliob":-1.927,"bolussnooze":0.0789,"activity":-0.007,"lastBolusTime":1703115699441,"time":"2023-12-21T01:27:00.785Z"}},{"iob":0.461,"basaliob":-0.28,"bolussnooze":0.0644,"activity":0.0075,"lastBolusTime":1703115699441,"time":"2023-12-21T01:32:00.785Z","iobWithZeroTemp":{"iob":-1.21,"basaliob":-1.951,"bolussnooze":0.0644,"activity":-0.0082,"lastBolusTime":1703115699441,"time":"2023-12-21T01:32:00.785Z"}},{"iob":0.426,"basaliob":-0.256,"bolussnooze":0.0525,"activity":0.0069,"lastBolusTime":1703115699441,"time":"2023-12-21T01:37:00.785Z","iobWithZeroTemp":{"iob":-1.29,"basaliob":-1.972,"bolussnooze":0.0525,"activity":-0.0095,"lastBolusTime":1703115699441,"time":"2023-12-21T01:37:00.785Z"}},{"iob":0.392,"basaliob":-0.234,"bolussnooze":0.0426,"activity":0.0065,"lastBolusTime":1703115699441,"time":"2023-12-21T01:42:00.785Z","iobWithZeroTemp":{"iob":-1.365,"basaliob":-1.991,"bolussnooze":0.0426,"activity":-0.0105,"lastBolusTime":1703115699441,"time":"2023-12-21T01:42:00.785Z"}},{"iob":0.361,"basaliob":-0.213,"bolussnooze":0.0345,"activity":0.0061,"lastBolusTime":1703115699441,"time":"2023-12-21T01:47:00.785Z","iobWithZeroTemp":{"iob":-1.434,"basaliob":-2.008,"bolussnooze":0.0345,"activity":-0.0116,"lastBolusTime":1703115699441,"time":"2023-12-21T01:47:00.785Z"}},{"iob":0.331,"basaliob":-0.195,"bolussnooze":0.0279,"activity":0.0056,"lastBolusTime":1703115699441,"time":"2023-12-21T01:52:00.785Z","iobWithZeroTemp":{"iob":-1.5,"basaliob":-2.026,"bolussnooze":0.0279,"activity":-0.0126,"lastBolusTime":1703115699441,"time":"2023-12-21T01:52:00.785Z"}},{"iob":0.304,"basaliob":-0.178,"bolussnooze":0.0224,"activity":0.0052,"lastBolusTime":1703115699441,"time":"2023-12-21T01:57:00.785Z","iobWithZeroTemp":{"iob":-1.559,"basaliob":-2.041,"bolussnooze":0.0224,"activity":-0.0136,"lastBolusTime":1703115699441,"time":"2023-12-21T01:57:00.785Z"}},{"iob":0.279,"basaliob":-0.162,"bolussnooze":0.018,"activity":0.0049,"lastBolusTime":1703115699441,"time":"2023-12-21T02:02:00.785Z","iobWithZeroTemp":{"iob":-1.614,"basaliob":-2.055,"bolussnooze":0.018,"activity":-0.0144,"lastBolusTime":1703115699441,"time":"2023-12-21T02:02:00.785Z"}},{"iob":0.256,"basaliob":-0.147,"bolussnooze":0.0144,"activity":0.0045,"lastBolusTime":1703115699441,"time":"2023-12-21T02:07:00.785Z","iobWithZeroTemp":{"iob":-1.648,"basaliob":-2.051,"bolussnooze":0.0144,"activity":-0.0152,"lastBolusTime":1703115699441,"time":"2023-12-21T02:07:00.785Z"}},{"iob":0.234,"basaliob":-0.134,"bolussnooze":0.0115,"activity":0.0041,"lastBolusTime":1703115699441,"time":"2023-12-21T02:12:00.785Z","iobWithZeroTemp":{"iob":-1.679,"basaliob":-2.047,"bolussnooze":0.0115,"activity":-0.016,"lastBolusTime":1703115699441,"time":"2023-12-21T02:12:00.785Z"}},{"iob":0.214,"basaliob":-0.122,"bolussnooze":0.0091,"activity":0.0039,"lastBolusTime":1703115699441,"time":"2023-12-21T02:17:00.785Z","iobWithZeroTemp":{"iob":-1.706,"basaliob":-2.042,"bolussnooze":0.0091,"activity":-0.0166,"lastBolusTime":1703115699441,"time":"2023-12-21T02:17:00.785Z"}},{"iob":0.195,"basaliob":-0.111,"bolussnooze":0.0072,"activity":0.0036,"lastBolusTime":1703115699441,"time":"2023-12-21T02:22:00.785Z","iobWithZeroTemp":{"iob":-1.73,"basaliob":-2.036,"bolussnooze":0.0072,"activity":-0.0171,"lastBolusTime":1703115699441,"time":"2023-12-21T02:22:00.785Z"}},{"iob":0.179,"basaliob":-0.1,"bolussnooze":0.0057,"activity":0.0032,"lastBolusTime":1703115699441,"time":"2023-12-21T02:27:00.785Z","iobWithZeroTemp":{"iob":-1.75,"basaliob":-2.029,"bolussnooze":0.0057,"activity":-0.0178,"lastBolusTime":1703115699441,"time":"2023-12-21T02:27:00.785Z"}},{"iob":0.163,"basaliob":-0.091,"bolussnooze":0.0045,"activity":0.003,"lastBolusTime":1703115699441,"time":"2023-12-21T02:32:00.785Z","iobWithZeroTemp":{"iob":-1.77,"basaliob":-2.024,"bolussnooze":0.0045,"activity":-0.0182,"lastBolusTime":1703115699441,"time":"2023-12-21T02:32:00.785Z"}},{"iob":0.149,"basaliob":-0.082,"bolussnooze":0.0035,"activity":0.0028,"lastBolusTime":1703115699441,"time":"2023-12-21T02:37:00.785Z","iobWithZeroTemp":{"iob":-1.786,"basaliob":-2.017,"bolussnooze":0.0035,"activity":-0.0185,"lastBolusTime":1703115699441,"time":"2023-12-21T02:37:00.785Z"}},{"iob":0.135,"basaliob":-0.075,"bolussnooze":0.0027,"activity":0.0025,"lastBolusTime":1703115699441,"time":"2023-12-21T02:42:00.785Z","iobWithZeroTemp":{"iob":-1.801,"basaliob":-2.011,"bolussnooze":0.0027,"activity":-0.019,"lastBolusTime":1703115699441,"time":"2023-12-21T02:42:00.785Z"}},{"iob":0.123,"basaliob":-0.068,"bolussnooze":0.0021,"activity":0.0023,"lastBolusTime":1703115699441,"time":"2023-12-21T02:47:00.785Z","iobWithZeroTemp":{"iob":-1.814,"basaliob":-2.005,"bolussnooze":0.0021,"activity":-0.0193,"lastBolusTime":1703115699441,"time":"2023-12-21T02:47:00.785Z"}},{"iob":0.112,"basaliob":-0.061,"bolussnooze":0.0016,"activity":0.0022,"lastBolusTime":1703115699441,"time":"2023-12-21T02:52:00.785Z","iobWithZeroTemp":{"iob":-1.826,"basaliob":-1.999,"bolussnooze":0.0016,"activity":-0.0195,"lastBolusTime":1703115699441,"time":"2023-12-21T02:52:00.785Z"}},{"iob":0.102,"basaliob":-0.055,"bolussnooze":0.0012,"activity":0.002,"lastBolusTime":1703115699441,"time":"2023-12-21T02:57:00.785Z","iobWithZeroTemp":{"iob":-1.835,"basaliob":-1.992,"bolussnooze":0.0012,"activity":-0.0197,"lastBolusTime":1703115699441,"time":"2023-12-21T02:57:00.785Z"}},{"iob":0.092,"basaliob":-0.05,"bolussnooze":9.0E-4,"activity":0.0018,"lastBolusTime":1703115699441,"time":"2023-12-21T03:02:00.785Z","iobWithZeroTemp":{"iob":-1.845,"basaliob":-1.987,"bolussnooze":9.0E-4,"activity":-0.02,"lastBolusTime":1703115699441,"time":"2023-12-21T03:02:00.785Z"}},{"iob":0.084,"basaliob":-0.045,"bolussnooze":7.0E-4,"activity":0.0017,"lastBolusTime":1703115699441,"time":"2023-12-21T03:07:00.785Z","iobWithZeroTemp":{"iob":-1.852,"basaliob":-1.981,"bolussnooze":7.0E-4,"activity":-0.0201,"lastBolusTime":1703115699441,"time":"2023-12-21T03:07:00.785Z"}},{"iob":0.075,"basaliob":-0.041,"bolussnooze":5.0E-4,"activity":0.0015,"lastBolusTime":1703115699441,"time":"2023-12-21T03:12:00.785Z","iobWithZeroTemp":{"iob":-1.861,"basaliob":-1.977,"bolussnooze":5.0E-4,"activity":-0.0204,"lastBolusTime":1703115699441,"time":"2023-12-21T03:12:00.785Z"}},{"iob":0.068,"basaliob":-0.037,"bolussnooze":4.0E-4,"activity":0.0013,"lastBolusTime":1703115699441,"time":"2023-12-21T03:17:00.785Z","iobWithZeroTemp":{"iob":-1.867,"basaliob":-1.972,"bolussnooze":4.0E-4,"activity":-0.0206,"lastBolusTime":1703115699441,"time":"2023-12-21T03:17:00.785Z"}},{"iob":0.062,"basaliob":-0.033,"bolussnooze":3.0E-4,"activity":0.0012,"lastBolusTime":1703115699441,"time":"2023-12-21T03:22:00.785Z","iobWithZeroTemp":{"iob":-1.871,"basaliob":-1.966,"bolussnooze":3.0E-4,"activity":-0.0207,"lastBolusTime":1703115699441,"time":"2023-12-21T03:22:00.785Z"}},{"iob":0.056,"basaliob":-0.03,"bolussnooze":2.0E-4,"activity":0.0012,"lastBolusTime":1703115699441,"time":"2023-12-21T03:27:00.785Z","iobWithZeroTemp":{"iob":-1.876,"basaliob":-1.962,"bolussnooze":2.0E-4,"activity":-0.0207,"lastBolusTime":1703115699441,"time":"2023-12-21T03:27:00.785Z"}},{"iob":0.05,"basaliob":-0.027,"bolussnooze":1.0E-4,"activity":0.001,"lastBolusTime":1703115699441,"time":"2023-12-21T03:32:00.785Z","iobWithZeroTemp":{"iob":-1.881,"basaliob":-1.958,"bolussnooze":1.0E-4,"activity":-0.0209,"lastBolusTime":1703115699441,"time":"2023-12-21T03:32:00.785Z"}},{"iob":0.046,"basaliob":-0.024,"bolussnooze":1.0E-4,"activity":0.001,"lastBolusTime":1703115699441,"time":"2023-12-21T03:37:00.785Z","iobWithZeroTemp":{"iob":-1.884,"basaliob":-1.954,"bolussnooze":1.0E-4,"activity":-0.0209,"lastBolusTime":1703115699441,"time":"2023-12-21T03:37:00.785Z"}},{"iob":0.042,"basaliob":-0.021,"bolussnooze":0,"activity":8.0E-4,"lastBolusTime":1703115699441,"time":"2023-12-21T03:42:00.785Z","iobWithZeroTemp":{"iob":-1.886,"basaliob":-1.949,"bolussnooze":0,"activity":-0.0211,"lastBolusTime":1703115699441,"time":"2023-12-21T03:42:00.785Z"}},{"iob":0.038,"basaliob":-0.019,"bolussnooze":0,"activity":8.0E-4,"lastBolusTime":1703115699441,"time":"2023-12-21T03:47:00.785Z","iobWithZeroTemp":{"iob":-1.884,"basaliob":-1.941,"bolussnooze":0,"activity":-0.0211,"lastBolusTime":1703115699441,"time":"2023-12-21T03:47:00.785Z"}},{"iob":0.034,"basaliob":-0.017,"bolussnooze":0,"activity":7.0E-4,"lastBolusTime":1703115699441,"time":"2023-12-21T03:52:00.785Z","iobWithZeroTemp":{"iob":-1.887,"basaliob":-1.938,"bolussnooze":0,"activity":-0.0212,"lastBolusTime":1703115699441,"time":"2023-12-21T03:52:00.785Z"}}],"profile":{"max_iob":20,"type":"current","max_daily_basal":1.6,"max_basal":4.8,"min_bg":81,"max_bg":81,"target_bg":81,"carb_ratio":4.5,"sens":63,"max_daily_safety_multiplier":3,"current_basal_safety_multiplier":4,"high_temptarget_raises_sensitivity":false,"low_temptarget_lowers_sensitivity":false,"sensitivity_raises_target":false,"resistance_lowers_target":false,"adv_target_adjustments":false,"exercise_mode":false,"half_basal_exercise_target":160,"maxCOB":120,"skip_neutral_temps":false,"remainingCarbsCap":90,"enableUAM":true,"A52_risk_enable":false,"SMBInterval":3,"enableSMB_with_COB":false,"enableSMB_with_temptarget":false,"allowSMB_with_high_temptarget":true,"enableSMB_always":true,"enableSMB_after_carbs":false,"maxSMBBasalMinutes":120,"maxUAMSMBBasalMinutes":120,"bolus_increment":0.05,"carbsReqThreshold":1,"current_basal":1.6,"temptargetSet":true,"autosens_max":1.8,"out_units":"mmol\/L"},"autosens_data":{"ratio":1},"meal_data":{"carbs":0,"mealCOB":0,"slopeFromMaxDeviation":-1.8685,"slopeFromMinDeviation":0.752818181818182,"lastBolusTime":1703115699441,"lastCarbTime":0},"microBolusAllowed":true,"currentTime":1703116623135,"flatBGsDetected":false},"output":{"temp":"absolute","bg":98,"tick":-5,"eventualBG":43,"targetBG":81,"insulinReq":0,"deliverAt":"2023-12-20T23:57:03.135Z","sensitivityRatio":1,"predBGs":{"IOB":[98,93,88,83,78,72,67,62,57,52,48,44,41,39],"ZT":[98,96,94,91,88,86,83,80,78,76,74,73,72,72,72,72,73,75,76,79,81]},"COB":0,"IOB":1.42,"reason":"COB: 0, Dev: 1.9, BGI: -0.1, ISF: 3.5, CR: 4.5, Target: 4.5, minPredBG 2.6, minGuardBG -0.4, IOBpredBG 2.2; minGuardBG -0.4<3.4 55m left and 0 ~ req 0U\/hr: no temp required","timestamp":"2023-12-20T23:57:03.230Z"}}