{"algorithm":"OpenAPSSMBPlugin","input":{"glucoseStatus":{"glucose":88,"noise":0,"delta":2,"short_avgdelta":1.39,"long_avgdelta":-0.28,"date":1703098002400},"currenttemp":{"temp":"absolute","duration":0,"rate":0},"iob_data":[{"iob":-0.137,"basaliob":-0.269,"bolussnooze":0,"activity":-0.0012,"lastBolusTime":1703095633882,"time":"2023-12-20T18:47:04.210Z","iobWithZeroTemp":{"iob":-0.137,"basaliob":-0.269,"bolussnooze":0,"activity":-0.0012,"lastBolusTime":1703095633882,"time":"2023-12-20T18:47:04.210Z"}},{"iob":-0.131,"basaliob":-0.253,"bolussnooze":0,"activity":-0.0013,"lastBolusTime":1703095633882,"time":"2023-12-20T18:52:04.210Z","iobWithZeroTemp":{"iob":-0.171,"basaliob":-0.293,"bolussnooze":0,"activity":-0.0013,"lastBolusTime":1703095633882,"time":"2023-12-20T18:52:04.210Z"}},{"iob":-0.125,"basaliob":-0.238,"bolussnooze":0,"activity":-0.0013,"lastBolusTime":1703095633882,"time":"2023-12-20T18:57:04.210Z","iobWithZeroTemp":{"iob":-0.214,"basaliob":-0.327,"bolussnooze":0,"activity":-0.0015,"lastBolusTime":1703095633882,"time":"2023-12-20T18:57:04.210Z"}},{"iob":-0.117,"basaliob":-0.222,"bolussnooze":0,"activity":-0.0013,"lastBolusTime":1703095633882,"time":"2023-12-20T19:02:04.210Z","iobWithZeroTemp":{"iob":-0.255,"basaliob":-0.36,"bolussnooze":0,"activity":-0.0017,"lastBolusTime":1703095633882,"time":"2023-12-20T19:02:04.210Z"}},{"iob":-0.111,"basaliob":-0.208,"bolussnooze":0,"activity":-0.0013,"lastBolusTime":1703095633882,"time":"2023-12-20T19:07:04.210Z","iobWithZeroTemp":{"iob":-0.296,"basaliob":-0.393,"bolussnooze":0,"activity":-0.002,"lastBolusTime":1703095633882,"time":"2023-12-20T19:07:04.210Z"}},{"iob":-0.105,"basaliob":-0.194,"bolussnooze":0,"activity":-0.0013,"lastBolusTime":1703095633882,"time":"2023-12-20T19:12:04.210Z","iobWithZeroTemp":{"iob":-0.336,"basaliob":-0.425,"bolussnooze":0,"activity":-0.0023,"lastBolusTime":1703095633882,"time":"2023-12-20T19:12:04.210Z"}},{"iob":-0.098,"basaliob":-0.18,"bolussnooze":0,"activity":-0.0012,"lastBolusTime":1703095633882,"time":"2023-12-20T19:17:04.210Z","iobWithZeroTemp":{"iob":-0.373,"basaliob":-0.455,"bolussnooze":0,"activity":-0.0026,"lastBolusTime":1703095633882,"time":"2023-12-20T19:17:04.210Z"}},{"iob":-0.091,"basaliob":-0.167,"bolussnooze":0,"activity":-0.0012,"lastBolusTime":1703095633882,"time":"2023-12-20T19:22:04.210Z","iobWithZeroTemp":{"iob":-0.408,"basaliob":-0.484,"bolussnooze":0,"activity":-0.003,"lastBolusTime":1703095633882,"time":"2023-12-20T19:22:04.210Z"}},{"iob":-0.086,"basaliob":-0.155,"bolussnooze":0,"activity":-0.0012,"lastBolusTime":1703095633882,"time":"2023-12-20T19:27:04.210Z","iobWithZeroTemp":{"iob":-0.443,"basaliob":-0.512,"bolussnooze":0,"activity":-0.0034,"lastBolusTime":1703095633882,"time":"2023-12-20T19:27:04.210Z"}},{"iob":-0.079,"basaliob":-0.143,"bolussnooze":0,"activity":-0.0011,"lastBolusTime":1703095633882,"time":"2023-12-20T19:32:04.210Z","iobWithZeroTemp":{"iob":-0.474,"basaliob":-0.538,"bolussnooze":0,"activity":-0.0037,"lastBolusTime":1703095633882,"time":"2023-12-20T19:32:04.210Z"}},{"iob":-0.075,"basaliob":-0.133,"bolussnooze":0,"activity":-0.0011,"lastBolusTime":1703095633882,"time":"2023-12-20T19:37:04.210Z","iobWithZeroTemp":{"iob":-0.506,"basaliob":-0.564,"bolussnooze":0,"activity":-0.0041,"lastBolusTime":1703095633882,"time":"2023-12-20T19:37:04.210Z"}},{"iob":-0.069,"basaliob":-0.122,"bolussnooze":0,"activity":-0.0011,"lastBolusTime":1703095633882,"time":"2023-12-20T19:42:04.210Z","iobWithZeroTemp":{"iob":-0.534,"basaliob":-0.587,"bolussnooze":0,"activity":-0.0045,"lastBolusTime":1703095633882,"time":"2023-12-20T19:42:04.210Z"}},{"iob":-0.064,"basaliob":-0.113,"bolussnooze":0,"activity":-0.001,"lastBolusTime":1703095633882,"time":"2023-12-20T19:47:04.210Z","iobWithZeroTemp":{"iob":-0.561,"basaliob":-0.61,"bolussnooze":0,"activity":-0.0048,"lastBolusTime":1703095633882,"time":"2023-12-20T19:47:04.210Z"}},{"iob":-0.059,"basaliob":-0.104,"bolussnooze":0,"activity":-9.0E-4,"lastBolusTime":1703095633882,"time":"2023-12-20T19:52:04.210Z","iobWithZeroTemp":{"iob":-0.586,"basaliob":-0.631,"bolussnooze":0,"activity":-0.0051,"lastBolusTime":1703095633882,"time":"2023-12-20T19:52:04.210Z"}},{"iob":-0.054,"basaliob":-0.095,"bolussnooze":0,"activity":-9.0E-4,"lastBolusTime":1703095633882,"time":"2023-12-20T19:57:04.210Z","iobWithZeroTemp":{"iob":-0.609,"basaliob":-0.65,"bolussnooze":0,"activity":-0.0055,"lastBolusTime":1703095633882,"time":"2023-12-20T19:57:04.210Z"}},{"iob":-0.051,"basaliob":-0.088,"bolussnooze":0,"activity":-8.0E-4,"lastBolusTime":1703095633882,"time":"2023-12-20T20:02:04.210Z","iobWithZeroTemp":{"iob":-0.632,"basaliob":-0.669,"bolussnooze":0,"activity":-0.0058,"lastBolusTime":1703095633882,"time":"2023-12-20T20:02:04.210Z"}},{"iob":-0.046,"basaliob":-0.08,"bolussnooze":0,"activity":-8.0E-4,"lastBolusTime":1703095633882,"time":"2023-12-20T20:07:04.210Z","iobWithZeroTemp":{"iob":-0.664,"basaliob":-0.698,"bolussnooze":0,"activity":-0.0061,"lastBolusTime":1703095633882,"time":"2023-12-20T20:07:04.210Z"}},{"iob":-0.043,"basaliob":-0.074,"bolussnooze":0,"activity":-7.0E-4,"lastBolusTime":1703095633882,"time":"2023-12-20T20:12:04.210Z","iobWithZeroTemp":{"iob":-0.695,"basaliob":-0.726,"bolussnooze":0,"activity":-0.0064,"lastBolusTime":1703095633882,"time":"2023-12-20T20:12:04.210Z"}},{"iob":-0.039,"basaliob":-0.067,"bolussnooze":0,"activity":-7.0E-4,"lastBolusTime":1703095633882,"time":"2023-12-20T20:17:04.210Z","iobWithZeroTemp":{"iob":-0.724,"basaliob":-0.752,"bolussnooze":0,"activity":-0.0068,"lastBolusTime":1703095633882,"time":"2023-12-20T20:17:04.210Z"}},{"iob":-0.036,"basaliob":-0.062,"bolussnooze":0,"activity":-6.0E-4,"lastBolusTime":1703095633882,"time":"2023-12-20T20:22:04.210Z","iobWithZeroTemp":{"iob":-0.752,"basaliob":-0.778,"bolussnooze":0,"activity":-0.0071,"lastBolusTime":1703095633882,"time":"2023-12-20T20:22:04.210Z"}},{"iob":-0.033,"basaliob":-0.056,"bolussnooze":0,"activity":-6.0E-4,"lastBolusTime":1703095633882,"time":"2023-12-20T20:27:04.210Z","iobWithZeroTemp":{"iob":-0.779,"basaliob":-0.802,"bolussnooze":0,"activity":-0.0074,"lastBolusTime":1703095633882,"time":"2023-12-20T20:27:04.210Z"}},{"iob":-0.03,"basaliob":-0.051,"bolussnooze":0,"activity":-5.0E-4,"lastBolusTime":1703095633882,"time":"2023-12-20T20:32:04.210Z","iobWithZeroTemp":{"iob":-0.803,"basaliob":-0.824,"bolussnooze":0,"activity":-0.0077,"lastBolusTime":1703095633882,"time":"2023-12-20T20:32:04.210Z"}},{"iob":-0.028,"basaliob":-0.047,"bolussnooze":0,"activity":-5.0E-4,"lastBolusTime":1703095633882,"time":"2023-12-20T20:37:04.210Z","iobWithZeroTemp":{"iob":-0.827,"basaliob":-0.846,"bolussnooze":0,"activity":-0.008,"lastBolusTime":1703095633882,"time":"2023-12-20T20:37:04.210Z"}},{"iob":-0.026,"basaliob":-0.043,"bolussnooze":0,"activity":-5.0E-4,"lastBolusTime":1703095633882,"time":"2023-12-20T20:42:04.210Z","iobWithZeroTemp":{"iob":-0.849,"basaliob":-0.866,"bolussnooze":0,"activity":-0.0084,"lastBolusTime":1703095633882,"time":"2023-12-20T20:42:04.210Z"}},{"iob":-0.023,"basaliob":-0.039,"bolussnooze":0,"activity":-4.0E-4,"lastBolusTime":1703095633882,"time":"2023-12-20T20:47:04.210Z","iobWithZeroTemp":{"iob":-0.868,"basaliob":-0.884,"bolussnooze":0,"activity":-0.0086,"lastBolusTime":1703095633882,"time":"2023-12-20T20:47:04.210Z"}},{"iob":-0.021,"basaliob":-0.035,"bolussnooze":0,"activity":-4.0E-4,"lastBolusTime":1703095633882,"time":"2023-12-20T20:52:04.210Z","iobWithZeroTemp":{"iob":-0.895,"basaliob":-0.909,"bolussnooze":0,"activity":-0.009,"lastBolusTime":1703095633882,"time":"2023-12-20T20:52:04.210Z"}},{"iob":-0.019,"basaliob":-0.032,"bolussnooze":0,"activity":-3.0E-4,"lastBolusTime":1703095633882,"time":"2023-12-20T20:57:04.210Z","iobWithZeroTemp":{"iob":-0.912,"basaliob":-0.925,"bolussnooze":0,"activity":-0.0092,"lastBolusTime":1703095633882,"time":"2023-12-20T20:57:04.210Z"}},{"iob":-0.017,"basaliob":-0.029,"bolussnooze":0,"activity":-4.0E-4,"lastBolusTime":1703095633882,"time":"2023-12-20T21:02:04.210Z","iobWithZeroTemp":{"iob":-0.928,"basaliob":-0.94,"bolussnooze":0,"activity":-0.0095,"lastBolusTime":1703095633882,"time":"2023-12-20T21:02:04.210Z"}},{"iob":-0.016,"basaliob":-0.027,"bolussnooze":0,"activity":-3.0E-4,"lastBolusTime":1703095633882,"time":"2023-12-20T21:07:04.210Z","iobWithZeroTemp":{"iob":-0.988,"basaliob":-0.999,"bolussnooze":0,"activity":-0.0098,"lastBolusTime":1703095633882,"time":"2023-12-20T21:07:04.210Z"}},{"iob":-0.014,"basaliob":-0.024,"bolussnooze":0,"activity":-3.0E-4,"lastBolusTime":1703095633882,"time":"2023-12-20T21:12:04.210Z","iobWithZeroTemp":{"iob":-1.046,"basaliob":-1.056,"bolussnooze":0,"activity":-0.0101,"lastBolusTime":1703095633882,"time":"2023-12-20T21:12:04.210Z"}},{"iob":-0.013,"basaliob":-0.022,"bolussnooze":0,"activity":-2.0E-4,"lastBolusTime":1703095633882,"time":"2023-12-20T21:17:04.210Z","iobWithZeroTemp":{"iob":-1.103,"basaliob":-1.112,"bolussnooze":0,"activity":-0.0105,"lastBolusTime":1703095633882,"time":"2023-12-20T21:17:04.210Z"}},{"iob":-0.012,"basaliob":-0.02,"bolussnooze":0,"activity":-2.0E-4,"lastBolusTime":1703095633882,"time":"2023-12-20T21:22:04.210Z","iobWithZeroTemp":{"iob":-1.158,"basaliob":-1.166,"bolussnooze":0,"activity":-0.011,"lastBolusTime":1703095633882,"time":"2023-12-20T21:22:04.210Z"}},{"iob":-0.011,"basaliob":-0.018,"bolussnooze":0,"activity":-3.0E-4,"lastBolusTime":1703095633882,"time":"2023-12-20T21:27:04.210Z","iobWithZeroTemp":{"iob":-1.21,"basaliob":-1.217,"bolussnooze":0,"activity":-0.0116,"lastBolusTime":1703095633882,"time":"2023-12-20T21:27:04.210Z"}},{"iob":-0.01,"basaliob":-0.016,"bolussnooze":0,"activity":-2.0E-4,"lastBolusTime":1703095633882,"time":"2023-12-20T21:32:04.210Z","iobWithZeroTemp":{"iob":-1.259,"basaliob":-1.265,"bolussnooze":0,"activity":-0.012,"lastBolusTime":1703095633882,"time":"2023-12-20T21:32:04.210Z"}},{"iob":-0.009,"basaliob":-0.015,"bolussnooze":0,"activity":-2.0E-4,"lastBolusTime":1703095633882,"time":"2023-12-20T21:37:04.210Z","iobWithZeroTemp":{"iob":-1.306,"basaliob":-1.312,"bolussnooze":0,"activity":-0.0125,"lastBolusTime":1703095633882,"time":"2023-12-20T21:37:04.210Z"}},{"iob":-0.008,"basaliob":-0.013,"bolussnooze":0,"activity":-2.0E-4,"lastBolusTime":1703095633882,"time":"2023-12-20T21:42:04.210Z","iobWithZeroTemp":{"iob":-1.35,"basaliob":-1.355,"bolussnooze":0,"activity":-0.013,"lastBolusTime":1703095633882,"time":"2023-12-20T21:42:04.210Z"}},{"iob":-0.007,"basaliob":-0.012,"bolussnooze":0,"activity":-1.0E-4,"lastBolusTime":1703095633882,"time":"2023-12-20T21:47:04.210Z","iobWithZeroTemp":{"iob":-1.392,"basaliob":-1.397,"bolussnooze":0,"activity":-0.0135,"lastBolusTime":1703095633882,"time":"2023-12-20T21:47:04.210Z"}},{"iob":-0.007,"basaliob":-0.011,"bolussnooze":0,"activity":-1.0E-4,"lastBolusTime":1703095633882,"time":"2023-12-20T21:52:04.210Z","iobWithZeroTemp":{"iob":-1.432,"basaliob":-1.436,"bolussnooze":0,"activity":-0.014,"lastBolusTime":1703095633882,"time":"2023-12-20T21:52:04.210Z"}},{"iob":-0.006,"basaliob":-0.01,"bolussnooze":0,"activity":-1.0E-4,"lastBolusTime":1703095633882,"time":"2023-12-20T21:57:04.210Z","iobWithZeroTemp":{"iob":-1.469,"basaliob":-1.473,"bolussnooze":0,"activity":-0.0145,"lastBolusTime":1703095633882,"time":"2023-12-20T21:57:04.210Z"}},{"iob":-0.006,"basaliob":-0.009,"bolussnooze":0,"activity":-1.0E-4,"lastBolusTime":1703095633882,"time":"2023-12-20T22:02:04.210Z","iobWithZeroTemp":{"iob":-1.504,"basaliob":-1.507,"bolussnooze":0,"activity":-0.015,"lastBolusTime":1703095633882,"time":"2023-12-20T22:02:04.210Z"}},{"iob":-0.005,"basaliob":-0.008,"bolussnooze":0,"activity":-1.0E-4,"lastBolusTime":1703095633882,"time":"2023-12-20T22:07:04.210Z","iobWithZeroTemp":{"iob":-1.552,"basaliob":-1.555,"bolussnooze":0,"activity":-0.0154,"lastBolusTime":1703095633882,"time":"2023-12-20T22:07:04.210Z"}},{"iob":-0.004,"basaliob":-0.007,"bolussnooze":0,"activity":-1.0E-4,"lastBolusTime":1703095633882,"time":"2023-12-20T22:12:04.210Z","iobWithZeroTemp":{"iob":-1.598,"basaliob":-1.601,"bolussnooze":0,"activity":-0.0159,"lastBolusTime":1703095633882,"time":"2023-12-20T22:12:04.210Z"}},{"iob":-0.004,"basaliob":-0.006,"bolussnooze":0,"activity":0,"lastBolusTime":1703095633882,"time":"2023-12-20T22:17:04.210Z","iobWithZeroTemp":{"iob":-1.643,"basaliob":-1.645,"bolussnooze":0,"activity":-0.0163,"lastBolusTime":1703095633882,"time":"2023-12-20T22:17:04.210Z"}},{"iob":-0.004,"basaliob":-0.006,"bolussnooze":0,"activity":-1.0E-4,"lastBolusTime":1703095633882,"time":"2023-12-20T22:22:04.210Z","iobWithZeroTemp":{"iob":-1.685,"basaliob":-1.687,"bolussnooze":0,"activity":-0.0169,"lastBolusTime":1703095633882,"time":"2023-12-20T22:22:04.210Z"}},{"iob":-0.003,"basaliob":-0.005,"bolussnooze":0,"activity":-1.0E-4,"lastBolusTime":1703095633882,"time":"2023-12-20T22:27:04.210Z","iobWithZeroTemp":{"iob":-1.723,"basaliob":-1.725,"bolussnooze":0,"activity":-0.0174,"lastBolusTime":1703095633882,"time":"2023-12-20T22:27:04.210Z"}},{"iob":-0.003,"basaliob":-0.005,"bolussnooze":0,"activity":-1.0E-4,"lastBolusTime":1703095633882,"time":"2023-12-20T22:32:04.210Z","iobWithZeroTemp":{"iob":-1.778,"basaliob":-1.78,"bolussnooze":0,"activity":-0.0182,"lastBolusTime":1703095633882,"time":"2023-12-20T22:32:04.210Z"}},{"iob":-0.002,"basaliob":-0.004,"bolussnooze":0,"activity":-1.0E-4,"lastBolusTime":1703095633882,"time":"2023-12-20T22:37:04.210Z","iobWithZeroTemp":{"iob":-1.81,"basaliob":-1.812,"bolussnooze":0,"activity":-0.0186,"lastBolusTime":1703095633882,"time":"2023-12-20T22:37:04.210Z"}},{"iob":-0.003,"basaliob":-0.004,"bolussnooze":0,"activity":-1.0E-4,"lastBolusTime":1703095633882,"time":"2023-12-20T22:42:04.210Z","iobWithZeroTemp":{"iob":-1.842,"basaliob":-1.843,"bolussnooze":0,"activity":-0.0191,"lastBolusTime":1703095633882,"time":"2023-12-20T22:42:04.210Z"}}],"profile":{"max_iob":20,"type":"current","max_daily_basal":1.6,"max_basal":2.4,"min_bg":90,"max_bg":90,"target_bg":90,"carb_ratio":4.5,"sens":90,"max_daily_safety_multiplier":3,"current_basal_safety_multiplier":4,"high_temptarget_raises_sensitivity":false,"low_temptarget_lowers_sensitivity":false,"sensitivity_raises_target":false,"resistance_lowers_target":false,"adv_target_adjustments":false,"exercise_mode":false,"half_basal_exercise_target":160,"maxCOB":120,"skip_neutral_temps":false,"remainingCarbsCap":90,"enableUAM":true,"A52_risk_enable":false,"SMBInterval":3,"enableSMB_with_COB":false,"enableSMB_with_temptarget":false,"allowSMB_with_high_temptarget":true,"enableSMB_always":true,"enableSMB_after_carbs":false,"maxSMBBasalMinutes":120,"maxUAMSMBBasalMinutes":120,"bolus_increment":0.05,"carbsReqThreshold":1,"current_basal":0.6,"temptargetSet":false,"autosens_max":1.8,"out_units":"mmol\/L"},"autosens_data":{"ratio":1},"meal_data":{"carbs":0,"mealCOB":0,"slopeFromMaxDeviation":-0.2444285714285714,"slopeFromMinDeviation":0.6330000000000001,"lastBolusTime":1703095633882,"lastCarbTime":0},"microBolusAllowed":true,"currentTime":1703098027034,"flatBGsDetected":false},"output":{"temp":"absolute","bg":88,"tick":"+2","eventualBG":105,"targetBG":90,"insulinReq":0.12,"deliverAt":"2023-12-20T18:47:07.034Z","sensitivityRatio":1,"predBGs":{"IOB":[88,89,91,92,93,94,95,96,97,97,98,99,99,99,100,100,101,101,101,102,102,102,102,103,103,103,103,103,104,104,104,104,104,104,104,104,104,104,104,105],"ZT":[88,89,89,90,91,91,93],"UAM":[88,89,90,91,91,92,92,93,94,94,95,95,96,96,96,97,97,98,98,98,98,99,99,99,99,100,100,100,100,100,100,100,101]},"COB":0,"IOB":-0.137,"reason":"COB: 0, Dev: 0.3, BGI: 0.0, ISF: 5.0, CR: 4.5, Target: 5.0, minPredBG 5.6, minGuardBG 4.9, IOBpredBG 5.8, UAMpredBG 5.6; Eventual BG 5.8 >= 5.0,  insulinReq 0.12. Microbolusing 0.05U. no temp, setting 0.84U\/hr. ","units":0.05,"duration":30,"rate":0.84,"timestamp":"2023-12-20T18:47:07.216Z"}}