{"algorithm":"OpenAPSSMBPlugin","input":{"glucoseStatus":{"glucose":108,"noise":0,"delta":-5,"short_avgdelta":-3.11,"long_avgdelta":1.83,"date":1703151104853},"currenttemp":{"temp":"absolute","duration":115,"rate":0,"minutesrunning":5},"iob_data":[{"iob":3.832,"basaliob":-0.983,"bolussnooze":2.858,"activity":0.0347,"lastBolusTime":1703150345373,"time":"2023-12-21T09:32:02.875Z","iobWithZeroTemp":{"iob":3.832,"basaliob":-0.983,"bolussnooze":2.858,"activity":0.0347,"lastBolusTime":1703150345373,"time":"2023-12-21T09:32:02.875Z"}},{"iob":3.655,"basaliob":-0.926,"bolussnooze":2.5166,"activity":0.0362,"lastBolusTime":1703150345373,"time":"2023-12-21T09:37:02.875Z","iobWithZeroTemp":{"iob":3.588,"basaliob":-0.993,"bolussnooze":2.5166,"activity":0.0361,"lastBolusTime":1703150345373,"time":"2023-12-21T09:37:02.875Z"}},{"iob":3.471,"basaliob":-0.87,"bolussnooze":2.1954,"activity":0.037,"lastBolusTime":1703150345373,"time":"2023-12-21T09:42:02.875Z","iobWithZeroTemp":{"iob":3.322,"basaliob":-1.019,"bolussnooze":2.1954,"activity":0.0367,"lastBolusTime":1703150345373,"time":"2023-12-21T09:42:02.875Z"}},{"iob":3.286,"basaliob":-0.815,"bolussnooze":1.9001,"activity":0.0373,"lastBolusTime":1703150345373,"time":"2023-12-21T09:47:02.875Z","iobWithZeroTemp":{"iob":3.056,"basaliob":-1.045,"bolussnooze":1.9001,"activity":0.0366,"lastBolusTime":1703150345373,"time":"2023-12-21T09:47:02.875Z"}},{"iob":3.099,"basaliob":-0.762,"bolussnooze":1.6332,"activity":0.0371,"lastBolusTime":1703150345373,"time":"2023-12-21T09:52:02.875Z","iobWithZeroTemp":{"iob":2.79,"basaliob":-1.071,"bolussnooze":1.6332,"activity":0.036,"lastBolusTime":1703150345373,"time":"2023-12-21T09:52:02.875Z"}},{"iob":2.915,"basaliob":-0.711,"bolussnooze":1.3954,"activity":0.0365,"lastBolusTime":1703150345373,"time":"2023-12-21T09:57:02.875Z","iobWithZeroTemp":{"iob":2.53,"basaliob":-1.096,"bolussnooze":1.3954,"activity":0.0348,"lastBolusTime":1703150345373,"time":"2023-12-21T09:57:02.875Z"}},{"iob":2.735,"basaliob":-0.662,"bolussnooze":1.1859,"activity":0.0356,"lastBolusTime":1703150345373,"time":"2023-12-21T10:02:02.875Z","iobWithZeroTemp":{"iob":2.276,"basaliob":-1.121,"bolussnooze":1.1859,"activity":0.0333,"lastBolusTime":1703150345373,"time":"2023-12-21T10:02:02.875Z"}},{"iob":2.56,"basaliob":-0.615,"bolussnooze":1.003,"activity":0.0345,"lastBolusTime":1703150345373,"time":"2023-12-21T10:07:02.875Z","iobWithZeroTemp":{"iob":2.039,"basaliob":-1.136,"bolussnooze":1.003,"activity":0.0315,"lastBolusTime":1703150345373,"time":"2023-12-21T10:07:02.875Z"}},{"iob":2.39,"basaliob":-0.571,"bolussnooze":0.8446,"activity":0.0332,"lastBolusTime":1703150345373,"time":"2023-12-21T10:12:02.875Z","iobWithZeroTemp":{"iob":1.811,"basaliob":-1.15,"bolussnooze":0.8446,"activity":0.0296,"lastBolusTime":1703150345373,"time":"2023-12-21T10:12:02.875Z"}},{"iob":2.227,"basaliob":-0.529,"bolussnooze":0.7084,"activity":0.0318,"lastBolusTime":1703150345373,"time":"2023-12-21T10:17:02.875Z","iobWithZeroTemp":{"iob":1.592,"basaliob":-1.164,"bolussnooze":0.7084,"activity":0.0275,"lastBolusTime":1703150345373,"time":"2023-12-21T10:17:02.875Z"}},{"iob":2.071,"basaliob":-0.489,"bolussnooze":0.5919,"activity":0.0304,"lastBolusTime":1703150345373,"time":"2023-12-21T10:22:02.875Z","iobWithZeroTemp":{"iob":1.391,"basaliob":-1.169,"bolussnooze":0.5919,"activity":0.0255,"lastBolusTime":1703150345373,"time":"2023-12-21T10:22:02.875Z"}},{"iob":1.923,"basaliob":-0.452,"bolussnooze":0.4929,"activity":0.0288,"lastBolusTime":1703150345373,"time":"2023-12-21T10:27:02.875Z","iobWithZeroTemp":{"iob":1.194,"basaliob":-1.181,"bolussnooze":0.4929,"activity":0.0233,"lastBolusTime":1703150345373,"time":"2023-12-21T10:27:02.875Z"}},{"iob":1.782,"basaliob":-0.417,"bolussnooze":0.4091,"activity":0.0273,"lastBolusTime":1703150345373,"time":"2023-12-21T10:32:02.875Z","iobWithZeroTemp":{"iob":1.007,"basaliob":-1.192,"bolussnooze":0.4091,"activity":0.0212,"lastBolusTime":1703150345373,"time":"2023-12-21T10:32:02.875Z"}},{"iob":1.65,"basaliob":-0.384,"bolussnooze":0.3385,"activity":0.0257,"lastBolusTime":1703150345373,"time":"2023-12-21T10:37:02.875Z","iobWithZeroTemp":{"iob":0.832,"basaliob":-1.202,"bolussnooze":0.3385,"activity":0.019,"lastBolusTime":1703150345373,"time":"2023-12-21T10:37:02.875Z"}},{"iob":1.525,"basaliob":-0.353,"bolussnooze":0.2792,"activity":0.0243,"lastBolusTime":1703150345373,"time":"2023-12-21T10:42:02.875Z","iobWithZeroTemp":{"iob":0.666,"basaliob":-1.212,"bolussnooze":0.2792,"activity":0.0171,"lastBolusTime":1703150345373,"time":"2023-12-21T10:42:02.875Z"}},{"iob":1.408,"basaliob":-0.324,"bolussnooze":0.2296,"activity":0.0228,"lastBolusTime":1703150345373,"time":"2023-12-21T10:47:02.875Z","iobWithZeroTemp":{"iob":0.512,"basaliob":-1.22,"bolussnooze":0.2296,"activity":0.015,"lastBolusTime":1703150345373,"time":"2023-12-21T10:47:02.875Z"}},{"iob":1.297,"basaliob":-0.298,"bolussnooze":0.1883,"activity":0.0213,"lastBolusTime":1703150345373,"time":"2023-12-21T10:52:02.875Z","iobWithZeroTemp":{"iob":0.366,"basaliob":-1.229,"bolussnooze":0.1883,"activity":0.013,"lastBolusTime":1703150345373,"time":"2023-12-21T10:52:02.875Z"}},{"iob":1.195,"basaliob":-0.273,"bolussnooze":0.154,"activity":0.0198,"lastBolusTime":1703150345373,"time":"2023-12-21T10:57:02.875Z","iobWithZeroTemp":{"iob":0.232,"basaliob":-1.236,"bolussnooze":0.154,"activity":0.011,"lastBolusTime":1703150345373,"time":"2023-12-21T10:57:02.875Z"}},{"iob":1.099,"basaliob":-0.25,"bolussnooze":0.1255,"activity":0.0185,"lastBolusTime":1703150345373,"time":"2023-12-21T11:02:02.875Z","iobWithZeroTemp":{"iob":0.106,"basaliob":-1.243,"bolussnooze":0.1255,"activity":0.0093,"lastBolusTime":1703150345373,"time":"2023-12-21T11:02:02.875Z"}},{"iob":1.009,"basaliob":-0.229,"bolussnooze":0.1021,"activity":0.0172,"lastBolusTime":1703150345373,"time":"2023-12-21T11:07:02.875Z","iobWithZeroTemp":{"iob":-0.004,"basaliob":-1.242,"bolussnooze":0.1021,"activity":0.0075,"lastBolusTime":1703150345373,"time":"2023-12-21T11:07:02.875Z"}},{"iob":0.926,"basaliob":-0.209,"bolussnooze":0.0827,"activity":0.016,"lastBolusTime":1703150345373,"time":"2023-12-21T11:12:02.875Z","iobWithZeroTemp":{"iob":-0.104,"basaliob":-1.239,"bolussnooze":0.0827,"activity":0.0059,"lastBolusTime":1703150345373,"time":"2023-12-21T11:12:02.875Z"}},{"iob":0.849,"basaliob":-0.191,"bolussnooze":0.0669,"activity":0.0148,"lastBolusTime":1703150345373,"time":"2023-12-21T11:17:02.875Z","iobWithZeroTemp":{"iob":-0.197,"basaliob":-1.237,"bolussnooze":0.0669,"activity":0.0044,"lastBolusTime":1703150345373,"time":"2023-12-21T11:17:02.875Z"}},{"iob":0.778,"basaliob":-0.174,"bolussnooze":0.0539,"activity":0.0138,"lastBolusTime":1703150345373,"time":"2023-12-21T11:22:02.875Z","iobWithZeroTemp":{"iob":-0.282,"basaliob":-1.234,"bolussnooze":0.0539,"activity":0.0031,"lastBolusTime":1703150345373,"time":"2023-12-21T11:22:02.875Z"}},{"iob":0.711,"basaliob":-0.159,"bolussnooze":0.0433,"activity":0.0128,"lastBolusTime":1703150345373,"time":"2023-12-21T11:27:02.875Z","iobWithZeroTemp":{"iob":-0.361,"basaliob":-1.231,"bolussnooze":0.0433,"activity":0.0018,"lastBolusTime":1703150345373,"time":"2023-12-21T11:27:02.875Z"}},{"iob":0.65,"basaliob":-0.145,"bolussnooze":0.0347,"activity":0.0117,"lastBolusTime":1703150345373,"time":"2023-12-21T11:32:02.875Z","iobWithZeroTemp":{"iob":-0.434,"basaliob":-1.229,"bolussnooze":0.0347,"activity":5.0E-4,"lastBolusTime":1703150345373,"time":"2023-12-21T11:32:02.875Z"}},{"iob":0.594,"basaliob":-0.132,"bolussnooze":0.0277,"activity":0.0108,"lastBolusTime":1703150345373,"time":"2023-12-21T11:37:02.875Z","iobWithZeroTemp":{"iob":-0.5,"basaliob":-1.226,"bolussnooze":0.0277,"activity":-7.0E-4,"lastBolusTime":1703150345373,"time":"2023-12-21T11:37:02.875Z"}},{"iob":0.542,"basaliob":-0.12,"bolussnooze":0.022,"activity":0.0099,"lastBolusTime":1703150345373,"time":"2023-12-21T11:42:02.875Z","iobWithZeroTemp":{"iob":-0.561,"basaliob":-1.223,"bolussnooze":0.022,"activity":-0.0018,"lastBolusTime":1703150345373,"time":"2023-12-21T11:42:02.875Z"}},{"iob":0.494,"basaliob":-0.109,"bolussnooze":0.0174,"activity":0.0092,"lastBolusTime":1703150345373,"time":"2023-12-21T11:47:02.875Z","iobWithZeroTemp":{"iob":-0.617,"basaliob":-1.22,"bolussnooze":0.0174,"activity":-0.0026,"lastBolusTime":1703150345373,"time":"2023-12-21T11:47:02.875Z"}},{"iob":0.45,"basaliob":-0.099,"bolussnooze":0.0138,"activity":0.0084,"lastBolusTime":1703150345373,"time":"2023-12-21T11:52:02.875Z","iobWithZeroTemp":{"iob":-0.668,"basaliob":-1.217,"bolussnooze":0.0138,"activity":-0.0036,"lastBolusTime":1703150345373,"time":"2023-12-21T11:52:02.875Z"}},{"iob":0.41,"basaliob":-0.09,"bolussnooze":0.0108,"activity":0.0077,"lastBolusTime":1703150345373,"time":"2023-12-21T11:57:02.875Z","iobWithZeroTemp":{"iob":-0.714,"basaliob":-1.214,"bolussnooze":0.0108,"activity":-0.0045,"lastBolusTime":1703150345373,"time":"2023-12-21T11:57:02.875Z"}},{"iob":0.373,"basaliob":-0.081,"bolussnooze":0.0084,"activity":0.0071,"lastBolusTime":1703150345373,"time":"2023-12-21T12:02:02.875Z","iobWithZeroTemp":{"iob":-0.757,"basaliob":-1.211,"bolussnooze":0.0084,"activity":-0.0052,"lastBolusTime":1703150345373,"time":"2023-12-21T12:02:02.875Z"}},{"iob":0.339,"basaliob":-0.074,"bolussnooze":0.0066,"activity":0.0065,"lastBolusTime":1703150345373,"time":"2023-12-21T12:07:02.875Z","iobWithZeroTemp":{"iob":-0.796,"basaliob":-1.209,"bolussnooze":0.0066,"activity":-0.0059,"lastBolusTime":1703150345373,"time":"2023-12-21T12:07:02.875Z"}},{"iob":0.308,"basaliob":-0.067,"bolussnooze":0.0051,"activity":0.006,"lastBolusTime":1703150345373,"time":"2023-12-21T12:12:02.875Z","iobWithZeroTemp":{"iob":-0.827,"basaliob":-1.202,"bolussnooze":0.0051,"activity":-0.0064,"lastBolusTime":1703150345373,"time":"2023-12-21T12:12:02.875Z"}},{"iob":0.28,"basaliob":-0.06,"bolussnooze":0.0039,"activity":0.0055,"lastBolusTime":1703150345373,"time":"2023-12-21T12:17:02.875Z","iobWithZeroTemp":{"iob":-0.859,"basaliob":-1.199,"bolussnooze":0.0039,"activity":-0.007,"lastBolusTime":1703150345373,"time":"2023-12-21T12:17:02.875Z"}},{"iob":0.253,"basaliob":-0.055,"bolussnooze":0.003,"activity":0.005,"lastBolusTime":1703150345373,"time":"2023-12-21T12:22:02.875Z","iobWithZeroTemp":{"iob":-0.89,"basaliob":-1.198,"bolussnooze":0.003,"activity":-0.0076,"lastBolusTime":1703150345373,"time":"2023-12-21T12:22:02.875Z"}},{"iob":0.23,"basaliob":-0.049,"bolussnooze":0.0022,"activity":0.0045,"lastBolusTime":1703150345373,"time":"2023-12-21T12:27:02.875Z","iobWithZeroTemp":{"iob":-0.916,"basaliob":-1.195,"bolussnooze":0.0022,"activity":-0.0082,"lastBolusTime":1703150345373,"time":"2023-12-21T12:27:02.875Z"}},{"iob":0.208,"basaliob":-0.045,"bolussnooze":0.0017,"activity":0.0042,"lastBolusTime":1703150345373,"time":"2023-12-21T12:32:02.875Z","iobWithZeroTemp":{"iob":-0.941,"basaliob":-1.194,"bolussnooze":0.0017,"activity":-0.0086,"lastBolusTime":1703150345373,"time":"2023-12-21T12:32:02.875Z"}},{"iob":0.189,"basaliob":-0.04,"bolussnooze":0.0012,"activity":0.0038,"lastBolusTime":1703150345373,"time":"2023-12-21T12:37:02.875Z","iobWithZeroTemp":{"iob":-0.963,"basaliob":-1.192,"bolussnooze":0.0012,"activity":-0.009,"lastBolusTime":1703150345373,"time":"2023-12-21T12:37:02.875Z"}},{"iob":0.171,"basaliob":-0.036,"bolussnooze":9.0E-4,"activity":0.0034,"lastBolusTime":1703150345373,"time":"2023-12-21T12:42:02.875Z","iobWithZeroTemp":{"iob":-0.983,"basaliob":-1.19,"bolussnooze":9.0E-4,"activity":-0.0095,"lastBolusTime":1703150345373,"time":"2023-12-21T12:42:02.875Z"}},{"iob":0.154,"basaliob":-0.033,"bolussnooze":7.0E-4,"activity":0.0031,"lastBolusTime":1703150345373,"time":"2023-12-21T12:47:02.875Z","iobWithZeroTemp":{"iob":-1.003,"basaliob":-1.19,"bolussnooze":7.0E-4,"activity":-0.0098,"lastBolusTime":1703150345373,"time":"2023-12-21T12:47:02.875Z"}},{"iob":0.14,"basaliob":-0.029,"bolussnooze":5.0E-4,"activity":0.0029,"lastBolusTime":1703150345373,"time":"2023-12-21T12:52:02.875Z","iobWithZeroTemp":{"iob":-1.018,"basaliob":-1.187,"bolussnooze":5.0E-4,"activity":-0.0101,"lastBolusTime":1703150345373,"time":"2023-12-21T12:52:02.875Z"}},{"iob":0.126,"basaliob":-0.026,"bolussnooze":3.0E-4,"activity":0.0025,"lastBolusTime":1703150345373,"time":"2023-12-21T12:57:02.875Z","iobWithZeroTemp":{"iob":-1.034,"basaliob":-1.186,"bolussnooze":3.0E-4,"activity":-0.0105,"lastBolusTime":1703150345373,"time":"2023-12-21T12:57:02.875Z"}},{"iob":0.113,"basaliob":-0.024,"bolussnooze":2.0E-4,"activity":0.0024,"lastBolusTime":1703150345373,"time":"2023-12-21T13:02:02.875Z","iobWithZeroTemp":{"iob":-1.049,"basaliob":-1.186,"bolussnooze":2.0E-4,"activity":-0.0107,"lastBolusTime":1703150345373,"time":"2023-12-21T13:02:02.875Z"}},{"iob":0.102,"basaliob":-0.021,"bolussnooze":1.0E-4,"activity":0.0021,"lastBolusTime":1703150345373,"time":"2023-12-21T13:07:02.875Z","iobWithZeroTemp":{"iob":-1.053,"basaliob":-1.176,"bolussnooze":1.0E-4,"activity":-0.011,"lastBolusTime":1703150345373,"time":"2023-12-21T13:07:02.875Z"}},{"iob":0.092,"basaliob":-0.019,"bolussnooze":1.0E-4,"activity":0.0019,"lastBolusTime":1703150345373,"time":"2023-12-21T13:12:02.875Z","iobWithZeroTemp":{"iob":-1.056,"basaliob":-1.167,"bolussnooze":1.0E-4,"activity":-0.0112,"lastBolusTime":1703150345373,"time":"2023-12-21T13:12:02.875Z"}},{"iob":0.083,"basaliob":-0.017,"bolussnooze":1.0E-4,"activity":0.0017,"lastBolusTime":1703150345373,"time":"2023-12-21T13:17:02.875Z","iobWithZeroTemp":{"iob":-1.058,"basaliob":-1.158,"bolussnooze":1.0E-4,"activity":-0.0114,"lastBolusTime":1703150345373,"time":"2023-12-21T13:17:02.875Z"}},{"iob":0.075,"basaliob":-0.015,"bolussnooze":0,"activity":0.0016,"lastBolusTime":1703150345373,"time":"2023-12-21T13:22:02.875Z","iobWithZeroTemp":{"iob":-1.059,"basaliob":-1.149,"bolussnooze":0,"activity":-0.0114,"lastBolusTime":1703150345373,"time":"2023-12-21T13:22:02.875Z"}},{"iob":0.067,"basaliob":-0.014,"bolussnooze":0,"activity":0.0014,"lastBolusTime":1703150345373,"time":"2023-12-21T13:27:02.875Z","iobWithZeroTemp":{"iob":-1.06,"basaliob":-1.141,"bolussnooze":0,"activity":-0.0116,"lastBolusTime":1703150345373,"time":"2023-12-21T13:27:02.875Z"}}],"profile":{"max_iob":20,"type":"current","max_daily_basal":1.6,"max_basal":4,"min_bg":81,"max_bg":81,"target_bg":81,"carb_ratio":6,"sens":81,"max_daily_safety_multiplier":3,"current_basal_safety_multiplier":4,"high_temptarget_raises_sensitivity":false,"low_temptarget_lowers_sensitivity":false,"sensitivity_raises_target":false,"resistance_lowers_target":false,"adv_target_adjustments":false,"exercise_mode":false,"half_basal_exercise_target":160,"maxCOB":120,"skip_neutral_temps":false,"remainingCarbsCap":90,"enableUAM":true,"A52_risk_enable":false,"SMBInterval":3,"enableSMB_with_COB":false,"enableSMB_with_temptarget":false,"allowSMB_with_high_temptarget":true,"enableSMB_always":true,"enableSMB_after_carbs":false,"maxSMBBasalMinutes":120,"maxUAMSMBBasalMinutes":120,"bolus_increment":0.05,"carbsReqThreshold":1,"current_basal":1,"temptargetSet":true,"autosens_max":1.8,"out_units":"mmol\/L"},"autosens_data":{"ratio":1},"meal_data":{"carbs":20,"mealCOB":10.703055555555558,"slopeFromMaxDeviation":-0.5264999999999995,"slopeFromMinDeviation":1.7625454545454549,"lastBolusTime":1703150345373,"lastCarbTime":1703147012000},"microBolusAllowed":true,"currentTime":1703151125305,"flatBGsDetected":false},"output":{"temp":"absolute","bg":108,"tick":-5,"eventualBG":39,"targetBG":81,"insulinReq":0,"deliverAt":"2023-12-21T09:32:05.305Z","sensitivityRatio":1,"predBGs":{"IOB":[108,102,95,87,78,68,58,47,39,39,39,39,39],"ZT":[108,94,79,64,50,39,39,39,39,39,39,39,39,39,39,39,39,39,39,39,39,39,39,39,39,39,39,39,39,39,39,39,39,39,39,39,39,39,39,39,39,39,39,39,39,39,39,39],"COB":[108,103,97,90,83,75,68,61,53,47,40,39,39],"UAM":[108,102,96,88,80,71,62,52,43,39,39,39,39]},"COB":10.703055555555558,"IOB":3.832,"reason":"COB: 10.7, Dev: 3.0, BGI: -0.8, ISF: 4.5, CR: 6, Target: 4.5, minPredBG -5.5, minGuardBG -5.4, IOBpredBG 2.2, COBpredBG 2.2, UAMpredBG 2.2; 10 add'l carbs req w\/in 40m; minGuardBG -5.4<3.4 115m left and 0 ~ req 0U\/hr: no temp required","carbsReq":10,"carbsReqWithin":40,"timestamp":"2023-12-21T09:32:05.436Z"}}