{"algorithm":"OpenAPSSMBPlugin","input":{"glucoseStatus":{"glucose":81,"noise":0,"delta":11,"short_avgdelta":8.78,"long_avgdelta":2.55,"date":1703048802315},"currenttemp":{"temp":"absolute","duration":25,"rate":3.2,"minutesrunning":5},"iob_data":[{"iob":-0.077,"basaliob":-1.51,"bolussnooze":0.0184,"activity":-0.0015,"lastBolusTime":1703048540379,"time":"2023-12-20T05:07:00.855Z","iobWithZeroTemp":{"iob":-0.077,"basaliob":-1.51,"bolussnooze":0.0184,"activity":-0.0015,"lastBolusTime":1703048540379,"time":"2023-12-20T05:07:00.855Z"}},{"iob":-0.069,"basaliob":-1.415,"bolussnooze":0.0148,"activity":-0.0013,"lastBolusTime":1703048540379,"time":"2023-12-20T05:12:00.855Z","iobWithZeroTemp":{"iob":-0.156,"basaliob":-1.502,"bolussnooze":0.0148,"activity":-0.0014,"lastBolusTime":1703048540379,"time":"2023-12-20T05:12:00.855Z"}},{"iob":-0.063,"basaliob":-1.323,"bolussnooze":0.012,"activity":-0.0012,"lastBolusTime":1703048540379,"time":"2023-12-20T05:17:00.855Z","iobWithZeroTemp":{"iob":-0.257,"basaliob":-1.517,"bolussnooze":0.012,"activity":-0.0016,"lastBolusTime":1703048540379,"time":"2023-12-20T05:17:00.855Z"}},{"iob":-0.058,"basaliob":-1.235,"bolussnooze":0.0096,"activity":-0.0011,"lastBolusTime":1703048540379,"time":"2023-12-20T05:22:00.855Z","iobWithZeroTemp":{"iob":-0.357,"basaliob":-1.534,"bolussnooze":0.0096,"activity":-0.002,"lastBolusTime":1703048540379,"time":"2023-12-20T05:22:00.855Z"}},{"iob":-0.053,"basaliob":-1.15,"bolussnooze":0.0077,"activity":-0.001,"lastBolusTime":1703048540379,"time":"2023-12-20T05:27:00.855Z","iobWithZeroTemp":{"iob":-0.455,"basaliob":-1.552,"bolussnooze":0.0077,"activity":-0.0025,"lastBolusTime":1703048540379,"time":"2023-12-20T05:27:00.855Z"}},{"iob":-0.048,"basaliob":-1.069,"bolussnooze":0.0061,"activity":-9.0E-4,"lastBolusTime":1703048540379,"time":"2023-12-20T05:32:00.855Z","iobWithZeroTemp":{"iob":-0.549,"basaliob":-1.57,"bolussnooze":0.0061,"activity":-0.0031,"lastBolusTime":1703048540379,"time":"2023-12-20T05:32:00.855Z"}},{"iob":-0.044,"basaliob":-0.992,"bolussnooze":0.0049,"activity":-8.0E-4,"lastBolusTime":1703048540379,"time":"2023-12-20T05:37:00.855Z","iobWithZeroTemp":{"iob":-0.64,"basaliob":-1.588,"bolussnooze":0.0049,"activity":-0.0038,"lastBolusTime":1703048540379,"time":"2023-12-20T05:37:00.855Z"}},{"iob":-0.04,"basaliob":-0.919,"bolussnooze":0.0039,"activity":-8.0E-4,"lastBolusTime":1703048540379,"time":"2023-12-20T05:42:00.855Z","iobWithZeroTemp":{"iob":-0.727,"basaliob":-1.606,"bolussnooze":0.0039,"activity":-0.0047,"lastBolusTime":1703048540379,"time":"2023-12-20T05:42:00.855Z"}},{"iob":-0.036,"basaliob":-0.85,"bolussnooze":0.003,"activity":-7.0E-4,"lastBolusTime":1703048540379,"time":"2023-12-20T05:47:00.855Z","iobWithZeroTemp":{"iob":-0.81,"basaliob":-1.624,"bolussnooze":0.003,"activity":-0.0054,"lastBolusTime":1703048540379,"time":"2023-12-20T05:47:00.855Z"}},{"iob":-0.033,"basaliob":-0.785,"bolussnooze":0.0024,"activity":-6.0E-4,"lastBolusTime":1703048540379,"time":"2023-12-20T05:52:00.855Z","iobWithZeroTemp":{"iob":-0.89,"basaliob":-1.642,"bolussnooze":0.0024,"activity":-0.0062,"lastBolusTime":1703048540379,"time":"2023-12-20T05:52:00.855Z"}},{"iob":-0.03,"basaliob":-0.724,"bolussnooze":0.0019,"activity":-6.0E-4,"lastBolusTime":1703048540379,"time":"2023-12-20T05:57:00.855Z","iobWithZeroTemp":{"iob":-0.965,"basaliob":-1.659,"bolussnooze":0.0019,"activity":-0.0071,"lastBolusTime":1703048540379,"time":"2023-12-20T05:57:00.855Z"}},{"iob":-0.027,"basaliob":-0.667,"bolussnooze":0.0014,"activity":-5.0E-4,"lastBolusTime":1703048540379,"time":"2023-12-20T06:02:00.855Z","iobWithZeroTemp":{"iob":-1.035,"basaliob":-1.675,"bolussnooze":0.0014,"activity":-0.0079,"lastBolusTime":1703048540379,"time":"2023-12-20T06:02:00.855Z"}},{"iob":-0.025,"basaliob":-0.614,"bolussnooze":0.0011,"activity":-5.0E-4,"lastBolusTime":1703048540379,"time":"2023-12-20T06:07:00.855Z","iobWithZeroTemp":{"iob":-1.098,"basaliob":-1.687,"bolussnooze":0.0011,"activity":-0.0088,"lastBolusTime":1703048540379,"time":"2023-12-20T06:07:00.855Z"}},{"iob":-0.022,"basaliob":-0.564,"bolussnooze":9.0E-4,"activity":-4.0E-4,"lastBolusTime":1703048540379,"time":"2023-12-20T06:12:00.855Z","iobWithZeroTemp":{"iob":-1.156,"basaliob":-1.698,"bolussnooze":9.0E-4,"activity":-0.0095,"lastBolusTime":1703048540379,"time":"2023-12-20T06:12:00.855Z"}},{"iob":-0.021,"basaliob":-0.518,"bolussnooze":7.0E-4,"activity":-4.0E-4,"lastBolusTime":1703048540379,"time":"2023-12-20T06:17:00.855Z","iobWithZeroTemp":{"iob":-1.211,"basaliob":-1.708,"bolussnooze":7.0E-4,"activity":-0.0103,"lastBolusTime":1703048540379,"time":"2023-12-20T06:17:00.855Z"}},{"iob":-0.019,"basaliob":-0.475,"bolussnooze":5.0E-4,"activity":-4.0E-4,"lastBolusTime":1703048540379,"time":"2023-12-20T06:22:00.855Z","iobWithZeroTemp":{"iob":-1.262,"basaliob":-1.718,"bolussnooze":5.0E-4,"activity":-0.0111,"lastBolusTime":1703048540379,"time":"2023-12-20T06:22:00.855Z"}},{"iob":-0.017,"basaliob":-0.435,"bolussnooze":4.0E-4,"activity":-4.0E-4,"lastBolusTime":1703048540379,"time":"2023-12-20T06:27:00.855Z","iobWithZeroTemp":{"iob":-1.309,"basaliob":-1.727,"bolussnooze":4.0E-4,"activity":-0.0118,"lastBolusTime":1703048540379,"time":"2023-12-20T06:27:00.855Z"}},{"iob":-0.015,"basaliob":-0.398,"bolussnooze":3.0E-4,"activity":-3.0E-4,"lastBolusTime":1703048540379,"time":"2023-12-20T06:32:00.855Z","iobWithZeroTemp":{"iob":-1.352,"basaliob":-1.735,"bolussnooze":3.0E-4,"activity":-0.0124,"lastBolusTime":1703048540379,"time":"2023-12-20T06:32:00.855Z"}},{"iob":-0.014,"basaliob":-0.364,"bolussnooze":2.0E-4,"activity":-2.0E-4,"lastBolusTime":1703048540379,"time":"2023-12-20T06:37:00.855Z","iobWithZeroTemp":{"iob":-1.393,"basaliob":-1.743,"bolussnooze":2.0E-4,"activity":-0.013,"lastBolusTime":1703048540379,"time":"2023-12-20T06:37:00.855Z"}},{"iob":-0.013,"basaliob":-0.333,"bolussnooze":1.0E-4,"activity":-2.0E-4,"lastBolusTime":1703048540379,"time":"2023-12-20T06:42:00.855Z","iobWithZeroTemp":{"iob":-1.431,"basaliob":-1.751,"bolussnooze":1.0E-4,"activity":-0.0136,"lastBolusTime":1703048540379,"time":"2023-12-20T06:42:00.855Z"}},{"iob":-0.012,"basaliob":-0.304,"bolussnooze":1.0E-4,"activity":-3.0E-4,"lastBolusTime":1703048540379,"time":"2023-12-20T06:47:00.855Z","iobWithZeroTemp":{"iob":-1.463,"basaliob":-1.755,"bolussnooze":1.0E-4,"activity":-0.0142,"lastBolusTime":1703048540379,"time":"2023-12-20T06:47:00.855Z"}},{"iob":-0.01,"basaliob":-0.277,"bolussnooze":1.0E-4,"activity":-2.0E-4,"lastBolusTime":1703048540379,"time":"2023-12-20T06:52:00.855Z","iobWithZeroTemp":{"iob":-1.494,"basaliob":-1.761,"bolussnooze":1.0E-4,"activity":-0.0147,"lastBolusTime":1703048540379,"time":"2023-12-20T06:52:00.855Z"}},{"iob":-0.01,"basaliob":-0.253,"bolussnooze":0,"activity":-2.0E-4,"lastBolusTime":1703048540379,"time":"2023-12-20T06:57:00.855Z","iobWithZeroTemp":{"iob":-1.524,"basaliob":-1.767,"bolussnooze":0,"activity":-0.0152,"lastBolusTime":1703048540379,"time":"2023-12-20T06:57:00.855Z"}},{"iob":-0.009,"basaliob":-0.23,"bolussnooze":0,"activity":-1.0E-4,"lastBolusTime":1703048540379,"time":"2023-12-20T07:02:00.855Z","iobWithZeroTemp":{"iob":-1.552,"basaliob":-1.773,"bolussnooze":0,"activity":-0.0156,"lastBolusTime":1703048540379,"time":"2023-12-20T07:02:00.855Z"}},{"iob":-0.008,"basaliob":-0.209,"bolussnooze":0,"activity":-2.0E-4,"lastBolusTime":1703048540379,"time":"2023-12-20T07:07:00.855Z","iobWithZeroTemp":{"iob":-1.572,"basaliob":-1.773,"bolussnooze":0,"activity":-0.0161,"lastBolusTime":1703048540379,"time":"2023-12-20T07:07:00.855Z"}},{"iob":-0.007,"basaliob":-0.19,"bolussnooze":0,"activity":-1.0E-4,"lastBolusTime":1703048540379,"time":"2023-12-20T07:12:00.855Z","iobWithZeroTemp":{"iob":-1.591,"basaliob":-1.774,"bolussnooze":0,"activity":-0.0164,"lastBolusTime":1703048540379,"time":"2023-12-20T07:12:00.855Z"}},{"iob":-0.007,"basaliob":-0.173,"bolussnooze":0,"activity":-1.0E-4,"lastBolusTime":1703048540379,"time":"2023-12-20T07:17:00.855Z","iobWithZeroTemp":{"iob":-1.609,"basaliob":-1.775,"bolussnooze":0,"activity":-0.0167,"lastBolusTime":1703048540379,"time":"2023-12-20T07:17:00.855Z"}},{"iob":-0.006,"basaliob":-0.157,"bolussnooze":0,"activity":-1.0E-4,"lastBolusTime":1703048540379,"time":"2023-12-20T07:22:00.855Z","iobWithZeroTemp":{"iob":-1.624,"basaliob":-1.775,"bolussnooze":0,"activity":-0.0171,"lastBolusTime":1703048540379,"time":"2023-12-20T07:22:00.855Z"}},{"iob":-0.005,"basaliob":-0.142,"bolussnooze":0,"activity":-1.0E-4,"lastBolusTime":1703048540379,"time":"2023-12-20T07:27:00.855Z","iobWithZeroTemp":{"iob":-1.637,"basaliob":-1.774,"bolussnooze":0,"activity":-0.0174,"lastBolusTime":1703048540379,"time":"2023-12-20T07:27:00.855Z"}},{"iob":-0.005,"basaliob":-0.129,"bolussnooze":0,"activity":-1.0E-4,"lastBolusTime":1703048540379,"time":"2023-12-20T07:32:00.855Z","iobWithZeroTemp":{"iob":-1.65,"basaliob":-1.774,"bolussnooze":0,"activity":-0.0176,"lastBolusTime":1703048540379,"time":"2023-12-20T07:32:00.855Z"}},{"iob":-0.005,"basaliob":-0.117,"bolussnooze":0,"activity":-1.0E-4,"lastBolusTime":1703048540379,"time":"2023-12-20T07:37:00.855Z","iobWithZeroTemp":{"iob":-1.662,"basaliob":-1.774,"bolussnooze":0,"activity":-0.0179,"lastBolusTime":1703048540379,"time":"2023-12-20T07:37:00.855Z"}},{"iob":-0.004,"basaliob":-0.106,"bolussnooze":0,"activity":-1.0E-4,"lastBolusTime":1703048540379,"time":"2023-12-20T07:42:00.855Z","iobWithZeroTemp":{"iob":-1.672,"basaliob":-1.774,"bolussnooze":0,"activity":-0.0181,"lastBolusTime":1703048540379,"time":"2023-12-20T07:42:00.855Z"}},{"iob":-0.004,"basaliob":-0.096,"bolussnooze":0,"activity":0,"lastBolusTime":1703048540379,"time":"2023-12-20T07:47:00.855Z","iobWithZeroTemp":{"iob":-1.681,"basaliob":-1.773,"bolussnooze":0,"activity":-0.0182,"lastBolusTime":1703048540379,"time":"2023-12-20T07:47:00.855Z"}},{"iob":-0.003,"basaliob":-0.086,"bolussnooze":0,"activity":-1.0E-4,"lastBolusTime":1703048540379,"time":"2023-12-20T07:52:00.855Z","iobWithZeroTemp":{"iob":-1.689,"basaliob":-1.772,"bolussnooze":0,"activity":-0.0185,"lastBolusTime":1703048540379,"time":"2023-12-20T07:52:00.855Z"}},{"iob":-0.003,"basaliob":-0.078,"bolussnooze":0,"activity":-1.0E-4,"lastBolusTime":1703048540379,"time":"2023-12-20T07:57:00.855Z","iobWithZeroTemp":{"iob":-1.697,"basaliob":-1.772,"bolussnooze":0,"activity":-0.0186,"lastBolusTime":1703048540379,"time":"2023-12-20T07:57:00.855Z"}},{"iob":-0.002,"basaliob":-0.07,"bolussnooze":0,"activity":0,"lastBolusTime":1703048540379,"time":"2023-12-20T08:02:00.855Z","iobWithZeroTemp":{"iob":-1.702,"basaliob":-1.77,"bolussnooze":0,"activity":-0.0187,"lastBolusTime":1703048540379,"time":"2023-12-20T08:02:00.855Z"}},{"iob":-0.003,"basaliob":-0.064,"bolussnooze":0,"activity":0,"lastBolusTime":1703048540379,"time":"2023-12-20T08:07:00.855Z","iobWithZeroTemp":{"iob":-1.701,"basaliob":-1.762,"bolussnooze":0,"activity":-0.0188,"lastBolusTime":1703048540379,"time":"2023-12-20T08:07:00.855Z"}},{"iob":-0.002,"basaliob":-0.057,"bolussnooze":0,"activity":0,"lastBolusTime":1703048540379,"time":"2023-12-20T08:12:00.855Z","iobWithZeroTemp":{"iob":-1.698,"basaliob":-1.753,"bolussnooze":0,"activity":-0.0189,"lastBolusTime":1703048540379,"time":"2023-12-20T08:12:00.855Z"}},{"iob":-0.002,"basaliob":-0.052,"bolussnooze":0,"activity":-1.0E-4,"lastBolusTime":1703048540379,"time":"2023-12-20T08:17:00.855Z","iobWithZeroTemp":{"iob":-1.695,"basaliob":-1.745,"bolussnooze":0,"activity":-0.0191,"lastBolusTime":1703048540379,"time":"2023-12-20T08:17:00.855Z"}},{"iob":-0.001,"basaliob":-0.046,"bolussnooze":0,"activity":-1.0E-4,"lastBolusTime":1703048540379,"time":"2023-12-20T08:22:00.855Z","iobWithZeroTemp":{"iob":-1.691,"basaliob":-1.736,"bolussnooze":0,"activity":-0.0191,"lastBolusTime":1703048540379,"time":"2023-12-20T08:22:00.855Z"}},{"iob":-0.002,"basaliob":-0.042,"bolussnooze":0,"activity":0,"lastBolusTime":1703048540379,"time":"2023-12-20T08:27:00.855Z","iobWithZeroTemp":{"iob":-1.688,"basaliob":-1.728,"bolussnooze":0,"activity":-0.0191,"lastBolusTime":1703048540379,"time":"2023-12-20T08:27:00.855Z"}},{"iob":-0.002,"basaliob":-0.038,"bolussnooze":0,"activity":0,"lastBolusTime":1703048540379,"time":"2023-12-20T08:32:00.855Z","iobWithZeroTemp":{"iob":-1.685,"basaliob":-1.721,"bolussnooze":0,"activity":-0.0191,"lastBolusTime":1703048540379,"time":"2023-12-20T08:32:00.855Z"}},{"iob":-0.002,"basaliob":-0.034,"bolussnooze":0,"activity":0,"lastBolusTime":1703048540379,"time":"2023-12-20T08:37:00.855Z","iobWithZeroTemp":{"iob":-1.679,"basaliob":-1.711,"bolussnooze":0,"activity":-0.0191,"lastBolusTime":1703048540379,"time":"2023-12-20T08:37:00.855Z"}},{"iob":-0.001,"basaliob":-0.03,"bolussnooze":0,"activity":-1.0E-4,"lastBolusTime":1703048540379,"time":"2023-12-20T08:42:00.855Z","iobWithZeroTemp":{"iob":-1.675,"basaliob":-1.704,"bolussnooze":0,"activity":-0.0192,"lastBolusTime":1703048540379,"time":"2023-12-20T08:42:00.855Z"}},{"iob":-0.001,"basaliob":-0.027,"bolussnooze":0,"activity":0,"lastBolusTime":1703048540379,"time":"2023-12-20T08:47:00.855Z","iobWithZeroTemp":{"iob":-1.671,"basaliob":-1.697,"bolussnooze":0,"activity":-0.0191,"lastBolusTime":1703048540379,"time":"2023-12-20T08:47:00.855Z"}},{"iob":-0.001,"basaliob":-0.024,"bolussnooze":0,"activity":0,"lastBolusTime":1703048540379,"time":"2023-12-20T08:52:00.855Z","iobWithZeroTemp":{"iob":-1.668,"basaliob":-1.691,"bolussnooze":0,"activity":-0.019,"lastBolusTime":1703048540379,"time":"2023-12-20T08:52:00.855Z"}},{"iob":-0.001,"basaliob":-0.022,"bolussnooze":0,"activity":0,"lastBolusTime":1703048540379,"time":"2023-12-20T08:57:00.855Z","iobWithZeroTemp":{"iob":-1.664,"basaliob":-1.685,"bolussnooze":0,"activity":-0.019,"lastBolusTime":1703048540379,"time":"2023-12-20T08:57:00.855Z"}},{"iob":0,"basaliob":-0.019,"bolussnooze":0,"activity":0,"lastBolusTime":1703048540379,"time":"2023-12-20T09:02:00.855Z","iobWithZeroTemp":{"iob":-1.66,"basaliob":-1.679,"bolussnooze":0,"activity":-0.019,"lastBolusTime":1703048540379,"time":"2023-12-20T09:02:00.855Z"}}],"profile":{"max_iob":20,"type":"current","max_daily_basal":1.6,"max_basal":4.8,"min_bg":81,"max_bg":81,"target_bg":81,"carb_ratio":5.5,"sens":72,"max_daily_safety_multiplier":3,"current_basal_safety_multiplier":4,"high_temptarget_raises_sensitivity":false,"low_temptarget_lowers_sensitivity":false,"sensitivity_raises_target":false,"resistance_lowers_target":false,"adv_target_adjustments":false,"exercise_mode":false,"half_basal_exercise_target":160,"maxCOB":120,"skip_neutral_temps":false,"remainingCarbsCap":90,"enableUAM":true,"A52_risk_enable":false,"SMBInterval":3,"enableSMB_with_COB":false,"enableSMB_with_temptarget":false,"allowSMB_with_high_temptarget":true,"enableSMB_always":true,"enableSMB_after_carbs":false,"maxSMBBasalMinutes":120,"maxUAMSMBBasalMinutes":120,"bolus_increment":0.05,"carbsReqThreshold":1,"current_basal":1.3,"temptargetSet":true,"autosens_max":1.8,"out_units":"mmol\/L"},"autosens_data":{"ratio":1},"meal_data":{"carbs":40,"mealCOB":9.072555555555564,"slopeFromMaxDeviation":-0.2459090909090909,"slopeFromMinDeviation":1.127,"lastBolusTime":1703048540379,"lastCarbTime":1703039119000},"microBolusAllowed":true,"currentTime":1703048823901,"flatBGsDetected":false},"output":{"temp":"absolute","bg":81,"tick":"+11","eventualBG":201,"targetBG":81,"insulinReq":1.36,"deliverAt":"2023-12-20T05:07:03.901Z","sensitivityRatio":1,"predBGs":{"IOB":[81,89,96,103,109,114,118,122,125,127,129,130,130,130,130,131,131,131,131,131,131,131,131,131,131,131,131,131,132],"ZT":[81,82,82,83,83,84,85],"COB":[81,89,98,105,113,120,127,133,140,145,151,156,161,166,170,174,178,182,185,188,191,193,195,197,198,199,200,201],"UAM":[81,89,97,105,112,119,125,131,136,141,146,150,154,157,161,163,166,167,169,170,171,171,171,171,171,172]},"COB":9.072555555555564,"IOB":-0.077,"reason":"COB: 9.1, Dev: 2.7, BGI: 0.0, ISF: 4.0, CR: 5.5, Target: 4.5, minPredBG 9.9, minGuardBG 4.9, IOBpredBG 7.3, COBpredBG 11.2, UAMpredBG 9.6; Eventual BG 11.2 >= 4.5,  insulinReq 1.36. Microbolusing 0.65U. temp 3.20 < 4.02U\/hr. ","units":0.65,"duration":30,"rate":4.0200000000000005,"timestamp":"2023-12-20T05:07:04.027Z"}}